i2,i3,phi2_deg,phi3_deg,t_burn_s,period_k,jitter_v_m_s,mean_N1_N,mean_RK4_N,delta_ppm,R_ppm,Q_ppm,liftoff_pct,skew,N_max_N,N_min_N,A_Mg,touchdowns_per_s,stationaer_10s,arch_F_mean,arch_delta_ppm,arch_liftoff,arch_F_skew,arch_F_max,arch_F_min,arch_peak_ratio
0,0,0.0,0.0,5.0,2,0.0006749446998723929,6.376242830677725,6.376498921109482,-40.330796248052636,-0.16919797826032834,-40.16159833083376,75.7885,1.7054826904935432,41.123260492012726,0.0,5.449190071671406,10.0,ja,6.376243,-40.3,75.7885,1.705483,41.123260,0.000000,5.449190
0,1,0.0,18.94736842105263,5.0,2,0.00038145667150280005,6.376509197869494,6.376505049856947,1.4424636544681866,0.7702602303222604,0.6505155723011911,75.8275,1.7066811980582055,41.088547602057375,0.0,5.443746193375264,10.0,ja,6.376413,-13.6,75.8295,1.706682,41.089802,0.000000,5.443943
0,2,0.0,37.89473684210526,5.0,2,0.00028497618686024184,6.376664825029238,6.376493561098068,25.8488244705966,-0.9317100679675288,26.858610706388358,75.9435,1.7104324027699054,40.9600499518599,0.0,5.423594440815478,10.0,ja,6.376550,7.8,75.9445,1.710461,40.960831,0.000000,5.423717
0,3,0.0,56.84210526315789,5.4,2,0.00037932644908689195,6.3766836546667225,6.37653940613686,28.80179827829442,6.149537701181947,22.6218975711076,76.142,1.7172066636533525,40.62922837404747,0.0,5.371713067364144,10.0,ja,6.376622,19.1,76.1435,1.717237,40.628832,0.000000,5.371651
0,4,0.0,75.78947368421052,5.0,1,0.00044570501937013507,6.3765284108039415,6.376500242861906,4.4555483322448834,0.02073668881358547,4.417461308829384,76.1265,1.7147650588505696,39.92319301159151,0.0,5.260988475118247,10.0,ja,6.376655,24.3,76.1290,1.714767,39.921880,0.000000,5.260783
0,5,0.0,94.73684210526315,5.0,1,0.0002855025911069342,6.376487907364759,6.3765165547292115,-1.896437738822339,2.5897030181687146,-4.492647134350099,75.925,1.7038469803427188,39.639802815942595,0.0,5.216545568249446,10.0,ja,6.376568,10.7,75.9230,1.703825,39.638727,0.000000,5.216377
0,6,0.0,113.68421052631578,5.0,1,0.00034440996767112764,6.376336832353449,6.37649896661134,-25.588904030789816,-0.11868641879638572,-25.426841980940388,75.5945,1.6876026252257017,39.2259293207054,0.0,5.151639507677471,10.0,ja,6.376408,-14.4,75.5920,1.687592,39.224090,0.000000,5.151351
0,7,0.0,132.6315789473684,5.0,1,9.154032254432565e-10,6.376308111407138,6.37650020743901,-30.093090702319905,5.072960966240839e-10,-30.12562250018412,24.25,1.0119341931764956,21.44168635572745,0.0,2.3626105788014504,10.0,ja,6.376308,-30.1,24.2500,1.011932,21.441655,0.000000,2.362606
0,8,0.0,151.57894736842104,5.3,2,0.0008350485436773997,6.376628423140584,6.376575471151157,20.14006752656549,11.80763282599762,8.304240480986131,31.9235,0.784720409747778,22.28996655962193,0.0,2.4956428384885014,15.0,grenzwertig,6.376531,4.9,31.9200,0.784557,22.289914,0.000000,2.495635
0,9,0.0,170.52631578947367,5.0,4,0.00020300108674438377,6.376595962874858,6.376492336305375,15.049458928430354,-1.1866839322265756,16.25132431313519,45.4985,0.7645947900729805,23.55307870943384,0.0,2.6937314685852485,15.0,ja,6.376536,5.6,45.4990,0.764595,23.554526,0.000000,2.693959
0,10,0.0,189.4736842105263,40.0,-1,0.11922334540902856,6.374260210502744,6.374298157373249,-351.2568803038073,-345.29064882750305,-5.951050028291524,38.4505,0.6080450737807752,23.35733324428422,0.0,2.6630335206279647,11.2,nein,6.377318,128.3,38.1335,0.595602,23.301513,0.000000,2.654279
0,11,0.0,208.42105263157893,18.8,1,0.0008640506130500047,6.376087127579577,6.376487478218495,-64.74906616855013,-1.9919332060595205,-62.785327204243195,75.088,1.6580235023219834,38.49254295538512,0.0,5.0366255712985355,10.0,ja,6.333041,-6815.5,74.3490,1.671973,44.104352,0.000000,5.916702
0,12,0.0,227.36842105263156,5.0,1,0.00027047440795857636,6.376136694577362,6.37649472026397,-56.975679861882355,-0.8605308672971387,-56.14768079803941,75.4205,1.6753270479770728,38.93072357297345,0.0,5.105343616870297,10.0,ja,6.376433,-10.5,75.4150,1.675286,38.931531,0.000000,5.105470
0,13,0.0,246.3157894736842,40.0,-1,0.04117108123692756,6.376573238010384,6.376583185062394,11.485612857114692,13.088943327969238,-1.5599548356667412,43.733,0.6367669127670254,21.684692053011197,0.0,2.4007201525933026,10.0,grenzwertig,6.376512,1.9,43.6960,0.635628,21.798445,0.000000,2.418559
0,14,0.0,265.2631578947368,5.0,1,0.0005384904466257945,6.37650154262729,6.376500854282649,0.24192382796511394,0.12746721782175197,0.10795022988196204,75.9355,1.703870924770474,39.64703794149378,0.0,5.217680222926962,10.0,ja,6.376495,-0.8,75.9360,1.703880,39.648093,0.000000,5.217846
0,15,0.0,284.2105263157895,5.0,2,0.00025156459529729336,6.376295140554426,6.3765000636798055,-32.12725563792755,-0.007363687672988275,-32.13724227707765,76.131,1.7147967896587737,39.92420064088551,0.0,5.261146497433624,10.0,ja,6.376532,5.0,76.1285,1.714785,39.926153,0.000000,5.261453
0,16,0.0,303.1578947368421,5.0,2,0.00023079215686944154,6.376510523805524,6.376514139571203,1.6504046927031566,2.187087193171892,-0.5670455075458342,76.1455,1.7172548630349806,40.62667596051158,0.0,5.3713127829548455,10.0,ja,6.376214,-44.9,76.1475,1.717289,40.624658,0.000000,5.370996
0,17,0.0,322.1052631578947,5.0,2,0.0007776513768273929,6.376529670853426,6.376502715782208,4.65315665723641,0.5039810067915825,4.227251818042671,75.94800000000001,1.710418276254468,40.96377900033794,0.0,5.424179251993716,10.0,ja,6.376381,-18.7,75.9500,1.710458,40.966887,0.000000,5.424667
0,18,0.0,341.05263157894734,5.0,2,0.0006864505297536905,6.376603909325309,6.376495057564192,16.295667734287274,-0.7967895317381951,17.070769405903878,75.8285,1.706644536059481,41.093207524808214,0.0,5.444476989697829,10.0,ja,6.376651,23.7,75.8280,1.706657,41.090075,0.000000,5.443986
1,0,18.94736842105263,0.0,5.0,2,0.00038145732357575124,6.376559534535292,6.376503862905789,9.336553797686884,0.5841155956075413,8.730750333696873,75.8265,1.7066719066676026,41.08746762926275,0.0,5.443576825729278,10.0,ja,6.376176,-50.8,75.8325,1.706724,41.090046,0.000000,5.443981
1,1,18.94736842105263,18.94736842105263,5.0,2,0.00038446490017973733,6.3765386292890875,6.376478851584284,6.05807089886305,-3.359993837274548,9.374689062012155,75.82799999999999,1.7066693608565162,41.08999690653958,0.0,5.443973481775203,10.0,ja,6.376574,11.6,75.8250,1.706651,41.088082,0.000000,5.443673
1,2,18.94736842105263,37.89473684210526,5.0,2,0.0003563622476854267,6.376421665076788,6.376477534739597,-12.284940517990082,-3.4667450908354374,-8.761807074259556,75.908,1.7091685373205574,41.00843557532673,0.0,5.43118255709664,10.0,ja,6.376739,37.5,75.9075,1.709141,41.001611,0.000000,5.430112
1,3,18.94736842105263,56.84210526315789,5.0,2,0.0002347226319088236,6.376616088516556,6.37649735067239,18.205679691868845,-0.467533871072084,18.62116273282023,76.0665,1.7144833607155925,40.78700609876905,0.0,5.396456692349886,10.0,ja,6.376251,-39.0,76.0695,1.714488,40.788523,0.000000,5.396695
1,4,18.94736842105263,75.78947368421052,5.0,2,0.0002562996500127812,6.3763753014154965,6.376491803632491,-19.55596087265412,-1.3244403931823576,-18.270558612787692,76.197,1.7184650141094817,40.02274684565258,0.0,5.2766010892578326,10.0,ja,6.376428,-11.3,76.1950,1.718419,40.026260,0.000000,5.277152
1,5,18.94736842105263,94.73684210526315,5.0,1,0.0003612880203087976,6.376517235561323,6.376488534191512,2.7029814666603547,-1.8263293063383346,4.50111657045073,76.022,1.7087152793669174,39.768747110775934,0.0,5.2367673662316205,10.0,ja,6.376356,-22.6,76.0235,1.708727,39.770193,0.000000,5.236994
1,6,18.94736842105263,113.68421052631578,5.0,1,0.00029599991233575373,6.376634031547954,6.376492916279023,21.019610750846567,-1.0892227000441463,22.13052127821994,75.7605,1.6959561891090478,39.43913306141194,0.0,5.185075364449452,10.0,ja,6.376523,3.6,75.7635,1.695972,39.440585,0.000000,5.185303
1,7,18.94736842105263,132.6315789473684,5.0,1,2.6462165791940606e-13,6.376664212311671,6.376500345731072,25.752734520551645,7.695735542763571e-11,25.698514953182823,21.05,1.0119369522149018,21.78970290222746,0.0,2.41718856774523,20.0,ja,6.376664,25.7,21.0500,1.011938,21.789685,0.000000,2.417186
1,8,18.94736842105263,151.57894736842104,5.0,1,3.4516112157600976e-06,6.3767271446671465,6.376500311335349,35.622154339461055,-0.0010566337118892428,35.57332891050714,25.35,0.9136126713720685,20.54035765433024,0.0,2.2212589436728987,10.0,ja,6.376727,35.6,25.3500,0.913611,20.540339,0.000000,2.221256
1,9,18.94736842105263,170.52631578947367,5.0,2,1.54908581700558e-05,6.376735267573308,6.376500334147416,36.8960359613418,0.04589660691284636,36.84363301072206,32.2605,0.672522383295231,21.965745843801702,0.0,2.4447966507961576,15.0,ja,6.376738,37.3,32.2615,0.672528,21.965646,0.000000,2.444781
1,10,18.94736842105263,189.4736842105263,5.0,2,0.0002241802824771294,6.376760729745706,6.376501371912566,40.88916266050023,0.20864499353939253,40.6740113133843,44.845,0.7196085386302596,22.172577687916082,0.0,2.477233229501463,15.0,ja,6.376729,35.9,44.8420,0.719590,22.172775,0.000000,2.477264
1,11,18.94736842105263,208.42105263157893,40.0,-1,0.17492493304580428,6.382221831946443,6.382192484995968,897.3311293721985,892.6788870264778,4.602360303469487,37.451,0.5919592913333951,23.606815169881266,0.0,2.7021587343968108,10.0,nein,6.382107,879.3,37.4440,0.581166,23.438874,0.000000,2.675821
1,12,18.94736842105263,227.36842105263156,6.2,3,0.000755634874265998,6.376629832417035,6.3765214076350425,20.361078496704597,3.3030508475457094,17.003808044019237,75.237,1.6658773719102455,38.688768876603056,0.0,5.067398867184671,10.0,ja,6.376131,-57.9,75.2420,1.665941,38.695741,0.000000,5.068492
1,13,18.94736842105263,246.3157894736842,5.6000000000000005,3,0.0005132218517175935,6.376609373199166,6.376496775121614,17.152544368390416,-0.48405645312419565,17.658288646059052,75.54650000000001,1.6822843721022611,39.10425444315513,0.0,5.132557742202638,10.0,ja,6.376527,4.2,75.5435,1.682291,39.101053,0.000000,5.132056
1,14,18.94736842105263,265.2631578947368,5.0,1,1.166307338901218e-08,6.376144059620842,6.376500179780176,-55.82065069541505,3.253711718447833e-11,-55.84884487321591,44.65,0.6851931204659873,20.32092944453515,0.0,2.186846929277056,10.0,ja,6.376144,-55.8,44.6500,0.685196,20.320962,0.000000,2.186852
1,15,18.94736842105263,284.2105263157895,5.0,1,0.0002921369454968459,6.376524062015763,6.376494752532172,3.7735459518709638,-0.8619766965276318,4.5964845277590385,76.0205,1.7086957242746927,39.77025287251978,0.0,5.237003508589316,10.0,ja,6.376646,22.9,76.0190,1.708688,39.769165,0.000000,5.236833
1,16,18.94736842105263,303.1578947368421,40.0,-1,0.36592014654529104,6.352678247537465,6.35282023262722,-3735.866456917698,-3713.651576082354,-22.266931663894898,71.9075,1.9803661365886316,50.549990418521055,0.0,6.927544957033019,10.0,nein,6.382536,946.6,71.9445,1.979013,50.552078,0.000000,6.927872
1,17,18.94736842105263,322.1052631578947,5.0,2,0.00037823724199070874,6.376176526793456,6.376499288610604,-50.72895891867181,-0.055175890402078945,-50.61739467540862,76.0725,1.7144868002843148,40.793746477113515,0.0,5.397513757878697,10.0,ja,6.376739,37.5,76.0675,1.714418,40.798081,0.000000,5.398194
1,18,18.94736842105263,341.05263157894734,5.0,2,0.0002862375399190764,6.376179709455784,6.376494531795807,-50.22983520999945,-0.9009314173089703,-49.372279467141055,75.9115,1.7092153517888193,41.00730897493967,0.0,5.431005877039075,10.0,ja,6.376465,-5.5,75.9075,1.709166,41.003888,0.000000,5.430469
2,0,37.89473684210526,0.0,5.0,2,0.0003504189915508049,6.3762867817311095,6.3765171878232625,-33.4381351668508,2.7735710553909643,-36.13363007182126,75.94999999999999,1.7104812956781874,40.95909066862638,0.0,5.423444000411884,10.0,ja,6.376524,3.8,75.9465,1.710465,40.959190,0.000000,5.423460
2,1,37.89473684210526,18.94736842105263,5.0,2,0.0003037611162948206,6.376596324263306,6.376509810831861,15.106133977133526,1.5949803301725094,13.567541981555662,75.90599999999999,1.7091570782373702,41.0139403218368,0.0,5.432045843619037,10.0,ja,6.376559,9.3,75.9060,1.709157,41.012979,0.000000,5.431895
2,2,37.89473684210526,37.89473684210526,5.0,2,0.00037993350139803317,6.37660648469018,6.376518782657657,16.69955150619695,3.101758540839809,13.7539453498621,75.95100000000001,1.7104401624724026,40.96813273899856,0.0,5.424862030737639,10.0,ja,6.376421,-12.4,75.9500,1.710431,40.964803,0.000000,5.424340
2,3,37.89473684210526,56.84210526315789,5.0,2,0.0002814727954071894,6.376632516814091,6.376482351125373,20.78206133301796,-2.7200864558959044,23.549861007999265,76.07000000000001,1.7144315056859258,40.792953007507585,0.0,5.397389321337345,10.0,ja,6.376668,26.3,76.0660,1.714418,40.790189,0.000000,5.396956
2,4,37.89473684210526,75.78947368421052,5.0,2,0.00038722248532760406,6.376257847678954,6.376582880063571,-37.97574234243208,13.05846188540441,-50.973478337159364,76.222,1.7196680981421402,40.090584382389906,0.0,5.287239768272547,10.0,grenzwertig,6.376601,15.8,76.2165,1.719604,40.082831,0.000000,5.286024
2,5,37.89473684210526,94.73684210526315,5.0,1,0.0002950090754882395,6.376520924984305,6.376506752400392,3.2815783430398318,1.1305207404574336,2.222627446649906,76.066,1.7111183148576794,39.826832553907465,0.0,5.24587666492707,10.0,ja,6.376677,27.8,76.0635,1.711082,39.827413,0.000000,5.245968
2,6,37.89473684210526,113.68421052631578,5.0,1,0.0003861326233655371,6.376643978569561,6.376500620534683,22.579560818639507,0.21876772801244634,22.48224494279772,75.8595,1.70016526810657,39.54976425808492,0.0,5.202425195339907,10.0,ja,6.376461,-6.1,75.8575,1.700157,39.548728,0.000000,5.202263
2,7,37.89473684210526,132.6315789473684,5.0,1,1.1073364447611311e-12,6.376450454285732,6.376499709585669,-7.770048501383596,5.54545649405022e-11,-7.724504028444842,24.55,0.9613628577173888,21.309444806355348,0.0,2.341871686090386,20.0,ja,6.376450,-7.8,24.5500,0.961363,21.309434,0.000000,2.341870
2,8,37.89473684210526,151.57894736842104,5.0,1,4.131827290899948e-09,6.376208362648822,6.376499681927144,-45.73627400278584,-7.21395986327027e-08,-45.68639195825642,28.000000000000004,0.9017052355201316,20.846492939869595,0.0,2.269268868481078,20.0,ja,6.376208,-45.8,28.0000,0.901704,20.846489,0.000000,2.269268
2,9,37.89473684210526,170.52631578947367,5.0,1,4.436870686824745e-09,6.376246903148817,6.376499405342743,-39.69212752823623,-7.365342337614228e-09,-39.5988699013786,24.4,0.7358852739714818,19.20035539344203,0.0,2.0111119569422145,10.0,ja,6.376247,-39.7,24.4000,0.735889,19.200400,0.000000,2.011119
2,10,37.89473684210526,189.4736842105263,5.0,2,7.390041211857018e-05,6.376441765780996,6.376428408706062,-9.13263059753677,-11.134107484632146,2.0947345619236404,27.6485,0.37327453168691616,17.842726528199073,0.0,1.7982006630908918,10.0,grenzwertig,6.376432,-10.7,27.6490,0.373292,17.845460,0.000000,1.798629
2,11,37.89473684210526,208.42105263157893,5.0,2,2.09838006345886e-13,6.376255374716178,6.376499681927738,-38.36356681930471,-1.697588722668435e-10,-38.31368486795985,24.825,0.450233443988518,18.62390512337719,0.0,1.920709656296901,10.0,ja,6.376255,-38.4,24.8250,0.450225,18.623865,0.000000,1.920703
2,12,37.89473684210526,227.36842105263156,5.0,2,3.792799407875691e-14,6.376253503947726,6.3764997095857705,-38.65695166228471,-1.697588722668435e-10,-38.61140720522494,22.575,0.639430284909541,19.367228621027863,0.0,2.0372819918494254,5.0,ja,6.376253,-38.7,22.5750,0.639423,19.367103,0.000000,2.037262
2,13,37.89473684210526,246.3157894736842,40.0,-1,0.167372498192332,6.382290692221964,6.3821713412604,908.130200260878,889.5343367271785,18.71731538688265,37.7025,0.7226630513648845,23.75697755130296,0.0,2.7257080767353496,10.0,nein,6.376000,-78.4,35.8050,0.664177,24.373674,0.000000,2.822422
2,14,37.89473684210526,265.2631578947368,8.200000000000001,3,0.00029800765583604116,6.372702907198826,6.373065313593522,-595.4822867051264,-538.5760278375742,-56.83468904517133,34.353,0.9347721133187872,25.125142629578747,0.0,2.940271721097584,6.6,nein,6.371003,-862.1,35.4195,0.937020,25.325827,0.000000,2.971744
2,15,37.89473684210526,284.2105263157895,5.0,1,0.00041329230517012094,6.376901175445789,6.376500059910279,62.91467823849625,0.0701213836333447,62.90528275858914,75.8655,1.7001606240313356,39.54652523011989,0.0,5.201917232042638,10.0,ja,6.376609,17.1,75.8675,1.700181,39.549719,0.000000,5.202418
2,16,37.89473684210526,303.1578947368421,5.0,1,0.00036986579402747966,6.376468357746185,6.37649730516843,-4.962323189248677,-0.3749060334972998,-4.539703951230003,76.066,1.7111243866748334,39.82641306027018,0.0,5.245810877482972,10.0,ja,6.376629,20.2,76.0650,1.711102,39.825212,0.000000,5.245623
2,17,37.89473684210526,322.1052631578947,5.0,2,0.0003547150494655482,6.376433086817778,6.376432870578144,-10.493716336960347,-10.371475921077788,0.033911963333913664,76.217,1.7196328628023316,40.095531675576474,0.0,5.288015631706496,10.0,grenzwertig,6.376236,-41.4,76.2165,1.719653,40.067908,0.000000,5.283683
2,18,37.89473684210526,341.05263157894734,5.0,2,0.00034129161882040515,6.3762534039823455,6.37651110256021,-38.67262881759907,1.7975567394800989,-40.41379720291631,76.069,1.7145058003431146,40.796961635703305,0.0,5.398017977841025,10.0,ja,6.376538,6.0,76.0645,1.714456,40.792782,0.000000,5.397362
3,0,56.84210526315789,0.0,5.5,2,0.0002489373498886782,6.376272905183488,6.3765066087007725,-35.61433647182914,1.0060520755596511,-36.6507515540083,76.14649999999999,1.7172992466203223,40.624824936660985,0.0,5.371022494575548,10.0,ja,6.376417,-13.0,76.1445,1.717303,40.629023,0.000000,5.371681
3,1,56.84210526315789,18.94736842105263,5.0,2,0.0002035491578997739,6.376249358203863,6.376512899097032,-39.307111446454606,1.9708609781915842,-41.33002323684017,76.0685,1.7144760177858622,40.79534835944833,0.0,5.3977649744292835,10.0,ja,6.376391,-17.1,76.0670,1.714485,40.793685,0.000000,5.397504
3,2,56.84210526315789,37.89473684210526,5.0,2,0.00027985435406802095,6.376507602155095,6.376511064948692,1.1922143956524154,1.7829831428375642,-0.5430555315225436,76.0685,1.714461973585202,40.79167027569287,0.0,5.397188155836724,10.0,ja,6.376353,-23.1,76.0695,1.714459,40.791980,0.000000,5.397237
3,3,56.84210526315789,56.84210526315789,6.5,2,0.000299728829873086,6.376595176536697,6.3764790884319344,14.9261407819852,-3.340200287946942,18.205615112181246,76.1455,1.7172563932055365,40.6322026265724,0.0,5.37217950702931,10.0,ja,6.376537,5.8,76.1460,1.717244,40.626024,0.000000,5.371211
3,4,56.84210526315789,75.78947368421052,5.0,2,0.0004062589429091046,6.37640442036459,6.376490997768533,-14.989357078449983,-1.4594958354908067,-13.577574522529794,76.19399999999999,1.7184326162820631,40.02599206277932,0.0,5.2771100231756165,10.0,ja,6.376418,-12.9,76.1965,1.718439,40.018539,0.000000,5.275941
3,5,56.84210526315789,94.73684210526315,5.0,1,0.0003733435845014732,6.376538185036034,6.376508476337667,5.988400538336193,1.2924394743548027,4.659091722147084,76.06150000000001,1.7111008168959845,39.833086812716225,0.0,5.246857494348972,10.0,ja,6.376435,-10.2,76.0665,1.711125,39.834192,0.000000,5.247031
3,6,56.84210526315789,113.68421052631578,5.0,1,0.00028886119394365417,6.376375483088923,6.3764904629707955,-19.527469784043635,-1.4826399692023453,-18.031817121066254,75.888,1.701395438655884,39.57615689146896,0.0,5.206564242369475,10.0,ja,6.376234,-41.7,75.8915,1.701433,39.583831,0.000000,5.207768
3,7,56.84210526315789,132.6315789473684,5.0,1,0.00034596992792480796,6.37658982388535,6.376506995599036,14.086706712033678,1.0341959920139825,12.98961598276771,75.631,1.6886666096793523,39.25163389193156,0.0,5.155670648777787,10.0,ja,6.376695,30.6,75.6325,1.688658,39.251651,0.000000,5.155673
3,8,56.84210526315789,151.57894736842104,5.0,1,4.017619570362285e-14,6.376730531492084,6.37650037339008,36.15329602186275,1.2457825574165754e-10,36.09473880726915,22.400000000000002,0.8662871760887614,20.084300546738575,0.0,2.1497374024525326,20.0,ja,6.376731,36.2,22.4000,0.866287,20.084312,0.000000,2.149739
3,9,56.84210526315789,170.52631578947367,5.0,1,3.5315355501053247e-10,6.3761533688794225,6.376500096805157,-54.36071835308119,7.964520423852739e-11,-54.37589990344446,28.549999999999997,0.7058166444680555,19.297784484316864,0.0,2.0263913564364247,20.0,ja,6.376153,-54.4,28.5500,0.705820,19.297814,0.000000,2.026396
3,10,56.84210526315789,189.4736842105263,5.0,1,5.705158567792523e-14,6.376246985333602,6.3765000968044205,-39.67923882985945,9.471130415220975e-11,-39.69442026475186,21.7,0.48634794679325355,17.4476914522187,0.0,1.7362489535354344,10.0,ja,6.376247,-39.7,21.7000,0.486345,17.447648,0.000000,1.736242
3,11,56.84210526315789,208.42105263157893,5.0,1,2.9393367392827052e-09,6.37621122255299,6.376500373388596,-45.28776711535436,-1.0087553173567263e-07,-45.346324097195485,24.95,0.13636477022596044,15.009123357580158,0.0,1.353818451749417,10.0,ja,6.376211,-45.3,24.9500,0.136365,15.009127,0.000000,1.353819
3,12,56.84210526315789,227.36842105263156,5.0,1,8.570510499909118e-05,6.37642046492545,6.376501902085681,-12.47315526562746,0.23540144731443105,-12.77145145947553,26.731500000000004,-0.07884304849357451,13.875480378130401,0.0,1.1760339336831176,10.0,ja,6.376588,13.8,26.7175,-0.078888,13.875509,0.000000,1.176038
3,13,56.84210526315789,246.3157894736842,5.0,2,0.00013488295082541256,6.376525784371154,6.3764873489039795,4.043655791242744,-1.9710061186054582,6.027674613706981,27.354,0.16210410503796605,16.644374741629317,0.0,1.6102681316755767,10.0,ja,6.376485,-2.4,27.3535,0.162268,16.645502,0.000000,1.610445
3,14,56.84210526315789,265.2631578947368,5.0,2,0.000864037134524695,6.37665421495567,6.376500635368407,24.18489071896398,0.06277284549251187,24.085248531888322,26.128,0.5343969787677106,19.464123157517452,0.0,2.0524775594005256,10.0,ja,6.376653,24.0,26.1250,0.534386,19.464179,0.000000,2.052486
3,15,56.84210526315789,284.2105263157895,5.0,2,1.0158919805533517e-05,6.376499208007352,6.376500304243379,-0.12420491637113922,1.813590618717445e-10,-0.17191814118827475,22.3625,0.7007188772876466,21.127857691621315,0.0,2.313394133399406,10.0,ja,6.376491,-1.4,22.3625,0.700713,21.127898,0.000000,2.313400
3,16,56.84210526315789,303.1578947368421,5.0,1,0.00029800971761551054,6.376219592595388,6.376504753803713,-43.97512814447021,0.684793323672331,-44.72064742816094,75.89150000000001,1.7014291041245235,39.578614936708746,0.0,5.206949727391005,10.0,ja,6.376847,54.4,75.8905,1.701363,39.585994,0.000000,5.208107
3,17,56.84210526315789,322.1052631578947,5.0,1,0.000658468899603526,6.376305792716599,6.376510818920763,-30.45672130503909,1.7443995982768605,-32.15340769442742,76.0685,1.711138968740681,39.820638005671896,0.0,5.244905199666257,10.0,ja,6.376649,23.4,76.0630,1.711091,39.832979,0.000000,5.246841
3,18,56.84210526315789,341.05263157894734,5.0,1,0.00033463758994212167,6.376611855481775,6.376494626743506,17.54183043579347,-0.8947162946829947,18.384495925459603,76.19399999999999,1.7184205537964492,40.01758561653421,0.0,5.275791675140627,10.0,ja,6.376517,2.7,76.1960,1.718426,40.018262,0.000000,5.275898
4,0,75.78947368421052,0.0,5.0,1,0.0003890049766001602,6.376505115371997,6.376504820116515,0.8022225352797917,0.7385685196379955,0.04630369047055337,76.133,1.7147818868110654,39.92278103672782,0.0,5.260923866812172,10.0,ja,6.376434,-10.4,76.1290,1.714784,39.919643,0.000000,5.260432
4,1,75.78947368421052,18.94736842105263,5.0,2,0.0002571102510282586,6.376407307775239,6.376524204423967,-14.53653646395055,3.7568410995202126,-18.332415702787713,76.196,1.718447661544449,40.01703361695296,0.0,5.275705107339912,10.0,ja,6.376437,-9.9,76.1935,1.718413,40.020368,0.000000,5.276228
4,2,75.78947368421052,37.89473684210526,5.0,2,0.00038423214379398885,6.376463799316277,6.376552999616894,-5.677202810878067,8.37243559687475,-13.988912509525168,76.2165,1.719633018111229,40.07785498873377,0.0,5.285243470357369,10.0,ja,6.376295,-32.1,76.2210,1.719647,40.097599,0.000000,5.288340
4,3,75.78947368421052,56.84210526315789,5.0,2,0.0002935977939064749,6.376359356237245,6.376505309290307,-22.056576924021147,0.784920672812728,-22.889210862085267,76.196,1.7184460615905341,40.01906231165511,0.0,5.27602325910062,10.0,ja,6.376561,9.6,76.1950,1.718421,40.016287,0.000000,5.275588
4,4,75.78947368421052,75.78947368421052,5.0,1,0.0003294446911472071,6.3766010770404336,6.3765140385756505,15.851492265758122,2.166910907437017,13.64988077833994,76.1275,1.7147765457249877,39.924736921538575,0.0,5.261230600100144,10.0,ja,6.376529,4.5,76.1270,1.714766,39.916218,0.000000,5.259895
4,5,75.78947368421052,94.73684210526315,5.0,1,0.00045842942094857786,6.376508449029235,6.376508413640264,1.3250261482740784,1.295619600079372,0.0055499053952852585,76.022,1.7087099784003452,39.76596964454924,0.0,5.23633178774394,10.0,ja,6.376805,47.8,76.0160,1.708663,39.770460,0.000000,5.237036
4,6,75.78947368421052,113.68421052631578,5.0,1,0.00023253290794616327,6.376482012896725,6.376510777572194,-2.820842668574058,1.7162272380778312,-4.511044533691525,75.87049999999999,1.7002025426378462,39.54819082826641,0.0,5.202178440879229,10.0,ja,6.376672,27.0,75.8685,1.700175,39.544757,0.000000,5.201640
4,7,75.78947368421052,132.6315789473684,5.0,1,0.00022414332382678093,6.376583364394547,6.376500442056317,13.073691609143589,0.019443804704760696,13.004365753894344,75.6635,1.6892511870549414,39.27498108463642,0.0,5.159332091999752,10.0,ja,6.376501,0.2,75.6615,1.689244,39.269516,0.000000,5.158475
4,8,75.78947368421052,151.57894736842104,5.0,1,1.442205729840218e-14,6.376303307393034,6.376500290414808,-30.846484273064693,1.0008700177399313e-10,-30.89202882052324,21.7,0.6601799722151342,17.50866239387434,0.0,1.7458107729748822,10.0,ja,6.376303,-30.9,21.7000,0.660188,17.508698,0.000000,1.745816
4,9,75.78947368421052,170.52631578947367,5.0,1,9.488937413593135e-15,6.376706057099548,6.3765000138297605,32.315078733913104,6.47913029151786e-11,32.31290987018539,17.7,0.6551309073760587,17.520361049064142,0.0,1.7476454244592081,10.0,ja,6.376706,32.3,17.7000,0.655137,17.520434,0.000000,1.747657
4,10,75.78947368421052,189.4736842105263,5.0,1,6.71962485654376e-14,6.376567668560275,6.376500013829682,10.61217913813097,9.619669428454464e-11,10.610010286660716,23.5,0.42514122022629003,17.008257277802624,0.0,1.6673343178550337,20.0,ja,6.376568,10.7,23.5000,0.425140,17.008263,0.000000,1.667335
4,11,75.78947368421052,208.42105263157893,5.0,1,4.864164626638967e-15,6.37669332411549,6.376500290414703,30.31821775103051,4.2510450930155395e-11,30.2726732200081,16.25,0.20008462248848533,15.206545785748812,0.0,1.3847793908490253,10.0,ja,6.376693,30.3,16.2500,0.200089,15.206551,0.000000,1.384780
4,12,75.78947368421052,227.36842105263156,5.0,1,2.831068712794149e-15,6.376734989602312,6.376500318072699,36.852442924967164,-1.4146572688903624e-12,36.802560905370534,20.1,-0.07084933595445801,12.773730982195804,0.0,1.0032511537984479,10.0,ja,6.376735,36.9,20.1000,-0.070845,12.773725,0.000000,1.003250
4,13,75.78947368421052,246.3157894736842,5.0,1,1.4502288259166107e-14,6.376747561686751,6.37649983404892,38.824070689301415,-9.902600882232536e-13,38.850096107841566,21.85,-0.051711475945770115,14.227918484613454,0.0,1.2313053375070104,10.0,ja,6.376748,38.9,21.8500,-0.051706,14.227958,0.000000,1.231311
4,14,75.78947368421052,265.2631578947368,5.0,1,1.1724562293258245e-14,6.3762645099228035,6.376500152121524,-36.9309303218812,1.0624076089366624e-10,-36.95478690831231,22.400000000000002,0.3456962853117758,15.915132630088474,0.0,1.4959041213970785,10.0,ja,6.376265,-36.9,22.4000,0.345695,15.915148,0.000000,1.495907
4,15,75.78947368421052,284.2105263157895,5.0,1,1.4904744105592727e-14,6.376303045311396,6.376500221268384,-30.887585447403172,7.412804088985499e-11,-30.92228604854353,21.7,0.6601925562023052,17.508921025088753,0.0,1.7458513330336,10.0,ja,6.376303,-30.9,21.7000,0.660195,17.508960,0.000000,1.745857
4,16,75.78947368421052,303.1578947368421,5.0,1,2.2176704916887502e-14,6.376617548879588,6.376500304243343,18.434702358265703,-2.77272824702511e-11,18.386989139159432,19.0,0.7376927071695053,18.40846569680896,0.0,1.8869231862007305,10.0,ja,6.376618,18.5,19.0000,0.737684,18.408439,0.000000,1.886919
4,17,75.78947368421052,322.1052631578947,5.0,1,0.000260171793494135,6.376642689942323,6.376499658588262,22.377470763310498,0.007183716696595007,22.431012947718873,75.85499999999999,1.7001405530112008,39.54877404944346,0.0,5.202269905033083,10.0,ja,6.376273,-35.6,75.8590,1.700185,39.547538,0.000000,5.202076
4,18,75.78947368421052,341.05263157894734,5.0,2,0.0004601968481416918,6.376569347122041,6.376511476133983,10.875421005303798,1.7607162700995682,9.075666597434218,76.0205,1.7087111243862574,39.76857754948568,0.0,5.2367407746390136,10.0,ja,6.376760,40.8,76.0180,1.708702,39.765409,0.000000,5.236244
5,0,94.73684210526315,0.0,5.0,1,0.00026026480302471233,6.376368513502903,6.376482748657064,-20.62048100027686,-2.7119628277108228,-17.915024568490526,75.9245,1.7038625249281603,39.63743566001994,0.0,5.216174337021867,10.0,ja,6.376562,9.7,75.9245,1.703827,39.639874,0.000000,5.216557
5,1,94.73684210526315,18.94736842105263,5.0,1,0.0003631025755734263,6.376467084877401,6.3764962419912825,-5.161941911699589,-0.6175470698402313,-4.572589019292277,76.02250000000001,1.7087180432740097,39.76451631317494,0.0,5.236103867823247,10.0,ja,6.376611,17.4,76.0190,1.708697,39.763992,0.000000,5.236022
5,2,94.73684210526315,37.89473684210526,5.0,1,0.000382197026609854,6.376928923436372,6.37651999657978,67.26628030600523,3.20755036453518,64.13029978711687,76.06150000000001,1.7110796202124077,39.832664135293705,0.0,5.246791207605066,10.0,ja,6.376701,31.5,76.0650,1.711092,39.827572,0.000000,5.245993
5,3,94.73684210526315,56.84210526315789,5.0,1,0.000604994396072922,6.376443414840842,6.376501059503503,-8.87401539389692,0.12928820328237206,-9.040172925743743,76.0645,1.7111316383925657,39.83418499269089,0.0,5.247029717351351,10.0,ja,6.376247,-39.7,76.0670,1.711158,39.833881,0.000000,5.246982
5,4,94.73684210526315,75.78947368421052,5.0,1,0.0003231893505718231,6.3766449894062465,6.37649967989252,22.73808613589296,-0.07405777397547031,22.788287262054126,76.019,1.7086601716850587,39.76644214300747,0.0,5.2364058877138655,10.0,ja,6.376475,-3.9,76.0205,1.708694,39.770802,0.000000,5.237090
5,5,94.73684210526315,94.73684210526315,5.0,1,0.00031318851548249593,6.376294689830519,6.376495540785264,-32.19794079547262,-0.7123328256443863,-31.498620676752605,75.938,1.7038990725599565,39.64474272693037,0.0,5.21732027396383,10.0,ja,6.376740,37.6,75.9315,1.703836,39.639768,0.000000,5.216540
5,6,94.73684210526315,113.68421052631578,5.0,1,0.00046411688953480485,6.376475319404037,6.376503527670517,-3.8705553147145095,0.5900992229910433,-4.423785223865562,75.805,1.6966192581366975,39.45794976301247,0.0,5.188026309576173,10.0,ja,6.376677,27.8,75.8050,1.696610,39.466405,0.000000,5.189352
5,7,94.73684210526315,132.6315789473684,5.0,1,0.0002975950256774093,6.376532013300073,6.376503772716584,5.020512831833564,0.5526213436362089,4.428853366187038,75.628,1.686963890206057,39.21672647130377,0.0,5.15019626304458,10.0,ja,6.376257,-38.1,75.6325,1.687002,39.220224,0.000000,5.150745
5,8,94.73684210526315,151.57894736842104,5.0,2,2.2168360985209967e-05,6.376721042646568,6.37650016192322,34.665199806629225,-0.009306815071269974,34.63980606102689,26.1305,0.5344103989591467,19.46189653538849,0.0,2.0521283675038795,10.0,ja,6.376723,35.0,26.1300,0.534410,19.461881,0.000000,2.052126
5,9,94.73684210526315,170.52631578947367,5.0,1,1.0116560367201544e-13,6.376736575224577,6.3764999446828865,37.101109476304,-1.5985627138461097e-11,37.10978462951417,22.400000000000002,0.3461044415275682,15.9173545124395,0.0,1.4962525699740448,10.0,ja,6.376737,37.2,22.4000,0.346103,15.917364,0.000000,1.496254
5,10,94.73684210526315,189.4736842105263,5.0,1,2.5968810435372802e-15,6.376319868160167,6.376499944682722,-28.24932797515311,2.673702238202785e-11,-28.24065279617442,15.85,0.21605050211683813,14.641324302682111,0.0,1.296138054211889,10.0,ja,6.376320,-28.2,15.8500,0.216045,14.641292,0.000000,1.296133
5,11,94.73684210526315,208.42105263157893,5.0,1,2.203098814490545e-15,6.376500297960718,6.3765002212679684,0.0467279412581335,6.81511139287932e-11,0.012027405305182702,0.44999999999999996,0.10018006968400475,12.995365757182833,0.0,1.0380092146448414,10.0,ja,6.376500,0.0,0.4500,0.100177,12.995351,0.000000,1.038007
5,12,94.73684210526315,227.36842105263156,5.0,1,1.8735013540549517e-16,6.376500248928666,6.376500248926979,0.03903844824532142,2.2210119121578687e-11,2.6464972907241237e-07,0.0,-0.09186150086764729,11.332125842149066,0.7532393336924014,0.8812726523316369,0.0,ja,6.376500,0.0,0.0000,-0.091852,11.332133,0.753323,0.881287
5,13,94.73684210526315,246.3157894736842,5.0,1,1.3183898417423734e-16,6.376613595827387,6.376499764902908,17.81476160689218,-7.388047586779919e-11,17.85163090712026,10.95,-0.2877004630185015,12.415225469919834,0.0,0.9470282239347342,10.0,ja,6.376614,17.9,10.9500,-0.287701,12.415224,0.000000,0.947028
5,14,94.73684210526315,265.2631578947368,5.0,1,5.169475958410885e-16,6.376317463022186,6.376500082975808,-28.626515771157294,6.854014467773805e-11,-28.639528522144516,15.9,0.21612768046625594,14.642843315056945,0.0,1.2963762746109844,10.0,ja,6.376317,-28.7,15.9000,0.216122,14.642815,0.000000,1.296372
5,15,94.73684210526315,284.2105263157895,5.0,1,5.398459457239824e-15,6.376706330986863,6.376500152122079,32.358031343572634,8.205012159564103e-11,32.334174670085694,17.7,0.6551300628235943,17.520647733660986,0.0,1.7476903840133278,10.0,ja,6.376706,32.3,17.7000,0.655136,17.520706,0.000000,1.747700
5,16,94.73684210526315,303.1578947368421,5.0,1,4.048150703539477e-14,6.376728835293008,6.376500235097486,35.887288168603675,-2.7444351016473033e-11,35.850418806809714,22.35,0.8663047740594958,20.083307800267946,0.0,2.149581714148505,20.0,ja,6.376729,35.9,22.3500,0.866305,20.083316,0.000000,2.149583
5,17,94.73684210526315,322.1052631578947,5.0,1,3.816669202905132e-13,6.376277408624841,6.376499543635036,-34.908080476804116,-1.5844161411572058e-11,-34.836510655527036,24.55,0.9613604460808529,21.308370507201037,0.0,2.3417032082178366,20.0,ja,6.376277,-35.0,24.5500,0.961360,21.308364,0.000000,2.341702
5,18,94.73684210526315,341.05263157894734,5.0,1,0.0002153574344460618,6.376592357800763,6.37649429334104,14.484090137518793,-0.9231458027163107,15.379041750688975,75.762,1.6959647828420223,39.43640720167005,0.0,5.184647879192354,10.0,ja,6.376701,31.5,75.7605,1.695947,39.437633,0.000000,5.184840
6,0,113.68421052631578,0.0,5.0,1,0.0002166307322264971,6.376639747351753,6.3765034990650395,21.915996510927428,0.5921194686048649,21.36725267989104,75.5885,1.6875549973380146,39.227837630857266,0.0,5.151938780029368,10.0,ja,6.376633,20.9,75.5875,1.687548,39.227949,0.000000,5.151956
6,1,113.68421052631578,18.94736842105263,5.0,1,0.0002959999724636009,6.376344351336268,6.376512376504458,-24.409733197342533,1.9626435946029603,-26.350688965686576,75.765,1.6959920420634889,39.43973444245409,0.0,5.185169676539494,10.0,ja,6.376349,-23.7,75.7645,1.695978,39.436317,0.000000,5.184634
6,2,113.68421052631578,37.89473684210526,5.0,1,0.00024978703725386797,6.37646050775242,6.376516156472833,-6.193405093797066,2.6552043622727233,-8.727157596343098,75.85849999999999,1.7001759896643702,39.55021245297302,0.0,5.202495483881913,10.0,ja,6.376423,-12.1,75.8600,1.700178,39.548475,0.000000,5.202223
6,3,113.68421052631578,56.84210526315789,5.0,1,0.000322559104318873,6.376480410401737,6.376481426319261,-3.0721552989157597,-2.899820491828149,-0.1593221239612975,75.889,1.7013857381781026,39.5809719687945,0.0,5.207319370939308,10.0,ja,6.376502,0.3,75.8895,1.701400,39.579768,0.000000,5.207131
6,4,113.68421052631578,75.78947368421052,5.0,1,0.00024419437133479244,6.3768120658527,6.376497341729677,48.93999101378241,-0.3908601194426694,49.35687650329282,75.8665,1.7001771838690216,39.55125834025496,0.0,5.2026595060385725,10.0,ja,6.376557,8.9,75.8705,1.700210,39.548428,0.000000,5.202216
6,5,113.68421052631578,94.73684210526315,5.0,1,0.00046415966360792166,6.376378969025368,6.37649251660383,-18.980784855747558,-1.1367206163839632,-17.807194928486243,75.8065,1.6966584991791975,39.46590270320213,0.0,5.18927353614085,10.0,ja,6.376483,-2.7,75.8050,1.696632,39.465228,0.000000,5.189168
6,6,113.68421052631578,113.68421052631578,5.0,1,0.00026405462568135363,6.376400602878304,6.3765129938239165,-15.588037590673782,2.1245187421085427,-17.625805004695277,75.69550000000001,1.6906770997934994,39.305809832350015,0.0,5.164166836407121,10.0,ja,6.376674,27.3,75.6985,1.690653,39.308364,0.000000,5.164567
6,7,113.68421052631578,132.6315789473684,5.0,1,0.00022822981179357327,6.376119467051331,6.376507745550024,-59.67740118715743,1.2255463283907138,-60.892103613676284,75.54650000000001,1.682332743226884,39.09626623325408,0.0,5.1313049844356735,10.0,ja,6.376494,-0.9,75.5455,1.682309,39.104218,0.000000,5.132552
6,8,113.68421052631578,151.57894736842104,40.0,-1,0.2606249731486323,6.373135094569747,6.373124421783272,-527.7041371055917,-529.3627243926675,1.6737687563774966,35.891,0.645080394122679,24.368940000863816,0.0,2.821679604934339,9.8,nein,6.376751,39.4,37.3210,0.697954,24.363865,0.000000,2.820884
6,9,113.68421052631578,170.52631578947367,5.0,2,0.000729878071503591,6.37665354438988,6.376733156467812,24.079728672316065,36.62351719454626,-12.48523138584401,27.377499999999998,0.1598211267712455,16.631825919686648,0.0,1.6083001520719276,10.0,grenzwertig,6.376652,23.8,27.3805,0.159784,16.631199,0.000000,1.608202
6,10,113.68421052631578,189.4736842105263,5.0,1,2.9292540615344365e-14,6.376251972073119,6.376499626611008,-38.89718919190247,1.4146572688903624e-12,-38.83863214765972,21.9,-0.05208727407536034,14.226237937841676,0.0,1.2310417843396335,10.0,ja,6.376252,-38.9,21.9000,-0.052087,14.226228,0.000000,1.231040
6,11,113.68421052631578,208.42105263157893,5.0,1,2.0886070650760757e-15,6.376386687074981,6.376499903195758,-17.770395204254065,-4.8558110754661694e-11,-17.755213797080227,10.95,-0.28799745394698223,12.414539348172998,0.0,0.9469206223120827,10.0,ja,6.376387,-17.7,10.9500,-0.287998,12.414541,0.000000,0.946921
6,12,113.68421052631578,227.36842105263156,5.0,1,1.7791757650487128e-15,6.37649993085518,6.376499930853564,-0.010843694900946041,6.258090093253741e-11,2.5350658258515295e-07,0.0,-0.27297397237392507,9.462119437136725,2.88221153333749,0.883046567727673,0.0,ja,6.376500,0.0,0.0000,-0.272972,9.462188,2.882135,0.883047
6,13,113.68421052631578,246.3157894736842,5.0,1,1.88260865230383e-15,6.376499446829436,6.376499446830252,-0.08675144128501004,1.614477608121126e-11,-1.2800689527239315e-07,0.0,-0.27297350558516154,9.462126141485424,2.882190454403129,0.8830431595201904,0.0,ja,6.376499,-0.2,0.0000,-0.272972,9.462194,2.882114,0.883043
6,14,113.68421052631578,265.2631578947368,5.0,1,1.7104373473131318e-15,6.376499724593882,6.376499764902558,-0.043190797340762324,1.2795574997113326e-10,-0.00632144223268334,0.44999999999999996,0.10017988307538578,12.99537101232477,0.0,1.0380100387869156,10.0,ja,6.376500,0.0,0.4500,0.100177,12.995356,0.000000,1.038008
6,15,113.68421052631578,284.2105263157895,5.0,1,6.583622536027178e-14,6.376567115545699,6.376499834049038,10.5254521599526,8.091839578052873e-11,10.551477559967262,23.5,0.425135060127158,17.008506919667777,0.0,1.6673734681514585,20.0,ja,6.376567,10.5,23.5000,0.425146,17.008580,0.000000,1.667385
6,16,113.68421052631578,303.1578947368421,5.0,1,3.1183201576467923e-09,6.37684929170178,6.376499917024948,54.777966247801864,1.0123287416179433e-09,54.79097888053245,28.549999999999997,0.7058455935156784,19.29953611514881,0.0,2.0266660574215964,20.0,ja,6.376849,54.7,28.5500,0.705849,19.299563,0.000000,2.026670
6,17,113.68421052631578,322.1052631578947,5.0,1,7.901228804563232e-08,6.376790330507128,6.376499225552943,45.53132708023576,-1.4473284955839314e-06,45.65278039437272,27.950000000000003,0.9017813300232808,20.846929296145966,0.0,2.2693373004227966,20.0,ja,6.376790,45.5,27.9500,0.901780,20.846929,0.000000,2.269337
6,18,113.68421052631578,341.05263157894734,5.0,1,1.009442529564808e-12,6.376335411135396,6.376499861707739,-25.811787752671325,2.602969374758267e-11,-25.79009995182662,21.099999999999998,1.0119267833295684,21.78912163123378,0.0,2.4170974094305304,20.0,ja,6.376335,-25.9,21.1000,1.011928,21.789141,0.000000,2.417100
7,0,132.6315789473684,0.0,5.0,1,9.154037389214054e-10,6.376308111407138,6.376500207439012,-30.093090702319905,5.072960966240839e-10,-30.1256225004627,24.25,1.0119341931764956,21.44168635572745,0.0,2.3626105788014504,10.0,ja,6.376308,-30.1,24.2500,1.011932,21.441655,0.000000,2.362606
7,1,132.6315789473684,18.94736842105263,5.0,1,2.6461471902550215e-13,6.376664212311671,6.376500345731074,25.752734520551645,7.879640987719318e-11,25.698514952904244,21.05,1.011936952214902,21.78970290222746,0.0,2.41718856774523,20.0,ja,6.376664,25.7,21.0500,1.011938,21.789685,0.000000,2.417186
7,2,132.6315789473684,37.89473684210526,5.0,1,1.1073676697836987e-12,6.376450454285732,6.376499709585669,-7.770048501383596,5.4322839125389915e-11,-7.724504028444842,24.55,0.9613628577173888,21.309444806355362,0.0,2.3418716860903883,20.0,ja,6.376450,-7.8,24.5500,0.961363,21.309434,0.000000,2.341870
7,3,132.6315789473684,56.84210526315789,5.0,1,0.00032939869252372744,6.3763207794587276,6.376513520564162,-28.10641280849916,2.0574791544134587,-30.226786706516446,75.634,1.6886917630611218,39.254584990787116,0.0,5.15613345734919,10.0,ja,6.376312,-29.5,75.6325,1.688696,39.251566,0.000000,5.155660
7,4,132.6315789473684,75.78947368421052,5.0,1,0.0003501626490381507,6.376296393139176,6.376492864989198,-31.930817976108614,-1.1688361519541068,-30.81186387862128,75.6645,1.6892711361579626,39.26917127830269,0.0,5.158420964212763,10.0,ja,6.376666,26.0,75.6610,1.689235,39.270643,0.000000,5.158652
7,5,132.6315789473684,94.73684210526315,5.0,1,0.00038988113613558015,6.376320618333123,6.3764882737080075,-28.131681467546333,-1.8780237525071064,-26.29269581814319,75.632,1.6869828883807534,39.2190177868603,0.0,5.150555600542663,10.0,ja,6.376568,10.7,75.6320,1.686946,39.218651,0.000000,5.150498
7,6,132.6315789473684,113.68421052631578,5.0,1,0.00021711558415029447,6.376735975462071,6.376513468566195,37.00705121464985,2.1230631755499494,34.89483194171234,75.5435,1.6822743928029709,39.10369765429296,0.0,5.132470423318898,10.0,ja,6.376228,-42.7,75.5460,1.682318,39.101973,0.000000,5.132200
7,7,132.6315789473684,132.6315789473684,5.0,1,0.0002773091880382411,6.376392018981884,6.376504855145035,-16.934214399320105,0.6963486888071817,-17.695626621456817,75.423,1.6752952058422665,38.923529912953796,0.0,5.104215465059796,10.0,ja,6.376356,-22.6,75.4190,1.675316,38.924708,0.000000,5.104400
7,8,132.6315789473684,151.57894736842104,5.5,2,0.0006305318997241877,6.376098142270897,6.376504097739447,-63.021677895999105,0.5819054771240558,-63.664309346862304,75.24300000000001,1.6659421654466127,38.685918369588826,0.0,5.066951834013772,10.0,ja,6.376019,-75.4,75.2395,1.665927,38.703973,0.000000,5.069783
7,9,132.6315789473684,170.52631578947367,5.0,2,2.892130979148533e-14,6.376253094757981,6.376500110634612,-38.72112318979958,3.7912814806261716e-11,-38.73847355611432,22.6,0.6395675197237098,19.368878408074327,0.0,2.037540721096891,5.0,ja,6.376253,-38.7,22.6000,0.639575,19.368962,0.000000,2.037554
7,10,132.6315789473684,189.4736842105263,5.0,1,0.00035553545576363227,6.376691168402554,6.376498894346009,29.98014624845727,-0.19074540893888062,30.15354136997558,26.709,-0.07880688078689994,13.877315388343456,0.0,1.1763217107101787,10.0,ja,6.376699,31.2,26.7085,-0.078807,13.877269,0.000000,1.176314
7,11,132.6315789473684,208.42105263157893,5.0,1,2.5243696022414497e-14,6.376269112609976,6.3765003872190915,-36.209110017211266,-2.2139386258134174e-11,-36.26983597825096,20.1,-0.0711455455481609,12.770610638555517,0.0,1.0027618032706838,10.0,ja,6.376269,-36.2,20.1000,-0.071142,12.770590,0.000000,1.002759
7,12,132.6315789473684,227.36842105263156,5.0,1,1.2247147740396258e-15,6.376500414880926,6.376500414877286,0.06506405162240728,5.892047524928361e-11,5.708076788098663e-07,0.0,-0.09186145420503429,11.332129702675466,0.7532346962543637,0.8812726120843948,0.0,ja,6.376500,0.0,0.0000,-0.091857,11.332326,0.753054,0.881279
7,13,132.6315789473684,246.3157894736842,5.0,1,1.2177758801357186e-15,6.37649993085518,6.37649993085417,-0.010843694900946041,1.163555603662323e-11,1.5851125878126597e-07,0.0,-0.2729738216300305,9.462110919405927,2.8822023103062575,0.8830417993597915,0.0,ja,6.376500,0.0,0.0000,-0.272972,9.462179,2.882126,0.883042
7,14,132.6315789473684,265.2631578947368,5.0,1,1.4085954624931674e-15,6.376500248928666,6.376500248926891,0.03903844824532142,1.244898396623519e-10,2.78439372850396e-07,0.0,-0.09186157546972729,11.332126012753728,0.7532382725077232,0.8812725163627967,0.0,ja,6.376500,0.0,0.0000,-0.091873,11.332046,0.753223,0.881256
7,15,132.6315789473684,284.2105263157895,5.0,1,2.789435349370706e-15,6.376693391658265,6.376500318073175,30.328810203775525,1.0723102098188945e-10,30.27892810951981,16.25,0.20007122897040355,15.206654296448786,0.0,1.3847964081312294,10.0,ja,6.376693,30.3,16.2500,0.200076,15.206654,0.000000,1.384796
7,16,132.6315789473684,303.1578947368421,5.0,1,7.323308626183689e-14,6.376250590347472,6.376500401048117,-39.11387948387885,3.762988335248364e-11,-39.176774193593275,21.7,0.4864511676190099,17.447364818553037,0.0,1.7361977289348445,10.0,ja,6.376251,-39.0,21.7000,0.486448,17.447321,0.000000,1.736191
7,17,132.6315789473684,322.1052631578947,5.0,1,4.738473668997045e-09,6.376752441243387,6.3764997095858345,39.589311281488946,7.988003734516321e-09,39.63485572851988,24.4,0.7359081957505653,19.200530505269896,0.0,2.011139419002571,10.0,ja,6.376752,39.5,24.4000,0.735900,19.200462,0.000000,2.011129
7,18,132.6315789473684,341.05263157894734,5.0,1,3.75509707703503e-07,6.376274844581969,6.376500346365903,-35.31018866646235,9.950654695963984e-05,-35.36450779171631,25.35,0.913675483954933,20.53995986104378,0.0,2.221196559404654,10.0,ja,6.376275,-35.3,25.3500,0.913675,20.539941,0.000000,2.221194
8,0,151.57894736842104,0.0,5.3,2,0.0008350485436876692,6.376625875400995,6.376575362240567,19.740516112925395,11.790552823603322,7.921769062622433,31.9235,0.78471724071754,22.28984359361048,0.0,2.4956235542398617,15.0,grenzwertig,6.376528,4.4,31.9200,0.784558,22.289807,0.000000,2.495618
8,1,151.57894736842104,18.94736842105263,5.0,1,3.451611217213796e-06,6.3767271446671465,6.376500311335347,35.622154339461055,-0.0010566337050988879,35.57332891078572,25.35,0.9136126713720679,20.540357654330244,0.0,2.221258943672899,10.0,ja,6.376727,35.6,25.3500,0.913611,20.540339,0.000000,2.221256
8,2,151.57894736842104,37.89473684210526,5.0,1,4.131827574527236e-09,6.376208362648822,6.376499681927145,-45.73627400278584,-7.214051815992748e-08,-45.68639195839572,28.000000000000004,0.901705235520131,20.846492939869595,0.0,2.269268868481078,20.0,ja,6.376208,-45.8,28.0000,0.901704,20.846489,0.000000,2.269268
8,3,151.57894736842104,56.84210526315789,5.0,1,4.006864284811229e-14,6.376730531492084,6.376500373390082,36.15329602186275,1.2450752287821303e-10,36.09473880699057,22.400000000000002,0.8662871760887614,20.08430054673857,0.0,2.1497374024525318,20.0,ja,6.376731,36.2,22.4000,0.866287,20.084312,0.000000,2.149739
8,4,151.57894736842104,75.78947368421052,5.0,1,1.428674886727599e-14,6.376303307393035,6.376500290414808,-30.846484272925398,9.945040600299247e-11,-30.89202882038395,21.7,0.660179972215134,17.508662393874342,0.0,1.7458107729748829,10.0,ja,6.376303,-30.9,21.7000,0.660188,17.508698,0.000000,1.745816
8,5,151.57894736842104,94.73684210526315,5.0,2,2.216836098539038e-05,6.376721042646568,6.376500161923223,34.665199806629225,-0.00930681507070411,34.63980606046974,26.1305,0.5344103989591442,19.461896535388433,0.0,2.0521283675038706,10.0,ja,6.376723,35.0,26.1300,0.534410,19.461881,0.000000,2.052126
8,6,151.57894736842104,113.68421052631578,9.200000000000001,6,0.0005254096993775603,6.374909884446936,6.374864100574829,-249.3712150968551,-256.53612804557514,7.180094425915883,36.207,0.6656777944319522,24.34246042403003,0.0,2.8175269229248063,9.5,nein,6.377904,220.2,36.1660,0.663291,24.366180,0.000000,2.821247
8,7,151.57894736842104,132.6315789473684,5.5,2,0.0006303339481739251,6.376417692244077,6.376498874781734,-12.907983364505872,-0.2371892747660646,-12.731520059086554,75.24,1.6658960640282987,38.69759568779244,0.0,5.068783139307212,10.0,ja,6.376070,-67.4,75.2400,1.665919,38.714663,0.000000,5.071460
8,8,151.57894736842104,151.57894736842104,6.5,3,0.0009998106525474781,6.37652785132032,6.3764993481675285,4.367806840641383,-0.1586125830876543,4.470031018864937,75.0905,1.6579965751548997,38.49364468391148,0.0,5.036798350805531,10.0,ja,6.376691,30.0,75.0865,1.657990,38.587152,0.000000,5.051463
8,9,151.57894736842104,170.52631578947367,40.0,-1,0.1977354227400036,6.377190737611857,6.377226433807361,108.32550958294895,113.91058288584507,-5.598086019660381,37.406,0.593446127106248,23.372943964301978,0.0,2.6654816849842353,10.0,nein,6.369135,-1155.0,37.5590,0.595249,23.582831,0.000000,2.698397
8,10,151.57894736842104,189.4736842105263,5.0,2,5.1566632908173204e-12,6.3762573565523,6.376500082975578,-38.05276369490004,6.684255595506962e-11,-38.06577640981133,24.825,0.4502118901337873,18.62405723684687,0.0,1.920733511620304,10.0,ja,6.376257,-38.1,24.8250,0.450203,18.624018,0.000000,1.920727
8,11,151.57894736842104,208.42105263157893,5.0,1,2.3751950516126552e-07,6.376212959341621,6.376500359608661,-45.01539377086525,7.485533175302148e-06,-45.07178970283156,24.9,0.13638153504152803,15.009010926740629,0.0,1.353800819688015,10.0,ja,6.376213,-45.0,24.9000,0.136382,15.009015,0.000000,1.353801
8,12,151.57894736842104,227.36842105263156,5.0,1,5.414071968523615e-15,6.376693341415047,6.376500387219235,30.32093076858779,-7.886714274063769e-11,30.260204784983227,16.25,0.20011123206453998,15.206326532431815,0.0,1.38474500626234,10.0,ja,6.376693,30.3,16.2500,0.200116,15.206331,0.000000,1.384746
8,13,151.57894736842104,246.3157894736842,5.0,1,1.1796119636642288e-16,6.376499974150472,6.376499903195897,-0.004053874184857035,3.47298359512584e-11,0.011127511259844534,0.44999999999999996,0.10017995401290808,12.99536992567464,0.0,1.0380098683720909,10.0,ja,6.376500,0.0,0.4500,0.100177,12.995355,0.000000,1.038008
8,14,151.57894736842104,265.2631578947368,5.0,1,1.5265566588595902e-16,6.376387851691085,6.37650022126847,-17.587753299761147,1.3410950909080637e-10,-17.62245391441257,10.95,-0.28802243206350914,12.414238312396856,0.0,0.9468734121221445,10.0,ja,6.376388,-17.6,10.9500,-0.288023,12.414239,0.000000,0.946874
8,15,151.57894736842104,284.2105263157895,5.0,1,1.3336554083309693e-14,6.376735677337424,6.376500290414269,36.96029756503846,1.1402137587256321e-10,36.91475310212853,20.1,-0.07083369892498091,12.774059463733158,0.0,1.003302668193077,10.0,ja,6.376736,37.0,20.1000,-0.070830,12.774037,0.000000,1.003299
8,16,151.57894736842104,303.1578947368421,5.0,1,6.431476141932624e-08,6.376214727709663,6.376500373402403,-44.73806795855114,2.026961959926909e-06,-44.79662710578421,24.9,0.13639861139088752,15.008899063008696,0.0,1.3537832765637408,10.0,ja,6.376215,-44.7,24.9000,0.136399,15.008902,0.000000,1.353784
8,17,151.57894736842104,322.1052631578947,5.0,2,8.570927769718795e-05,6.376942691289725,6.376936611370274,69.4254355404595,68.52182901613996,0.9534885047539259,27.685,0.36941830907836914,17.518743410760038,0.0,1.7473917369654257,10.0,grenzwertig,6.376917,65.4,27.6850,0.369341,17.496919,0.000000,1.743969
8,18,151.57894736842104,341.05263157894734,5.0,2,5.0491818428061164e-05,6.376450850594227,6.376497030592484,-7.70789708675896,-0.5155618943554897,-7.24221724402298,32.275,0.6726084460515755,21.968663059760587,0.0,2.445254145653663,15.0,ja,6.376459,-6.4,32.2750,0.672627,21.968691,0.000000,2.445259
9,0,170.52631578947367,0.0,5.0,4,0.00020301145091865258,6.376525113035336,6.376497907498384,3.938372984366295,-0.31297688015089237,4.266531318454327,45.5005,0.7645944914194966,23.555007702709602,0.0,2.694033984585525,15.0,ja,6.376569,10.8,45.4980,0.764593,23.556188,0.000000,2.694219
9,1,170.52631578947367,18.94736842105263,5.0,2,1.549085817022927e-05,6.376735267573308,6.376500334147416,36.8960359613418,0.04589660693180277,36.84363301072206,32.2605,0.672522383295233,21.965745843801805,0.0,2.444796650796174,15.0,ja,6.376738,37.3,32.2615,0.672528,21.965646,0.000000,2.444781
9,2,170.52631578947367,37.89473684210526,5.0,1,4.436870596619125e-09,6.376246903148817,6.376499405342743,-39.69212752823623,-7.365978933385227e-09,-39.5988699013786,24.4,0.7358852739714816,19.200355393442027,0.0,2.0111119569422136,10.0,ja,6.376247,-39.7,24.4000,0.735889,19.200400,0.000000,2.011119
9,3,170.52631578947367,56.84210526315789,5.0,1,3.531534960299343e-10,6.3761533688794225,6.376500096805157,-54.36071835308119,8.162572441497391e-11,-54.37589990344446,28.549999999999997,0.7058166444680556,19.297784484316853,0.0,2.026391356436423,20.0,ja,6.376153,-54.4,28.5500,0.705820,19.297814,0.000000,2.026396
9,4,170.52631578947367,75.78947368421052,5.0,1,9.346690088563037e-15,6.376706057099548,6.3765000138297605,32.315078733913104,6.578156300340185e-11,32.31290987018539,17.7,0.655130907376059,17.52036104906414,0.0,1.7476454244592077,10.0,ja,6.376706,32.3,17.7000,0.655137,17.520434,0.000000,1.747657
9,5,170.52631578947367,94.73684210526315,5.0,1,1.0082039370029605e-13,6.376736575224577,6.3764999446828865,37.101109476304,-1.386364123512555e-11,37.10978462951417,22.400000000000002,0.3461044415275682,15.91735451243949,0.0,1.4962525699740432,10.0,ja,6.376737,37.2,22.4000,0.346103,15.917364,0.000000,1.496254
9,6,170.52631578947367,113.68421052631578,5.0,2,0.0007298780714297612,6.376648817008753,6.376735525598422,23.33835313298306,36.995058108744985,-13.598147834753401,27.377499999999998,0.15980308483234013,16.631496019056883,0.0,1.6082484151269318,10.0,grenzwertig,6.376659,24.9,27.3795,0.159806,16.631744,0.000000,1.608287
9,7,170.52631578947367,132.6315789473684,5.0,2,2.892130979148533e-14,6.376253094757981,6.376500110634612,-38.72112318979958,3.770061621592815e-11,-38.73847355611432,22.6,0.6395675197237097,19.36887840807433,0.0,2.0375407210968914,5.0,ja,6.376253,-38.7,22.6000,0.639575,19.368962,0.000000,2.037554
9,8,170.52631578947367,151.57894736842104,40.0,-1,0.20083268047741976,6.377515734035303,6.3774787439117855,159.29334827909366,153.47932820449824,5.801007373496425,37.150499999999994,0.5679434871559397,23.52900315987476,0.0,2.6899558001842325,10.0,nein,6.369284,-1131.7,37.3945,0.589345,23.572395,0.000000,2.696761
9,9,170.52631578947367,170.52631578947367,40.0,-1,0.16882622496572103,6.383496945631392,6.3834680896006075,1097.301910356931,1092.8069019216175,4.525371408201455,38.633,0.6191477404799013,23.303986316671203,0.0,2.654667343632275,11.5,nein,6.366474,-1572.3,38.5845,0.615917,23.334701,0.000000,2.659484
9,10,170.52631578947367,189.4736842105263,5.0,2,0.00034669602806289973,6.376557812732207,6.376497137345879,9.06653057413204,-0.4185751894105964,9.515468725429637,44.8675,0.7195654777179494,22.175301082042893,0.0,2.477660328086394,15.0,ja,6.376542,6.6,44.8670,0.719577,22.175860,0.000000,2.477748
9,11,170.52631578947367,208.42105263157893,5.0,2,0.0002954760639301418,6.376311185505233,6.376362463164876,-29.610992671238527,-21.582343060317154,-8.041662297946612,27.585500000000003,0.37802824778167543,17.903379773107037,0.0,1.8077126594694637,10.0,grenzwertig,6.376323,-27.8,27.5865,0.378013,17.903573,0.000000,1.807743
9,12,170.52631578947367,227.36842105263156,5.0,1,1.339206523454095e-14,6.376754658394032,6.376500110634389,39.93701780456781,-2.2068653394689655e-11,39.91966747321469,21.7,0.48632551619186537,17.448171168975687,0.0,1.7363241855211613,10.0,ja,6.376755,40.0,21.7000,0.486322,17.448131,0.000000,1.736318
9,13,170.52631578947367,246.3157894736842,5.0,1,6.245524930559299e-14,6.3764328285252745,6.376499626610604,-10.534223277104577,5.884974238583907e-11,-10.475666169485187,23.549999999999997,0.4250726797785954,17.0085177825218,0.0,1.6673751717277188,20.0,ja,6.376433,-10.5,23.5500,0.425066,17.008466,0.000000,1.667367
9,14,170.52631578947367,265.2631578947368,5.0,1,8.673617379884035e-16,6.376681340705096,6.37649994468335,28.43890929111427,1.6013920283838906e-10,28.447584371615406,15.85,0.21637365787081592,14.642773798706623,0.0,1.2963653726506108,10.0,ja,6.376681,28.4,15.8500,0.216368,14.642750,0.000000,1.296362
9,15,170.52631578947367,284.2105263157895,5.0,1,5.55805401702969e-14,6.376747889218582,6.376500013829287,38.87543614542787,1.2873381146902298e-10,38.873267355941366,21.85,-0.051665663046508874,14.228271921054612,0.0,1.2313607654755132,10.0,ja,6.376748,38.9,21.8500,-0.051674,14.228235,0.000000,1.231355
9,16,170.52631578947367,303.1578947368421,5.0,1,0.0001562262732186931,6.376348363431211,6.376499728167824,-23.780533018169635,-0.057811815466209594,-23.737902707307537,26.737499999999997,-0.07897141600993443,13.874587182010888,0.0,1.1758938574470141,10.0,ja,6.376341,-24.9,26.7380,-0.078970,13.874545,0.000000,1.175887
9,17,170.52631578947367,322.1052631578947,5.0,2,8.709699628184353e-14,6.376744081515712,6.376499405342094,38.27828992566157,3.819574626003978e-11,38.371547654339686,24.825,0.450355606689357,18.623609412703452,0.0,1.9206632812206461,10.0,ja,6.376744,38.3,24.8250,0.450347,18.623567,0.000000,1.920657
9,18,170.52631578947367,341.05263157894734,5.0,2,0.0001503011557838635,6.376295765143116,6.376500490009241,-32.029303988887904,0.07033975193843434,-32.10615010200558,44.862,0.7195548994868435,22.17331422347058,0.0,2.4773487373120955,15.0,ja,6.376270,-36.1,44.8625,0.719555,22.173763,0.000000,2.477419
10,0,189.4736842105263,0.0,40.0,-1,0.14259697549391623,6.38362590321402,6.383657268988501,1117.5257922087983,1122.4599377339262,-4.918964083873321,38.710499999999996,0.6136627154297511,23.353891900935718,0.0,2.6624938290497475,11.3,nein,6.379897,532.7,38.2695,0.610923,23.193119,0.000000,2.637280
10,1,189.4736842105263,18.94736842105263,5.0,2,0.00022418028281254165,6.376778521049385,6.376499847038595,43.67929889184691,-0.030494657485260653,43.70328719361245,44.8445,0.7196134486684693,22.172630818055463,0.0,2.477241561680461,15.0,ja,6.376804,47.7,44.8495,0.719629,22.172751,0.000000,2.477260
10,2,189.4736842105263,37.89473684210526,5.0,2,7.390041216272236e-05,6.376432010657446,6.376428929886316,-10.662486090336456,-11.05237294753835,0.48314453536576424,27.6495,0.3732655488862326,17.845563039259716,0.0,1.798645501334543,10.0,grenzwertig,6.376419,-12.7,27.6490,0.373293,17.845807,0.000000,1.798684
10,3,189.4736842105263,56.84210526315789,5.0,1,5.708628014744477e-14,6.376246985333602,6.3765000968044205,-39.67923882985945,9.386250979087556e-11,-39.69442026475186,21.7,0.48634794679325344,17.44769145221869,0.0,1.7362489535354333,10.0,ja,6.376247,-39.7,21.7000,0.486345,17.447648,0.000000,1.736242
10,4,189.4736842105263,75.78947368421052,5.0,1,6.715461520201416e-14,6.376567668560275,6.376500013829682,10.61217913813097,9.619669428454464e-11,10.610010286660716,23.5,0.42514122022629014,17.00825727780263,0.0,1.6673343178550348,20.0,ja,6.376568,10.7,23.5000,0.425140,17.008263,0.000000,1.667335
10,5,189.4736842105263,94.73684210526315,5.0,1,2.572594914873605e-15,6.376319868160167,6.376499944682725,-28.24932797515311,2.6524823791694294e-11,-28.24065279659229,15.85,0.21605050211683818,14.641324302682111,0.0,1.296138054211889,10.0,ja,6.376320,-28.2,15.8500,0.216045,14.641292,0.000000,1.296133
10,6,189.4736842105263,113.68421052631578,5.0,1,2.9580504712356515e-14,6.3762519720731206,6.37649962661101,-38.897189191623895,5.941560529339522e-12,-38.83863214765972,21.9,-0.052087274075361664,14.226237937841674,0.0,1.2310417843396333,10.0,ja,6.376252,-38.9,21.9000,-0.052087,14.226228,0.000000,1.231040
10,7,189.4736842105263,132.6315789473684,5.0,1,0.00035553545576418044,6.376691168386072,6.376498894329317,29.980143663665153,-0.19074802038375,30.153541402847864,26.709,-0.07880688077909008,13.877315388482744,0.0,1.1763217107320225,10.0,ja,6.376699,31.2,26.7085,-0.078807,13.877269,0.000000,1.176314
10,8,189.4736842105263,151.57894736842104,5.0,2,5.156836763164918e-12,6.3762573565523,6.376500082975578,-38.05276369490004,6.769135031640385e-11,-38.06577640981133,24.825,0.45021189013378715,18.624057236846866,0.0,1.9207335116203033,10.0,ja,6.376257,-38.1,24.8250,0.450203,18.624018,0.000000,1.920727
10,9,189.4736842105263,170.52631578947367,5.0,2,0.00034669675236929237,6.376531146700015,6.37648450891254,4.88460754548837,-2.3990399062224204,7.314010424935554,44.866,0.7195854206570073,22.176814372890277,0.0,2.477897651202113,15.0,ja,6.376549,7.7,44.8680,0.719569,22.176287,0.000000,2.477815
10,10,189.4736842105263,189.4736842105263,5.0,4,0.00048039165871223075,6.376439802646228,6.376506466643395,-9.440500866122234,1.0444997580714528,-10.454637680063819,45.5185,0.7645676167072334,23.5533008306814,0.0,2.6937663029375676,15.0,ja,6.376403,-15.2,45.5175,0.764575,23.554001,0.000000,2.693876
10,11,189.4736842105263,208.42105263157893,5.0,2,4.243994488790925e-05,6.376288007179883,6.37649965289872,-33.245953127555346,-0.06744718650360904,-33.19151867588896,32.275,0.6725900417286668,21.967199225606922,0.0,2.4450245786257225,15.0,ja,6.376281,-34.3,32.2750,0.672598,21.967232,0.000000,2.445030
10,12,189.4736842105263,227.36842105263156,5.0,1,1.5163244965199496e-09,6.376750221692304,6.376500110634001,39.241228307542244,-2.541856180742203e-09,39.22387803705856,24.4,0.7359946369580219,19.200367698623474,0.0,2.0111138867126908,10.0,ja,6.376750,39.2,24.4000,0.735999,19.200379,0.000000,2.011116
10,13,189.4736842105263,246.3157894736842,5.0,1,9.659096994463212e-10,6.376149825959266,6.376499626610144,-54.91633980001337,-2.1142052883566467e-10,-54.857782620242105,28.65,0.7057031796424107,19.299198166766768,0.0,2.02661305838105,20.0,ja,6.376150,-54.9,28.6500,0.705707,19.299220,0.000000,2.026617
10,14,189.4736842105263,265.2631578947368,5.0,1,3.6099595535077356e-15,6.376294177034099,6.376499944683518,-32.278360527229765,1.7817608301674115e-10,-32.269685473054324,17.7,0.6549680268298139,17.518753998371388,0.0,1.747393397376521,10.0,ja,6.376294,-32.3,17.7000,0.654974,17.518818,0.000000,1.747403
10,15,189.4736842105263,284.2105263157895,5.0,1,6.102757188486407e-15,6.376264181785586,6.376500013829882,-36.98239071831217,1.3948520671258974e-10,-36.98455960112253,22.400000000000002,0.3457276176408537,15.915465452982659,0.0,1.4959563166286611,10.0,ja,6.376264,-37.0,22.4000,0.345725,15.915464,0.000000,1.495956
10,16,189.4736842105263,303.1578947368421,5.0,2,0.00012242572393728057,6.3763400015374625,6.376511328587335,-25.091894070171172,1.7614337707584946,-26.868509350339274,27.370499999999996,0.16216349046856787,16.64248115495106,0.0,1.6099711683448692,10.0,ja,6.376335,-25.9,27.3720,0.162161,16.641999,0.000000,1.609896
10,17,189.4736842105263,322.1052631578947,5.0,2,4.446443213623752e-14,6.376746095535734,6.37649940534276,38.59414031723495,5.234231894894342e-12,38.68739794144607,22.575,0.6396561952032936,19.369203351478596,0.0,2.03759168062081,5.0,ja,6.376746,38.6,22.5750,0.639657,19.369246,0.000000,2.037598
10,18,189.4736842105263,341.05263157894734,40.0,-1,0.07277875424365787,6.379662815727,6.379613278009995,496.01124864728143,488.2359479499734,7.768794323810314,37.478,0.5934639457664299,23.528439765370994,0.0,2.6898674453651674,10.0,nein,6.372086,-692.2,37.3995,0.578654,23.472397,0.000000,2.681079
11,0,208.42105263157893,0.0,18.8,3,0.0008287170128901677,6.376072241507921,6.3764985147200575,-67.08358693326873,-0.2611245243026217,-66.8506566512205,75.0925,1.6580372290872458,38.49350317678902,0.0,5.0367761588314925,10.0,ja,6.333309,-6773.5,74.3505,1.671908,44.063784,0.000000,5.910340
11,1,208.42105263157893,18.94736842105263,40.0,-1,0.17506869899518884,6.376512456057295,6.37653016603556,1.953431709253103,4.680931964328874,-2.777382304590836,37.6315,0.5947606073925361,23.584266392258115,0.0,2.698622503294615,10.0,ja,6.374565,-303.5,37.6770,0.598345,23.556283,0.000000,2.694234
11,2,208.42105263157893,37.89473684210526,5.0,2,2.1010190115466898e-13,6.376255374716178,6.37649968192774,-38.36356681930471,-1.7584189852307204e-10,-38.31368486823843,24.825,0.4502334439885183,18.623905123377195,0.0,1.9207096562969017,10.0,ja,6.376255,-38.4,24.8250,0.450225,18.623865,0.000000,1.920703
11,3,208.42105263157893,56.84210526315789,5.0,1,2.9393363784602222e-09,6.37621122255299,6.3765003733885965,-45.28776711535436,-1.0087397561267685e-07,-45.34632409733477,24.95,0.1363647702259604,15.009123357580188,0.0,1.3538184517494214,10.0,ja,6.376211,-45.3,24.9500,0.136365,15.009127,0.000000,1.353819
11,4,208.42105263157893,75.78947368421052,5.0,1,4.7531423241764514e-15,6.37669332411549,6.376500290414706,30.31821775103051,4.1307992251598585e-11,30.272673219590235,16.25,0.2000846224884854,15.206545785748812,0.0,1.3847793908490253,10.0,ja,6.376693,30.3,16.2500,0.200089,15.206551,0.000000,1.384780
11,5,208.42105263157893,94.73684210526315,5.0,1,2.237793284010081e-15,6.376500297960717,6.37650022126797,0.04672794097955484,6.818648036051547e-11,0.012027404748025378,0.44999999999999996,0.10018006968400615,12.995365757182833,0.0,1.0380092146448414,10.0,ja,6.376500,0.0,0.4500,0.100177,12.995351,0.000000,1.038007
11,6,208.42105263157893,113.68421052631578,5.0,1,2.0729945537922845e-15,6.376386687074981,6.376499903195755,-17.770395204254065,-4.8664210049828465e-11,-17.755213796662364,10.95,-0.2879974539469825,12.414539348172994,0.0,0.9469206223120822,10.0,ja,6.376387,-17.7,10.9500,-0.287998,12.414541,0.000000,0.946921
11,7,208.42105263157893,132.6315789473684,5.0,1,2.5316554408405523e-14,6.376269112609976,6.376500387219091,-36.209110017211266,-2.2139386258134174e-11,-36.269835978111665,20.1,-0.07114554554816092,12.770610638555537,0.0,1.0027618032706869,10.0,ja,6.376269,-36.2,20.1000,-0.071142,12.770590,0.000000,1.002759
11,8,208.42105263157893,151.57894736842104,5.0,1,2.3751950545269906e-07,6.376212959341622,6.376500359608663,-45.015393770725964,7.485537419273955e-06,-45.07178970297085,24.9,0.13638153504152725,15.009010926740624,0.0,1.3538008196880138,10.0,ja,6.376213,-45.0,24.9000,0.136382,15.009015,0.000000,1.353801
11,9,208.42105263157893,170.52631578947367,5.0,2,0.00029547606428123596,6.37632380017316,6.376363337293059,-27.632686715443903,-21.44525721485225,-6.200442233027917,27.585500000000003,0.378020004300604,17.903025509037548,0.0,1.8076571017074485,10.0,grenzwertig,6.376330,-26.7,27.5865,0.378013,17.903711,0.000000,1.807765
11,10,208.42105263157893,189.4736842105263,5.0,2,4.243994488731598e-05,6.376288007179881,6.376499652898728,-33.24595312783393,-0.06744718653741934,-33.191518677421136,32.275,0.6725900417286601,21.967199225606887,0.0,2.445024578625717,15.0,ja,6.376281,-34.3,32.2750,0.672598,21.967232,0.000000,2.445030
11,11,208.42105263157893,208.42105263157893,5.0,2,0.0009089039687566886,6.376594620369067,6.376601796531597,14.838919323477803,15.907938676628076,-1.1254077518994894,31.936999999999998,0.7846699870707841,22.287892756330926,0.0,2.4953176125352345,15.0,grenzwertig,6.376601,15.8,31.9310,0.784650,22.287770,0.000000,2.495298
11,12,208.42105263157893,227.36842105263156,5.0,1,6.889055050030013e-08,6.376726939787129,6.376500387354194,35.590023857560325,2.1089244717978877e-05,35.5292767089419,25.35,0.9135652440249465,20.540434344538824,0.0,2.2212709706796554,10.0,ja,6.376727,35.6,25.3500,0.913564,20.540416,0.000000,2.221268
11,13,208.42105263157893,246.3157894736842,5.0,1,2.0552850504840237e-08,6.376593525817548,6.376499903197261,14.667265356763403,3.457859494264133e-07,14.682446528259693,27.950000000000003,0.9018248166087328,20.84622333807633,0.0,2.269226587952063,20.0,ja,6.376594,14.7,27.9500,0.901824,20.846220,0.000000,2.269226
11,14,208.42105263157893,265.2631578947368,5.0,1,4.767020111984266e-15,6.376272773364112,6.376500221268273,-35.63500915696165,1.8043953464696572e-10,-35.66970974069084,22.400000000000002,0.8662175138560881,20.081676279930992,0.0,2.1493258495931924,20.0,ja,6.376273,-35.6,22.4000,0.866218,20.081689,0.000000,2.149328
11,15,208.42105263157893,284.2105263157895,5.0,1,2.1440314801335347e-14,6.376302901418321,6.376500290414931,-30.910151600362433,1.4415357569992791e-10,-30.955696167182193,21.7,0.6602054039028911,17.509181512295033,0.0,1.7458921841598105,10.0,ja,6.376303,-30.9,21.7000,0.660197,17.509141,0.000000,1.745886
11,16,208.42105263157893,303.1578947368421,5.5,2,0.0006832572320835317,6.37669606792314,6.376500606505743,30.748517703909055,0.036558579719975774,30.6534019285418,26.136,0.5344159944211719,19.462148864792674,0.0,2.0521679392758836,10.0,ja,6.376698,31.1,26.1355,0.534417,19.462155,0.000000,2.052169
11,17,208.42105263157893,322.1052631578947,40.0,-1,0.0694340412809493,6.3772136140444085,6.377251531964407,111.91312544617057,117.90951726711765,-5.946509840589701,36.3805,0.6752845730831533,24.37392882190225,0.0,2.822461981008743,9.8,nein,6.379446,462.0,35.7065,0.658455,24.357266,0.000000,2.819849
11,18,208.42105263157893,341.05263157894734,5.5,1,0.0008110993533997357,6.376499231985398,6.376504147305202,-0.12044453901440214,0.6005225991351583,-0.7708491812923125,75.2325,1.6658883325269642,38.688573140419614,0.0,5.067368170692324,10.0,ja,6.376698,31.1,75.2335,1.665868,38.689860,0.000000,5.067570
12,0,227.36842105263156,0.0,5.0,1,0.00027048390276462886,6.376084169072132,6.376498937857538,-65.21303659829212,-0.19910317809283568,-65.04646520914902,75.422,1.6753349449140256,38.923433147342955,0.0,5.104200289711119,10.0,ja,6.376196,-47.7,75.4200,1.675312,38.924885,0.000000,5.104428
12,1,227.36842105263156,18.94736842105263,6.2,3,0.0007557202176338707,6.375906168524441,6.376499614813876,-93.1281228824281,-0.1146267361355566,-93.06771574296697,75.2445,1.6659533816493906,38.68843546373916,0.0,5.067346579430589,10.0,ja,6.376126,-58.7,75.2430,1.665940,38.697401,0.000000,5.068753
12,2,227.36842105263156,37.89473684210526,5.0,2,3.785687041624186e-14,6.376253503947726,6.376499709585771,-38.65695166228471,-1.7202232389706804e-10,-38.61140720536423,22.575,0.639430284909541,19.36722862102787,0.0,2.0372819918494263,5.0,ja,6.376253,-38.7,22.5750,0.639423,19.367103,0.000000,2.037262
12,3,227.36842105263156,56.84210526315789,5.0,1,8.570510499834871e-05,6.376420464913795,6.376501902073997,-12.473157093382062,0.2353996112642184,-12.771451454878981,26.731500000000004,-0.07884304849830673,13.875480378086912,0.0,1.1760339336762975,10.0,ja,6.376588,13.8,26.7175,-0.078888,13.875509,0.000000,1.176038
12,4,227.36842105263156,75.78947368421052,5.0,1,2.7408630920433552e-15,6.376734989602312,6.376500318072701,36.852442924967164,-1.6975887226684348e-12,36.80256090509196,20.1,-0.07084933595445783,12.773730982195802,0.0,1.0032511537984474,10.0,ja,6.376735,36.9,20.1000,-0.070845,12.773725,0.000000,1.003250
12,5,227.36842105263156,94.73684210526315,5.0,1,1.1102230246251565e-16,6.376500248928666,6.376500248926979,0.03903844824532142,2.1714989077467063e-11,2.6464972907241237e-07,0.0,-0.0918615008676473,11.332125842149065,0.7532393336923988,0.8812726523316361,0.0,ja,6.376500,0.0,0.0000,-0.091852,11.332133,0.753323,0.881287
12,6,227.36842105263156,113.68421052631578,5.0,1,1.7620453707234418e-15,6.37649993085518,6.376499930853564,-0.010843694900946041,6.249248485323176e-11,2.5350658258515295e-07,0.0,-0.27297397237392523,9.462119437136725,2.88221153333749,0.883046567727673,0.0,ja,6.376500,0.0,0.0000,-0.272972,9.462188,2.882135,0.883047
12,7,227.36842105263156,132.6315789473684,5.0,1,1.186550857568136e-15,6.376500414880926,6.376500414877286,0.06506405162240728,5.899120811272812e-11,5.708076788098663e-07,0.0,-0.09186145420503429,11.332129702675465,0.7532346962543642,0.8812726120843946,0.0,ja,6.376500,0.0,0.0000,-0.091857,11.332326,0.753054,0.881279
12,8,227.36842105263156,151.57894736842104,5.0,1,5.4175414154755686e-15,6.376693341415047,6.376500387219236,30.32093076858779,-7.614392749802375e-11,30.260204784843935,16.25,0.20011123206453996,15.206326532431811,0.0,1.3847450062623397,10.0,ja,6.376693,30.3,16.2500,0.200116,15.206331,0.000000,1.384746
12,9,227.36842105263156,170.52631578947367,5.0,1,1.3433698597964394e-14,6.376754658394032,6.376500110634389,39.93701780456781,-1.8532010222463747e-11,39.91966747321469,21.7,0.48632551619186554,17.4481711689757,0.0,1.7363241855211635,10.0,ja,6.376755,40.0,21.7000,0.486322,17.448131,0.000000,1.736318
12,10,227.36842105263156,189.4736842105263,5.0,1,1.516324538153313e-09,6.376750221692304,6.376500110634,39.241228307542244,-2.5414317835615358e-09,39.22387803719785,24.4,0.7359946369580221,19.200367698623474,0.0,2.0111138867126908,10.0,ja,6.376750,39.2,24.4000,0.735999,19.200379,0.000000,2.011116
12,11,227.36842105263156,208.42105263157893,5.0,1,6.88905505280557e-08,6.376726939787129,6.376500387354197,35.590023857560325,2.1089243727718787e-05,35.52927670852403,25.35,0.9135652440249467,20.540434344538824,0.0,2.2212709706796554,10.0,ja,6.376727,35.6,25.3500,0.913564,20.540416,0.000000,2.221268
12,12,227.36842105263156,227.36842105263156,5.0,1,2.1306999220538358e-10,6.37630779143816,6.376500414877523,-30.14327010756349,-1.7506383702518232e-10,-30.208333625429184,24.25,1.0119803616186342,21.441518400256502,0.0,2.3625842390428136,10.0,ja,6.376308,-30.1,24.2500,1.011978,21.441490,0.000000,2.362580
12,13,227.36842105263156,246.3157894736842,5.0,1,2.868538739875248e-14,6.376664101927343,6.376499930853941,25.73542340499538,-5.686922220939257e-11,25.74626729420494,21.05,1.01196083235141,21.789501786243456,0.0,2.4171570275611156,20.0,ja,6.376664,25.7,21.0500,1.011958,21.789490,0.000000,2.417155
12,14,227.36842105263156,265.2631578947368,5.0,1,1.4594575548088073e-13,6.376275073815076,6.3765002489265665,-35.27423899075265,8.374771031830947e-11,-35.31327710971799,24.6,0.9613299441196345,21.309425315272673,0.0,2.3418686293848774,20.0,ja,6.376275,-35.3,24.6000,0.961330,21.309422,0.000000,2.341868
12,15,227.36842105263156,284.2105263157895,5.0,1,6.388268278083309e-15,6.3766176899423215,6.376500318073164,18.45682464056007,1.0199678908699514e-10,18.40694254797583,19.0,0.737694766921071,18.408567782048788,0.0,1.8869391958047184,10.0,ja,6.376618,18.5,19.0000,0.737688,18.408512,0.000000,1.886930
12,16,227.36842105263156,303.1578947368421,5.0,2,1.0519363815809576e-06,6.376330646779318,6.3765004010485296,-26.558961919950836,1.1034326697344827e-11,-26.621856694295506,22.375,0.7006805820443065,21.12617497896961,0.0,2.3131302405660796,10.0,ja,6.376331,-26.5,22.3750,0.700680,21.126170,0.000000,2.313129
12,17,227.36842105263156,322.1052631578947,12.100000000000001,6,0.0005837191515669221,6.380379986246273,6.380339713844994,608.4821212689918,602.2119123487382,6.315753356650954,35.1975,0.934989917205807,25.325856695005545,0.0,2.9717488739913027,7.5,nein,6.375727,-121.2,75.6315,1.687189,39.319426,0.000000,5.166302
12,18,227.36842105263156,341.05263157894734,5.0,1,0.00028451965504772136,6.376415696336683,6.376499600159859,-13.220993227914585,-0.11692487412988045,-13.15828795976923,75.5455,1.6823144860462786,39.09957340111497,0.0,5.131823633829681,10.0,ja,6.376533,5.2,75.5475,1.682292,39.101132,0.000000,5.132068
13,0,246.3157894736842,0.0,40.0,-1,0.04058760401571845,6.376408042082364,6.3763599641923,-14.42137812860555,-21.917858232138503,7.539855730225069,43.6595,0.6347567560517201,21.78441076296973,0.0,2.416358623534812,10.0,grenzwertig,6.376410,-14.1,43.5965,0.633038,21.796148,0.000000,2.418199
13,1,246.3157894736842,18.94736842105263,5.6000000000000005,3,0.0004987074574144823,6.3766325552759024,6.376493531812711,20.788093139104916,-0.992691091227771,21.802472075790636,75.5455,1.682285529778235,39.10390864170789,0.0,5.132503511598507,10.0,ja,6.376939,68.8,75.5415,1.682228,39.101333,0.000000,5.132100
13,2,246.3157894736842,37.89473684210526,40.0,-1,0.16599527351199694,6.37210879377727,6.371987934239682,-688.6546260066445,-707.4870732484167,18.95389909631769,37.976,0.7191184577840806,23.75667399964638,0.0,2.725660471990336,10.0,nein,6.383209,1052.1,35.5900,0.640486,24.373533,0.000000,2.822400
13,3,246.3157894736842,56.84210526315789,5.0,2,0.00013488295082421387,6.376517847077885,6.376486521847101,2.7988830681396237,-2.1007100258163818,4.912605784290737,27.354499999999998,0.16211045420294928,16.644374741636938,0.0,1.610268131676772,10.0,ja,6.376485,-2.4,27.3535,0.162268,16.645502,0.000000,1.610445
13,4,246.3157894736842,75.78947368421052,5.0,1,1.4516166046973922e-14,6.376747561686751,6.376499834048922,38.824070689301415,2.1219859033355436e-13,38.85009610742369,21.85,-0.05171147594577021,14.227918484613452,0.0,1.2313053375070102,10.0,ja,6.376748,38.9,21.8500,-0.051706,14.227958,0.000000,1.231311
13,5,246.3157894736842,94.73684210526315,5.0,1,1.5265566588595902e-16,6.376613595827386,6.376499764902908,17.81476160675289,-7.271338362096464e-11,17.851630906980972,10.95,-0.2877004630185006,12.415225469919832,0.0,0.9470282239347338,10.0,ja,6.376614,17.9,10.9500,-0.287701,12.415224,0.000000,0.947028
13,6,246.3157894736842,113.68421052631578,5.0,1,1.8086660641403185e-15,6.376499446829436,6.376499446830252,-0.08675144128501004,1.6056360001905614e-11,-1.2800689527239315e-07,0.0,-0.2729735055851616,9.462126141485422,2.8821904544031294,0.8830431595201901,0.0,ja,6.376499,-0.2,0.0000,-0.272972,9.462194,2.882114,0.883043
13,7,246.3157894736842,132.6315789473684,5.0,1,1.2351231148954867e-15,6.37649993085518,6.37649993085417,-0.010843694900946041,1.1564823173178713e-11,1.5851125878126597e-07,0.0,-0.2729738216300304,9.462110919405928,2.8822023103062597,0.8830417993597925,0.0,ja,6.376500,0.0,0.0000,-0.272972,9.462179,2.882126,0.883042
13,8,246.3157894736842,151.57894736842104,5.0,1,1.0061396160665481e-16,6.376499974150472,6.376499903195897,-0.004053874184857035,3.494203454159195e-11,0.011127511259844534,0.44999999999999996,0.10017995401290809,12.995369925674641,0.0,1.038009868372091,10.0,ja,6.376500,0.0,0.4500,0.100177,12.995355,0.000000,1.038008
13,9,246.3157894736842,170.52631578947367,5.0,1,6.221217117852174e-14,6.3764328285252745,6.376499626610605,-10.534223277104577,5.899120811272812e-11,-10.475666169624477,23.549999999999997,0.4250726797785954,17.008517782521796,0.0,1.667375171727718,20.0,ja,6.376433,-10.5,23.5500,0.425066,17.008466,0.000000,1.667367
13,10,246.3157894736842,189.4736842105263,5.0,1,9.659096231184883e-10,6.376149825959267,6.376499626610143,-54.91633979987409,-2.1555840134716897e-10,-54.85778261996353,28.65,0.7057031796424105,19.29919816676679,0.0,2.0266130583810535,20.0,ja,6.376150,-54.9,28.6500,0.705707,19.299220,0.000000,2.026617
13,11,246.3157894736842,208.42105263157893,5.0,1,2.0552850449329085e-08,6.376593525817548,6.3764999031972645,14.667265356763403,3.4578693968650156e-07,14.682446527702535,27.950000000000003,0.9018248166087327,20.84622333807633,0.0,2.269226587952063,20.0,ja,6.376594,14.7,27.9500,0.901824,20.846220,0.000000,2.269226
13,12,246.3157894736842,227.36842105263156,5.0,1,2.868538739875248e-14,6.376664101927343,6.3764999308539405,25.73542340499538,-5.679848934594806e-11,25.746267294344232,21.05,1.01196083235141,21.78950178624346,0.0,2.417157027561116,20.0,ja,6.376664,25.7,21.0500,1.011958,21.789490,0.000000,2.417155
13,13,246.3157894736842,246.3157894736842,5.0,1,5.835609773185979e-15,6.37661977644619,6.376499446830204,18.784042372599306,-3.607376035670424e-11,18.870793693399047,18.2,1.038429703805704,22.10670839174962,0.0,2.4669032214772395,10.0,ja,6.376620,18.8,18.2000,1.038429,22.106707,0.000000,2.466903
13,14,246.3157894736842,265.2631578947368,22.2,2,0.0006650975138613457,6.376255426573761,6.376480875283822,-38.355434210018025,-2.9623804546575268,-35.35618443683384,75.7705,1.6960189244888613,39.43563885360088,0.0,5.1845273823572295,10.0,ja,6.376648,23.2,75.7600,1.695947,39.435555,0.000000,5.184514
13,15,246.3157894736842,284.2105263157895,34.6,2,0.0009594029658014924,6.376335053412348,6.376477342257052,-25.86788797185554,-3.527294302037319,-22.314568290444498,75.85849999999999,1.7002015947553195,39.548498224268165,0.0,5.202226648516923,10.0,ja,6.376303,-30.9,75.8595,1.700229,39.543801,0.000000,5.201490
13,16,246.3157894736842,303.1578947368421,10.5,7,0.0009618173830416854,6.376610986666789,6.376468233106805,17.405577791525165,-4.968857179151564,22.387447656803964,75.8875,1.7013978182193128,39.5803097131735,0.0,5.207215512142005,10.0,ja,6.376666,26.0,75.8880,1.701363,39.576138,0.000000,5.206561
13,17,246.3157894736842,322.1052631578947,5.0,1,0.0003651083645450637,6.37659029363495,6.376503920803368,14.160375589961562,0.7363351674911025,13.545492289199746,75.86850000000001,1.7001969362308658,39.55880758178827,0.0,5.203843422220382,10.0,ja,6.376606,16.6,75.8695,1.700197,39.550120,0.000000,5.202481
13,18,246.3157894736842,341.05263157894734,5.0,1,1.7040986552419035e-08,6.376853453858449,6.376499861707772,55.4306999840359,-1.2279225093968345e-10,55.452387779726905,44.6,0.685220609169244,20.32095717431577,0.0,2.1868512780233305,10.0,ja,6.376853,55.4,44.6000,0.685224,20.320991,0.000000,2.186857
14,0,265.2631578947368,0.0,5.0,1,0.00038549849170543826,6.37638566055661,6.3764997014690525,-17.931379815051574,-0.05332375626454884,-17.884562446839226,75.9385,1.7038983651435629,39.64811161104337,0.0,5.21784860206122,10.0,ja,6.376420,-12.5,75.9350,1.703867,39.645370,0.000000,5.217419
14,1,265.2631578947368,18.94736842105263,5.0,1,1.1663073493095588e-08,6.37614405962084,6.376500179780175,-55.82065069569363,2.4332105024914233e-11,-55.84884487335519,44.65,0.6851931204659879,20.320929444535114,0.0,2.1868469292770505,10.0,ja,6.376144,-55.8,44.6500,0.685196,20.320962,0.000000,2.186852
14,2,265.2631578947368,37.89473684210526,8.200000000000001,3,0.00029800764624188236,6.372702907198792,6.373065313593491,-595.4822867104194,-538.576027842785,-56.834689045589194,34.353,0.9347721133187875,25.125142629577827,0.0,2.9402717210974396,6.6,nein,6.371003,-862.1,35.4195,0.937020,25.325827,0.000000,2.971744
14,3,265.2631578947368,56.84210526315789,5.0,2,0.0008640371345224676,6.376654214955669,6.376500635368414,24.184890718685406,0.06277284542248633,24.085248530495427,26.128,0.5343969787676662,19.464123157516127,0.0,2.0524775594003177,10.0,ja,6.376653,24.0,26.1250,0.534386,19.464179,0.000000,2.052486
14,4,265.2631578947368,75.78947368421052,5.0,1,1.1726730697603216e-14,6.3762645099228035,6.376500152121524,-36.9309303218812,1.0779688388944561e-10,-36.95478690831231,22.400000000000002,0.3456962853117758,15.91513263008847,0.0,1.4959041213970778,10.0,ja,6.376265,-36.9,22.4000,0.345695,15.915148,0.000000,1.495907
14,5,265.2631578947368,94.73684210526315,5.0,1,5.2562121322097255e-16,6.376317463022186,6.376500082975814,-28.626515771157294,6.790354890673738e-11,-28.639528523119544,15.9,0.21612768046625605,14.642843315056945,0.0,1.2963762746109844,10.0,ja,6.376317,-28.7,15.9000,0.216122,14.642815,0.000000,1.296372
14,6,265.2631578947368,113.68421052631578,5.0,1,1.6965595595053173e-15,6.376499724593882,6.376499764902558,-0.043190797340762324,1.273191542001326e-10,-0.00632144223268334,0.44999999999999996,0.10017988307538586,12.99537101232477,0.0,1.0380100387869156,10.0,ja,6.376500,0.0,0.4500,0.100177,12.995356,0.000000,1.038008
14,7,265.2631578947368,132.6315789473684,5.0,1,1.3808398868775384e-15,6.376500248928666,6.376500248926887,0.03903844824532142,1.256215654774642e-10,2.7899653017475895e-07,0.0,-0.09186157546972737,11.332126012753731,0.7532382725077212,0.8812725163627969,0.0,ja,6.376500,0.0,0.0000,-0.091873,11.332046,0.753223,0.881256
14,8,265.2631578947368,151.57894736842104,5.0,1,1.457167719820518e-16,6.376387851691084,6.37650022126847,-17.587753299900438,1.335436461832502e-10,-17.62245391455186,10.95,-0.2880224320635087,12.414238312396856,0.0,0.9468734121221445,10.0,ja,6.376388,-17.6,10.9500,-0.288023,12.414239,0.000000,0.946874
14,9,265.2631578947368,170.52631578947367,5.0,1,9.367506770274758e-16,6.376681340705095,6.37649994468335,28.438909290974983,1.5830014838883154e-10,28.447584371476115,15.85,0.21637365787081653,14.642773798706623,0.0,1.2963653726506108,10.0,ja,6.376681,28.4,15.8500,0.216368,14.642750,0.000000,1.296362
14,10,265.2631578947368,189.4736842105263,5.0,1,3.576999807464176e-15,6.376294177034099,6.376499944683518,-32.278360527229765,1.7661996002096175e-10,-32.269685473054324,17.7,0.6549680268298138,17.51875399837139,0.0,1.7473933973765214,10.0,ja,6.376294,-32.3,17.7000,0.654974,17.518818,0.000000,1.747403
14,11,265.2631578947368,208.42105263157893,5.0,1,4.822531263215524e-15,6.376272773364112,6.376500221268275,-35.63500915696165,1.8008587032974312e-10,-35.66970974096942,22.400000000000002,0.8662175138560886,20.08167627993099,0.0,2.1493258495931915,20.0,ja,6.376273,-35.6,22.4000,0.866218,20.081689,0.000000,2.149328
14,12,265.2631578947368,227.36842105263156,5.0,1,1.4584861096622603e-13,6.376275073815076,6.376500248926566,-35.27423899075265,8.438430608931012e-11,-35.313277109578706,24.6,0.9613299441196343,21.309425315272676,0.0,2.341868629384878,20.0,ja,6.376275,-35.3,24.6000,0.961330,21.309422,0.000000,2.341868
14,13,265.2631578947368,246.3157894736842,40.0,-1,0.0024013034258315025,6.376217751330545,6.37655334858679,-44.26388605912822,8.403306507770305,-52.63032325650458,75.768,1.696007663899452,39.43798693369075,0.0,5.184895622001215,10.0,ja,6.376642,22.3,75.7625,1.695990,39.440448,0.000000,5.185282
14,14,265.2631578947368,265.2631578947368,40.0,-1,0.003754907998773649,6.376627562168666,6.376513627520636,20.00504487812827,2.1241347317601758,17.867897440584915,75.9225,1.703818282240962,39.64339545524429,0.0,5.217108986943352,10.0,ja,6.376414,-13.5,75.9250,1.703840,39.644124,0.000000,5.217223
14,15,265.2631578947368,284.2105263157895,5.800000000000001,2,0.0008711121773685715,6.3765799475646325,6.376435069593407,12.537844370985392,-10.206622513856894,22.720610244679534,76.0195,1.7087101280749517,39.76706909467115,0.0,5.236504209938233,10.0,grenzwertig,6.376932,67.7,76.0165,1.708635,39.763785,0.000000,5.235989
14,16,265.2631578947368,303.1578947368421,5.1000000000000005,2,0.0006841130299488629,6.376413172910471,6.376494480745437,-13.616731675650279,-0.9024310882754374,-12.751169915499442,76.0685,1.7111270661320943,39.82968036415834,0.0,5.246323275175777,9.9,ja,6.376431,-10.8,76.0655,1.711128,39.826827,0.000000,5.245876
14,17,265.2631578947368,322.1052631578947,5.0,1,0.00043024946250269647,6.376402339777821,6.3764893864071395,-15.315646856468842,-1.592915822359589,-13.651161188551523,76.065,1.7111192481294248,39.83671724188491,0.0,5.247426839470698,10.0,ja,6.376618,18.5,76.0645,1.711099,39.830533,0.000000,5.246457
14,18,265.2631578947368,341.05263157894734,5.0,1,0.00041282009452003887,6.376482862227402,6.376483319969851,-2.6876456675704135,-2.644054018311625,-0.07178584635426752,76.022,1.7086974521396965,39.762370255683834,0.0,5.235767310544002,10.0,ja,6.376385,-18.0,76.0230,1.708701,39.763493,0.000000,5.235943
15,0,284.2105263157895,0.0,5.0,2,0.00025139723725930985,6.376550169723378,6.376491964873005,7.867909257030948,-1.2774659036746314,9.128024837014415,76.128,1.7147679216397682,39.92131433651155,0.0,5.260693850311542,10.0,ja,6.376663,25.6,76.1280,1.714766,39.923432,0.000000,5.261026
15,1,284.2105263157895,18.94736842105263,5.0,1,0.0004076492911124774,6.376442180263822,6.3765004959804035,-9.067628978178343,0.03874441552783447,-9.145411523857977,76.024,1.7087193254963005,39.77123040770842,0.0,5.237156811371194,10.0,ja,6.376387,-17.7,76.0235,1.708721,39.769290,0.000000,5.236853
15,2,284.2105263157895,37.89473684210526,5.0,1,0.00028725024176201597,6.376315887160336,6.376488221460852,-28.873651637212443,-1.786453456750342,-27.026472283436213,75.8735,1.700217308565192,39.55920970890355,0.0,5.203906486144993,10.0,ja,6.376473,-4.2,75.8675,1.700208,39.552874,0.000000,5.202913
15,3,284.2105263157895,56.84210526315789,5.0,2,1.0158919805589028e-05,6.376499208007352,6.376500304243377,-0.12420491637113922,1.813590618717445e-10,-0.1719181409096961,22.3625,0.7007188772876466,21.127857691621315,0.0,2.313394133399406,10.0,ja,6.376491,-1.4,22.3625,0.700713,21.127898,0.000000,2.313400
15,4,284.2105263157895,75.78947368421052,5.0,1,1.5036583089766964e-14,6.376303045311396,6.376500221268385,-30.887585447403172,7.18645892596304e-11,-30.92228604868282,21.7,0.6601925562023054,17.50892102508875,0.0,1.7458513330335996,10.0,ja,6.376303,-30.9,21.7000,0.660195,17.508960,0.000000,1.745857
15,5,284.2105263157895,94.73684210526315,5.0,1,5.578870698741412e-15,6.376706330986863,6.376500152122079,32.358031343572634,8.12013272343068e-11,32.334174670085694,17.7,0.6551300628235944,17.52064773366099,0.0,1.7476903840133284,10.0,ja,6.376706,32.3,17.7000,0.655136,17.520706,0.000000,1.747700
15,6,284.2105263157895,113.68421052631578,5.0,1,6.580846978465615e-14,6.376567115545699,6.376499834049038,10.5254521599526,8.091839578052873e-11,10.551477559967262,23.5,0.4251350601271579,17.008506919667777,0.0,1.6673734681514585,20.0,ja,6.376567,10.5,23.5000,0.425146,17.008580,0.000000,1.667385
15,7,284.2105263157895,132.6315789473684,5.0,1,2.761679773755077e-15,6.376693391658265,6.376500318073175,30.328810203775525,1.0836274679700176e-10,30.27892810951981,16.25,0.20007122897040355,15.206654296448782,0.0,1.384796408131229,10.0,ja,6.376693,30.3,16.2500,0.200076,15.206654,0.000000,1.384796
15,8,284.2105263157895,151.57894736842104,5.0,1,1.3516965324811281e-14,6.376735677337424,6.376500290414272,36.96029756503846,1.1402137587256321e-10,36.91475310157138,20.1,-0.0708336989249809,12.774059463733158,0.0,1.003302668193077,10.0,ja,6.376736,37.0,20.1000,-0.070830,12.774037,0.000000,1.003299
15,9,284.2105263157895,170.52631578947367,5.0,1,5.540706782269922e-14,6.3767478892185805,6.376500013829284,38.87543614514929,1.2901674292280107e-10,38.87326735608066,21.85,-0.051665663046507375,14.228271921054613,0.0,1.2313607654755134,10.0,ja,6.376748,38.9,21.8500,-0.051674,14.228235,0.000000,1.231355
15,10,284.2105263157895,189.4736842105263,5.0,1,6.3352101342672995e-15,6.376264181785588,6.376500013829886,-36.982390717894305,1.3990960389325683e-10,-36.98455960126181,22.400000000000002,0.34572761764085264,15.915465452982659,0.0,1.4959563166286611,10.0,ja,6.376264,-37.0,22.4000,0.345725,15.915464,0.000000,1.495956
15,11,284.2105263157895,208.42105263157893,5.0,1,2.1799402560862546e-14,6.376302901418322,6.376500290414931,-30.910151600223138,1.437291785192608e-10,-30.955696167042902,21.7,0.6602054039028904,17.509181512295033,0.0,1.7458921841598105,10.0,ja,6.376303,-30.9,21.7000,0.660197,17.509141,0.000000,1.745886
15,12,284.2105263157895,227.36842105263156,5.0,1,6.413665713973782e-15,6.3766176899423215,6.3765003180731625,18.45682464056007,1.0227972054077319e-10,18.40694254825441,19.0,0.7376947669210715,18.408567782048788,0.0,1.8869391958047184,10.0,ja,6.376618,18.5,19.0000,0.737688,18.408512,0.000000,1.886930
15,13,284.2105263157895,246.3157894736842,10.5,2,0.0009829073625183815,6.3766921250710995,6.376692329259551,30.130176601357938,30.188223999202833,-0.032022026491708745,75.85549999999999,1.700085313519613,39.5459614557766,0.0,5.20182881765492,10.0,grenzwertig,6.376485,-2.4,75.8595,1.700176,39.544357,0.000000,5.201577
15,14,284.2105263157895,265.2631578947368,8.5,5,0.0009595511407555213,6.376711014446183,6.376435154709855,33.09251880847042,-10.19327404548876,43.261936223413876,76.017,1.7087032389751697,39.766476203837556,0.0,5.2364112293323215,10.0,grenzwertig,6.376615,18.0,76.0205,1.708688,39.765235,0.000000,5.236217
15,15,284.2105263157895,284.2105263157895,5.0,1,0.0005259569052273871,6.376536405076299,6.376507713814854,5.709256849122426,1.1750249484102453,4.4995313174592715,76.127,1.714753823755914,39.925510832129575,0.0,5.261351969282455,10.0,ja,6.376392,-16.9,76.1320,1.714808,39.923002,0.000000,5.260959
15,16,284.2105263157895,303.1578947368421,40.0,-1,0.6446746822629126,6.3800965010339254,6.380304585197902,564.0243133261984,596.6095748892877,-32.63297482582684,71.081,1.972057765598369,50.043651025656196,0.0,6.84813785394122,10.0,nein,6.335128,-6488.2,71.2160,1.977943,50.035452,0.000000,6.846852
15,17,284.2105263157895,322.1052631578947,5.0,2,0.00032212677087706254,6.376557493852533,6.376469013394585,9.016521999870701,-4.798774675796771,13.876022574760324,76.2145,1.7196166988157024,40.05843667912949,0.0,5.282198177547164,10.0,ja,6.376740,37.6,76.2145,1.719617,40.078493,0.000000,5.285343
15,18,284.2105263157895,341.05263157894734,5.2,2,0.0002926209498249621,6.376480325757424,6.376480174215202,-3.085429714940272,-3.148233592870941,0.02376573691495422,76.1935,1.7184288962185175,40.01827419875491,0.0,5.27589966262917,10.0,ja,6.376281,-34.3,76.1930,1.718459,40.018610,0.000000,5.275952
16,0,303.1578947368421,0.0,5.0,2,0.0002306245334521284,6.376716489345234,6.376483919713261,33.951124477812776,-2.552167558737852,36.47292903209539,76.144,1.7172168066353684,40.62929253684366,0.0,5.371723129748867,10.0,ja,6.376896,62.1,76.1425,1.717195,40.628284,0.000000,5.371565
16,1,303.1578947368421,18.94736842105263,40.0,-1,0.3656692089717093,6.3532716904442665,6.353027036774341,-3642.7992716591234,-3681.2193409617175,38.36801849379033,71.9055,1.9802913738638181,50.55099620887227,0.0,6.92770269095464,10.0,nein,6.382759,981.6,71.9410,1.979001,50.551719,0.000000,6.927816
16,2,303.1578947368421,37.89473684210526,5.0,1,0.0003625791008159962,6.376449898003593,6.376477924166969,-7.857287917768002,-3.4143479587093344,-4.395226750698218,76.0645,1.711114019341243,39.82810250036878,0.0,5.246075825353842,10.0,ja,6.376499,-0.2,76.0635,1.711108,39.825755,0.000000,5.245708
16,3,303.1578947368421,56.84210526315789,5.0,1,0.0004843356889386863,6.376431570551752,6.376489357484829,-10.731506037660312,-1.7297474012124816,-9.062484603920275,75.886,1.7013643739120865,39.57699697632281,0.0,5.206695989386467,10.0,ja,6.376400,-15.7,75.8940,1.701424,39.584138,0.000000,5.207816
16,4,303.1578947368421,75.78947368421052,5.0,1,2.2051804826617172e-14,6.37661754887959,6.3765003042433435,18.434702358544282,-2.489796793247038e-11,18.38698913929872,19.0,0.737692707169504,18.40846569680896,0.0,1.8869231862007305,10.0,ja,6.376618,18.5,19.0000,0.737684,18.408439,0.000000,1.886919
16,5,303.1578947368421,94.73684210526315,5.0,1,4.0314973581701e-14,6.376728835293008,6.376500235097486,35.887288168603675,-2.7161419562694957e-11,35.850418806809714,22.35,0.8663047740594959,20.083307800267946,0.0,2.149581714148505,20.0,ja,6.376729,35.9,22.3500,0.866305,20.083316,0.000000,2.149583
16,6,303.1578947368421,113.68421052631578,5.0,1,3.1183195747797043e-09,6.37684929170178,6.376499917024952,54.777966247801864,1.0117628787103872e-09,54.79097887997529,28.549999999999997,0.7058455935156784,19.299536115148822,0.0,2.026666057421598,20.0,ja,6.376849,54.7,28.5500,0.705849,19.299563,0.000000,2.026670
16,7,303.1578947368421,132.6315789473684,5.0,1,7.252531908363835e-14,6.376250590347472,6.376500401048114,-39.11387948387885,3.7912814806261716e-11,-39.17677419303612,21.7,0.4864511676190098,17.447364818553048,0.0,1.736197728934846,10.0,ja,6.376251,-39.0,21.7000,0.486448,17.447321,0.000000,1.736191
16,8,303.1578947368421,151.57894736842104,5.0,1,6.431476153034854e-08,6.376214727709663,6.376500373402403,-44.73806795855114,2.02696280872127e-06,-44.79662710578421,24.9,0.13639861139088758,15.008899063008679,0.0,1.353783276563738,10.0,ja,6.376215,-44.7,24.9000,0.136399,15.008902,0.000000,1.353784
16,9,303.1578947368421,170.52631578947367,5.0,1,0.00015622627322041394,6.376348363426274,6.376499728162716,-23.780533792339735,-0.05781259821531581,-23.737902680424696,26.737499999999997,-0.07897141601008523,13.874587182012032,0.0,1.1758938574471935,10.0,ja,6.376341,-24.9,26.7380,-0.078970,13.874545,0.000000,1.175887
16,10,303.1578947368421,189.4736842105263,5.0,2,0.00012242572393647566,6.376339846756209,6.37651116993022,-25.116167771040274,1.7365522437069891,-26.867901515099,27.370499999999996,0.16216429826327017,16.642481154953455,0.0,1.6099711683452447,10.0,ja,6.376335,-25.9,27.3720,0.162163,16.641999,0.000000,1.609896
16,11,303.1578947368421,208.42105263157893,5.5,2,0.0006832572320861971,6.3766960679231355,6.376500606505724,30.748517703212613,0.036558579000764015,30.653401930770425,26.136,0.5344159944213136,19.46214886479437,0.0,2.0521679392761496,10.0,ja,6.376698,31.1,26.1355,0.534417,19.462155,0.000000,2.052169
16,12,303.1578947368421,227.36842105263156,5.0,2,1.0519363815826924e-06,6.376330646779318,6.3765004010485296,-26.558961919950836,1.3014846873791335e-11,-26.621856694295506,22.375,0.7006805820443064,21.126174978969598,0.0,2.313130240566078,10.0,ja,6.376331,-26.5,22.3750,0.700680,21.126170,0.000000,2.313129
16,13,303.1578947368421,246.3157894736842,6.6000000000000005,2,0.0009849768877479015,6.37619756234677,6.376539699133476,-47.43004049722723,6.238862834451764,-53.655890646178996,75.8925,1.7014236202379982,39.581173232861154,0.0,5.207350934346609,10.0,ja,6.376243,-40.3,75.8880,1.701400,39.577434,0.000000,5.206765
16,14,303.1578947368421,265.2631578947368,5.1000000000000005,2,0.0006842947592622384,6.376402812325453,6.376491681778726,-15.241539174804068,-1.3413814038340874,-13.937027095240273,76.067,1.7111134650677808,39.82811058779028,0.0,5.246077093670552,10.0,ja,6.376668,26.3,76.0640,1.711093,39.827457,0.000000,5.245975
16,15,303.1578947368421,284.2105263157895,40.0,-1,0.643854380209455,6.380392982382739,6.380638312921653,610.520251350784,648.9467071243996,-38.474169044784446,71.077,1.9720980434530613,50.037748079207525,0.0,6.847212119377012,10.0,nein,6.335370,-6450.2,71.2165,1.977887,50.033811,0.000000,6.846595
16,16,303.1578947368421,303.1578947368421,11.8,2,0.0009882065599374767,6.3766915883654125,6.376488884223727,30.04600727853127,-1.803966955708125,31.789248284359303,76.1435,1.7172296082560934,40.62515773053263,0.0,5.371074685255645,10.0,ja,6.376360,-22.0,76.1435,1.717286,40.627854,0.000000,5.371497
16,17,303.1578947368421,322.1052631578947,9.8,2,0.0009727469887158557,6.376672645057859,6.376653849274242,27.075207066236402,24.1752556250285,2.947664646221582,76.0665,1.7144368997999608,40.79482391804159,0.0,5.397682728462571,10.0,grenzwertig,6.376441,-9.3,76.0690,1.714532,40.799945,0.000000,5.398486
16,18,303.1578947368421,341.05263157894734,5.2,2,0.0009802133357834641,6.37650552574338,6.376358262608514,0.8665793741564773,-22.2801369947408,23.09466554787357,76.067,1.714460412032091,40.79998038175249,0.0,5.398491395240725,10.0,grenzwertig,6.376309,-30.0,76.0715,1.714468,40.798213,0.000000,5.398214
17,0,322.1052631578947,0.0,5.5,10,0.0007717130964994823,6.376619403060917,6.3765074016884915,18.725485911700282,1.2388522118598835,17.564709860487184,75.9485,1.7104000439961806,40.96080153928456,0.0,5.423712309148366,10.0,ja,6.376516,2.5,75.9500,1.710426,40.964894,0.000000,5.424354
17,1,322.1052631578947,18.94736842105263,5.0,2,0.0003088552208230233,6.3767328470372675,6.37650366524618,36.51643335161282,0.6311936845602378,35.941628022756596,76.0645,1.714415837032459,40.79628835237687,0.0,5.3979123896145005,10.0,ja,6.376431,-10.8,76.0665,1.714435,40.790239,0.000000,5.396964
17,2,322.1052631578947,37.89473684210526,5.0,2,0.00031478984923694053,6.376561168199167,6.376472347084121,9.59275451521044,-4.180539505072079,13.929446411988541,76.2145,1.719647005148752,40.06642519204075,0.0,5.283450982833959,10.0,ja,6.376593,14.6,76.2115,1.719606,40.088203,0.000000,5.286866
17,3,322.1052631578947,56.84210526315789,5.0,1,0.0006585080106529251,6.376784125024404,6.37649195877013,44.558147009018036,-1.213359457638724,45.81921967761411,76.06049999999999,1.7110743952448795,39.83502545039738,0.0,5.247161522841273,10.0,ja,6.376617,18.3,76.0645,1.711095,39.830226,0.000000,5.246409
17,4,322.1052631578947,75.78947368421052,5.0,1,0.0002607102542442896,6.3763796686630485,6.376493385733452,-18.871063585421386,-0.9765620474657332,-17.833775645534626,75.85849999999999,1.700159307660514,39.54812423181894,0.0,5.202167996835088,10.0,ja,6.376423,-12.1,75.8600,1.700181,39.549030,0.000000,5.202310
17,5,322.1052631578947,94.73684210526315,5.0,1,3.8180569816859133e-13,6.376277408624841,6.3764995436350365,-34.908080476804116,-1.5278298504015915e-11,-34.83651065566632,24.55,0.9613604460808526,21.30837050720104,0.0,2.341703208217837,20.0,ja,6.376277,-35.0,24.5500,0.961360,21.308364,0.000000,2.341702
17,6,322.1052631578947,113.68421052631578,5.0,1,7.901228735174293e-08,6.376790330507129,6.3764992255529425,45.53132708037506,-1.4473293443782928e-06,45.6527803946513,27.950000000000003,0.9017813300232804,20.846929296145994,0.0,2.269337300422801,20.0,ja,6.376790,45.5,27.9500,0.901780,20.846929,0.000000,2.269337
17,7,322.1052631578947,132.6315789473684,5.0,1,4.738474751464494e-09,6.376752441243387,6.376499709585837,39.589311281488946,7.991681843415436e-09,39.63485572810201,24.4,0.7359081957505653,19.200530505269914,0.0,2.011139419002574,10.0,ja,6.376752,39.5,24.4000,0.735900,19.200462,0.000000,2.011129
17,8,322.1052631578947,151.57894736842104,5.0,2,8.57092771169854e-05,6.3769309500072735,6.376937072408903,67.58409899985209,68.59413181137522,-0.9601508083160305,27.685,0.36942266968371473,17.519330545160454,0.0,1.7474838148138403,10.0,grenzwertig,6.376914,64.9,27.6860,0.369364,17.509011,0.000000,1.745865
17,9,322.1052631578947,170.52631578947367,5.0,2,8.690270725253413e-14,6.376744081515712,6.376499405342095,38.27828992566157,3.6639623264260383e-11,38.3715476542004,24.825,0.45035560668935726,18.623609412703452,0.0,1.9206632812206461,10.0,ja,6.376744,38.3,24.8250,0.450347,18.623567,0.000000,1.920657
17,10,322.1052631578947,189.4736842105263,5.0,2,4.453382107527659e-14,6.376746095535734,6.376499405342758,38.59414031723495,3.9610403528930146e-12,38.687397941724655,22.575,0.6396561952032936,19.369203351478596,0.0,2.03759168062081,5.0,ja,6.376746,38.6,22.5750,0.639657,19.369246,0.000000,2.037598
17,11,322.1052631578947,208.42105263157893,40.0,-1,0.0695235271739335,6.379764682388241,6.379707464293172,511.9865738633807,503.0631797500852,8.973276102734925,36.2945,0.6767063657475634,24.3289813628712,0.0,2.815413057770124,9.7,nein,6.376218,-44.2,36.8730,0.675851,24.366591,0.000000,2.821311
17,12,322.1052631578947,227.36842105263156,12.100000000000001,6,0.0005837191515825624,6.380379986246273,6.380339713844979,608.4821212689918,602.2119123487357,6.315753359018872,35.1975,0.9349899172058062,25.325856695005573,0.0,2.971748873991307,7.5,nein,6.375687,-127.5,75.6320,1.687188,39.314333,0.000000,5.165504
17,13,322.1052631578947,246.3157894736842,5.0,1,0.000304405223204518,6.376182918408014,6.376498156713805,-49.726588565402544,-0.1676230609570636,-49.43751365037398,75.874,1.7002369687597627,39.54681167566344,0.0,5.201962154107024,10.0,ja,6.376745,38.4,75.8670,1.700177,39.548649,0.000000,5.202250
17,14,322.1052631578947,265.2631578947368,5.0,1,0.000470174633128595,6.3765948353070705,6.376507536263647,14.872627157461269,1.2534507470959122,13.690746243790114,76.063,1.7110913931542324,39.8284220859038,0.0,5.24612594462539,10.0,ja,6.376512,1.9,76.0645,1.711105,39.823559,0.000000,5.245363
17,15,322.1052631578947,284.2105263157895,5.0,2,0.00027388860425481276,6.3764909619069865,6.376490696919625,-1.417406573268446,-1.3982375368309028,0.04155686690676764,76.2165,1.7196592557332135,40.05171620789551,0.0,5.281144233967773,10.0,ja,6.376502,0.3,76.2160,1.719636,40.078776,0.000000,5.285388
17,16,322.1052631578947,303.1578947368421,40.0,-1,0.05306170794938031,6.376411539698462,6.376407853172348,-13.872861528890908,-14.403290882623248,0.5781425725258209,76.0695,1.7145166675338228,40.79387347258293,0.0,5.397533674050487,10.0,grenzwertig,6.376257,-38.1,76.0660,1.714531,40.798821,0.000000,5.398310
17,17,322.1052631578947,322.1052631578947,8.700000000000001,6,0.0008973723824741153,6.376289094165385,6.376487975154687,-33.07548570787241,-1.7296541415885938,-31.189679181697958,75.9475,1.7105064278547182,40.96114316126137,0.0,5.423765884303515,10.0,ja,6.376351,-23.4,75.9500,1.710499,40.960411,0.000000,5.423651
17,18,322.1052631578947,341.05263157894734,5.7,10,0.000856673504816996,6.37668833596827,6.376634195065853,29.535947348676842,21.10164294207961,8.490692765059151,75.9065,1.709107457319147,41.00732284058502,0.0,5.431008051530623,10.0,grenzwertig,6.376551,8.0,75.9085,1.709146,41.012043,0.000000,5.431748
18,0,341.05263157894734,0.0,5.0,4,0.0009396664230881813,6.376709025279001,6.3765107770644365,32.78056598449464,1.6684343670058674,31.090443748859133,75.825,1.7066407132142325,41.09000494132381,0.0,5.443974741837028,10.0,ja,6.376197,-47.5,75.8320,1.706688,41.091416,0.000000,5.444196
18,1,341.05263157894734,18.94736842105263,5.0,2,0.00039455050451342455,6.376448601942505,6.37649045769961,-8.060543793040273,-1.5398549939710795,-6.564064471979922,75.9095,1.709177009723838,41.00463789131723,0.0,5.43058698209319,10.0,ja,6.376403,-15.2,75.9080,1.709190,41.007676,0.000000,5.431063
18,2,341.05263157894734,37.89473684210526,5.0,2,0.00027940038289964164,6.376748666288876,6.376510087994285,38.99730085074349,1.6384465836385482,37.41524262375863,76.0655,1.7144811295256375,40.79673598295793,0.0,5.397982589658578,10.0,ja,6.376644,22.6,76.0635,1.714444,40.793544,0.000000,5.397482
18,3,341.05263157894734,56.84210526315789,5.0,2,0.00023710445151281512,6.376627575549278,6.37651061656836,20.00714330379841,1.612901488226771,18.342191001021533,76.19500000000001,1.7184097565360485,40.0243320215962,0.0,5.276849685814506,10.0,ja,6.376369,-20.5,76.1965,1.718455,40.020351,0.000000,5.276225
18,4,341.05263157894734,75.78947368421052,5.0,2,0.00046019650104239807,6.376678490479976,6.376504990413259,27.991920328529563,0.7435876413402345,27.20929455298752,76.01599999999999,1.7086760472524252,39.767959240525,0.0,5.236643807813847,10.0,ja,6.376685,29.0,76.0175,1.708695,39.773225,0.000000,5.237470
18,5,341.05263157894734,94.73684210526315,5.0,1,0.00029893969340349935,6.376690102460819,6.376493693767871,29.812979035271503,-1.0171743790894636,30.801959217231968,75.762,1.6959621273680472,39.43527266110974,0.0,5.184469953910411,10.0,ja,6.376475,-3.9,75.7630,1.695976,39.438034,0.000000,5.184903
18,6,341.05263157894734,113.68421052631578,5.0,1,1.0093037516867298e-12,6.376335411135396,6.376499861707741,-25.811787752671325,2.602969374758267e-11,-25.790099952105194,21.099999999999998,1.0119267833295686,21.789121631233773,0.0,2.4170974094305295,20.0,ja,6.376335,-25.9,21.1000,1.011928,21.789141,0.000000,2.417100
18,7,341.05263157894734,132.6315789473684,5.0,1,3.7550970970190445e-07,6.376274844581969,6.376500346365903,-35.31018866646235,9.950653733997042e-05,-35.36450779171631,25.35,0.9136754839549329,20.539959861043705,0.0,2.2211965594046426,10.0,ja,6.376275,-35.3,25.3500,0.913675,20.539941,0.000000,2.221194
18,8,341.05263157894734,151.57894736842104,5.0,2,5.049181842838729e-05,6.376450850594227,6.376497030592491,-7.70789708675896,-0.5155618943591678,-7.242217245137294,32.275,0.6726084460515803,21.96866305976076,0.0,2.4452541456536907,15.0,ja,6.376459,-6.4,32.2750,0.672627,21.968691,0.000000,2.445259
18,9,341.05263157894734,170.52631578947367,5.0,2,0.000150301115177498,6.376315266874393,6.376506155726845,-28.970928504380613,0.9588707033885286,-29.936305567630836,44.8625,0.7195579599249772,22.173314486541678,0.0,2.4773487785684427,15.0,ja,6.376306,-30.4,44.8635,0.719556,22.173975,0.000000,2.477452
18,10,341.05263157894734,189.4736842105263,40.0,-1,0.0707439390238917,6.380469267769722,6.380408835978664,622.483771617773,612.9999985665085,9.477266691370613,38.2595,0.6213196958375466,23.498300858620645,0.0,2.685140885849705,10.0,nein,6.373321,-498.5,38.0885,0.597020,23.407357,0.000000,2.670879
18,11,341.05263157894734,208.42105263157893,5.5,1,0.0008116868957267487,6.3766019039669875,6.376500207800448,15.98117572124287,-0.017293557603606114,15.948587240560393,75.2295,1.6658694536874847,38.67891699661114,0.0,5.065853837781093,10.0,ja,6.376110,-61.2,75.2385,1.665969,38.679375,0.000000,5.065926
18,12,341.05263157894734,227.36842105263156,5.0,1,0.00028298569138784924,6.376588661876835,6.376504455964845,13.90447374485928,0.6445908506403374,13.205663293323353,75.546,1.6822893157160745,39.10071400211077,0.0,5.132002509544541,10.0,ja,6.376514,2.2,75.5445,1.682309,39.100692,0.000000,5.131999
18,13,341.05263157894734,246.3157894736842,5.0,1,1.704098639976337e-08,6.376853453858449,6.376499861707772,55.4306999840359,-1.2279225093968345e-10,55.452387779726905,44.6,0.6852206091692441,20.320957174315772,0.0,2.186851278023331,10.0,ja,6.376853,55.4,44.6000,0.685224,20.320991,0.000000,2.186857
18,14,341.05263157894734,265.2631578947368,5.0,1,0.00028205652198043385,6.376357473562223,6.376502692995737,-22.351829025033048,0.394137135634487,-22.774160356600905,76.024,1.7087059160092177,39.76138429876773,0.0,5.2356126870176,10.0,ja,6.376474,-4.1,76.0235,1.708706,39.765437,0.000000,5.236248
18,15,341.05263157894734,284.2105263157895,5.2,2,0.0004057922681877102,6.376395074752981,6.376482448737538,-16.454990515137055,-2.7915296941928625,-13.702498950337434,76.196,1.7184529114386888,40.018939908747164,0.0,5.276004063161164,10.0,ja,6.376405,-14.9,76.1940,1.718438,40.021942,0.000000,5.276475
18,16,341.05263157894734,303.1578947368421,5.4,8,0.0009808453233229875,6.376425625475521,6.376568124322267,-11.66384764048601,10.631603575091637,-22.347502038038648,76.07000000000001,1.7144553012492338,40.798554851390826,0.0,5.398267835237328,10.0,grenzwertig,6.376522,3.5,76.0675,1.714458,40.794426,0.000000,5.397620
18,17,341.05263157894734,322.1052631578947,13.5,20,0.0008028333074728278,6.376715317203142,6.376549170009569,33.76730230391925,7.767516642209148,26.056174009722625,75.907,1.7091287143466478,41.010171877661506,0.0,5.431454854177292,10.0,ja,6.376463,-5.8,75.9095,1.709173,41.012588,0.000000,5.431834
18,18,341.05263157894734,341.05263157894734,5.7,4,0.000989075680773277,6.376408283664692,6.376377469299126,-14.38349177584712,-19.25935636591959,4.8324889148977475,75.8265,1.7066934970526768,41.08806358255318,0.0,5.4436702866075715,10.0,grenzwertig,6.376378,-19.1,75.8275,1.706680,41.085568,0.000000,5.443279
