G_einzel,Gmax_einzel,X_einzel,G_paar,Gmax_paar,X_paar,paar_worst,G_synchron,Gmax_synchron,X_synchron,G_zweiergruppe,Gmax_zweiergruppe,X_zweiergruppe,G_pilot,Gmax_pilot,X_pilot,G_schnitt,Gmax_schnitt,X_schnitt,dG,peak,G120,SL,SR,dG_bl,peak_bl,G120_bl,SL_bl,SR_bl,dG_k3,peak_k3,G120_k3,SL_k3,SR_k3,kb,D1,D2,D3,Hmax_k_le_kb,Hmax_all,rho,zeta
0.333333,0.619048,0,0.666667,1.2381,0,Paar Δ=0°,1,1.85714,0,0.442057,0.904762,0,0.404794,0.233048,0,0.395344,0.230077,0,0.154534,120,0.24081,0.0154278,0.0154258,0.154534,120,0.24081,0.0154278,0.0154258,0.188688,120,0.182188,0.0105918,0.0105911,-1,0.148324,0.0962831,0.182188,1,1,0,0.02
0.333443,0.619716,0.333443,0.666886,1.23943,0.666887,Paar Δ=0°,1.00033,1.85915,1.00033,0.446404,0.906192,0.446374,0.409872,0.234902,0.409854,0.401373,0.232315,0.401375,0.154582,120,0.246791,0.0153879,0.0155033,0.153301,120,0.243257,0.016159,0.0161618,0.188713,120,0.182352,0.0105941,0.0105933,50,0.148339,0.0963216,0.182352,1.33313,25.02,0.01,0.02
0.333497,0.62009,0.333497,0.666995,1.24018,0.666993,Paar Δ=0°,1.00049,1.86027,1.00049,0.446718,0.90673,0.446728,0.41061,0.233528,0.410616,0.401907,0.231625,0.401869,0.154413,120,0.247494,0.0154071,0.0154284,0.153533,120,0.243887,0.0158605,0.0158646,0.188719,120,0.182386,0.0105945,0.0105938,45,0.148342,0.0963297,0.182386,1.32435,24.9639,0.011,0.02
0.333595,0.620316,0.333596,0.66719,1.24063,0.667192,Paar Δ=0°,1.00079,1.86095,1.00079,0.447259,0.907037,0.447243,0.410979,0.235701,0.410971,0.402683,0.23414,0.402679,0.154738,120,0.247945,0.0153655,0.0155783,0.152698,120,0.245097,0.0155782,0.015583,0.188724,120,0.182424,0.010595,0.0105943,41,0.148345,0.0963386,0.182424,1.31918,24.6306,0.012,0.02
0.33368,0.620399,0.333679,0.667359,1.2408,0.667358,Paar Δ=0°,1.00104,1.8612,1.00104,0.447652,0.907129,0.447672,0.41154,0.236498,0.411552,0.403126,0.23224,0.403148,0.15482,120,0.248306,0.0155955,0.0157942,0.152382,120,0.245737,0.0153378,0.0153432,0.188731,120,0.182465,0.0105956,0.0105949,38,0.148349,0.0963482,0.182465,1.32262,24.9639,0.013,0.02
0.333865,0.620796,0.333864,0.66773,1.24159,0.667728,Paar Δ=0°,1.00159,1.86239,1.00159,0.448294,0.908069,0.448274,0.412862,0.234814,0.412828,0.404229,0.235391,0.404209,0.155144,120,0.249084,0.0153455,0.0158237,0.15187,120,0.246317,0.0150575,0.0150633,0.188737,120,0.182509,0.0105962,0.0105955,35,0.148353,0.0963587,0.182509,1.31578,24.1032,0.014,0.02
0.333868,0.621446,0.333866,0.667736,1.24289,0.667732,Paar Δ=0°,1.0016,1.86434,1.0016,0.448286,0.910115,0.448275,0.412295,0.235719,0.412282,0.404265,0.234927,0.404263,0.153687,120,0.250578,0.015052,0.0145576,0.151554,120,0.246547,0.014759,0.0147639,0.188745,120,0.182557,0.0105969,0.0105961,33,0.148357,0.0963698,0.182557,1.32435,24.1559,0.015,0.02
0.334203,0.621756,0.334201,0.668405,1.24351,0.668401,Paar Δ=0°,1.00261,1.86527,1.0026,0.449318,0.909578,0.449313,0.414652,0.23917,0.414616,0.405718,0.234363,0.405681,0.154633,120,0.251085,0.0153096,0.0156043,0.150532,120,0.247035,0.0146124,0.0146122,0.188752,120,0.182608,0.0105976,0.0105968,31,0.148362,0.0963818,0.182608,1.32609,23.4045,0.016,0.02
0.334256,0.620867,0.334257,0.668511,1.24173,0.668513,Paar Δ=0°,1.00277,1.8626,1.00277,0.44825,0.908807,0.448226,0.414321,0.23904,0.414299,0.404292,0.236153,0.40429,0.154455,120,0.249837,0.0161045,0.0168737,0.150148,120,0.247315,0.0144405,0.0144458,0.188761,120,0.182663,0.0105983,0.0105976,29,0.148367,0.0963945,0.182663,1.3209,24.6701,0.017,0.02
0.334401,0.622799,0.334401,0.668802,1.2456,0.668803,Paar Δ=0°,1.0032,1.8684,1.0032,0.448891,0.911749,0.448898,0.414898,0.239557,0.414866,0.404394,0.237618,0.404402,0.154511,120,0.249883,0.0161938,0.0170864,0.149059,120,0.247616,0.0140288,0.0140339,0.18877,120,0.18272,0.0105991,0.0105984,27,0.148372,0.0964081,0.18272,1.30906,23.059,0.018,0.02
0.334631,0.621755,0.33463,0.669262,1.24351,0.669259,Paar Δ=0°,1.00389,1.86527,1.00389,0.449282,0.911601,0.449256,0.415732,0.236159,0.415702,0.404741,0.237587,0.404725,0.154106,120,0.250635,0.0163656,0.0172325,0.149323,120,0.247589,0.014094,0.0140983,0.188779,120,0.182781,0.0105999,0.0105992,26,0.148377,0.0964223,0.182781,1.32262,23.4603,0.019,0.02
0.334866,0.623678,0.334863,0.669731,1.24736,0.669726,Paar Δ=0°,1.0046,1.87103,1.00459,0.450186,0.91249,0.450186,0.414523,0.233555,0.414494,0.405086,0.236134,0.405094,0.152097,120,0.252989,0.0163797,0.0165353,0.148196,120,0.247923,0.0138559,0.0138549,0.188789,120,0.182846,0.0106008,0.0106001,25,0.148383,0.0964374,0.182846,1.33313,25.02,0.02,0.02
0.335169,0.62237,0.33517,0.670338,1.24474,0.67034,Paar Δ=0°,1.00551,1.86711,1.00551,0.453172,0.913099,0.45317,0.414304,0.236173,0.414283,0.408449,0.237737,0.408465,0.151723,120,0.256726,0.0154381,0.0143182,0.149968,120,0.247413,0.013704,0.0137074,0.188799,120,0.182914,0.0106017,0.010601,23,0.148389,0.0964533,0.182914,1.3041,23.059,0.021,0.02
0.335512,0.624289,0.335506,0.671024,1.24858,0.671012,Paar Δ=0°,1.00654,1.87287,1.00652,0.452112,0.916512,0.452114,0.42042,0.242069,0.420413,0.411461,0.237698,0.41147,0.15776,120,0.253701,0.0140254,0.013935,0.150059,120,0.247764,0.0134081,0.0134067,0.18881,120,0.182985,0.0106027,0.0106019,22,0.148396,0.0964699,0.182985,1.30575,22.5814,0.022,0.02
0.33593,0.62493,0.335926,0.67186,1.24986,0.671851,Paar Δ=0°,1.00779,1.87479,1.00778,0.452367,0.913999,0.452366,0.418013,0.245001,0.417985,0.409536,0.243126,0.409544,0.156303,120,0.253233,0.0166568,0.0173088,0.150562,120,0.248137,0.0132246,0.0132272,0.188821,120,0.183059,0.0106037,0.010603,21,0.148402,0.0964873,0.183059,1.3041,22.1377,0.023,0.02
0.335734,0.622975,0.335731,0.671469,1.24595,0.671461,Paar Δ=0°,1.0072,1.86893,1.00719,0.454866,0.913969,0.454836,0.416571,0.243564,0.416538,0.408812,0.24491,0.408783,0.149894,120,0.258918,0.0155741,0.0140238,0.153308,120,0.246869,0.0133093,0.0133116,0.188833,120,0.183137,0.0106047,0.010604,20,0.148409,0.0965055,0.183137,1.29921,23.059,0.024,0.02
0.33682,0.625982,0.336812,0.673639,1.25196,0.673625,Paar Δ=0°,1.01046,1.87795,1.01044,0.458259,0.922329,0.458217,0.423467,0.2506,0.423457,0.413361,0.246883,0.413337,0.159949,120,0.253411,0.0150858,0.0171608,0.15303,120,0.247241,0.0133423,0.0133445,0.188845,120,0.183218,0.0106058,0.0106051,20,0.148417,0.0965244,0.183218,1.33313,25.02,0.025,0.02
0.336166,0.627148,0.336161,0.672333,1.2543,0.672321,Paar Δ=0°,1.0085,1.88144,1.00848,0.451727,0.921447,0.451719,0.417124,0.248151,0.417101,0.408544,0.243398,0.408553,0.148868,120,0.259676,0.0164569,0.0147234,0.153347,120,0.247634,0.0129733,0.0129717,0.188858,120,0.183303,0.010607,0.0106063,19,0.148424,0.0965442,0.183303,1.32262,21.6797,0.026,0.02
0.337719,0.62651,0.337719,0.675438,1.25302,0.675438,Paar Δ=0°,1.01316,1.87953,1.01316,0.455847,0.915372,0.455841,0.421649,0.249434,0.421652,0.412061,0.239511,0.412025,0.156825,120,0.255236,0.0152318,0.017205,0.153274,120,0.248048,0.0128029,0.0128041,0.188871,120,0.183391,0.0106082,0.0106075,18,0.148432,0.0965647,0.183391,1.30906,25.0137,0.027,0.02
0.3365,0.624158,0.336496,0.673,1.24832,0.672993,Paar Δ=0°,1.0095,1.87247,1.00949,0.455254,0.913562,0.455261,0.420146,0.244216,0.420145,0.411467,0.236362,0.411441,0.15115,120,0.260317,0.0157388,0.0143382,0.158766,120,0.245545,0.0128973,0.0128985,0.188885,120,0.183482,0.0106094,0.0106087,17,0.14844,0.096586,0.183482,1.29279,23.059,0.028,0.02
0.338778,0.626843,0.338776,0.677555,1.25369,0.677553,Paar Δ=0°,1.01633,1.88053,1.01633,0.466104,0.922585,0.466073,0.421044,0.24464,0.421025,0.412601,0.2389,0.412579,0.154255,120,0.258346,0.0169497,0.0161088,0.158571,120,0.245932,0.0129232,0.0129242,0.188899,120,0.183577,0.0106107,0.01061,17,0.148449,0.0966081,0.183577,1.3209,20.7392,0.029,0.02
0.337139,0.628863,0.337129,0.674277,1.25773,0.674259,Paar Δ=0°,1.01142,1.88659,1.01139,0.455012,0.92858,0.454995,0.423819,0.243705,0.423825,0.414072,0.23463,0.414059,0.156452,120,0.25762,0.0133412,0.0146981,0.157878,120,0.246337,0.0124821,0.0124802,0.188914,120,0.183675,0.010612,0.0106113,16,0.148458,0.096631,0.183675,1.29921,22.5814,0.03,0.02
0.338497,0.63017,0.338497,0.676994,1.26034,0.676995,Paar Δ=0°,1.01549,1.89051,1.01549,0.46032,0.930455,0.460304,0.424883,0.240916,0.424865,0.41669,0.241088,0.416687,0.155758,120,0.260932,0.0178407,0.0154952,0.157648,120,0.246762,0.0125,0.0124982,0.188929,120,0.183777,0.0106134,0.0106127,16,0.148467,0.0966546,0.183777,1.32609,23.4045,0.031,0.02
0.340358,0.628332,0.340355,0.680715,1.25666,0.68071,Paar Δ=0°,1.02107,1.885,1.02106,0.458729,0.919411,0.458711,0.423799,0.239902,0.423805,0.416052,0.251082,0.416023,0.15572,120,0.260331,0.0161342,0.016332,0.156974,120,0.247207,0.0123594,0.0123594,0.188945,120,0.183882,0.0106148,0.0106141,15,0.148476,0.0966791,0.183882,1.29921,23.4045,0.032,0.02
0.337408,0.625257,0.337404,0.674817,1.25051,0.674808,Paar Δ=0°,1.01223,1.87577,1.01221,0.455535,0.913157,0.455535,0.420613,0.23754,0.420616,0.413384,0.247337,0.413381,0.152911,120,0.260473,0.0131027,0.0149136,0.156705,120,0.247673,0.0123757,0.0123757,0.188961,120,0.183991,0.0106163,0.0106156,15,0.148486,0.0967044,0.183991,1.32435,22.5814,0.033,0.02
0.339377,0.628549,0.339376,0.678754,1.2571,0.678752,Paar Δ=0°,1.01813,1.88565,1.01813,0.46059,0.917788,0.460579,0.431242,0.240777,0.431195,0.419243,0.253618,0.419205,0.158086,120,0.261157,0.0176313,0.0161857,0.165898,120,0.243008,0.0124803,0.0124803,0.188978,120,0.184103,0.0106178,0.0106171,14,0.148496,0.0967304,0.184103,1.29279,20.7392,0.034,0.02
0.342203,0.629807,0.3422,0.684405,1.25961,0.684401,Paar Δ=0°,1.02661,1.88942,1.0266,0.473331,0.924146,0.473288,0.429858,0.250818,0.429852,0.423571,0.265477,0.423564,0.161184,120,0.262388,0.0170772,0.0140993,0.165798,120,0.243408,0.0125004,0.0125001,0.188995,120,0.184219,0.0106194,0.0106186,14,0.148506,0.0967572,0.184219,1.31578,19.7731,0.035,0.02
0.340221,0.634086,0.34021,0.680442,1.26817,0.680421,Paar Δ=0°,1.02066,1.90226,1.02063,0.471716,0.940309,0.471642,0.420153,0.242542,0.42014,0.41976,0.260997,0.419737,0.155379,120,0.264381,0.0125969,0.0153869,0.162989,120,0.243825,0.0119718,0.0119696,0.189013,120,0.184338,0.010621,0.0106202,13,0.148516,0.0967848,0.184338,1.28031,23.059,0.036,0.02
0.338129,0.632697,0.338125,0.676259,1.26539,0.676249,Paar Δ=0°,1.01439,1.89809,1.01437,0.461445,0.936988,0.461407,0.421134,0.243819,0.421107,0.414968,0.251152,0.414966,0.15119,120,0.263778,0.0139748,0.0159307,0.162826,120,0.244258,0.0119832,0.0119811,0.189032,120,0.18446,0.0106226,0.0106219,13,0.148527,0.0968133,0.18446,1.30083,25.0137,0.037,0.02
0.342399,0.634628,0.342385,0.684798,1.26926,0.68477,Paar Δ=0°,1.0272,1.90388,1.02716,0.472679,0.944459,0.472622,0.442599,0.25709,0.442548,0.425587,0.260178,0.425588,0.164532,120,0.261055,0.0185545,0.0171314,0.162654,120,0.244709,0.0119951,0.0119931,0.18905,120,0.184586,0.0106243,0.0106236,13,0.148538,0.0968425,0.184586,1.32262,21.6797,0.038,0.02
0.344794,0.630728,0.344791,0.689588,1.26146,0.689582,Paar Δ=0°,1.03438,1.89218,1.03437,0.469748,0.934011,0.469688,0.43835,0.257851,0.438337,0.428556,0.265428,0.428532,0.164601,120,0.263955,0.0172337,0.0128628,0.161747,120,0.245177,0.0119082,0.011907,0.18907,120,0.184716,0.0106261,0.0106253,12,0.14855,0.0968725,0.184716,1.28031,20.2605,0.039,0.02
0.343217,0.63142,0.343215,0.686435,1.26284,0.68643,Paar Δ=0°,1.02965,1.89426,1.02965,0.459744,0.924387,0.459726,0.428018,0.24908,0.427991,0.427943,0.260163,0.427894,0.160178,120,0.267765,0.0137317,0.0153468,0.161544,120,0.245663,0.0119194,0.0119183,0.189089,120,0.184849,0.0106278,0.0106271,12,0.148562,0.0969033,0.184849,1.29921,25.02,0.04,0.02
0.338898,0.628438,0.338888,0.677795,1.25688,0.677777,Paar Δ=0°,1.01669,1.88531,1.01666,0.456123,0.923412,0.456103,0.415252,0.248298,0.41524,0.417441,0.245539,0.417421,0.144932,120,0.272509,0.0119269,0.0143492,0.16133,120,0.246168,0.0119311,0.01193,0.18911,120,0.184986,0.0106297,0.0106289,12,0.148574,0.0969349,0.184986,1.31918,19.7916,0.041,0.02
0.341369,0.629133,0.341364,0.682738,1.25827,0.682728,Paar Δ=0°,1.02411,1.8874,1.02409,0.467045,0.922398,0.467026,0.425985,0.257188,0.425961,0.422734,0.244493,0.422726,0.158199,120,0.264535,0.0147872,0.0178462,0.174671,120,0.237495,0.0120429,0.0120418,0.18913,120,0.185127,0.0106315,0.0106308,11,0.148586,0.0969673,0.185127,1.27123,23.059,0.042,0.02
0.346648,0.635456,0.346643,0.693296,1.27091,0.693286,Paar Δ=0°,1.03994,1.90637,1.03993,0.475121,0.924855,0.475076,0.455062,0.277855,0.45501,0.430328,0.253355,0.430276,0.169778,120,0.26055,0.0194225,0.01834,0.174662,120,0.237887,0.0120573,0.0120559,0.189152,120,0.185271,0.0106335,0.0106327,11,0.148599,0.0970005,0.185271,1.28806,22.1377,0.043,0.02
0.348553,0.637461,0.348533,0.697106,1.27492,0.697067,Paar Δ=0°,1.04566,1.91238,1.0456,0.483144,0.928024,0.483099,0.456642,0.282921,0.456578,0.42734,0.259379,0.427313,0.162631,120,0.264709,0.0177622,0.0120447,0.174653,120,0.238292,0.0120724,0.0120707,0.189173,120,0.185418,0.0106354,0.0106347,11,0.148612,0.0970345,0.185418,1.30575,21.2337,0.044,0.02
0.346611,0.635748,0.346597,0.693222,1.2715,0.693195,Paar Δ=0°,1.03983,1.90725,1.03979,0.488017,0.937375,0.487958,0.435906,0.265946,0.435879,0.425861,0.254412,0.425844,0.156128,120,0.269733,0.0148538,0.0139291,0.174645,120,0.238709,0.0120881,0.0120861,0.189196,120,0.185569,0.0106375,0.0106367,11,0.148625,0.0970694,0.185569,1.32435,22.5814,0.045,0.02
0.341772,0.641784,0.341769,0.683544,1.28357,0.683537,Paar Δ=0°,1.02532,1.92535,1.02531,0.475212,0.95359,0.475165,0.422458,0.261261,0.422435,0.421581,0.246478,0.421547,0.145182,120,0.276398,0.0109852,0.0134411,0.168398,120,0.23914,0.0114376,0.0114351,0.189218,120,0.185724,0.0106395,0.0106388,10,0.148638,0.097105,0.185724,1.26826,21.2337,0.046,0.02
0.340729,0.641778,0.340721,0.681457,1.28356,0.681441,Paar Δ=0°,1.02219,1.92533,1.02216,0.467314,0.950991,0.467285,0.418108,0.265411,0.418096,0.423975,0.256138,0.423965,0.139369,120,0.284606,0.0119322,0.0143444,0.168291,120,0.239583,0.0114443,0.0114419,0.189241,120,0.185883,0.0106416,0.0106409,10,0.148652,0.0971414,0.185883,1.28339,21.2121,0.047,0.02
0.344997,0.637354,0.344989,0.689993,1.27471,0.689978,Paar Δ=0°,1.03499,1.91206,1.03497,0.481143,0.948325,0.481129,0.422203,0.274845,0.422183,0.436923,0.261739,0.43687,0.164251,120,0.272672,0.013886,0.0182714,0.16818,120,0.240041,0.0114511,0.0114488,0.189265,120,0.186045,0.0106438,0.0106431,10,0.148666,0.0971787,0.186045,1.29921,23.059,0.048,0.02
0.349418,0.63939,0.349398,0.698837,1.27878,0.698796,Paar Δ=0°,1.04826,1.91817,1.04819,0.497933,0.960728,0.497863,0.445466,0.289125,0.445415,0.431155,0.255598,0.431116,0.172211,120,0.258944,0.017838,0.0202131,0.168063,120,0.240513,0.0114582,0.0114559,0.189289,120,0.186211,0.010646,0.0106453,10,0.148681,0.0972168,0.186211,1.31578,17.9604,0.049,0.02
0.355406,0.644447,0.355396,0.710812,1.28889,0.710792,Paar Δ=0°,1.06622,1.93334,1.06619,0.51053,0.976181,0.510408,0.48021,0.301933,0.480159,0.433861,0.252397,0.433838,0.172034,120,0.261827,0.0211233,0.0167893,0.167942,120,0.240999,0.0114655,0.0114633,0.189314,120,0.186381,0.0106483,0.0106475,10,0.148696,0.0972557,0.186381,1.33313,25.02,0.05,0.02
0.351731,0.634282,0.351721,0.703463,1.26856,0.703442,Paar Δ=0°,1.05519,1.90284,1.05516,0.476283,0.949269,0.476263,0.467636,0.274767,0.46758,0.424606,0.247044,0.424578,0.157342,120,0.267264,0.0161829,0.0104232,0.167816,120,0.2415,0.011473,0.0114709,0.189339,120,0.186554,0.0106506,0.0106498,9,0.148711,0.0972954,0.186554,1.26679,17.4307,0.051,0.02
0.349415,0.631372,0.349402,0.698831,1.26274,0.698805,Paar Δ=0°,1.04825,1.89412,1.04821,0.461495,0.932919,0.461468,0.448178,0.259243,0.448142,0.417143,0.249056,0.417119,0.143755,120,0.273388,0.0141163,0.0126937,0.167684,120,0.242016,0.0114807,0.0114787,0.189365,120,0.186732,0.0106529,0.0106522,9,0.148726,0.0973359,0.186732,1.28031,21.6797,0.052,0.02
0.344813,0.634202,0.344802,0.689626,1.2684,0.689605,Paar Δ=0°,1.03444,1.90261,1.03441,0.450305,0.932186,0.450289,0.427171,0.259802,0.42715,0.414538,0.250731,0.414519,0.133424,120,0.281114,0.0109059,0.0128604,0.167546,120,0.242548,0.0114887,0.0114867,0.189391,120,0.186913,0.0106553,0.0106546,9,0.148742,0.0973772,0.186913,1.29439,23.4603,0.053,0.02
0.34143,0.633713,0.341423,0.682861,1.26743,0.682846,Paar Δ=0°,1.02429,1.90114,1.02427,0.457692,0.940813,0.457671,0.419035,0.256861,0.419029,0.417568,0.257984,0.41755,0.12535,120,0.292218,0.0105557,0.0122815,0.167403,120,0.243096,0.0114968,0.011495,0.189418,120,0.187098,0.0106577,0.010657,9,0.148758,0.0974194,0.187098,1.30906,14.988,0.054,0.02
0.346361,0.639612,0.346354,0.692722,1.27922,0.692707,Paar Δ=0°,1.03908,1.91883,1.03906,0.48203,0.957498,0.481981,0.427301,0.262274,0.427278,0.442142,0.280825,0.442089,0.136968,120,0.305174,0.0118954,0.0145313,0.167253,120,0.243661,0.0115052,0.0115036,0.189445,120,0.187286,0.0106602,0.0106595,9,0.148774,0.0974624,0.187286,1.32435,22.5814,0.055,0.02
0.351237,0.637562,0.351226,0.702474,1.27512,0.702452,Paar Δ=0°,1.05371,1.91269,1.05368,0.497757,0.953902,0.497706,0.430384,0.278738,0.430361,0.463284,0.289594,0.463236,0.173702,120,0.289583,0.0123822,0.017646,0.184991,120,0.225972,0.0116254,0.0116229,0.189472,120,0.187479,0.0106628,0.010662,8,0.148791,0.0975062,0.187479,1.25099,23.059,0.056,0.02
0.353762,0.634138,0.353749,0.707525,1.26828,0.707498,Paar Δ=0°,1.06129,1.90242,1.06125,0.491249,0.934945,0.491196,0.427764,0.289471,0.427746,0.455466,0.275501,0.455411,0.192065,120,0.2634,0.0144153,0.0199351,0.185053,120,0.226345,0.0116358,0.0116331,0.1895,120,0.187675,0.0106653,0.0106646,8,0.148807,0.0975509,0.187675,1.2624,14.988,0.057,0.02
0.360029,0.644407,0.360013,0.720057,1.28881,0.720026,Paar Δ=0°,1.08009,1.93322,1.08004,0.497107,0.936651,0.497049,0.453955,0.30757,0.453929,0.456569,0.269826,0.45652,0.199014,120,0.257556,0.0200291,0.0217276,0.185116,120,0.226728,0.0116466,0.0116435,0.189529,120,0.187875,0.010668,0.0106672,8,0.148825,0.0975963,0.187875,1.27423,20.7392,0.058,0.02
0.364612,0.657074,0.36459,0.729225,1.31415,0.729181,Paar Δ=0°,1.09384,1.97122,1.09377,0.50524,0.950772,0.505183,0.489425,0.312943,0.48938,0.450153,0.28763,0.450074,0.188799,120,0.261354,0.021888,0.0164945,0.185182,120,0.227119,0.0116576,0.0116543,0.189558,120,0.18808,0.0106706,0.0106699,8,0.148842,0.0976427,0.18808,1.28649,24.6701,0.059,0.02
0.357728,0.651187,0.357709,0.715455,1.30237,0.715419,Paar Δ=0°,1.07318,1.95356,1.07313,0.4972,0.944694,0.497153,0.483518,0.284896,0.483451,0.427116,0.282609,0.427093,0.159991,120,0.267125,0.0162087,0.00940333,0.185251,120,0.227519,0.0116691,0.0116655,0.189588,120,0.188288,0.0106734,0.0106726,8,0.14886,0.0976898,0.188288,1.29921,17.4307,0.06,0.02
0.353427,0.644857,0.35341,0.706855,1.28971,0.70682,Paar Δ=0°,1.06028,1.93457,1.06023,0.495391,0.938539,0.495347,0.47063,0.268791,0.470574,0.423633,0.277538,0.423609,0.150229,120,0.273404,0.0136311,0.00997705,0.185322,120,0.227929,0.0116809,0.0116769,0.189618,120,0.1885,0.0106761,0.0106754,8,0.148878,0.0977378,0.1885,1.3124,16.2921,0.061,0.02
0.351634,0.645669,0.351622,0.703267,1.29134,0.703243,Paar Δ=0°,1.0549,1.93701,1.05486,0.497743,0.949652,0.4977,0.458186,0.272431,0.458148,0.421607,0.279972,0.421585,0.141093,120,0.280515,0.0125454,0.0120192,0.185396,120,0.228347,0.0116931,0.0116888,0.189648,120,0.188716,0.010679,0.0106782,8,0.148896,0.0977866,0.188716,1.32609,23.4045,0.062,0.02
0.34628,0.652633,0.346272,0.692561,1.30527,0.692543,Paar Δ=0°,1.03884,1.9579,1.03881,0.483635,0.968937,0.4836,0.434818,0.278063,0.434789,0.413479,0.277876,0.413462,0.124176,120,0.289303,0.0101809,0.0116118,0.173835,120,0.228775,0.0108547,0.0108531,0.189679,120,0.188936,0.0106818,0.0106811,7,0.148915,0.0978363,0.188936,1.24133,23.059,0.063,0.02
0.343655,0.655042,0.343646,0.68731,1.31008,0.687292,Paar Δ=0°,1.03096,1.96513,1.03094,0.470714,0.971055,0.470693,0.422474,0.271642,0.422462,0.413132,0.282914,0.413114,0.111865,120,0.301267,0.00996645,0.011094,0.17378,120,0.229213,0.0108581,0.0108565,0.189711,120,0.18916,0.0106847,0.010684,7,0.148934,0.0978868,0.18916,1.25099,15.7513,0.064,0.02
0.347575,0.658124,0.347562,0.695149,1.31625,0.695124,Paar Δ=0°,1.04272,1.97437,1.04269,0.475384,0.972651,0.475349,0.424765,0.26948,0.424752,0.428592,0.297358,0.428562,0.109825,120,0.318767,0.0107483,0.0119962,0.173723,120,0.22966,0.0108616,0.0108599,0.189742,120,0.189389,0.0106877,0.010687,7,0.148953,0.0979382,0.189389,1.26095,15.9054,0.065,0.02
0.35651,0.661853,0.356489,0.71302,1.32371,0.712978,Paar Δ=0°,1.06953,1.98556,1.06947,0.493601,0.975259,0.493563,0.438746,0.279422,0.438716,0.46412,0.319292,0.464062,0.12432,120,0.3398,0.0113974,0.013987,0.173664,120,0.230118,0.0108651,0.0108633,0.189775,120,0.189621,0.0106907,0.01069,7,0.148973,0.0979904,0.189621,1.27123,22.5814,0.066,0.02
0.36297,0.653825,0.362947,0.725939,1.30765,0.725894,Paar Δ=0°,1.08891,1.96148,1.08884,0.513421,0.96574,0.513359,0.451618,0.293899,0.451586,0.497145,0.318276,0.497058,0.168281,120,0.328864,0.0108685,0.0161533,0.173603,120,0.230586,0.0108686,0.0108669,0.189808,120,0.189857,0.0106938,0.010693,7,0.148993,0.0980435,0.189857,1.28184,24.1559,0.067,0.02
0.362064,0.641465,0.362038,0.724128,1.28293,0.724076,Paar Δ=0°,1.08619,1.92439,1.08611,0.520008,0.961315,0.519935,0.445204,0.293952,0.445173,0.495065,0.289212,0.494982,0.207933,120,0.287132,0.0107396,0.0176723,0.17354,120,0.231063,0.0108722,0.0108704,0.189841,120,0.190098,0.0106969,0.0106961,7,0.149013,0.0980975,0.190098,1.29279,17.4307,0.068,0.02
0.363165,0.642322,0.363141,0.72633,1.28464,0.726283,Paar Δ=0°,1.0895,1.92697,1.08942,0.532523,0.975889,0.532446,0.437558,0.293941,0.437485,0.492153,0.274181,0.492064,0.228225,120,0.263928,0.0127752,0.0197086,0.173474,120,0.231552,0.0108759,0.010874,0.189875,120,0.190343,0.0107,0.0106993,7,0.149033,0.0981523,0.190343,1.3041,12.9616,0.069,0.02
0.369389,0.652143,0.369354,0.738777,1.30429,0.738709,Paar Δ=0°,1.10817,1.95643,1.10806,0.558916,1.00449,0.558807,0.463458,0.299037,0.46334,0.495745,0.279475,0.495656,0.239384,120,0.25636,0.0175781,0.0222342,0.173406,120,0.232051,0.0108795,0.0108776,0.189909,120,0.190592,0.0107033,0.0107025,7,0.149054,0.0982079,0.190592,1.31578,17.9604,0.07,0.02
0.378831,0.664963,0.378796,0.757661,1.32993,0.757593,Paar Δ=0°,1.13649,1.99489,1.13639,0.589447,1.03966,0.589315,0.488886,0.329914,0.488744,0.501842,0.305707,0.501739,0.245235,120,0.256607,0.023369,0.0223682,0.173335,120,0.232561,0.0108833,0.0108813,0.189944,120,0.190845,0.0107065,0.0107058,7,0.149075,0.0982644,0.190845,1.32784,24.1032,0.071,0.02
0.376481,0.661833,0.376447,0.752962,1.32367,0.752894,Paar Δ=0°,1.12944,1.9855,1.12934,0.566632,1.03128,0.566496,0.482742,0.337837,0.482681,0.478818,0.311388,0.478745,0.218111,120,0.260706,0.0216917,0.0144593,0.176411,120,0.233083,0.0110783,0.0110786,0.189979,120,0.191103,0.0107098,0.0107091,6,0.149097,0.0983218,0.191103,1.22935,23.059,0.072,0.02
0.365856,0.646796,0.365831,0.731711,1.29359,0.731662,Paar Δ=0°,1.09757,1.94039,1.09749,0.514646,0.990497,0.514535,0.482592,0.305438,0.482526,0.449074,0.293106,0.449031,0.182822,120,0.266253,0.0159156,0.00842652,0.176366,120,0.233616,0.0110839,0.0110842,0.190015,120,0.191365,0.0107132,0.0107124,6,0.149119,0.0983801,0.191365,1.23728,16.5659,0.073,0.02
0.359229,0.636456,0.359208,0.718458,1.27291,0.718416,Paar Δ=0°,1.07769,1.90937,1.07762,0.484063,0.961981,0.483983,0.478077,0.280272,0.478018,0.437954,0.285099,0.437919,0.165715,120,0.272239,0.0129611,0.00781289,0.176319,120,0.23416,0.0110897,0.01109,0.190051,120,0.191631,0.0107166,0.0107158,6,0.149141,0.0984392,0.191631,1.24543,11.9277,0.074,0.02
0.356218,0.6312,0.356199,0.712435,1.2624,0.712398,Paar Δ=0°,1.06865,1.8936,1.0686,0.470022,0.946007,0.469952,0.475232,0.264907,0.475177,0.434361,0.282206,0.434329,0.155737,120,0.278624,0.011968,0.0089597,0.17627,120,0.234716,0.0110955,0.0110958,0.190088,120,0.191902,0.01072,0.0107193,6,0.149163,0.0984993,0.191902,1.2538,15.9054,0.075,0.02
0.354742,0.630393,0.354725,0.709483,1.26079,0.70945,Paar Δ=0°,1.06423,1.89118,1.06418,0.46334,0.938769,0.463282,0.4718,0.264224,0.471745,0.431928,0.284235,0.431898,0.146273,120,0.285655,0.0115324,0.0102819,0.176219,120,0.235285,0.0111014,0.0111018,0.190125,120,0.192177,0.0107235,0.0107228,6,0.149186,0.0985602,0.192177,1.2624,21.6797,0.076,0.02
0.351504,0.632665,0.351489,0.703007,1.26533,0.702978,Paar Δ=0°,1.05451,1.898,1.05447,0.458344,0.938274,0.458288,0.459145,0.266162,0.459101,0.426534,0.285923,0.426507,0.132788,120,0.293746,0.0104464,0.0107029,0.176166,120,0.235866,0.0111074,0.0111079,0.190163,120,0.192456,0.0107271,0.0107263,6,0.149209,0.0986219,0.192456,1.27123,24.9639,0.077,0.02
0.347922,0.631904,0.34791,0.695844,1.26381,0.69582,Paar Δ=0°,1.04377,1.89571,1.04373,0.460931,0.94498,0.46088,0.443974,0.257085,0.443943,0.42038,0.282537,0.420359,0.11686,120,0.303521,0.00970558,0.0102007,0.176111,120,0.23646,0.0111135,0.0111141,0.190201,120,0.19274,0.0107307,0.0107299,6,0.149232,0.0986846,0.19274,1.28031,20.2605,0.078,0.02
0.348713,0.635177,0.348701,0.697427,1.27035,0.697402,Paar Δ=0°,1.04614,1.90553,1.0461,0.471353,0.955158,0.471295,0.440053,0.249698,0.440025,0.421602,0.283277,0.42158,0.105611,120,0.315991,0.00994463,0.0102534,0.176054,120,0.237067,0.0111198,0.0111204,0.190239,120,0.193029,0.0107343,0.0107336,6,0.149255,0.0987482,0.193029,1.28963,14.6255,0.079,0.02
0.352545,0.640883,0.35253,0.705091,1.28177,0.705059,Paar Δ=0°,1.05764,1.92265,1.05759,0.486676,0.970383,0.486605,0.440616,0.247579,0.440588,0.42842,0.290445,0.428393,0.0955872,120,0.332833,0.0103815,0.0107279,0.175995,120,0.237687,0.0111261,0.0111267,0.190278,120,0.193322,0.010738,0.0107373,6,0.149279,0.0988126,0.193322,1.29921,11.4633,0.08,0.02
0.359316,0.64984,0.359294,0.718632,1.29968,0.718589,Paar Δ=0°,1.07795,1.94952,1.07788,0.510628,0.995404,0.510572,0.442722,0.249193,0.442692,0.442714,0.304488,0.442676,0.086043,120,0.356671,0.0107741,0.0114764,0.175932,120,0.238321,0.0111325,0.0111332,0.190317,120,0.193619,0.0107418,0.010741,6,0.149303,0.098878,0.193619,1.30906,14.8192,0.081,0.02
0.370365,0.663599,0.370335,0.740729,1.3272,0.740671,Paar Δ=0°,1.11109,1.9908,1.11101,0.550465,1.03437,0.550374,0.448351,0.253222,0.448315,0.470912,0.325952,0.47085,0.0834867,102,0.389097,0.0109451,0.0125708,0.175868,120,0.238969,0.011139,0.0111398,0.190357,120,0.193922,0.0107456,0.0107448,6,0.149328,0.0989442,0.193922,1.31918,19.7916,0.082,0.02
0.383355,0.676814,0.383314,0.76671,1.35363,0.766628,Paar Δ=0°,1.15006,2.03044,1.14994,0.594433,1.07362,0.594309,0.460191,0.255854,0.460145,0.512494,0.343223,0.512398,0.132352,104,0.412672,0.0103652,0.0139442,0.175801,120,0.239631,0.0111456,0.0111465,0.190398,120,0.194229,0.0107494,0.0107487,6,0.149353,0.0990113,0.194229,1.32959,24.6306,0.083,0.02
0.384982,0.672043,0.384937,0.769964,1.34409,0.769873,Paar Δ=0°,1.15495,2.01613,1.15481,0.595925,1.06465,0.595796,0.468088,0.257184,0.468035,0.533561,0.334237,0.533452,0.162734,106,0.380543,0.00912055,0.0150069,0.197957,120,0.19454,0.0112776,0.0112733,0.190438,120,0.19454,0.0107533,0.0107526,5,0.149378,0.0990794,0.19454,1.2141,23.059,0.084,0.02
0.3792,0.656888,0.379158,0.758399,1.31378,0.758316,Paar Δ=0°,1.1376,1.97066,1.13747,0.5648,1.02528,0.564662,0.466549,0.265284,0.466497,0.527305,0.310717,0.527199,0.203091,120,0.324214,0.00854619,0.0157887,0.198069,120,0.194857,0.0112857,0.0112811,0.19048,120,0.194857,0.0107573,0.0107566,5,0.149403,0.0991484,0.194857,1.22036,17.4307,0.085,0.02
0.375573,0.645661,0.375535,0.751146,1.29132,0.75107,Paar Δ=0°,1.12672,1.93698,1.1266,0.543695,0.994028,0.543588,0.463345,0.27701,0.463295,0.51953,0.295126,0.519427,0.232928,120,0.286602,0.00890446,0.0168624,0.198183,120,0.195178,0.011294,0.0112892,0.190521,120,0.195178,0.0107613,0.0107606,5,0.149429,0.0992182,0.195178,1.22675,12.9946,0.086,0.02
0.375773,0.640542,0.375733,0.751546,1.28108,0.751467,Paar Δ=0°,1.12732,1.92162,1.1272,0.531799,0.97358,0.531705,0.460744,0.294288,0.460702,0.519617,0.29235,0.51952,0.25327,120,0.266347,0.010167,0.0184188,0.198299,120,0.195504,0.0113024,0.0112973,0.190563,120,0.195504,0.0107654,0.0107646,5,0.149455,0.099289,0.195504,1.23329,10.8247,0.087,0.02
0.380134,0.64321,0.380091,0.760268,1.28642,0.760181,Paar Δ=0°,1.1404,1.92963,1.14027,0.528836,0.961711,0.528732,0.474095,0.320418,0.473991,0.531051,0.301635,0.530938,0.274604,120,0.256447,0.0126947,0.0205268,0.198418,120,0.195835,0.0113109,0.0113057,0.190606,120,0.195835,0.0107695,0.0107687,5,0.149481,0.0993608,0.195835,1.23998,13.537,0.088,0.02
0.389255,0.656226,0.389209,0.77851,1.31245,0.778418,Paar Δ=0°,1.16777,1.96868,1.16763,0.535368,0.961778,0.535264,0.51197,0.359908,0.511835,0.549411,0.324389,0.549279,0.296811,120,0.2526,0.01709,0.0230796,0.198538,120,0.196171,0.0113197,0.0113141,0.190649,120,0.196171,0.0107736,0.0107729,5,0.149508,0.0994334,0.196171,1.24681,17.5259,0.089,0.02
0.401923,0.680387,0.401864,0.803846,1.36077,0.803727,Paar Δ=0°,1.20577,2.04116,1.20559,0.550584,0.981686,0.550468,0.556175,0.411308,0.555978,0.569622,0.359869,0.569491,0.3172,120,0.252422,0.0229528,0.0246637,0.198662,120,0.196511,0.0113286,0.0113228,0.190692,120,0.196511,0.0107778,0.0107771,5,0.149535,0.099507,0.196512,1.2538,22.5814,0.09,0.02
0.406851,0.702879,0.406786,0.813702,1.40576,0.813573,Paar Δ=0°,1.22055,2.10864,1.22036,0.558047,1.0104,0.557927,0.565748,0.438762,0.565512,0.564872,0.385582,0.56474,0.310322,120,0.25455,0.0256328,0.0208087,0.198788,120,0.196857,0.0113376,0.0113316,0.190736,120,0.196857,0.0107821,0.0107814,5,0.149562,0.0995815,0.196857,1.26095,24.9639,0.091,0.02
0.39509,0.70369,0.395036,0.79018,1.40738,0.790071,Paar Δ=0°,1.18527,2.11107,1.18511,0.541765,1.01728,0.54166,0.511638,0.408014,0.511465,0.52393,0.379759,0.523817,0.265781,120,0.25815,0.0214197,0.0125952,0.198916,120,0.197208,0.0113469,0.0113405,0.190781,120,0.197208,0.0107864,0.0107857,5,0.14959,0.0996569,0.197208,1.26826,21.2337,0.092,0.02
0.380779,0.694015,0.380738,0.761559,1.38803,0.761476,Paar Δ=0°,1.14234,2.08205,1.14221,0.521843,1.00941,0.521771,0.458056,0.36318,0.458013,0.485327,0.35752,0.48526,0.222644,120,0.262683,0.0162626,0.00800232,0.199047,120,0.197564,0.0113563,0.0113496,0.190826,120,0.197564,0.0107908,0.01079,5,0.149618,0.0997333,0.197564,1.27574,16.1522,0.093,0.02
0.37095,0.685471,0.370921,0.7419,1.37094,0.741841,Paar Δ=0°,1.11285,2.05641,1.11276,0.508703,1.00096,0.508631,0.461287,0.330155,0.461239,0.462201,0.338898,0.462143,0.194434,120,0.267766,0.0130611,0.00641926,0.199181,120,0.197925,0.0113659,0.0113589,0.190871,120,0.197925,0.0107952,0.0107945,5,0.149646,0.0998106,0.197925,1.28339,12.4206,0.094,0.02
0.36481,0.679618,0.364787,0.72962,1.35924,0.729574,Paar Δ=0°,1.09443,2.03885,1.09436,0.500912,0.994893,0.500844,0.463539,0.308037,0.463495,0.450082,0.325919,0.450033,0.176949,120,0.273133,0.0113727,0.00647706,0.199318,120,0.198292,0.0113757,0.0113684,0.190916,120,0.198292,0.0107997,0.0107989,5,0.149675,0.0998889,0.198292,1.29121,9.90244,0.095,0.02
0.360986,0.675846,0.360965,0.721971,1.35169,0.72193,Paar Δ=0°,1.08296,2.02754,1.0829,0.496338,0.990934,0.496285,0.465433,0.292923,0.465381,0.444387,0.317044,0.444351,0.165658,120,0.278729,0.0105449,0.00697842,0.199458,120,0.198663,0.0113856,0.011378,0.190963,120,0.198663,0.0108042,0.0108035,5,0.149704,0.0999681,0.198663,1.29921,11.4633,0.096,0.02
0.358631,0.673542,0.358609,0.717261,1.34708,0.717219,Paar Δ=0°,1.07589,2.02063,1.07583,0.493754,0.988571,0.4937,0.467231,0.282188,0.467186,0.442262,0.310946,0.44222,0.157658,120,0.284604,0.0101805,0.00755105,0.199602,120,0.19904,0.0113958,0.0113878,0.191009,120,0.19904,0.0108088,0.010808,5,0.149733,0.100048,0.19904,1.3074,14.1553,0.097,0.02
0.357271,0.672331,0.35725,0.714541,1.34466,0.714501,Paar Δ=0°,1.07181,2.01699,1.07175,0.492468,0.987438,0.492412,0.469089,0.27474,0.469038,0.442058,0.30676,0.442022,0.151205,120,0.290853,0.010062,0.00807562,0.199748,120,0.199422,0.0114062,0.0113978,0.191056,120,0.199422,0.0108134,0.0108127,5,0.149762,0.100129,0.199422,1.31578,17.9604,0.098,0.02
0.356652,0.671967,0.356633,0.713304,1.34393,0.713267,Paar Δ=0°,1.06996,2.0159,1.0699,0.492122,0.987299,0.492064,0.471074,0.27005,0.471016,0.442883,0.304399,0.442845,0.145276,120,0.297607,0.0100763,0.00852776,0.199897,120,0.19981,0.0114167,0.011408,0.191104,120,0.19981,0.0108181,0.0108174,5,0.149792,0.100212,0.19981,1.32435,22.5814,0.099,0.02
0.356643,0.672331,0.356626,0.713285,1.34466,0.713252,Paar Δ=0°,1.06993,2.01699,1.06988,0.492532,0.98802,0.492474,0.473252,0.266736,0.473201,0.444257,0.303311,0.444221,0.139217,120,0.305039,0.0101536,0.00891829,0.200049,120,0.200203,0.0114275,0.0114184,0.191151,120,0.200203,0.0108228,0.0108221,5,0.149822,0.100295,0.200203,1.33313,25.02,0.1,0.02
0.357203,0.673379,0.357182,0.714406,1.34676,0.714365,Paar Δ=0°,1.07161,2.02014,1.07155,0.493622,0.989569,0.493565,0.475704,0.264527,0.47565,0.445938,0.303245,0.445895,0.132562,120,0.313375,0.010261,0.00925826,0.178202,120,0.200602,0.010159,0.0101581,0.1912,120,0.200602,0.0108276,0.0108269,4,0.149853,0.100379,0.200602,1.19498,22.1793,0.101,0.02
0.358344,0.675126,0.358324,0.716687,1.35025,0.716648,Paar Δ=0°,1.07503,2.02538,1.07497,0.495399,0.991946,0.495344,0.478498,0.263273,0.478435,0.448259,0.304169,0.44822,0.12534,120,0.322919,0.0103845,0.00956279,0.1782,120,0.201006,0.0101613,0.0101603,0.191248,120,0.201006,0.0108324,0.0108317,4,0.149883,0.100464,0.201006,1.19964,17.4307,0.102,0.02
0.360148,0.677645,0.360129,0.720296,1.35529,0.720257,Paar Δ=0°,1.08044,2.03294,1.08039,0.497961,0.995222,0.497901,0.481727,0.262969,0.481669,0.453275,0.306148,0.453231,0.119185,120,0.334091,0.010515,0.00984042,0.178198,120,0.201416,0.0101635,0.0101625,0.191297,120,0.201416,0.0108373,0.0108366,4,0.149914,0.10055,0.201416,1.20437,13.6119,0.103,0.02
0.36278,0.681082,0.362759,0.725561,1.36216,0.725518,Paar Δ=0°,1.08834,2.04325,1.08828,0.501517,0.999548,0.501453,0.485553,0.263741,0.485487,0.458938,0.30933,0.45888,0.111442,120,0.347495,0.0106443,0.0101091,0.178196,120,0.201831,0.0101658,0.0101647,0.191347,120,0.201831,0.0108423,0.0108416,4,0.149946,0.100637,0.201831,1.20919,10.9274,0.104,0.02
0.366516,0.685688,0.366488,0.733031,1.37138,0.732976,Paar Δ=0°,1.09955,2.05706,1.09946,0.506444,1.00516,0.506372,0.490146,0.265937,0.490086,0.465698,0.314047,0.465644,0.101672,120,0.364026,0.0107658,0.0103761,0.178193,120,0.202253,0.0101681,0.0101669,0.191397,120,0.202253,0.0108473,0.0108466,4,0.149977,0.100725,0.202253,1.2141,9.03558,0.105,0.02
0.371797,0.691821,0.371766,0.743595,1.38364,0.743532,Paar Δ=0°,1.11539,2.07546,1.1153,0.513432,1.01241,0.513366,0.495812,0.270222,0.495744,0.474288,0.320813,0.47422,0.0892628,120,0.385025,0.0108774,0.010663,0.178189,120,0.20268,0.0101703,0.0101691,0.191447,120,0.20268,0.0108524,0.0108517,4,0.150009,0.100814,0.20268,1.21909,10.2482,0.106,0.02
0.379349,0.70002,0.379314,0.758697,1.40004,0.758629,Paar Δ=0°,1.13805,2.10006,1.13794,0.523728,1.02173,0.52365,0.503663,0.277877,0.503576,0.487847,0.33046,0.487764,0.0753412,120,0.412506,0.0109517,0.0109922,0.178185,120,0.203113,0.0101726,0.0101714,0.191498,120,0.203113,0.0108575,0.0108568,4,0.150042,0.100904,0.203113,1.22418,12.1725,0.107,0.02
0.390277,0.710942,0.390231,0.780555,1.42188,0.780462,Paar Δ=0°,1.17083,2.13283,1.17069,0.539419,1.03354,0.539327,0.515337,0.291094,0.515239,0.513171,0.3549,0.513041,0.0639293,120,0.449242,0.0109507,0.0113718,0.178181,120,0.203552,0.0101749,0.0101736,0.191549,120,0.203552,0.0108626,0.0108619,4,0.150074,0.100995,0.203552,1.22935,14.8192,0.108,0.02
0.405819,0.724646,0.405767,0.811639,1.44929,0.811533,Paar Δ=0°,1.21746,2.17394,1.2173,0.563463,1.04721,0.563352,0.528712,0.313036,0.528605,0.553188,0.403005,0.552977,0.10257,100,0.497255,0.0107473,0.011836,0.178175,120,0.203997,0.0101772,0.0101758,0.1916,120,0.203997,0.0108679,0.0108672,4,0.150107,0.101087,0.203997,1.23462,18.4055,0.109,0.02
0.42515,0.737547,0.425072,0.8503,1.47509,0.850144,Paar Δ=0°,1.27545,2.21264,1.27522,0.596396,1.05735,0.596255,0.538815,0.344773,0.5387,0.601442,0.459102,0.601195,0.164359,100,0.549016,0.0101298,0.0124169,0.178169,120,0.204448,0.0101795,0.010178,0.191652,120,0.204448,0.0108731,0.0108724,4,0.150141,0.10118,0.204448,1.23998,22.5814,0.11,0.02
0.438894,0.736814,0.438814,0.877787,1.47363,0.877628,Paar Δ=0°,1.31668,2.21044,1.31644,0.625056,1.04898,0.624893,0.531512,0.374363,0.531399,0.621156,0.493198,0.620877,0.217363,100,0.567577,0.00897857,0.0129812,0.178163,120,0.204905,0.0101818,0.0101803,0.191705,120,0.204905,0.0108784,0.0108778,4,0.150174,0.101274,0.204905,1.24543,25.0137,0.111,0.02
0.434821,0.713512,0.434733,0.869643,1.42702,0.869467,Paar Δ=0°,1.30446,2.14054,1.3042,0.628513,1.01679,0.62836,0.501685,0.380722,0.501599,0.580395,0.471265,0.580099,0.187508,102,0.5176,0.00769711,0.0133718,0.178156,120,0.205368,0.0101841,0.0101825,0.191757,120,0.205368,0.0108838,0.0108831,4,0.150208,0.101369,0.205368,1.25099,23.059,0.112,0.02
0.421245,0.683837,0.421154,0.84249,1.36767,0.842308,Paar Δ=0°,1.26374,2.05151,1.26346,0.615656,0.985739,0.615521,0.479332,0.369915,0.479277,0.558566,0.42223,0.558442,0.178408,104,0.438738,0.00692675,0.0136352,0.178148,120,0.205838,0.0101863,0.0101847,0.19181,120,0.205838,0.0108892,0.0108886,4,0.150242,0.101465,0.205838,1.25664,18.8113,0.113,0.02
0.409681,0.661799,0.40961,0.819362,1.3236,0.81922,Paar Δ=0°,1.22904,1.9854,1.22883,0.604183,0.971853,0.604042,0.467909,0.358556,0.467856,0.543329,0.380929,0.543218,0.176564,106,0.373472,0.00662863,0.0139718,0.178139,120,0.206314,0.0101886,0.0101869,0.191864,120,0.206314,0.0108947,0.0108941,4,0.150277,0.101562,0.206314,1.2624,14.988,0.114,0.02
0.401595,0.648783,0.401524,0.80319,1.29757,0.803047,Paar Δ=0°,1.20479,1.94635,1.20457,0.59899,0.9726,0.598875,0.465288,0.351999,0.465235,0.534639,0.354524,0.534518,0.206586,120,0.328053,0.00663524,0.0144599,0.17813,120,0.206796,0.0101909,0.0101891,0.191918,120,0.206796,0.0109003,0.0108996,4,0.150312,0.10166,0.206797,1.26826,12.1488,0.115,0.02
0.3969,0.642954,0.396838,0.7938,1.28591,0.793675,Paar Δ=0°,1.1907,1.92886,1.19051,0.599785,0.981572,0.599664,0.467342,0.350437,0.46729,0.531476,0.340199,0.531372,0.233938,120,0.297538,0.00720415,0.0151027,0.17812,120,0.207285,0.0101932,0.0101913,0.191972,120,0.207285,0.0109059,0.0109052,4,0.150347,0.10176,0.207285,1.27423,10.0937,0.116,0.02
0.395012,0.642638,0.394951,0.790024,1.28528,0.789902,Paar Δ=0°,1.18504,1.92792,1.18485,0.605779,0.995025,0.605638,0.471633,0.353307,0.471582,0.532608,0.334784,0.532494,0.255531,120,0.277078,0.00783217,0.0159156,0.178109,120,0.207781,0.0101955,0.0101935,0.192026,120,0.207781,0.0109115,0.0109109,4,0.150382,0.10186,0.207781,1.28031,8.57828,0.117,0.02
0.395568,0.646432,0.395512,0.791135,1.29286,0.791024,Paar Δ=0°,1.1867,1.9393,1.18654,0.616746,1.01193,0.616591,0.477174,0.360413,0.477112,0.537309,0.336285,0.53719,0.273929,120,0.263381,0.00846753,0.0169298,0.178097,120,0.208283,0.0101977,0.0101957,0.192081,120,0.208283,0.0109172,0.0109166,4,0.150418,0.101961,0.208283,1.28649,8.68473,0.118,0.02
0.398532,0.653261,0.398465,0.797063,1.30652,0.79693,Paar Δ=0°,1.19559,1.95978,1.1954,0.633143,1.03281,0.632996,0.483697,0.372135,0.483628,0.545419,0.343749,0.545295,0.291071,120,0.254348,0.00913418,0.0181895,0.178085,120,0.208792,0.0102,0.0101978,0.192136,120,0.208792,0.010923,0.0109224,4,0.150454,0.102064,0.208792,1.29279,9.89458,0.119,0.02
0.404156,0.662732,0.404091,0.808312,1.32546,0.808181,Paar Δ=0°,1.21247,1.9882,1.21227,0.656163,1.05916,0.655997,0.497945,0.389385,0.497786,0.557227,0.356999,0.55708,0.308602,120,0.248625,0.0104414,0.0197738,0.178072,120,0.209308,0.0102023,0.0102,0.192192,120,0.209308,0.0109288,0.0109282,4,0.150491,0.102167,0.209308,1.29921,11.4633,0.12,0.02
0.413019,0.675208,0.412947,0.826038,1.35042,0.825895,Paar Δ=0°,1.23906,2.02562,1.23884,0.68771,1.0933,0.687521,0.524989,0.413681,0.524793,0.574939,0.37681,0.574791,0.329625,120,0.245313,0.0127493,0.0217387,0.178057,120,0.20983,0.0102045,0.0102022,0.192248,120,0.20983,0.0109347,0.0109341,4,0.150528,0.102272,0.20983,1.30575,13.537,0.121,0.02
0.425857,0.691523,0.425775,0.851714,1.38305,0.85155,Paar Δ=0°,1.27757,2.07457,1.27732,0.730062,1.13814,0.729813,0.559666,0.446803,0.559432,0.603955,0.403448,0.603778,0.360154,120,0.243801,0.0162172,0.0240835,0.178042,120,0.21036,0.0102068,0.0102043,0.192304,120,0.21036,0.0109406,0.01094,4,0.150565,0.102378,0.21036,1.3124,16.2921,0.122,0.02
0.442704,0.712094,0.442612,0.885408,1.42419,0.885225,Paar Δ=0°,1.32811,2.13628,1.32784,0.783064,1.19483,0.782774,0.603699,0.488512,0.603458,0.638643,0.436679,0.638452,0.394988,120,0.243655,0.0210222,0.0264291,0.178026,120,0.210897,0.010209,0.0102064,0.192361,120,0.210897,0.0109466,0.010946,4,0.150602,0.102484,0.210897,1.31918,19.7916,0.123,0.02
0.459757,0.733472,0.459643,0.919515,1.46694,0.919287,Paar Δ=0°,1.37927,2.20042,1.37893,0.8339,1.25328,0.833573,0.653894,0.528486,0.653643,0.670052,0.468201,0.669814,0.425488,120,0.244564,0.0262471,0.0272783,0.178009,120,0.21144,0.0102112,0.0102085,0.192418,120,0.21144,0.0109527,0.0109521,4,0.15064,0.102592,0.211441,1.32609,23.4045,0.124,0.02
0.465648,0.743457,0.465539,0.931296,1.48691,0.931078,Paar Δ=0°,1.39694,2.23037,1.39662,0.845129,1.27899,0.844739,0.671058,0.537209,0.670767,0.67433,0.474309,0.67409,0.428034,120,0.246295,0.0287835,0.0238991,0.17799,120,0.211992,0.0102134,0.0102106,0.192475,120,0.211992,0.0109588,0.0109582,4,0.150678,0.102701,0.211992,1.33313,25.02,0.125,0.02
0.453053,0.732155,0.452952,0.906106,1.46431,0.905903,Paar Δ=0°,1.35916,2.19647,1.35886,0.793259,1.24519,0.792946,0.632603,0.496804,0.632309,0.638808,0.450485,0.638596,0.390136,120,0.248672,0.0262828,0.0167378,0.192533,120,0.21255,0.0109649,0.0109644,0.192533,120,0.21255,0.0109649,0.0109644,3,0.150717,0.102811,0.21255,1.16666,23.059,0.126,0.02
0.432198,0.70959,0.432122,0.864397,1.41918,0.864244,Paar Δ=0°,1.2966,2.12877,1.29637,0.7148,1.18079,0.714503,0.568325,0.435737,0.568073,0.587143,0.410569,0.58696,0.335583,120,0.251559,0.0214231,0.0131314,0.192591,120,0.213116,0.0109712,0.0109706,0.192591,120,0.213116,0.0109712,0.0109706,3,0.150755,0.102923,0.213116,1.16976,19.2893,0.127,0.02
0.413536,0.688243,0.413467,0.827071,1.37649,0.826933,Paar Δ=0°,1.24061,2.06473,1.2404,0.64622,1.12034,0.645997,0.510705,0.382188,0.5105,0.542348,0.375371,0.542186,0.2875,120,0.254848,0.0171848,0.0104319,0.192649,120,0.213689,0.0109775,0.0109769,0.192649,120,0.213689,0.0109775,0.0109769,3,0.150794,0.103035,0.213689,1.17291,15.7513,0.128,0.02
0.399413,0.671702,0.399364,0.798826,1.3434,0.798727,Paar Δ=0°,1.19824,2.01511,1.19809,0.595597,1.07351,0.595403,0.467784,0.34225,0.467593,0.509467,0.348367,0.509342,0.251015,120,0.258453,0.0142023,0.00805332,0.192708,120,0.21427,0.0109838,0.0109833,0.192708,120,0.21427,0.0109838,0.0109833,3,0.150834,0.103148,0.21427,1.1761,12.9946,0.129,0.02
0.389066,0.659493,0.389024,0.778132,1.31899,0.778048,Paar Δ=0°,1.1672,1.97848,1.16707,0.559755,1.0388,0.55959,0.437374,0.313567,0.437219,0.486403,0.327837,0.486292,0.224096,120,0.262307,0.0122094,0.0062044,0.192766,120,0.214859,0.0109902,0.0109897,0.192766,120,0.214859,0.0109902,0.0109897,3,0.150874,0.103263,0.214859,1.17933,10.9274,0.13,0.02
0.381391,0.650456,0.381353,0.762782,1.30091,0.762706,Paar Δ=0°,1.14417,1.95137,1.14406,0.534494,1.01302,0.534347,0.428506,0.292947,0.428486,0.470326,0.312291,0.470232,0.203968,120,0.266357,0.0108752,0.00501905,0.192826,120,0.215455,0.0109967,0.0109962,0.192826,120,0.215455,0.0109967,0.0109962,3,0.150914,0.103379,0.215455,1.1826,9.36548,0.131,0.02
0.375551,0.643646,0.375518,0.751102,1.28729,0.751036,Paar Δ=0°,1.12665,1.93094,1.12655,0.51662,0.993569,0.516498,0.432002,0.278006,0.431981,0.459065,0.300385,0.458982,0.188498,120,0.270567,0.00997356,0.00519653,0.192885,120,0.21606,0.0110032,0.0110027,0.192885,120,0.21606,0.0110032,0.0110027,3,0.150954,0.103495,0.21606,1.18592,8.16123,0.132,0.02
0.37098,0.638413,0.37095,0.741959,1.27683,0.7419,Paar Δ=0°,1.11294,1.91524,1.11285,0.504006,0.978633,0.50389,0.435581,0.267108,0.435556,0.451127,0.291195,0.451053,0.176215,120,0.274912,0.00934998,0.00542589,0.192945,120,0.216672,0.0110098,0.0110093,0.192945,120,0.216672,0.0110098,0.0110093,3,0.150995,0.103614,0.216672,1.18928,7.2333,0.133,0.02
0.367299,0.634271,0.367273,0.734599,1.26854,0.734546,Paar Δ=0°,1.1019,1.90281,1.10182,0.495194,0.966956,0.495079,0.438719,0.259172,0.438693,0.445472,0.284093,0.445418,0.166097,120,0.279375,0.00891244,0.00564965,0.193005,120,0.217293,0.0110164,0.011016,0.193005,120,0.217293,0.0110164,0.011016,3,0.151036,0.103733,0.217293,1.19269,7.9498,0.134,0.02
0.364257,0.630906,0.364233,0.728513,1.26181,0.728466,Paar Δ=0°,1.09277,1.89272,1.0927,0.489241,0.957653,0.489138,0.441289,0.253442,0.441259,0.441397,0.278737,0.441349,0.157447,120,0.28395,0.00860296,0.00583536,0.193065,120,0.217922,0.0110231,0.0110227,0.193065,120,0.217922,0.0110231,0.0110227,3,0.151077,0.103853,0.217922,1.19614,8.82021,0.135,0.02
0.361702,0.629948,0.361678,0.723404,1.2599,0.723356,Paar Δ=0°,1.08511,1.88984,1.08503,0.485529,0.950112,0.485434,0.443309,0.249395,0.443277,0.438415,0.275013,0.438372,0.149768,120,0.288647,0.00837559,0.00595894,0.193126,120,0.218559,0.0110299,0.0110295,0.193126,120,0.218559,0.0110299,0.0110295,3,0.151119,0.103975,0.218559,1.19964,9.89458,0.136,0.02
0.359591,0.631436,0.359569,0.719182,1.26287,0.719138,Paar Δ=0°,1.07877,1.89431,1.07871,0.483711,0.946619,0.483618,0.444957,0.247228,0.444923,0.436321,0.273026,0.436288,0.142841,120,0.29348,0.00820951,0.0060031,0.193187,120,0.219205,0.0110367,0.0110363,0.193187,120,0.219205,0.0110367,0.0110363,3,0.151161,0.104097,0.219205,1.20318,11.2431,0.137,0.02
0.358067,0.633784,0.358047,0.716134,1.26757,0.716095,Paar Δ=0°,1.0742,1.90135,1.07414,0.4837,0.947644,0.48362,0.446762,0.253976,0.446729,0.435321,0.273177,0.435288,0.136851,120,0.29847,0.00809534,0.00595161,0.193248,120,0.219859,0.0110436,0.0110432,0.193248,120,0.219859,0.0110436,0.0110432,3,0.151203,0.104221,0.219859,1.20677,12.9616,0.138,0.02
0.357648,0.637201,0.357627,0.715295,1.2744,0.715254,Paar Δ=0°,1.07294,1.9116,1.07288,0.485788,0.950127,0.485706,0.450127,0.263841,0.450089,0.436301,0.276216,0.436266,0.132659,120,0.303642,0.00805964,0.00579028,0.193309,120,0.220522,0.0110505,0.0110502,0.193309,120,0.220522,0.0110505,0.0110502,3,0.151246,0.104346,0.220522,1.21041,15.169,0.139,0.02
0.359471,0.641825,0.35945,0.718942,1.28365,0.718899,Paar Δ=0°,1.07841,1.92547,1.07835,0.490785,0.953999,0.490703,0.458062,0.277372,0.45802,0.441582,0.283194,0.441542,0.132556,120,0.309026,0.00819029,0.00554071,0.193371,120,0.221194,0.0110575,0.0110572,0.193371,120,0.221194,0.0110575,0.0110572,3,0.151289,0.104473,0.221194,1.2141,17.9604,0.14,0.02
0.365031,0.647262,0.365005,0.730062,1.29452,0.730009,Paar Δ=0°,1.09509,1.94179,1.09501,0.499983,0.958469,0.499901,0.47475,0.294214,0.474692,0.454643,0.294638,0.454592,0.139989,120,0.314654,0.00868374,0.00533481,0.193433,120,0.221875,0.0110646,0.0110643,0.193433,120,0.221875,0.0110646,0.0110643,3,0.151332,0.1046,0.221875,1.21784,21.2121,0.141,0.02
0.374426,0.651477,0.374392,0.748852,1.30295,0.748784,Paar Δ=0°,1.12328,1.95443,1.12318,0.513597,0.960961,0.513511,0.501415,0.310796,0.50134,0.476604,0.307985,0.476536,0.15604,120,0.320564,0.00976936,0.0055685,0.193495,120,0.222565,0.0110717,0.0110715,0.193495,120,0.222565,0.0110717,0.0110715,3,0.151376,0.104729,0.222565,1.22162,24.1032,0.142,0.02
0.384247,0.65093,0.384205,0.768494,1.30186,0.76841,Paar Δ=0°,1.15274,1.95279,1.15262,0.527625,0.957864,0.52752,0.530532,0.319238,0.530431,0.50109,0.315532,0.501,0.174291,120,0.326799,0.0112395,0.00663029,0.193557,120,0.223264,0.0110789,0.0110787,0.193557,120,0.223264,0.0110789,0.0110787,3,0.15142,0.104859,0.223264,1.22546,24.9639,0.143,0.02
0.390043,0.645068,0.389999,0.780087,1.29014,0.779998,Paar Δ=0°,1.17013,1.9352,1.17,0.536402,0.950317,0.536289,0.55053,0.31519,0.550414,0.518184,0.311907,0.518086,0.184776,120,0.333408,0.0123043,0.00808903,0.19362,120,0.223972,0.0110862,0.011086,0.19362,120,0.223972,0.0110862,0.011086,3,0.151465,0.10499,0.223972,1.22935,23.059,0.144,0.02
0.391618,0.637802,0.391571,0.783236,1.2756,0.783142,Paar Δ=0°,1.17485,1.9134,1.17471,0.540174,0.943878,0.540054,0.559586,0.303817,0.559463,0.526184,0.301539,0.526079,0.185737,120,0.340447,0.0126546,0.00920399,0.193683,120,0.22469,0.0110935,0.0110933,0.193683,120,0.22469,0.0110935,0.0110933,3,0.151509,0.105123,0.22469,1.23329,19.7731,0.145,0.02
0.391312,0.632133,0.391264,0.782623,1.26427,0.782527,Paar Δ=0°,1.17393,1.8964,1.17379,0.542493,0.941206,0.542369,0.563029,0.291359,0.562905,0.529507,0.290504,0.5294,0.181522,120,0.347985,0.0125995,0.00984887,0.193746,120,0.225418,0.0111009,0.0111007,0.193746,120,0.225418,0.0111009,0.0111007,3,0.151554,0.105256,0.225418,1.23728,16.5659,0.146,0.02
0.390739,0.628648,0.390692,0.781477,1.2573,0.781383,Paar Δ=0°,1.17222,1.88594,1.17207,0.545486,0.941815,0.545362,0.564981,0.280327,0.564851,0.531605,0.281253,0.531495,0.175506,120,0.356098,0.012416,0.010197,0.193809,120,0.226155,0.0111083,0.0111082,0.193809,120,0.226155,0.0111083,0.0111082,3,0.1516,0.105391,0.226155,1.24133,13.9378,0.147,0.02
0.390521,0.626951,0.390475,0.781043,1.2539,0.78095,Paar Δ=0°,1.17156,1.88085,1.17142,0.549829,0.944746,0.5497,0.567181,0.273393,0.567055,0.533948,0.274086,0.533836,0.169067,120,0.364881,0.0122323,0.0103991,0.193872,120,0.226902,0.0111158,0.0111158,0.193872,120,0.226902,0.0111158,0.0111158,3,0.151645,0.105528,0.226902,1.24543,11.8867,0.148,0.02
0.390843,0.626575,0.390798,0.781686,1.25315,0.781595,Paar Δ=0°,1.17253,1.87972,1.17239,0.555645,0.949413,0.55551,0.57025,0.273148,0.57012,0.537037,0.273588,0.536924,0.162592,120,0.374445,0.0120759,0.0105248,0.193936,120,0.227659,0.0111234,0.0111234,0.193936,120,0.227659,0.0111234,0.0111234,3,0.151692,0.105665,0.22766,1.24959,10.2915,0.149,0.02
0.391747,0.627186,0.3917,0.783493,1.25437,0.783401,Paar Δ=0°,1.17524,1.88156,1.1751,0.562949,0.95558,0.562807,0.574356,0.274837,0.574219,0.541021,0.278635,0.540906,0.156095,120,0.384926,0.0119502,0.0106145,0.193999,120,0.228427,0.011131,0.0111311,0.193999,120,0.228427,0.011131,0.0111311,3,0.151738,0.105804,0.228427,1.2538,9.03558,0.15,0.02
0.393246,0.628613,0.393198,0.786491,1.25723,0.786396,Paar Δ=0°,1.17974,1.88584,1.17959,0.571782,0.963245,0.571641,0.57956,0.278257,0.57942,0.545955,0.285226,0.545835,0.149464,120,0.396491,0.011861,0.0106894,0.194063,120,0.229205,0.0111387,0.0111388,0.194063,120,0.229205,0.0111387,0.0111388,3,0.151785,0.105944,0.229205,1.25807,8.03033,0.151,0.02
0.395361,0.630792,0.39531,0.790721,1.26158,0.790621,Paar Δ=0°,1.18608,1.89238,1.18593,0.582254,0.972556,0.582103,0.585916,0.28333,0.585771,0.551876,0.294012,0.551752,0.142532,120,0.409344,0.0117897,0.0107517,0.194127,120,0.229993,0.0111465,0.0111466,0.194127,120,0.229993,0.0111465,0.0111466,3,0.151832,0.106086,0.229993,1.2624,7.21202,0.152,0.02
0.398138,0.633745,0.398087,0.796276,1.26749,0.796173,Paar Δ=0°,1.19441,1.90124,1.19426,0.594542,0.983752,0.594376,0.593508,0.290061,0.593358,0.558852,0.304618,0.558722,0.135108,120,0.423744,0.01174,0.0108128,0.194191,120,0.230792,0.0111543,0.0111544,0.194191,120,0.230792,0.0111543,0.0111544,3,0.151879,0.106228,0.230793,1.26679,6.53534,0.153,0.02
0.401657,0.637557,0.401603,0.803315,1.27511,0.803205,Paar Δ=0°,1.20497,1.91267,1.20481,0.608917,0.997239,0.608742,0.60247,0.298579,0.602313,0.568616,0.317221,0.568478,0.128601,120,0.440016,0.0116982,0.0108745,0.194255,120,0.231602,0.0111621,0.0111623,0.194255,120,0.231602,0.0111621,0.0111623,3,0.151927,0.106372,0.231603,1.27123,6.63483,0.154,0.02
0.406026,0.642386,0.405968,0.812052,1.28477,0.811935,Paar Δ=0°,1.21808,1.92716,1.2179,0.62574,1.0135,0.625552,0.612994,0.309086,0.612828,0.579955,0.332983,0.579807,0.121377,120,0.458578,0.0116657,0.0109353,0.194319,120,0.232423,0.01117,0.0111703,0.194319,120,0.232423,0.01117,0.0111703,3,0.151975,0.106518,0.232424,1.27574,7.14127,0.155,0.02
0.411407,0.648455,0.411344,0.822814,1.29691,0.822688,Paar Δ=0°,1.23422,1.94536,1.23403,0.645554,1.03324,0.645348,0.625358,0.321937,0.625181,0.593117,0.351799,0.592958,0.113147,120,0.47997,0.0116387,0.0109958,0.194383,120,0.233256,0.011178,0.0111783,0.194383,120,0.233256,0.011178,0.0111783,3,0.152023,0.106665,0.233256,1.28031,7.73117,0.156,0.02
0.418025,0.656087,0.417957,0.83605,1.31217,0.835914,Paar Δ=0°,1.25407,1.96826,1.25387,0.66903,1.05736,0.668804,0.639936,0.337594,0.639748,0.608522,0.374364,0.60835,0.103617,120,0.504905,0.011615,0.0110612,0.194447,120,0.234099,0.0111861,0.0111864,0.194447,120,0.234099,0.0111861,0.0111864,3,0.152072,0.106813,0.234099,1.28494,8.42551,0.157,0.02
0.426184,0.665711,0.42611,0.852368,1.33142,0.852219,Paar Δ=0°,1.27855,1.99713,1.27833,0.6971,1.08708,0.696849,0.657211,0.356726,0.657009,0.62852,0.402673,0.628325,0.0941974,120,0.534322,0.0115743,0.0111209,0.194512,120,0.234954,0.0111942,0.0111946,0.194512,120,0.234954,0.0111942,0.0111946,3,0.152121,0.106962,0.234954,1.28963,9.25212,0.158,0.02
0.436298,0.677922,0.436215,0.872596,1.35584,0.872431,Paar Δ=0°,1.30889,2.03377,1.30865,0.731032,1.12405,0.730751,0.679305,0.380212,0.679078,0.654493,0.437395,0.65427,0.0850244,120,0.569469,0.0115212,0.0111839,0.194576,120,0.235821,0.0112024,0.0112028,0.194576,120,0.235821,0.0112024,0.0112028,3,0.152171,0.107113,0.235821,1.29439,10.2482,0.159,0.02
0.448935,0.693531,0.448841,0.897869,1.38706,0.897683,Paar Δ=0°,1.3468,2.08059,1.34652,0.772487,1.17048,0.772171,0.706782,0.40929,0.706534,0.688232,0.48028,0.687975,0.0762423,120,0.611989,0.0114483,0.011257,0.19464,120,0.2367,0.0112106,0.0112111,0.19464,120,0.2367,0.0112106,0.0112111,3,0.152221,0.107265,0.2367,1.29921,11.4633,0.16,0.02
0.464837,0.713614,0.464731,0.929674,1.42723,0.929461,Paar Δ=0°,1.39451,2.14084,1.39419,0.823587,1.22927,0.823226,0.740113,0.445504,0.739836,0.732108,0.535413,0.731811,0.0681297,120,0.663978,0.0113222,0.0113161,0.194705,120,0.237591,0.0112189,0.0112195,0.194705,120,0.237591,0.0112189,0.0112195,3,0.152271,0.107419,0.237591,1.3041,12.9616,0.161,0.02
0.484913,0.73948,0.484789,0.969825,1.47896,0.969578,Paar Δ=0°,1.45474,2.21844,1.45437,0.8868,1.30401,0.88638,0.780591,0.49072,0.780285,0.7889,0.604648,0.788531,0.0774757,100,0.72784,0.0111263,0.0113919,0.194769,120,0.238494,0.0112273,0.0112279,0.194769,120,0.238494,0.0112273,0.0112279,3,0.152321,0.107574,0.238494,1.30906,14.8192,0.162,0.02
0.51003,0.772482,0.509887,1.02006,1.54496,1.01977,Paar Δ=0°,1.53009,2.31744,1.52966,0.964113,1.39819,0.963626,0.828938,0.546546,0.828594,0.859968,0.691237,0.859519,0.112486,100,0.805427,0.0108103,0.0114541,0.194834,120,0.23941,0.0112358,0.0112365,0.194834,120,0.23941,0.0112358,0.0112365,3,0.152372,0.10773,0.23941,1.31409,17.1027,0.163,0.02
0.540159,0.812903,0.539991,1.08032,1.62581,1.07998,Paar Δ=0°,1.62048,2.43871,1.61997,1.0541,1.5123,1.05353,0.883393,0.612446,0.883002,0.944477,0.797066,0.943947,0.158084,100,0.895128,0.0103239,0.0115096,0.194898,120,0.240339,0.0112443,0.011245,0.194898,120,0.240339,0.0112443,0.011245,3,0.152423,0.107888,0.240339,1.31918,19.7916,0.164,0.02
0.572243,0.857288,0.572049,1.14449,1.71458,1.1441,Paar Δ=0°,1.71673,2.57187,1.71615,1.14888,1.63612,1.14831,0.934982,0.697592,0.934539,1.0297,0.910577,1.02905,0.210352,100,0.984766,0.00958257,0.0115683,0.194963,120,0.24128,0.0112529,0.0112537,0.194963,120,0.24128,0.0112529,0.0112537,3,0.152475,0.108047,0.24128,1.32435,22.5814,0.165,0.02
0.597248,0.894666,0.597035,1.1945,1.78933,1.19407,Paar Δ=0°,1.79174,2.684,1.79111,1.2258,1.73825,1.22515,0.962122,0.7789,0.961636,1.08616,1.00449,1.08544,0.258542,100,1.04304,0.00855192,0.011577,0.195027,120,0.242235,0.0112615,0.0112624,0.195027,120,0.242235,0.0112615,0.0112624,3,0.152527,0.108208,0.242235,1.32959,24.6306,0.166,0.02
0.602972,0.909694,0.602749,1.20594,1.81939,1.2055,Paar Δ=0°,1.80892,2.72908,1.80825,1.24234,1.77539,1.24167,0.939878,0.82069,0.939388,1.07458,1.03583,1.07388,0.282673,100,1.03147,0.00736796,0.0115303,0.227043,120,3.09815e-16,0.0114861,0.0114806,0.195091,120,0.243203,0.0112702,0.0112712,2,0.152579,0.10837,0.243203,1.12554,24.8465,0.167,0.02
0.586804,0.898232,0.586598,1.17361,1.79646,1.1732,Paar Δ=0°,1.76041,2.6947,1.75979,1.20115,1.73668,1.20045,0.869441,0.811511,0.868979,0.992537,0.994477,0.991875,0.27568,100,0.947501,0.00635866,0.0114561,0.227239,120,3.10078e-16,0.0114961,0.0114905,0.195155,120,0.244185,0.011279,0.0112801,2,0.152632,0.108534,0.244185,1.12724,23.059,0.168,0.02
0.559198,0.871625,0.558989,1.1184,1.74325,1.11798,Paar Δ=0°,1.67759,2.61488,1.67697,1.12144,1.6556,1.1208,0.78175,0.770554,0.781292,0.881316,0.913313,0.880721,0.251966,100,0.830381,0.00564646,0.0113859,0.227436,120,3.10343e-16,0.0115061,0.0115004,0.195219,120,0.245181,0.0112879,0.011289,2,0.152685,0.108699,0.245181,1.12895,20.2605,0.169,0.02
0.532984,0.842241,0.532795,1.06597,1.68448,1.06559,Paar Δ=0°,1.59895,2.52672,1.59839,1.03377,1.56799,1.03319,0.70435,0.721434,0.703931,0.775061,0.829327,0.774581,0.224504,100,0.716507,0.00520028,0.0113536,0.227635,120,3.10611e-16,0.0115163,0.0115104,0.195283,120,0.24619,0.011297,0.011298,2,0.152738,0.108865,0.24619,1.13068,17.4307,0.17,0.02
0.509651,0.815893,0.509477,1.0193,1.63179,1.01895,Paar Δ=0°,1.52895,2.44768,1.52843,0.955447,1.49037,0.954938,0.639761,0.676262,0.63939,0.689969,0.755243,0.689555,0.200436,100,0.620389,0.00493604,0.0113718,0.227836,120,3.1088e-16,0.0115265,0.0115205,0.195347,120,0.247214,0.0113062,0.0113071,2,0.152791,0.109034,0.247214,1.13243,14.988,0.171,0.02
0.490547,0.793859,0.490389,0.981094,1.58772,0.980778,Paar Δ=0°,1.47164,2.38158,1.47117,0.89046,1.42615,0.890014,0.589158,0.638453,0.588831,0.629694,0.695998,0.62942,0.183968,100,0.543319,0.0052567,0.011452,0.228039,120,3.11152e-16,0.0115368,0.0115307,0.195411,120,0.248253,0.0113154,0.0113162,2,0.152845,0.109203,0.248253,1.13419,12.9946,0.172,0.02
0.475391,0.775778,0.475248,0.950782,1.55156,0.950495,Paar Δ=0°,1.42617,2.32733,1.42574,0.837688,1.37406,0.837274,0.5505,0.607835,0.550209,0.596535,0.648506,0.596295,0.178387,100,0.482323,0.00557221,0.0115663,0.228243,120,3.11426e-16,0.0115472,0.011541,0.195474,120,0.249307,0.0113248,0.0113255,2,0.1529,0.109374,0.249307,1.13597,11.39,0.173,0.02
0.463495,0.760875,0.463362,0.926991,1.52175,0.926724,Paar Δ=0°,1.39049,2.28262,1.39009,0.794904,1.33175,0.794545,0.521294,0.583263,0.521028,0.571833,0.611766,0.571616,0.164157,102,0.433918,0.00586999,0.0117274,0.228449,120,3.11703e-16,0.0115577,0.0115514,0.195537,120,0.250375,0.0113342,0.0113348,2,0.152955,0.109547,0.250376,1.13776,10.0937,0.174,0.02
0.454205,0.748448,0.454086,0.908409,1.4969,0.908172,Paar Δ=0°,1.36261,2.24534,1.36226,0.759992,1.29707,0.759666,0.499401,0.563571,0.49915,0.553669,0.58239,0.553465,0.16054,102,0.395184,0.00614462,0.0119162,0.228656,120,3.11982e-16,0.0115683,0.0115618,0.1956,120,0.25146,0.0113436,0.0113441,2,0.15301,0.109721,0.25146,1.13957,9.03558,0.175,0.02
0.447,0.737911,0.446888,0.894,1.47582,0.893776,Paar Δ=0°,1.341,2.21373,1.34066,0.731276,1.26829,0.730962,0.483211,0.547767,0.482978,0.540559,0.559767,0.540369,0.176675,120,0.363884,0.00640616,0.0121454,0.228866,120,3.12263e-16,0.0115789,0.0115723,0.195663,120,0.252559,0.0113531,0.0113535,2,0.153065,0.109897,0.25256,1.14139,8.16123,0.176,0.02
0.441486,0.728818,0.441372,0.882972,1.45764,0.882744,Paar Δ=0°,1.32446,2.18645,1.32412,0.707417,1.24405,0.707124,0.471501,0.535079,0.471277,0.531414,0.541618,0.531239,0.193064,120,0.33835,0.00667594,0.0123996,0.229077,120,3.12546e-16,0.0115897,0.011583,0.195725,120,0.253675,0.0113626,0.0113629,2,0.153121,0.110074,0.253676,1.14323,7.42967,0.177,0.02
0.437356,0.720828,0.437251,0.874712,1.44166,0.874502,Paar Δ=0°,1.31207,2.16248,1.31175,0.687447,1.22339,0.687179,0.463383,0.52495,0.463168,0.52544,0.527905,0.525268,0.208093,120,0.317348,0.00694683,0.0126833,0.229291,120,3.12832e-16,0.0116005,0.0115937,0.195787,120,0.254808,0.0113723,0.0113725,2,0.153177,0.110253,0.254808,1.14509,6.81033,0.178,0.02
0.43441,0.713677,0.434309,0.868821,1.42735,0.868618,Paar Δ=0°,1.30323,2.14103,1.30293,0.670672,1.20552,0.670407,0.458204,0.516913,0.457997,0.522048,0.517057,0.521885,0.222099,120,0.29995,0.00723099,0.0130002,0.229506,120,3.1312e-16,0.0116115,0.0116045,0.195849,120,0.255956,0.011382,0.0113821,2,0.153233,0.110434,0.255957,1.14697,6.28029,0.179,0.02
0.432494,0.707171,0.432395,0.864989,1.41434,0.86479,Paar Δ=0°,1.29748,2.12151,1.29719,0.656514,1.18986,0.656255,0.455488,0.510649,0.455285,0.520796,0.509432,0.520643,0.235334,120,0.285462,0.00751753,0.0133501,0.229723,120,3.13411e-16,0.0116225,0.0116154,0.195911,120,0.257122,0.0113918,0.0113917,2,0.15329,0.110616,0.257122,1.14886,5.82221,0.18,0.02
0.431511,0.701148,0.431407,0.863021,1.4023,0.862814,Paar Δ=0°,1.29453,2.10344,1.29422,0.644584,1.17595,0.644335,0.454887,0.50592,0.454687,0.52138,0.503781,0.521229,0.248032,120,0.273349,0.00782526,0.0137345,0.229941,120,3.13704e-16,0.0116336,0.0116264,0.195972,120,0.258305,0.0114016,0.0114016,2,0.153347,0.110799,0.258305,1.15077,5.4228,0.181,0.02
0.431391,0.69549,0.431288,0.862782,1.39098,0.862575,Paar Δ=0°,1.29417,2.08647,1.29386,0.634585,1.16342,0.63435,0.456156,0.502549,0.455957,0.523579,0.500783,0.523427,0.260382,120,0.263198,0.00814523,0.0141576,0.230162,120,3.13999e-16,0.0116449,0.0116375,0.196032,120,0.259506,0.0114116,0.0114116,2,0.153405,0.110985,0.259506,1.15269,5.69491,0.182,0.02
0.432102,0.690111,0.432003,0.864204,1.38022,0.864006,Paar Δ=0°,1.29631,2.07033,1.29601,0.626305,1.15197,0.626082,0.459891,0.500408,0.459822,0.527237,0.499306,0.52709,0.272552,120,0.254684,0.00848308,0.0146235,0.230384,120,3.14297e-16,0.0116562,0.0116486,0.196093,120,0.260724,0.0114216,0.0114218,2,0.153463,0.111172,0.260724,1.15463,5.99781,0.183,0.02
0.433654,0.684961,0.433547,0.867308,1.36992,0.867094,Paar Δ=0°,1.30096,2.05488,1.30064,0.619628,1.14136,0.619402,0.465294,0.499413,0.465229,0.532278,0.500335,0.532126,0.284727,120,0.247551,0.00884262,0.0151451,0.230608,120,3.14598e-16,0.0116676,0.0116599,0.196152,120,0.261961,0.0114317,0.011432,2,0.153521,0.11136,0.261961,1.15659,6.33553,0.184,0.02
0.436066,0.680035,0.435962,0.872131,1.36007,0.871924,Paar Δ=0°,1.3082,2.0401,1.30789,0.614458,1.1314,0.614232,0.471947,0.499515,0.471884,0.538655,0.502825,0.538503,0.297061,120,0.241594,0.00923004,0.0157231,0.230834,120,3.149e-16,0.0116791,0.0116713,0.196212,120,0.263216,0.0114418,0.0114423,2,0.15358,0.111551,0.263216,1.15857,6.71417,0.185,0.02
0.4394,0.675393,0.439291,0.8788,1.35079,0.878583,Paar Δ=0°,1.3182,2.02618,1.31787,0.61079,1.1219,0.610574,0.47974,0.500701,0.479677,0.546405,0.507857,0.546244,0.309763,120,0.236642,0.00964523,0.0163683,0.231062,120,3.15206e-16,0.0116907,0.0116827,0.196271,120,0.26449,0.0114521,0.0114527,2,0.153639,0.111743,0.26449,1.16057,7.14127,0.186,0.02
0.443747,0.671203,0.443635,0.887495,1.34241,0.887271,Paar Δ=0°,1.33124,2.01361,1.33091,0.608678,1.11275,0.608465,0.488604,0.502987,0.488537,0.555591,0.514682,0.555432,0.32303,120,0.232561,0.0100913,0.017098,0.231292,120,3.15514e-16,0.0117024,0.0116943,0.196329,120,0.265783,0.0114624,0.0114632,2,0.153698,0.111937,0.265783,1.16258,7.62625,0.187,0.02
0.449233,0.667788,0.449121,0.898465,1.33558,0.898242,Paar Δ=0°,1.3477,2.00336,1.34736,0.608245,1.10384,0.608027,0.498526,0.50643,0.49845,0.566367,0.523439,0.566189,0.33713,120,0.229236,0.0105707,0.0179209,0.231524,120,3.15824e-16,0.0117142,0.0117059,0.196387,120,0.267096,0.0114728,0.0114737,2,0.153758,0.112132,0.267097,1.16461,8.18091,0.188,0.02
0.456039,0.665675,0.455922,0.912079,1.33135,0.911845,Paar Δ=0°,1.36812,1.99702,1.36777,0.609686,1.09516,0.609458,0.511758,0.51111,0.511525,0.578913,0.534429,0.578727,0.352339,120,0.226574,0.011085,0.0188629,0.231757,120,3.16137e-16,0.0117261,0.0117177,0.196444,120,0.26843,0.0114833,0.0114844,2,0.153818,0.112329,0.26843,1.16666,8.82021,0.189,0.02
0.464397,0.665619,0.464275,0.928793,1.33124,0.92855,Paar Δ=0°,1.39319,1.99686,1.39282,0.613297,1.08677,0.613073,0.527436,0.517129,0.527194,0.593512,0.548052,0.593316,0.369018,120,0.224494,0.0116386,0.0199408,0.231993,120,3.16453e-16,0.0117381,0.0117295,0.1965,120,0.269784,0.0114939,0.0114951,2,0.153879,0.112528,0.269784,1.16872,9.56316,0.19,0.02
0.474616,0.668541,0.47448,0.949231,1.33708,0.94896,Paar Δ=0°,1.42385,2.00562,1.42344,0.619497,1.07897,0.619276,0.545853,0.524659,0.545596,0.610534,0.564826,0.610318,0.387605,120,0.22293,0.0122228,0.0211901,0.232231,120,3.16771e-16,0.0117502,0.0117415,0.196556,120,0.271158,0.0115044,0.0115059,2,0.153939,0.112729,0.271159,1.17081,10.434,0.191,0.02
0.487071,0.675474,0.48693,0.974142,1.35095,0.973861,Paar Δ=0°,1.46121,2.02642,1.46079,0.628867,1.07241,0.628636,0.567494,0.543655,0.567211,0.630425,0.585421,0.630202,0.408601,120,0.221824,0.0128281,0.0226367,0.232471,120,3.17092e-16,0.0117624,0.0117535,0.196611,120,0.272555,0.011515,0.0115167,2,0.154001,0.112931,0.272555,1.17291,11.4633,0.192,0.02
0.502255,0.68755,0.502095,1.00451,1.3751,1.00419,Paar Δ=0°,1.50677,2.06265,1.50628,0.642133,1.06841,0.641894,0.592931,0.571488,0.592624,0.65374,0.610657,0.653489,0.432613,120,0.221126,0.013421,0.0243172,0.232712,120,3.17415e-16,0.0117747,0.0117656,0.196665,120,0.273973,0.0115257,0.0115275,2,0.154062,0.113135,0.273973,1.17503,12.6891,0.193,0.02
0.520704,0.706051,0.52053,1.04141,1.4121,1.04106,Paar Δ=0°,1.56211,2.11815,1.56159,0.660205,1.06933,0.659932,0.622725,0.605948,0.622399,0.681015,0.641449,0.680736,0.460219,120,0.220796,0.0151594,0.0262547,0.232956,120,3.17741e-16,0.0117871,0.0117779,0.196718,120,0.275413,0.0115365,0.0115385,2,0.154124,0.113342,0.275413,1.17717,14.1553,0.194,0.02
0.54293,0.732418,0.542748,1.08586,1.46484,1.0855,Paar Δ=0°,1.62879,2.19726,1.62824,0.683993,1.07881,0.683714,0.65719,0.64817,0.656836,0.712595,0.678659,0.712275,0.491801,120,0.220794,0.018127,0.02844,0.233202,120,3.1807e-16,0.0117997,0.0117902,0.196771,120,0.276876,0.0115474,0.0115496,2,0.154186,0.113549,0.276876,1.17933,15.9054,0.195,0.02
0.569111,0.768035,0.568904,1.13822,1.53607,1.13781,Paar Δ=0°,1.70733,2.3041,1.70671,0.714097,1.10141,0.713788,0.695749,0.69871,0.695334,0.748021,0.722434,0.747683,0.526932,120,0.22109,0.0218811,0.030769,0.23345,120,3.18401e-16,0.0118123,0.0118027,0.196823,120,0.278362,0.0115583,0.0115607,2,0.154249,0.113759,0.278362,1.18151,17.9604,0.196,0.02
0.598325,0.81348,0.59809,1.19665,1.62696,1.19618,Paar Δ=0°,1.79497,2.44044,1.79427,0.74974,1.14103,0.749403,0.735474,0.756005,0.735021,0.78662,0.770947,0.786313,0.564966,120,0.221654,0.0263718,0.0329257,0.2337,120,3.18736e-16,0.011825,0.0118152,0.196874,120,0.279872,0.0115693,0.011572,2,0.154312,0.113971,0.279872,1.1837,20.2646,0.197,0.02
0.627213,0.866634,0.626972,1.25443,1.73327,1.25394,Paar Δ=0°,1.88164,2.5999,1.88091,0.78691,1.19796,0.786549,0.784204,0.813719,0.783835,0.831561,0.817932,0.831213,0.609099,120,0.222462,0.0311588,0.034216,0.233952,120,3.19073e-16,0.0118379,0.0118279,0.196924,120,0.281407,0.0115804,0.0115833,2,0.154376,0.114184,0.281407,1.18592,22.5814,0.198,0.02
0.648813,0.9202,0.648557,1.29763,1.8404,1.29711,Paar Δ=0°,1.94644,2.7606,1.94567,0.816525,1.26494,0.816139,0.826441,0.858143,0.826002,0.865216,0.850709,0.864834,0.641725,120,0.223491,0.0351824,0.0335394,0.234207,120,3.19412e-16,0.0118508,0.0118406,0.196972,120,0.282966,0.0115916,0.0115947,2,0.154439,0.114399,0.282966,1.18816,24.3911,0.199,0.02
0.654499,0.961976,0.654236,1.309,1.92395,1.30847,Paar Δ=0°,1.9635,2.88593,1.96271,0.826761,1.32632,0.826384,0.841062,0.87201,0.840583,0.873673,0.854112,0.873248,0.64895,120,0.224722,0.0369743,0.0300062,0.234463,120,3.19755e-16,0.0118639,0.0118535,0.19702,120,0.28455,0.0116028,0.0116062,2,0.154504,0.114617,0.28455,1.19041,25.02,0.2,0.02
0.640834,0.982361,0.640586,1.28167,1.96472,1.28117,Paar Δ=0°,1.9225,2.94708,1.92176,0.812219,1.36672,0.811852,0.820054,0.848003,0.819597,0.850204,0.822904,0.849797,0.624067,120,0.226137,0.0357612,0.0240844,0.234721,120,3.201e-16,0.011877,0.0118665,0.197067,120,0.28616,0.0116141,0.0116178,2,0.154568,0.114836,0.28616,1.19269,24.1559,0.201,0.02
0.613404,0.982111,0.61317,1.22681,1.96422,1.22634,Paar Δ=0°,1.84021,2.94633,1.83951,0.77947,1.38256,0.779143,0.772057,0.79674,0.771597,0.803092,0.76823,0.802687,0.575373,120,0.227719,0.0322925,0.0213392,0.234982,120,3.20448e-16,0.0118903,0.0118796,0.197113,120,0.287797,0.0116256,0.0116295,2,0.154633,0.115057,0.287797,1.19498,22.1793,0.202,0.02
0.581241,0.969377,0.581037,1.16248,1.93875,1.16207,Paar Δ=0°,1.74372,2.90813,1.74311,0.740078,1.38098,0.739792,0.713439,0.735998,0.713034,0.747298,0.706925,0.746925,0.517843,120,0.229454,0.0280266,0.0200078,0.235245,120,3.20799e-16,0.0119037,0.0118927,0.197157,120,0.28946,0.0116369,0.0116412,2,0.154698,0.11528,0.289461,1.1973,19.7731,0.203,0.02
0.550563,0.951909,0.550382,1.10113,1.90382,1.10076,Paar Δ=0°,1.65169,2.85573,1.65115,0.702191,1.37082,0.701923,0.65641,0.678175,0.656035,0.693746,0.650215,0.693398,0.462416,120,0.23133,0.0239994,0.0179517,0.235509,120,3.21153e-16,0.0119172,0.011906,0.1972,120,0.291152,0.0116484,0.0116529,2,0.154764,0.115505,0.291152,1.19964,17.4307,0.204,0.02
0.523858,0.934187,0.523699,1.04772,1.86837,1.0474,Paar Δ=0°,1.57157,2.80256,1.5711,0.669097,1.35793,0.66887,0.606313,0.628293,0.605964,0.647088,0.602276,0.646794,0.413755,120,0.233334,0.0206186,0.0157764,0.235777,120,3.2151e-16,0.0119308,0.0119194,0.197242,120,0.292871,0.0116599,0.0116647,2,0.15483,0.115732,0.292872,1.202,15.3632,0.205,0.02
0.501466,0.918092,0.501334,1.00293,1.83618,1.00267,Paar Δ=0°,1.5044,2.75428,1.504,0.641322,1.34516,0.641112,0.564262,0.587103,0.563954,0.608187,0.563391,0.607917,0.372733,120,0.235454,0.0179155,0.0137548,0.236046,120,3.21869e-16,0.0119445,0.0119329,0.197282,120,0.29462,0.0116715,0.0116766,2,0.154897,0.115961,0.29462,1.20437,13.6119,0.206,0.02
0.482916,0.904151,0.482792,0.965831,1.8083,0.965585,Paar Δ=0°,1.44875,2.71245,1.44838,0.618253,1.3337,0.618065,0.529612,0.553646,0.529332,0.576299,0.532396,0.576053,0.338616,120,0.237683,0.0157924,0.0119772,0.236318,120,3.22232e-16,0.0119583,0.0119466,0.197321,120,0.296398,0.0116831,0.0116886,2,0.154963,0.116192,0.296398,1.20677,12.1488,0.207,0.02
0.467526,0.892325,0.46742,0.935053,1.78465,0.934839,Paar Δ=0°,1.40258,2.67697,1.40226,0.59905,1.32388,0.598878,0.501212,0.526602,0.500953,0.550283,0.507861,0.550057,0.310273,120,0.24001,0.0141296,0.0104463,0.236592,120,3.22597e-16,0.0119723,0.0119603,0.197358,120,0.298207,0.0116949,0.0117007,2,0.155031,0.116425,0.298207,1.20919,10.9274,0.208,0.02
0.454679,0.882392,0.454581,0.909357,1.76478,0.909161,Paar Δ=0°,1.36404,2.64718,1.36374,0.582914,1.31571,0.582756,0.477923,0.504735,0.477681,0.529044,0.488481,0.528825,0.286618,120,0.242426,0.0128175,0.00914186,0.236868,120,3.22966e-16,0.0119863,0.0119742,0.197394,120,0.300046,0.0117067,0.0117129,2,0.155098,0.11666,0.300046,1.21164,9.90244,0.209,0.02
0.443849,0.874076,0.443762,0.887697,1.74815,0.887525,Paar Δ=0°,1.33155,2.62223,1.33129,0.569176,1.30903,0.569032,0.45876,0.486984,0.458538,0.511632,0.473202,0.511429,0.266706,120,0.244926,0.0117764,0.00802787,0.237147,120,3.23338e-16,0.0120005,0.0119882,0.197428,120,0.301917,0.0117188,0.0117252,2,0.155166,0.116897,0.301918,1.2141,9.03558,0.21,0.02
0.434634,0.867124,0.434554,0.869267,1.73425,0.869108,Paar Δ=0°,1.3039,2.60137,1.30366,0.557322,1.30369,0.557185,0.442947,0.472535,0.442735,0.497299,0.46117,0.497115,0.249799,120,0.2475,0.010939,0.00707531,0.237428,120,3.23712e-16,0.0120148,0.0120023,0.197461,120,0.303821,0.0117313,0.0117375,2,0.155235,0.117137,0.303821,1.21659,8.29608,0.211,0.02
0.42671,0.861338,0.426634,0.853421,1.72268,0.853269,Paar Δ=0°,1.28013,2.58402,1.2799,0.546937,1.29952,0.546808,0.429848,0.460746,0.429645,0.485462,0.451758,0.485287,0.235318,120,0.250144,0.0102593,0.00625881,0.237711,120,3.2409e-16,0.0120293,0.0120165,0.197492,120,0.305758,0.0117438,0.01175,2,0.155303,0.117378,0.305759,1.21909,7.65973,0.212,0.02
0.419825,0.856525,0.419756,0.839649,1.71305,0.839512,Paar Δ=0°,1.25947,2.56958,1.25927,0.537704,1.29638,0.537584,0.41898,0.451112,0.418789,0.475644,0.444446,0.475482,0.222792,120,0.252852,0.00970345,0.0055554,0.237997,120,3.24471e-16,0.0120438,0.0120308,0.197521,120,0.30773,0.0117563,0.0117624,2,0.155372,0.117622,0.30773,1.22162,7.10755,0.213,0.02
0.413785,0.852545,0.413722,0.827571,1.70509,0.827444,Paar Δ=0°,1.24136,2.55764,1.24117,0.529376,1.29415,0.529262,0.411781,0.443242,0.411693,0.46748,0.438847,0.467329,0.211863,120,0.255617,0.00924209,0.00494702,0.238285,120,3.24854e-16,0.0120585,0.0120452,0.197547,120,0.309736,0.0117689,0.0117748,2,0.155442,0.117868,0.309736,1.22418,6.62468,0.214,0.02
0.408439,0.849281,0.408379,0.816877,1.69856,0.816758,Paar Δ=0°,1.22532,2.54784,1.22514,0.521753,1.29273,0.521643,0.410456,0.436833,0.410376,0.460681,0.434656,0.460537,0.202244,120,0.258437,0.00885922,0.00441906,0.238576,120,3.25242e-16,0.0120733,0.0120598,0.197572,120,0.311778,0.0117816,0.0117874,2,0.155512,0.118115,0.311778,1.22675,6.19935,0.215,0.02
0.403661,0.846638,0.403604,0.807321,1.69328,0.807207,Paar Δ=0°,1.21098,2.53991,1.21081,0.514675,1.29204,0.514569,0.409825,0.431653,0.409752,0.45501,0.431636,0.454872,0.193704,120,0.261306,0.00853592,0.00395972,0.238869,120,3.25632e-16,0.0120882,0.0120745,0.197595,120,0.313857,0.0117943,0.0118001,2,0.155582,0.118366,0.313857,1.22935,5.82221,0.216,0.02
0.39935,0.844541,0.399298,0.7987,1.68908,0.798595,Paar Δ=0°,1.19805,2.53362,1.19789,0.508012,1.29203,0.507913,0.409736,0.427502,0.40967,0.450277,0.429607,0.450145,0.186056,120,0.264221,0.00826174,0.00409346,0.239164,120,3.26025e-16,0.0121033,0.0120893,0.197615,120,0.315973,0.0118072,0.0118134,2,0.155653,0.118618,0.315973,1.23197,5.48576,0.217,0.02
0.395432,0.842935,0.395381,0.790863,1.68587,0.790762,Paar Δ=0°,1.18629,2.5288,1.18614,0.503541,1.29263,0.503461,0.410068,0.424229,0.410008,0.446328,0.428412,0.446208,0.179149,120,0.267178,0.00802806,0.00425128,0.239462,120,3.26422e-16,0.0121184,0.0121042,0.197634,120,0.318128,0.0118201,0.0118268,2,0.155724,0.118873,0.318128,1.23462,5.18393,0.218,0.02
0.391835,0.841756,0.391788,0.783671,1.68351,0.783576,Paar Δ=0°,1.17551,2.52527,1.17536,0.500314,1.29381,0.500239,0.410723,0.421711,0.410668,0.44304,0.427934,0.442924,0.172864,120,0.270177,0.00782616,0.00439498,0.239762,120,3.26822e-16,0.0121337,0.0121192,0.19765,120,0.320323,0.0118331,0.0118403,2,0.155795,0.11913,0.320323,1.23728,4.91177,0.219,0.02
0.388508,0.840979,0.388463,0.777016,1.68196,0.776927,Paar Δ=0°,1.16552,2.52294,1.16539,0.497245,1.29556,0.497172,0.411618,0.41985,0.411569,0.440298,0.428095,0.44019,0.167085,120,0.273213,0.00765027,0.00452398,0.240065,120,3.27225e-16,0.0121491,0.0121344,0.197663,120,0.322558,0.0118462,0.0118539,2,0.155867,0.119389,0.322558,1.23998,4.66521,0.22,0.02
0.385403,0.840562,0.385361,0.770806,1.68112,0.770721,Paar Δ=0°,1.15621,2.52169,1.15608,0.494335,1.29784,0.494264,0.412685,0.418574,0.412645,0.438022,0.428807,0.437918,0.161735,120,0.276286,0.00749537,0.00463745,0.240371,120,3.27631e-16,0.0121647,0.0121497,0.197674,120,0.324835,0.0118592,0.0118675,2,0.15594,0.11965,0.324836,1.24269,4.51982,0.221,0.02
0.382483,0.840486,0.382444,0.764966,1.68097,0.764887,Paar Δ=0°,1.14745,2.52146,1.14733,0.491595,1.30064,0.491528,0.413872,0.417812,0.413837,0.436123,0.430027,0.436028,0.156729,120,0.279395,0.00735727,0.00473458,0.240679,120,3.28041e-16,0.0121804,0.0121652,0.197682,120,0.327155,0.0118723,0.0118811,2,0.156012,0.119914,0.327155,1.24543,4.66672,0.222,0.02
0.379715,0.840728,0.379677,0.75943,1.68146,0.759353,Paar Δ=0°,1.13914,2.52219,1.13903,0.489057,1.30399,0.488992,0.415131,0.417509,0.415103,0.434547,0.43171,0.434453,0.152009,120,0.282538,0.00723206,0.00481587,0.24099,120,3.28455e-16,0.0121962,0.0121807,0.197688,120,0.329519,0.0118854,0.0118948,2,0.156085,0.12018,0.329519,1.2482,4.82402,0.223,0.02
0.377072,0.84128,0.377036,0.754143,1.68256,0.754072,Paar Δ=0°,1.13121,2.52384,1.13111,0.486762,1.30785,0.4867,0.416431,0.417631,0.416413,0.433228,0.433821,0.43314,0.147512,120,0.285715,0.00711712,0.00487976,0.241303,120,3.28871e-16,0.0122121,0.0121964,0.19769,120,0.331928,0.0118986,0.0119087,2,0.156159,0.120449,0.331928,1.25099,4.99286,0.224,0.02
0.37453,0.842124,0.374497,0.749061,1.68425,0.748995,Paar Δ=0°,1.12359,2.52637,1.12349,0.484778,1.31227,0.48472,0.417788,0.418139,0.417776,0.432116,0.436343,0.432035,0.143189,120,0.288927,0.00701033,0.00492684,0.241619,120,3.29291e-16,0.0122282,0.0122122,0.197689,120,0.334384,0.0119119,0.0119226,2,0.156233,0.12072,0.334384,1.2538,5.1745,0.225,0.02
0.372077,0.843267,0.372045,0.744153,1.68653,0.74409,Paar Δ=0°,1.11623,2.5298,1.11613,0.483199,1.31723,0.483144,0.419214,0.419009,0.419201,0.431168,0.439262,0.431093,0.138995,120,0.292173,0.00690749,0.00495554,0.241938,120,3.29715e-16,0.0122445,0.0122282,0.197686,120,0.336887,0.0119253,0.0119367,2,0.156307,0.120993,0.336887,1.25664,5.37043,0.226,0.02
0.369697,0.844692,0.369667,0.739394,1.68938,0.739334,Paar Δ=0°,1.10909,2.53408,1.109,0.482158,1.32281,0.482106,0.420602,0.420217,0.420589,0.430346,0.442574,0.430276,0.134891,120,0.295455,0.00680836,0.00496527,0.242259,120,3.30142e-16,0.0122609,0.0122443,0.19768,120,0.339439,0.0119388,0.0119509,2,0.156381,0.121269,0.339439,1.25951,5.58235,0.227,0.02
0.367391,0.846423,0.367362,0.734781,1.69285,0.734725,Paar Δ=0°,1.10217,2.53927,1.10209,0.481825,1.32899,0.481777,0.421875,0.423031,0.421861,0.429613,0.44628,0.429549,0.130841,120,0.298772,0.00670898,0.00495547,0.242583,120,3.30573e-16,0.0122774,0.0122605,0.19767,120,0.342041,0.0119521,0.0119649,2,0.156456,0.121548,0.342041,1.2624,5.81224,0.228,0.02
0.365164,0.848444,0.365138,0.730329,1.69689,0.730276,Paar Δ=0°,1.09549,2.54533,1.09541,0.482424,1.33587,0.482378,0.422984,0.429542,0.422969,0.428949,0.450387,0.428891,0.126822,120,0.302127,0.00661,0.00492449,0.24291,120,3.31007e-16,0.012294,0.0122768,0.197657,120,0.344696,0.0119654,0.011979,2,0.156532,0.121829,0.344696,1.26532,6.0624,0.229,0.02
0.363044,0.850788,0.363019,0.726087,1.70158,0.726037,Paar Δ=0°,1.08913,2.55236,1.08906,0.484217,1.34345,0.484173,0.423904,0.436305,0.423889,0.428333,0.45492,0.428283,0.122813,120,0.30552,0.00650762,0.00487071,0.24324,120,3.31445e-16,0.0123108,0.0122933,0.19764,120,0.347403,0.0119789,0.0119933,2,0.156608,0.122112,0.347403,1.26826,6.33553,0.23,0.02
0.361076,0.853451,0.361053,0.722153,1.7069,0.722105,Paar Δ=0°,1.08323,2.56035,1.08316,0.487483,1.35184,0.48744,0.424634,0.443371,0.424619,0.427772,0.459894,0.427731,0.118819,120,0.308953,0.00640079,0.00479197,0.243572,120,3.31886e-16,0.0123277,0.01231,0.197619,120,0.350165,0.0119924,0.0120076,2,0.156684,0.122398,0.350166,1.27123,6.63483,0.231,0.02
0.359345,0.856472,0.359322,0.71869,1.71294,0.718644,Paar Δ=0°,1.07803,2.56942,1.07797,0.492476,1.3611,0.492432,0.425201,0.450796,0.425184,0.427307,0.465344,0.427276,0.11488,120,0.312427,0.00628903,0.00468656,0.243907,120,3.32332e-16,0.0123448,0.0123268,0.197595,120,0.352984,0.0120066,0.012022,2,0.156761,0.122687,0.352984,1.27423,6.96406,0.232,0.02
0.357976,0.859862,0.357953,0.715951,1.71972,0.715906,Paar Δ=0°,1.07393,2.57959,1.07386,0.499387,1.37133,0.49934,0.425668,0.458634,0.425651,0.427096,0.471308,0.427071,0.111151,120,0.315945,0.00617136,0.00455137,0.244245,120,3.3278e-16,0.012362,0.0123437,0.197566,120,0.355861,0.0120211,0.0120366,2,0.156838,0.122978,0.355861,1.27725,7.32771,0.233,0.02
0.357147,0.863657,0.357124,0.714293,1.72731,0.714247,Paar Δ=0°,1.07144,2.59097,1.07137,0.508328,1.38265,0.508264,0.426163,0.466952,0.426145,0.427367,0.477844,0.427341,0.107859,120,0.319508,0.00604663,0.00438156,0.244586,120,3.33233e-16,0.0123794,0.0123608,0.197533,120,0.358797,0.0120355,0.0120509,2,0.156915,0.123272,0.358798,1.28031,7.73117,0.234,0.02
0.357077,0.867904,0.357053,0.714154,1.73581,0.714106,Paar Δ=0°,1.07123,2.60371,1.07116,0.519304,1.39519,0.519224,0.426897,0.475836,0.426876,0.428273,0.485006,0.428246,0.105156,120,0.323118,0.00591447,0.00417476,0.244931,120,3.33689e-16,0.0123969,0.012378,0.197495,120,0.361796,0.01205,0.0120653,2,0.156993,0.123568,0.361796,1.28339,8.18091,0.235,0.02
0.358004,0.872638,0.357977,0.716007,1.74528,0.715954,Paar Δ=0°,1.07401,2.61791,1.07393,0.532437,1.40912,0.532342,0.428138,0.485366,0.4281,0.430012,0.492869,0.429982,0.103236,120,0.326776,0.00577529,0.00392272,0.245278,120,3.34149e-16,0.0124146,0.0123953,0.197452,120,0.364857,0.0120645,0.0120798,2,0.157071,0.123868,0.364857,1.28649,8.68473,0.236,0.02
0.36015,0.877916,0.36012,0.7203,1.75583,0.72024,Paar Δ=0°,1.08045,2.63375,1.08036,0.547975,1.42463,0.547864,0.429999,0.495643,0.429947,0.432834,0.501521,0.4328,0.102347,120,0.330487,0.00563067,0.00362105,0.245628,120,3.34613e-16,0.0124324,0.0124128,0.197405,120,0.367984,0.0120791,0.0120954,2,0.15715,0.12417,0.367984,1.28963,9.25212,0.237,0.02
0.363717,0.883794,0.363683,0.727434,1.76759,0.727366,Paar Δ=0°,1.09115,2.65138,1.09105,0.566271,1.44194,0.566141,0.432735,0.506791,0.432669,0.43704,0.511067,0.437001,0.102789,120,0.334251,0.00548386,0.00325915,0.245981,120,3.35081e-16,0.0124504,0.0124304,0.197353,120,0.371178,0.0120939,0.0121111,2,0.157229,0.124474,0.371179,1.29279,9.89458,0.238,0.02
0.368898,0.890342,0.368858,0.737797,1.78068,0.737716,Paar Δ=0°,1.1067,2.67103,1.10657,0.58778,1.4613,0.587631,0.436743,0.518928,0.436662,0.442996,0.52162,0.442949,0.104926,120,0.338071,0.00534179,0.00282965,0.246337,120,3.35553e-16,0.0124685,0.0124482,0.197295,120,0.374442,0.0121084,0.0121268,2,0.157309,0.124782,0.374443,1.29599,10.6261,0.239,0.02
0.375902,0.89762,0.375854,0.751804,1.79524,0.751708,Paar Δ=0°,1.12771,2.69286,1.12756,0.613089,1.483,0.612919,0.442576,0.532198,0.442481,0.451108,0.53331,0.451038,0.109158,120,0.34195,0.00521582,0.00301456,0.246696,120,3.36029e-16,0.0124868,0.0124662,0.197232,120,0.377778,0.0121229,0.0121425,2,0.157389,0.125092,0.377778,1.29921,11.4633,0.24,0.02
0.384984,0.905679,0.384929,0.769969,1.81136,0.769858,Paar Δ=0°,1.15495,2.71704,1.15479,0.642923,1.50731,0.642728,0.450975,0.546723,0.450862,0.461761,0.546258,0.46167,0.115871,120,0.34589,0.00512346,0.00354465,0.247058,120,3.36509e-16,0.0125052,0.0124843,0.197163,120,0.381188,0.0121375,0.0121582,2,0.157469,0.125405,0.381188,1.30246,12.4261,0.241,0.02
0.396466,0.914528,0.3964,0.792932,1.82906,0.7928,Paar Δ=0°,1.1894,2.74358,1.1892,0.678159,1.53445,0.677937,0.462903,0.562616,0.46277,0.475596,0.560555,0.475486,0.125702,120,0.349895,0.00509844,0.0042282,0.247423,120,3.36993e-16,0.0125238,0.0125026,0.197088,120,0.384674,0.0121521,0.0121742,2,0.15755,0.125721,0.384674,1.30575,13.537,0.242,0.02
0.410734,0.92409,0.410657,0.821469,1.84818,0.821315,Paar Δ=0°,1.2322,2.77227,1.23197,0.719798,1.56448,0.719545,0.479562,0.579864,0.479408,0.493481,0.576226,0.493346,0.139514,120,0.353966,0.00518859,0.00511246,0.247791,120,3.3748e-16,0.0125426,0.012521,0.197007,120,0.388239,0.0121668,0.0121902,2,0.157631,0.12604,0.388239,1.30906,14.8192,0.243,0.02
0.428228,0.934104,0.428136,0.856457,1.86821,0.856272,Paar Δ=0°,1.28468,2.80231,1.28441,0.768881,1.59706,0.768596,0.502364,0.598263,0.502186,0.516444,0.593062,0.516286,0.158336,120,0.358108,0.00547442,0.00624693,0.248163,120,3.37972e-16,0.0125615,0.0125396,0.196918,120,0.391886,0.0121812,0.0122059,2,0.157713,0.126362,0.391886,1.3124,16.2921,0.244,0.02
0.449326,0.943969,0.449218,0.898651,1.88794,0.898436,Paar Δ=0°,1.34798,2.83191,1.34765,0.826196,1.63107,0.825871,0.532774,0.617151,0.532565,0.545538,0.610475,0.545357,0.183216,120,0.362322,0.00607451,0.00768666,0.248537,120,3.38469e-16,0.0125806,0.0125583,0.196823,120,0.395617,0.0121955,0.0122218,2,0.157795,0.126687,0.395617,1.31578,17.9604,0.245,0.02
0.474145,0.952459,0.474019,0.948291,1.90492,0.948038,Paar Δ=0°,1.42244,2.85738,1.42206,0.891718,1.66387,0.891349,0.571886,0.635064,0.571644,0.581503,0.627137,0.581292,0.214889,120,0.366613,0.00714789,0.00945639,0.248916,120,3.38969e-16,0.0125999,0.0125772,0.196722,120,0.399435,0.0122103,0.0122377,2,0.157877,0.127015,0.399435,1.31918,19.7916,0.246,0.02
0.502118,0.957447,0.501969,1.00424,1.91489,1.00394,Paar Δ=0°,1.50635,2.87234,1.50591,0.963525,1.69031,0.963102,0.619601,0.649239,0.619327,0.624037,0.640484,0.6238,0.253053,120,0.370984,0.00886146,0.0115046,0.249297,120,3.39474e-16,0.0126193,0.0125962,0.196613,120,0.403343,0.0122263,0.0122538,2,0.15796,0.127346,0.403343,1.32262,21.6797,0.247,0.02
0.531381,0.955777,0.531209,1.06276,1.91155,1.06242,Paar Δ=0°,1.59414,2.86733,1.59363,1.03625,1.70216,1.03577,0.673394,0.675243,0.673079,0.670835,0.649617,0.670567,0.295398,120,0.375438,0.0112917,0.0136187,0.249682,120,3.39983e-16,0.0126389,0.0126154,0.196495,120,0.407344,0.0122419,0.0122695,2,0.158043,0.12768,0.407344,1.32609,23.4045,0.248,0.02
0.558437,0.943993,0.558249,1.11687,1.88799,1.1165,Paar Δ=0°,1.67531,2.83198,1.67475,1.10008,1.68933,1.09954,0.727355,0.707693,0.727016,0.716831,0.666777,0.716537,0.336854,120,0.379978,0.014262,0.0153825,0.250071,120,3.40496e-16,0.0126587,0.0126348,0.19637,120,0.411442,0.0122576,0.0122853,2,0.158127,0.128017,0.411442,1.32959,24.6306,0.249,0.02
0.578937,0.9204,0.578733,1.15787,1.8408,1.15747,Paar Δ=0°,1.73681,2.7612,1.7362,1.14339,1.64477,1.14281,0.773385,0.725316,0.773025,0.755327,0.669744,0.755025,0.370719,120,0.384608,0.0172645,0.0162972,0.250462,120,3.41013e-16,0.0126786,0.0126544,0.196236,120,0.41564,0.0122733,0.0123017,2,0.158211,0.128358,0.41564,1.33313,25.02,0.25,0.02
0.589856,0.887243,0.589648,1.17971,1.77449,1.1793,Paar Δ=0°,1.76957,2.66173,1.76894,1.15881,1.57055,1.15822,0.80505,0.724421,0.804685,0.781226,0.678442,0.780916,0.391893,120,0.389333,0.0196732,0.0160835,0.158296,120,1.82453e-16,0.0079547,0.0079547,0.196094,120,0.419941,0.0122891,0.0123192,1,0.158296,0.128701,0.419941,1.06723,24.4384,0.251,0.02
0.591302,0.850336,0.591093,1.1826,1.70067,1.18219,Paar Δ=0°,1.77391,2.55101,1.77328,1.1479,1.47859,1.1473,0.821137,0.707607,0.820774,0.793607,0.675016,0.793288,0.39945,120,0.394157,0.0211304,0.0149003,0.158381,120,1.82551e-16,0.00795897,0.00795897,0.195941,120,0.42435,0.0123043,0.0123364,1,0.158381,0.129048,0.42435,1.0678,23.059,0.252,0.02
0.585894,0.815983,0.585691,1.17179,1.63197,1.17138,Paar Δ=0°,1.75768,2.44795,1.75707,1.11899,1.38382,1.11841,0.825095,0.68153,0.824743,0.795376,0.661176,0.795049,0.396294,120,0.399083,0.0216778,0.0131835,0.158466,120,1.82649e-16,0.00796327,0.00796326,0.19578,120,0.428869,0.0123197,0.0123538,1,0.158466,0.129398,0.428869,1.06838,21.2337,0.253,0.02
0.5768,0.788258,0.576602,1.1536,1.57652,1.1532,Paar Δ=0°,1.7304,2.36477,1.72981,1.08136,1.29739,1.08081,0.821815,0.652691,0.821482,0.790771,0.642604,0.790449,0.386656,120,0.404115,0.0215877,0.0115237,0.158552,120,1.82748e-16,0.00796758,0.00796758,0.195611,120,0.433504,0.012335,0.0123713,1,0.158552,0.129751,0.433504,1.06896,19.2893,0.254,0.02
0.566433,0.768544,0.566243,1.13287,1.53709,1.13249,Paar Δ=0°,1.6993,2.30563,1.69873,1.04178,1.22475,1.04126,0.815176,0.625307,0.814848,0.783293,0.623369,0.782985,0.374033,120,0.40926,0.0211407,0.0125588,0.158638,120,1.82848e-16,0.00797192,0.00797191,0.195431,120,0.438259,0.01235,0.0123885,1,0.158638,0.130108,0.438259,1.06954,17.4307,0.255,0.02
0.556197,0.756342,0.55602,1.11239,1.51268,1.11204,Paar Δ=0°,1.66859,2.26903,1.66806,1.00398,1.16715,1.00349,0.807547,0.601329,0.807224,0.775168,0.605679,0.774868,0.360648,120,0.41452,0.0205365,0.0131949,0.158725,120,1.82948e-16,0.00797628,0.00797627,0.195239,120,0.443138,0.0123647,0.0124056,1,0.158725,0.130467,0.443138,1.07012,15.7513,0.256,0.02
0.546773,0.750257,0.546601,1.09355,1.50051,1.0932,Paar Δ=0°,1.64032,2.25077,1.6398,0.969603,1.12369,0.969136,0.800226,0.581289,0.79991,0.767568,0.590393,0.767272,0.347666,120,0.419903,0.0198944,0.0135648,0.158812,120,1.83048e-16,0.00798066,0.00798065,0.195037,120,0.448145,0.012381,0.0124228,1,0.158812,0.130831,0.448145,1.07071,14.2756,0.257,0.02
0.538402,0.748661,0.538234,1.0768,1.49732,1.07647,Paar Δ=0°,1.6152,2.24598,1.6147,0.939072,1.09261,0.938617,0.793826,0.565043,0.793516,0.761016,0.577685,0.760728,0.335605,120,0.425412,0.0192724,0.0137648,0.1589,120,1.83149e-16,0.00798506,0.00798505,0.194822,120,0.453287,0.0123977,0.0124397,1,0.1589,0.131198,0.453287,1.0713,12.9946,0.258,0.02
0.531118,0.750096,0.53096,1.06224,1.50019,1.06192,Paar Δ=0°,1.59335,2.25029,1.59288,0.915895,1.07193,0.915427,0.788576,0.552131,0.788265,0.755701,0.567414,0.755411,0.324648,120,0.431053,0.0186961,0.0138593,0.158988,120,1.8325e-16,0.00798948,0.00798948,0.194595,120,0.458569,0.012414,0.0124564,1,0.158988,0.131568,0.458569,1.0719,11.8867,0.259,0.02
0.524856,0.753438,0.524702,1.04971,1.50688,1.0494,Paar Δ=0°,1.57457,2.26031,1.57411,0.895561,1.05974,0.895118,0.784509,0.542081,0.784206,0.751614,0.559302,0.751327,0.314781,120,0.436833,0.0181762,0.0138885,0.159076,120,1.83352e-16,0.00799393,0.00799392,0.194354,120,0.463995,0.0124304,0.012474,1,0.159076,0.131942,0.463995,1.07249,10.9274,0.26,0.02
0.519511,0.757901,0.519365,1.03902,1.5158,1.03873,Paar Δ=0°,1.55853,2.2737,1.5581,0.877721,1.0543,0.877287,0.781579,0.536846,0.781273,0.748682,0.553862,0.748403,0.305925,120,0.442756,0.0177138,0.013877,0.159165,120,1.83455e-16,0.0079984,0.00799839,0.194099,120,0.469572,0.0124463,0.0124927,1,0.159165,0.132319,0.469572,1.07309,10.0937,0.261,0.02
0.514987,0.762979,0.514842,1.02997,1.52596,1.02968,Paar Δ=0°,1.54496,2.28894,1.54453,0.862078,1.05401,0.861661,0.779695,0.537127,0.779392,0.746822,0.550171,0.746542,0.297991,120,0.448831,0.0173032,0.0138422,0.159254,120,1.83558e-16,0.00800289,0.00800288,0.19383,120,0.475306,0.0124619,0.0125114,1,0.159255,0.1327,0.475306,1.07369,9.36548,0.262,0.02
0.511174,0.768361,0.511033,1.02235,1.53672,1.02207,Paar Δ=0°,1.53352,2.30508,1.5331,0.848353,1.05748,0.847953,0.778761,0.537994,0.778464,0.745917,0.548585,0.745637,0.290854,120,0.455063,0.0169397,0.0137955,0.159344,120,1.83661e-16,0.0080074,0.0080074,0.193546,120,0.481204,0.0124775,0.0125302,1,0.159344,0.133085,0.481204,1.0743,8.72599,0.263,0.02
0.507989,0.773857,0.50785,1.01598,1.54771,1.0157,Paar Δ=0°,1.52397,2.32157,1.52355,0.836306,1.06354,0.835917,0.778693,0.539425,0.778388,0.745872,0.548007,0.745595,0.284412,120,0.46146,0.016618,0.0137412,0.159434,120,1.83765e-16,0.00801193,0.00801193,0.193245,120,0.487273,0.0124921,0.0125482,1,0.159435,0.133474,0.487273,1.07491,8.16123,0.264,0.02
0.505356,0.779366,0.505218,1.01071,1.55873,1.01044,Paar Δ=0°,1.51607,2.3381,1.51565,0.825713,1.07131,0.825332,0.779397,0.541387,0.779101,0.746609,0.548951,0.746327,0.278581,120,0.468028,0.016333,0.0136851,0.159525,120,1.8387e-16,0.00801649,0.00801649,0.192928,120,0.493519,0.0125085,0.0125664,1,0.159525,0.133866,0.493519,1.07552,7.65973,0.265,0.02
0.503208,0.784835,0.503071,1.00642,1.56967,1.00614,Paar Δ=0°,1.50962,2.3545,1.50921,0.816382,1.08011,0.816013,0.780813,0.543841,0.780518,0.74805,0.550646,0.747767,0.273273,120,0.474778,0.0160801,0.0136299,0.159616,120,1.83975e-16,0.00802107,0.00802107,0.192592,120,0.499951,0.0125256,0.012584,1,0.159616,0.134262,0.499952,1.07613,7.21202,0.266,0.02
0.501492,0.79023,0.501359,1.00298,1.58046,1.00272,Paar Δ=0°,1.50448,2.37069,1.50408,0.808169,1.08948,0.807797,0.782877,0.546767,0.78258,0.750129,0.55326,0.749847,0.268414,120,0.481716,0.015855,0.0135745,0.159708,120,1.84081e-16,0.00802567,0.00802567,0.192239,120,0.506578,0.0125423,0.0126013,1,0.159708,0.134662,0.506578,1.07675,6.81033,0.267,0.02
0.500165,0.795552,0.500034,1.00033,1.5911,1.00007,Paar Δ=0°,1.50049,2.38665,1.5001,0.800924,1.09913,0.800562,0.785539,0.550143,0.785238,0.752803,0.556696,0.752518,0.263952,120,0.488851,0.0156546,0.0135238,0.1598,120,1.84187e-16,0.0080303,0.00803029,0.19187,120,0.513406,0.0125586,0.0126206,1,0.1598,0.135065,0.513407,1.07737,6.44821,0.268,0.02
0.499188,0.800798,0.499057,0.998376,1.6016,0.998115,Paar Δ=0°,1.49756,2.40239,1.49717,0.794542,1.10886,0.79418,0.788757,0.553942,0.788448,0.756024,0.560623,0.75573,0.259831,120,0.496193,0.0154765,0.0134766,0.159892,120,1.84293e-16,0.00803494,0.00803494,0.19148,120,0.520448,0.0125741,0.0126403,1,0.159893,0.135473,0.520448,1.078,6.12033,0.269,0.02
0.498529,0.805981,0.4984,0.997058,1.61196,0.996799,Paar Δ=0°,1.49559,2.41794,1.4952,0.788918,1.11856,0.788571,0.792493,0.558157,0.792179,0.759753,0.565259,0.759465,0.256001,120,0.503752,0.0153171,0.0134316,0.159985,120,1.844e-16,0.00803961,0.00803961,0.191069,120,0.52771,0.0125893,0.0126601,1,0.159985,0.135885,0.52771,1.07862,5.82221,0.27,0.02
0.498165,0.811107,0.498034,0.996329,1.62221,0.996068,Paar Δ=0°,1.49449,2.43332,1.4941,0.783985,1.12816,0.783639,0.796715,0.562773,0.796406,0.763972,0.570511,0.763679,0.252433,120,0.511539,0.0151739,0.0133894,0.160079,120,1.84508e-16,0.00804431,0.0080443,0.190634,120,0.535205,0.0126037,0.0126789,1,0.160079,0.136301,0.535205,1.07925,5.55011,0.271,0.02
0.498071,0.816189,0.497939,0.996143,1.63238,0.995877,Paar Δ=0°,1.49421,2.44857,1.49382,0.779665,1.13764,0.77932,0.801414,0.567773,0.801095,0.768654,0.576165,0.768352,0.249089,120,0.519565,0.0150454,0.0133536,0.160173,120,1.84616e-16,0.00804902,0.00804902,0.190175,120,0.542942,0.0126215,0.0126976,1,0.160173,0.13672,0.542943,1.07988,5.30085,0.272,0.02
0.498231,0.821246,0.498097,0.996462,1.64249,0.996194,Paar Δ=0°,1.49469,2.46374,1.49429,0.7759,1.14696,0.775556,0.806562,0.57317,0.80624,0.773779,0.582208,0.773473,0.245938,120,0.527841,0.0149299,0.0133202,0.160267,120,1.84725e-16,0.00805376,0.00805376,0.189691,120,0.550936,0.0126382,0.0127152,1,0.160267,0.137144,0.550936,1.08052,5.07176,0.273,0.02
0.498628,0.826287,0.498496,0.997255,1.65257,0.996992,Paar Δ=0°,1.49588,2.47886,1.49549,0.772639,1.15615,0.772299,0.812148,0.578939,0.811824,0.779333,0.588943,0.779028,0.242952,120,0.536382,0.0148252,0.0132886,0.160362,120,1.84834e-16,0.00805852,0.00805852,0.18918,120,0.559196,0.0126543,0.0127346,1,0.160362,0.137573,0.559196,1.08116,4.86053,0.274,0.02
0.499253,0.831324,0.499121,0.998505,1.66265,0.998242,Paar Δ=0°,1.49776,2.49397,1.49736,0.76984,1.16521,0.769505,0.818169,0.585094,0.817836,0.785311,0.596074,0.785004,0.240112,120,0.545199,0.014731,0.01326,0.160457,120,1.84944e-16,0.00806331,0.00806331,0.188641,120,0.567738,0.0126692,0.0127555,1,0.160457,0.138005,0.567738,1.0818,4.66521,0.275,0.02
0.500097,0.836379,0.499962,1.00019,1.67276,0.999923,Paar Δ=0°,1.50029,2.50914,1.49989,0.767467,1.17415,0.767138,0.824611,0.591635,0.824277,0.791712,0.603585,0.791396,0.237404,120,0.554308,0.0146454,0.013237,0.160552,120,1.85054e-16,0.00806812,0.00806811,0.188073,120,0.576575,0.012683,0.0127755,1,0.160553,0.138442,0.576575,1.08245,4.4841,0.276,0.02
0.50115,0.841457,0.501017,1.0023,1.68291,1.00203,Paar Δ=0°,1.50345,2.52437,1.50305,0.765498,1.18299,0.765164,0.831479,0.598556,0.831137,0.798528,0.611472,0.798201,0.234803,120,0.563724,0.0145677,0.0132155,0.160649,120,1.85165e-16,0.00807295,0.00807294,0.187479,120,0.585722,0.0127001,0.012795,1,0.160649,0.138883,0.585723,1.08309,4.31573,0.277,0.02
0.50241,0.846573,0.502275,1.00482,1.69315,1.00455,Paar Δ=0°,1.50723,2.53972,1.50683,0.763897,1.19174,0.763557,0.838771,0.605877,0.838423,0.805758,0.619807,0.805425,0.232294,120,0.573464,0.0144971,0.0131955,0.160745,120,1.85276e-16,0.0080778,0.0080778,0.18685,120,0.595197,0.0127165,0.0128128,1,0.160745,0.139329,0.595197,1.08375,4.15883,0.278,0.02
0.503872,0.851739,0.503734,1.00774,1.70348,1.00747,Paar Δ=0°,1.51162,2.55522,1.5112,0.762638,1.20044,0.762308,0.846487,0.613599,0.846136,0.813405,0.628738,0.813071,0.22986,120,0.583546,0.0144327,0.0131769,0.160842,120,1.85388e-16,0.00808268,0.00808268,0.186186,120,0.605016,0.012732,0.0128324,1,0.160842,0.139779,0.605017,1.0844,4.01229,0.279,0.02
0.505531,0.856968,0.505396,1.01106,1.71394,1.01079,Paar Δ=0°,1.51659,2.5709,1.51619,0.761716,1.20908,0.761384,0.854642,0.621726,0.854278,0.821477,0.63807,0.82114,0.227489,120,0.593987,0.0143767,0.0131641,0.16094,120,1.85501e-16,0.00808758,0.00808758,0.185485,120,0.615198,0.012746,0.0128543,1,0.16094,0.140233,0.615199,1.08506,3.87513,0.28,0.02
0.507394,0.862272,0.507253,1.01479,1.72454,1.01451,Paar Δ=0°,1.52218,2.58681,1.52176,0.761107,1.21771,0.760773,0.863229,0.630284,0.862868,0.829983,0.647814,0.82964,0.225174,120,0.60481,0.0143257,0.013152,0.161038,120,1.85613e-16,0.00809251,0.0080925,0.184743,120,0.625765,0.0127598,0.0128743,1,0.161038,0.140692,0.625765,1.08572,3.74649,0.281,0.02
0.509452,0.867663,0.509313,1.0189,1.73533,1.01863,Paar Δ=0°,1.52836,2.60299,1.52794,0.7608,1.22632,0.760471,0.872281,0.63928,0.8719,0.838938,0.657988,0.838581,0.222903,120,0.616035,0.0142789,0.0131401,0.161136,120,1.85727e-16,0.00809745,0.00809745,0.183958,120,0.636736,0.0127767,0.012893,1,0.161136,0.141156,0.636736,1.08638,3.62562,0.282,0.02
0.511715,0.873153,0.511572,1.02343,1.74631,1.02314,Paar Δ=0°,1.53515,2.61946,1.53472,0.76079,1.23495,0.760455,0.88179,0.648721,0.881411,0.848348,0.668627,0.84798,0.220662,120,0.627686,0.0142362,0.0131303,0.161235,120,1.85841e-16,0.00810243,0.00810242,0.183137,120,0.648136,0.0127917,0.0129115,1,0.161235,0.141625,0.648136,1.08705,3.55752,0.283,0.02
0.514181,0.878755,0.514036,1.02836,1.75751,1.02807,Paar Δ=0°,1.54254,2.63627,1.54211,0.761065,1.24362,0.760733,0.891783,0.658644,0.891394,0.858229,0.679748,0.857857,0.218439,120,0.63979,0.0141961,0.0131247,0.161335,120,1.85956e-16,0.00810742,0.00810742,0.182269,120,0.659988,0.0128045,0.0129342,1,0.161335,0.142098,0.659989,1.08772,3.62258,0.284,0.02
0.516856,0.884482,0.51671,1.03371,1.76896,1.03342,Paar Δ=0°,1.55057,2.65345,1.55013,0.761619,1.25233,0.761289,0.902279,0.669057,0.901878,0.868596,0.691622,0.868222,0.216225,120,0.652372,0.0141599,0.0131188,0.161435,120,1.86071e-16,0.00811244,0.00811244,0.181348,120,0.672323,0.0128186,0.0129546,1,0.161435,0.142576,0.672323,1.08839,3.69028,0.285,0.02
0.519746,0.890346,0.519596,1.03949,1.78069,1.03919,Paar Δ=0°,1.55924,2.67104,1.55879,0.762461,1.26112,0.762122,0.913285,0.679978,0.912885,0.879477,0.704133,0.879093,0.214015,120,0.665462,0.0141302,0.0131123,0.161535,120,1.86186e-16,0.00811748,0.00811748,0.180373,120,0.685167,0.0128341,0.0129725,1,0.161535,0.143059,0.685167,1.08907,3.76078,0.286,0.02
0.522856,0.89636,0.522706,1.04571,1.79272,1.04541,Paar Δ=0°,1.56857,2.68908,1.56812,0.763578,1.26999,0.763242,0.924849,0.691453,0.924427,0.890897,0.717189,0.890494,0.211804,120,0.679092,0.0141023,0.013111,0.161636,120,1.86303e-16,0.00812255,0.00812255,0.179338,120,0.698553,0.0128466,0.0129933,1,0.161636,0.143548,0.698553,1.08975,3.83425,0.287,0.02
0.526198,0.902538,0.526042,1.0524,1.80508,1.05208,Paar Δ=0°,1.57859,2.70762,1.57812,0.764972,1.27897,0.764639,0.936974,0.70349,0.93655,0.902872,0.730827,0.902464,0.209573,120,0.693298,0.0140754,0.0131097,0.161737,120,1.86419e-16,0.00812764,0.00812764,0.178254,120,0.712515,0.0128578,0.013015,1,0.161737,0.144041,0.712515,1.09043,3.91089,0.288,0.02
0.529774,0.908896,0.529619,1.05955,1.81779,1.05924,Paar Δ=0°,1.58932,2.72669,1.58886,0.766658,1.28808,0.766319,0.9497,0.716124,0.949262,0.915431,0.745096,0.915018,0.207313,120,0.708117,0.0140492,0.0131066,0.161839,120,1.86537e-16,0.00813276,0.00813276,0.177103,120,0.727091,0.0128733,0.0130335,1,0.161839,0.144539,0.727091,1.09112,3.99089,0.289,0.02
0.533604,0.91545,0.533443,1.06721,1.8309,1.06689,Paar Δ=0°,1.60081,2.74635,1.60033,0.768636,1.29734,0.768289,0.963061,0.729402,0.962613,0.928614,0.760018,0.928187,0.205024,120,0.72359,0.0140306,0.0131078,0.161941,120,1.86655e-16,0.0081379,0.0081379,0.17588,120,0.742321,0.0128846,0.0130535,1,0.161941,0.145043,0.742321,1.09181,4.07449,0.29,0.02
0.537692,0.922219,0.537529,1.07538,1.84444,1.07506,Paar Δ=0°,1.61307,2.76666,1.61259,0.770912,1.30677,0.770565,0.977081,0.74334,0.976627,0.942456,0.775647,0.942014,0.202696,120,0.73976,0.0140118,0.0131095,0.162044,120,1.86773e-16,0.00814306,0.00814306,0.174579,120,0.758249,0.0128953,0.0130756,1,0.162044,0.145551,0.758249,1.0925,4.16191,0.291,0.02
0.542057,0.929217,0.54189,1.08411,1.85843,1.08378,Paar Δ=0°,1.62617,2.78765,1.62567,0.773497,1.31638,0.773149,0.991821,0.758004,0.991349,0.956987,0.792032,0.95654,0.20031,120,0.756676,0.0139918,0.013108,0.162147,120,1.86892e-16,0.00814825,0.00814825,0.173212,120,0.774923,0.012909,0.013093,1,0.162147,0.146065,0.774923,1.0932,4.25344,0.292,0.02
0.54671,0.936461,0.546537,1.09342,1.87292,1.09307,Paar Δ=0°,1.64013,2.80938,1.63961,0.776406,1.32621,0.776056,1.0073,0.773419,1.00682,0.972256,0.809211,0.971795,0.197863,120,0.774393,0.0139776,0.0131135,0.162251,120,1.87012e-16,0.00815346,0.00815346,0.171754,120,0.792397,0.0129162,0.0131151,1,0.162251,0.146585,0.792397,1.0939,4.34935,0.293,0.02
0.55167,0.943972,0.551497,1.10334,1.88794,1.10299,Paar Δ=0°,1.65501,2.83192,1.65449,0.779654,1.33628,0.7793,1.02359,0.789646,1.0231,0.988318,0.827267,0.987841,0.195352,120,0.792967,0.013964,0.0131155,0.162355,120,1.87132e-16,0.0081587,0.0081587,0.170197,120,0.810727,0.0129288,0.0131345,1,0.162355,0.14711,0.810727,1.0946,4.44996,0.294,0.02
0.55696,0.951782,0.55678,1.11392,1.90356,1.11356,Paar Δ=0°,1.67088,2.85534,1.67034,0.78326,1.3466,0.782902,1.04073,0.806739,1.04023,1.00521,0.846235,1.00473,0.192747,120,0.812463,0.0139464,0.0131184,0.16246,120,1.87252e-16,0.00816396,0.00816396,0.168556,120,0.829978,0.0129367,0.0131532,1,0.16246,0.147641,0.829978,1.09531,4.55562,0.295,0.02
0.562594,0.959903,0.562409,1.12519,1.91981,1.12482,Paar Δ=0°,1.68778,2.87971,1.68723,0.787245,1.35722,0.786883,1.05879,0.824756,1.05827,1.02301,0.866204,1.0225,0.190059,120,0.83295,0.013938,0.0131229,0.162565,120,1.87374e-16,0.00816925,0.00816925,0.166803,120,0.850217,0.012946,0.0131747,1,0.162565,0.148177,0.850218,1.09601,4.66672,0.296,0.02
0.568601,0.968362,0.568415,1.1372,1.93672,1.13683,Paar Δ=0°,1.7058,2.90509,1.70524,0.791635,1.36815,0.791266,1.07782,0.843768,1.07729,1.04177,0.887236,1.04125,0.187262,120,0.854505,0.013925,0.0131254,0.162671,120,1.87496e-16,0.00817456,0.00817456,0.164929,120,0.871524,0.0129526,0.0131913,1,0.162671,0.148719,0.871524,1.09673,4.78366,0.297,0.02
0.575009,0.977199,0.574816,1.15002,1.9544,1.14963,Paar Δ=0°,1.72503,2.9316,1.72445,0.796456,1.37942,0.796088,1.09792,0.86385,1.09737,1.06156,0.909426,1.06102,0.184345,120,0.877215,0.0139151,0.0131309,0.162777,120,1.87618e-16,0.00817989,0.0081799,0.162944,120,0.89398,0.0129599,0.0132132,1,0.162777,0.149267,0.893981,1.09744,4.90692,0.298,0.02
0.581843,0.986433,0.581643,1.16369,1.97287,1.16329,Paar Δ=0°,1.74553,2.9593,1.74493,0.80175,1.39107,0.801378,1.11915,0.885079,1.11857,1.08247,0.932854,1.08192,0.181298,120,0.901171,0.0139043,0.013134,0.162884,120,1.87741e-16,0.00818525,0.00818526,0.160811,120,0.917681,0.0129633,0.0132305,1,0.162884,0.14982,0.917681,1.09816,5.03701,0.299,0.02
0.589137,0.996104,0.588934,1.17827,1.99221,1.17787,Paar Δ=0°,1.76741,2.98831,1.7668,0.807551,1.40314,0.807171,1.1416,0.907563,1.14102,1.10458,0.957641,1.10401,0.178102,120,0.92648,0.0138951,0.0131386,0.162991,120,1.87864e-16,0.00819064,0.00819064,0.158546,120,0.94273,0.0129697,0.0132496,1,0.162991,0.15038,0.94273,1.09888,5.1745,0.3,0.02
0.333333,0.619048,0,0.666667,1.2381,0,Paar Δ=0°,1,1.85714,0,0.442057,0.904762,0,0.404794,0.233048,0,0.395344,0.230077,0,0.154534,120,0.24081,0.0154278,0.0154258,0.154534,120,0.24081,0.0154278,0.0154258,0.188688,120,0.182188,0.0105918,0.0105911,-1,0.148324,0.0962831,0.182188,1,1,0,0.05
0.333353,0.619172,0.333353,0.666706,1.23834,0.666706,Paar Δ=0°,1.00006,1.85752,1.00006,0.4461,0.904992,0.446019,0.409192,0.233171,0.409115,0.401065,0.230472,0.401044,0.154446,120,0.246619,0.015352,0.0154046,0.153315,120,0.243258,0.0161583,0.0161613,0.188713,120,0.182352,0.0105941,0.0105933,50,0.148339,0.0963216,0.182352,1.33204,10.0499,0.01,0.05
0.333357,0.619234,0.333357,0.666714,1.23847,0.666714,Paar Δ=0°,1.00007,1.8577,1.00007,0.446453,0.905111,0.446473,0.409781,0.233059,0.40979,0.40163,0.230587,0.401581,0.154421,120,0.247209,0.0153468,0.0154202,0.153546,120,0.243888,0.01586,0.0158634,0.188719,120,0.182386,0.0105945,0.0105938,45,0.148342,0.0963297,0.182386,1.32333,10.0379,0.011,0.05
0.333362,0.619271,0.333362,0.666724,1.23854,0.666724,Paar Δ=0°,1.00009,1.85781,1.00009,0.446911,0.90518,0.446851,0.410447,0.233247,0.410359,0.402208,0.230774,0.402184,0.154423,120,0.247786,0.0153621,0.0154028,0.152713,120,0.245098,0.0155779,0.0155824,0.188724,120,0.182424,0.010595,0.0105943,41,0.148345,0.0963386,0.182424,1.31819,10.0576,0.012,0.05
0.333366,0.619252,0.333366,0.666732,1.2385,0.666732,Paar Δ=0°,1.0001,1.85776,1.0001,0.447286,0.90514,0.447267,0.411038,0.233552,0.411037,0.402783,0.230543,0.402729,0.154411,120,0.248372,0.0153568,0.0154214,0.152401,120,0.245737,0.0153377,0.0153424,0.188731,120,0.182465,0.0105956,0.0105949,38,0.148349,0.0963482,0.182465,1.32161,10.0379,0.013,0.05
0.333378,0.61933,0.333377,0.666755,1.23866,0.666754,Paar Δ=0°,1.00013,1.85799,1.00013,0.447711,0.905292,0.447671,0.41171,0.233623,0.411627,0.403355,0.231379,0.403327,0.154404,120,0.24895,0.015371,0.0154045,0.151894,120,0.246316,0.0150577,0.0150625,0.188737,120,0.182509,0.0105962,0.0105955,35,0.148353,0.0963587,0.182509,1.31481,10.0375,0.014,0.05
0.33337,0.619545,0.33337,0.66674,1.23909,0.66674,Paar Δ=0°,1.00011,1.85864,1.00011,0.448115,0.905723,0.448056,0.412289,0.233305,0.412279,0.403938,0.231075,0.403876,0.154383,120,0.249555,0.015358,0.0154021,0.151583,120,0.246547,0.0147582,0.0147629,0.188745,120,0.182557,0.0105969,0.0105961,33,0.148357,0.0963698,0.182557,1.32333,9.95134,0.015,0.05
0.3334,0.619607,0.3334,0.666801,1.23921,0.6668,Paar Δ=0°,1.0002,1.85882,1.0002,0.448501,0.905823,0.448482,0.412986,0.234451,0.41291,0.404504,0.231247,0.404471,0.154375,120,0.250129,0.0153803,0.0154017,0.150569,120,0.247034,0.0146116,0.0146124,0.188752,120,0.182608,0.0105976,0.0105968,31,0.148362,0.0963818,0.182608,1.32505,10.0019,0.016,0.05
0.333408,0.619083,0.333408,0.666815,1.23817,0.666815,Paar Δ=0°,1.00022,1.85725,1.00022,0.448914,0.904786,0.44883,0.413578,0.233647,0.413555,0.405052,0.232224,0.404988,0.154385,120,0.250667,0.015389,0.0154547,0.150189,120,0.247314,0.0144403,0.0144447,0.188761,120,0.182663,0.0105983,0.0105976,29,0.148367,0.0963945,0.182663,1.3199,10.0022,0.017,0.05
0.333414,0.619979,0.333414,0.666828,1.23996,0.666827,Paar Δ=0°,1.00024,1.85994,1.00024,0.44929,0.906547,0.449265,0.414244,0.234846,0.414171,0.405586,0.231937,0.405554,0.154362,120,0.251223,0.0154062,0.0154453,0.149098,120,0.247614,0.0140294,0.0140332,0.18877,120,0.18272,0.0105991,0.0105984,27,0.148372,0.0964081,0.18272,1.30814,9.95134,0.018,0.05
0.333442,0.619165,0.333442,0.666884,1.23833,0.666883,Paar Δ=0°,1.00033,1.8575,1.00032,0.449713,0.905069,0.44964,0.41485,0.234085,0.414825,0.406165,0.232867,0.406094,0.15437,120,0.251794,0.0154112,0.0154848,0.149371,120,0.247588,0.0140933,0.0140971,0.188779,120,0.182781,0.0105999,0.0105992,26,0.148377,0.0964223,0.182781,1.32161,9.88662,0.019,0.05
0.333488,0.620357,0.333487,0.666975,1.24071,0.666974,Paar Δ=0°,1.00046,1.86107,1.00046,0.450101,0.907226,0.450048,0.415422,0.233282,0.415345,0.406695,0.23262,0.406656,0.154246,120,0.252448,0.0154396,0.01546,0.148241,120,0.24792,0.0138551,0.0138555,0.188789,120,0.182846,0.0106008,0.0106001,25,0.148383,0.0964374,0.182846,1.33204,10.0499,0.02,0.05
0.333486,0.619314,0.333485,0.666973,1.23863,0.666971,Paar Δ=0°,1.00046,1.85794,1.00046,0.450481,0.905395,0.45042,0.415915,0.2347,0.415867,0.407385,0.232509,0.407317,0.154192,120,0.253193,0.0153895,0.0153453,0.150003,120,0.247411,0.0137034,0.013706,0.188799,120,0.182914,0.0106017,0.010601,23,0.148389,0.0964532,0.182914,1.30321,9.84923,0.021,0.05
0.333317,0.620544,0.333317,0.666634,1.24109,0.666633,Paar Δ=0°,0.999951,1.86163,0.99995,0.450992,0.907788,0.450923,0.416902,0.236009,0.416835,0.408067,0.23295,0.408029,0.154453,120,0.253614,0.0153277,0.0153212,0.150074,120,0.247761,0.0134075,0.0134074,0.18881,120,0.182985,0.0106027,0.010602,22,0.148396,0.0964699,0.182985,1.30484,9.95134,0.022,0.05
0.333581,0.620805,0.33358,0.667162,1.24161,0.66716,Paar Δ=0°,1.00074,1.86241,1.00074,0.45139,0.908028,0.451343,0.417358,0.236052,0.417306,0.408432,0.234071,0.40835,0.154361,120,0.254071,0.0154559,0.015544,0.150581,120,0.248134,0.0132253,0.0132269,0.188821,120,0.183059,0.0106037,0.010603,21,0.148402,0.0964873,0.183059,1.30321,9.92069,0.023,0.05
0.333561,0.619181,0.33356,0.667122,1.23836,0.667119,Paar Δ=0°,1.00068,1.85754,1.00068,0.451625,0.905277,0.451543,0.417795,0.236409,0.41773,0.409053,0.236269,0.408996,0.154027,120,0.255027,0.0154209,0.0152774,0.153322,120,0.246866,0.013309,0.0133101,0.188833,120,0.183137,0.0106048,0.010604,20,0.148409,0.0965055,0.183137,1.29835,9.84665,0.024,0.05
0.333595,0.621045,0.333593,0.667189,1.24209,0.667186,Paar Δ=0°,1.00078,1.86313,1.00078,0.452381,0.90898,0.452317,0.418872,0.238577,0.41881,0.409772,0.237049,0.409685,0.154636,120,0.255136,0.0153498,0.015515,0.153047,120,0.247237,0.013342,0.0133426,0.188845,120,0.183218,0.0106059,0.0106051,20,0.148417,0.0965244,0.183218,1.33204,10.0499,0.025,0.05
0.333698,0.621859,0.333696,0.667397,1.24372,0.667392,Paar Δ=0°,1.0011,1.86558,1.00109,0.452418,0.910261,0.452347,0.419002,0.239189,0.41893,0.410089,0.236287,0.410029,0.153855,120,0.256234,0.0155052,0.0152952,0.153356,120,0.247629,0.0129727,0.0129726,0.188858,120,0.183303,0.010607,0.0106063,19,0.148424,0.0965442,0.183303,1.32161,9.88662,0.026,0.05
0.333744,0.621103,0.333741,0.667487,1.24221,0.667482,Paar Δ=0°,1.00123,1.86331,1.00122,0.453115,0.908469,0.453039,0.419967,0.238623,0.419894,0.410923,0.234637,0.410834,0.154615,120,0.256308,0.0153453,0.0155391,0.153287,120,0.248043,0.0128034,0.0128041,0.188871,120,0.183391,0.0106082,0.0106075,18,0.148432,0.0965647,0.183391,1.30814,10.0578,0.027,0.05
0.333706,0.619368,0.333703,0.667411,1.23874,0.667406,Paar Δ=0°,1.00112,1.85811,1.00111,0.453097,0.905136,0.453028,0.42058,0.236694,0.420499,0.411344,0.232644,0.411271,0.154018,120,0.257326,0.0154401,0.0152562,0.158771,120,0.245542,0.0128973,0.0128968,0.188885,120,0.183482,0.0106094,0.0106087,17,0.14844,0.096586,0.183482,1.29197,9.84665,0.028,0.05
0.334036,0.621858,0.334033,0.668073,1.24372,0.668066,Paar Δ=0°,1.00211,1.86557,1.0021,0.454254,0.91045,0.454164,0.420859,0.236727,0.420781,0.411903,0.231916,0.411813,0.154184,120,0.257719,0.0155505,0.0155072,0.158577,120,0.245928,0.0129232,0.0129222,0.188899,120,0.183577,0.0106107,0.01061,17,0.148449,0.0966081,0.183577,1.3199,9.80865,0.029,0.05
0.333575,0.623168,0.333572,0.667149,1.24634,0.667143,Paar Δ=0°,1.00072,1.8695,1.00072,0.453686,0.913474,0.453601,0.421863,0.237495,0.421772,0.412703,0.231972,0.412617,0.154565,120,0.258139,0.0151687,0.015374,0.157886,120,0.246332,0.0124817,0.0124812,0.188914,120,0.183675,0.010612,0.0106113,16,0.148458,0.096631,0.183675,1.29835,9.95134,0.03,0.05
0.334135,0.623283,0.33413,0.66827,1.24657,0.66826,Paar Δ=0°,1.0024,1.86985,1.00239,0.45489,0.91331,0.454801,0.422714,0.237389,0.42262,0.412994,0.234936,0.412903,0.153911,120,0.259083,0.0157213,0.015312,0.157657,120,0.246756,0.0124995,0.0124993,0.188929,120,0.183777,0.0106134,0.0106127,16,0.148467,0.0966546,0.183777,1.32505,10.0019,0.031,0.05
0.334329,0.622211,0.334324,0.668657,1.24442,0.668647,Paar Δ=0°,1.00299,1.86663,1.00297,0.455192,0.910404,0.455097,0.422651,0.237101,0.422557,0.413702,0.238855,0.413607,0.15418,120,0.259522,0.0154253,0.0154587,0.156985,120,0.2472,0.0123598,0.0123598,0.188945,120,0.183882,0.0106148,0.0106141,15,0.148476,0.0966791,0.183882,1.29835,10.0019,0.032,0.05
0.333791,0.620006,0.333786,0.667582,1.24001,0.667573,Paar Δ=0°,1.00137,1.86002,1.00136,0.455032,0.906227,0.454941,0.423108,0.236588,0.423013,0.414317,0.241183,0.414222,0.154378,120,0.259939,0.0150957,0.0154288,0.156717,120,0.247664,0.0123762,0.0123762,0.188961,120,0.183991,0.0106163,0.0106156,15,0.148486,0.0967043,0.183991,1.32333,9.95134,0.033,0.05
0.334361,0.621847,0.334354,0.668722,1.24369,0.668707,Paar Δ=0°,1.00308,1.86554,1.00306,0.455676,0.909385,0.455583,0.425313,0.2368,0.425212,0.415026,0.243674,0.414921,0.154456,120,0.26057,0.0157612,0.0153796,0.16591,120,0.243003,0.0124807,0.0124782,0.188978,120,0.184103,0.0106178,0.0106171,14,0.148496,0.0967304,0.184103,1.29197,9.80865,0.034,0.05
0.334827,0.624074,0.334819,0.669654,1.24815,0.669639,Paar Δ=0°,1.00448,1.87222,1.00446,0.457171,0.914164,0.45706,0.425512,0.238078,0.425403,0.415146,0.245991,0.415049,0.153754,120,0.261392,0.015711,0.0152582,0.165812,120,0.243403,0.0125008,0.0124977,0.188995,120,0.184218,0.0106194,0.0106186,14,0.148506,0.0967572,0.184218,1.31481,9.5062,0.035,0.05
0.334585,0.625496,0.334578,0.66917,1.25099,0.669155,Paar Δ=0°,1.00375,1.87649,1.00373,0.456398,0.918129,0.456297,0.423892,0.238211,0.423788,0.41594,0.245905,0.415832,0.153791,120,0.262148,0.0149951,0.0153961,0.162998,120,0.243819,0.0119715,0.0119706,0.189013,120,0.184337,0.010621,0.0106203,13,0.148516,0.0967848,0.184337,1.27956,9.84665,0.036,0.05
0.333963,0.626,0.333954,0.667927,1.252,0.667908,Paar Δ=0°,1.00189,1.878,1.00186,0.4556,0.919757,0.455507,0.425181,0.238538,0.425067,0.416666,0.244969,0.41655,0.154393,120,0.262272,0.0152151,0.0155768,0.162836,120,0.244251,0.0119829,0.0119822,0.189032,120,0.18446,0.0106226,0.0106219,13,0.148527,0.0968132,0.18446,1.29996,10.0578,0.037,0.05
0.334986,0.625741,0.334977,0.669973,1.25148,0.669953,Paar Δ=0°,1.00496,1.87722,1.00493,0.458828,0.9193,0.458718,0.42916,0.239165,0.429029,0.417838,0.24505,0.417714,0.155432,120,0.262406,0.0159957,0.0155062,0.162665,120,0.2447,0.0119948,0.0119944,0.18905,120,0.184586,0.0106243,0.0106236,13,0.148538,0.0968424,0.184586,1.32161,9.88662,0.038,0.05
0.335546,0.62456,0.335536,0.671092,1.24912,0.671071,Paar Δ=0°,1.00664,1.87368,1.00661,0.459157,0.916019,0.459043,0.429498,0.239173,0.429374,0.417295,0.244093,0.417179,0.153763,120,0.263532,0.0158649,0.015068,0.161758,120,0.245167,0.0119084,0.0119079,0.18907,120,0.184716,0.0106261,0.0106253,12,0.14855,0.0968724,0.184716,1.27956,9.55016,0.039,0.05
0.335424,0.622689,0.335414,0.670849,1.24538,0.670828,Paar Δ=0°,1.00627,1.86807,1.00624,0.456973,0.911058,0.456859,0.426672,0.241766,0.426571,0.417598,0.240647,0.417485,0.152565,120,0.265032,0.0150347,0.0151199,0.161556,120,0.245652,0.0119196,0.0119193,0.189089,120,0.184849,0.0106279,0.0106271,12,0.148562,0.0969033,0.184849,1.29835,10.0499,0.04,0.05
0.334874,0.620316,0.334865,0.669748,1.24063,0.669729,Paar Δ=0°,1.00462,1.86095,1.00459,0.457747,0.908307,0.457622,0.425071,0.244107,0.424955,0.418789,0.239211,0.418661,0.153049,120,0.26574,0.0147698,0.015457,0.161344,120,0.246155,0.0119313,0.0119311,0.18911,120,0.184986,0.0106297,0.010629,12,0.148574,0.0969349,0.184986,1.31819,9.71849,0.041,0.05
0.334825,0.623354,0.334811,0.66965,1.24671,0.669621,Paar Δ=0°,1.00448,1.87006,1.00443,0.459538,0.912566,0.459423,0.428359,0.24787,0.428253,0.420327,0.239007,0.420214,0.155513,120,0.264814,0.0154939,0.0159493,0.174691,120,0.237489,0.0120438,0.0120394,0.18913,120,0.185126,0.0106316,0.0106308,11,0.148586,0.0969673,0.185126,1.27053,9.84665,0.042,0.05
0.336002,0.626041,0.335986,0.672004,1.25208,0.671971,Paar Δ=0°,1.00801,1.87812,1.00796,0.460024,0.916158,0.459897,0.434104,0.252172,0.433962,0.421449,0.240918,0.421321,0.157121,120,0.264328,0.0162912,0.0157476,0.174683,120,0.237881,0.0120583,0.0120533,0.189152,120,0.18527,0.0106335,0.0106328,11,0.148599,0.0970005,0.18527,1.28726,9.92069,0.043,0.05
0.336662,0.628088,0.336645,0.673325,1.25618,0.673291,Paar Δ=0°,1.00999,1.88426,1.00994,0.461189,0.919811,0.461055,0.435412,0.254378,0.435257,0.420384,0.24194,0.420249,0.154732,120,0.265652,0.0161095,0.0149103,0.174677,120,0.238285,0.0120734,0.0120678,0.189173,120,0.185418,0.0106355,0.0106347,11,0.148612,0.0970345,0.185418,1.30484,9.66076,0.044,0.05
0.336659,0.629494,0.336643,0.673318,1.25899,0.673286,Paar Δ=0°,1.00998,1.88848,1.00993,0.461642,0.923894,0.461544,0.431859,0.254089,0.431711,0.419718,0.240487,0.419558,0.151784,120,0.267934,0.0152235,0.0146524,0.174671,120,0.238701,0.0120892,0.0120829,0.189196,120,0.185569,0.0106375,0.0106368,11,0.148625,0.0970693,0.185569,1.32333,9.95134,0.045,0.05
0.336228,0.630624,0.336213,0.672456,1.26125,0.672427,Paar Δ=0°,1.00868,1.89187,1.00864,0.462783,0.927687,0.462639,0.428071,0.25392,0.427949,0.42029,0.239017,0.420154,0.150146,120,0.270144,0.0145164,0.0149155,0.168406,120,0.239131,0.0114375,0.0114362,0.189218,120,0.185724,0.0106396,0.0106388,10,0.148638,0.0971049,0.185724,1.26758,9.66076,0.046,0.05
0.33574,0.631013,0.335724,0.67148,1.26203,0.671448,Paar Δ=0°,1.00722,1.89304,1.00717,0.463711,0.929689,0.463551,0.427127,0.255049,0.427011,0.422954,0.240963,0.4228,0.152193,120,0.270761,0.0146477,0.0155573,0.1683,120,0.239574,0.0114442,0.011443,0.189241,120,0.185882,0.0106417,0.0106409,10,0.148652,0.0971414,0.185882,1.28262,9.84923,0.047,0.05
0.335672,0.630733,0.335651,0.671344,1.26147,0.671302,Paar Δ=0°,1.00702,1.8922,1.00695,0.465981,0.930562,0.465779,0.430188,0.257012,0.430062,0.425456,0.241623,0.425292,0.156754,120,0.268703,0.0154508,0.0163728,0.168189,120,0.24003,0.011451,0.0114501,0.189265,120,0.186045,0.0106439,0.0106431,10,0.148666,0.0971786,0.186045,1.29835,9.84665,0.048,0.05
0.337164,0.630275,0.337137,0.674328,1.26055,0.674274,Paar Δ=0°,1.01149,1.89083,1.01141,0.467482,0.93085,0.467241,0.43666,0.258639,0.436505,0.426103,0.240447,0.425947,0.159609,120,0.266494,0.0163864,0.0164811,0.168074,120,0.240501,0.011458,0.0114573,0.189289,120,0.18621,0.0106461,0.0106453,10,0.148681,0.0972167,0.18621,1.31481,9.5062,0.049,0.05
0.338211,0.629243,0.338186,0.676423,1.25849,0.676372,Paar Δ=0°,1.01463,1.88773,1.01456,0.468301,0.928964,0.468122,0.442345,0.25803,0.442162,0.425288,0.240486,0.425127,0.15859,120,0.266698,0.0166959,0.0155171,0.167954,120,0.240986,0.0114652,0.0114647,0.189314,120,0.18638,0.0106483,0.0106476,10,0.148696,0.0972556,0.18638,1.33204,10.0499,0.05,0.05
0.338572,0.62729,0.338544,0.677143,1.25458,0.677087,Paar Δ=0°,1.01572,1.88187,1.01563,0.464267,0.923933,0.464093,0.442396,0.254642,0.442194,0.423248,0.240163,0.423091,0.154377,120,0.268872,0.0160182,0.0143757,0.167829,120,0.241485,0.0114725,0.0114723,0.189339,120,0.186554,0.0106506,0.0106499,9,0.148711,0.0972953,0.186554,1.26611,9.16228,0.051,0.05
0.338393,0.625152,0.338366,0.676785,1.2503,0.676732,Paar Δ=0°,1.01518,1.87546,1.0151,0.459067,0.917874,0.458932,0.437921,0.25095,0.437766,0.421433,0.241018,0.421305,0.149401,120,0.272032,0.0150251,0.0140456,0.167699,120,0.242,0.0114801,0.0114801,0.189365,120,0.186731,0.010653,0.0106522,9,0.148726,0.0973358,0.186731,1.27956,9.88662,0.052,0.05
0.337943,0.622814,0.337919,0.675885,1.24563,0.675839,Paar Δ=0°,1.01383,1.86844,1.01376,0.458061,0.911835,0.457932,0.432888,0.248536,0.432741,0.42169,0.24423,0.421545,0.14619,120,0.2755,0.0142572,0.0142372,0.167563,120,0.242531,0.0114879,0.0114882,0.189391,120,0.186912,0.0106554,0.0106546,9,0.148742,0.0973771,0.186912,1.29356,9.88497,0.053,0.05
0.337564,0.623307,0.337541,0.675129,1.24661,0.675083,Paar Δ=0°,1.01269,1.86992,1.01262,0.461539,0.918121,0.461399,0.430449,0.250812,0.430323,0.424804,0.249457,0.424653,0.146504,120,0.2783,0.0140616,0.0147483,0.167421,120,0.243077,0.0114959,0.0114965,0.189418,120,0.187096,0.0106578,0.0106571,9,0.148758,0.0974193,0.187096,1.30814,8.98763,0.054,0.05
0.337393,0.626548,0.337369,0.674787,1.2531,0.674738,Paar Δ=0°,1.01218,1.87964,1.01211,0.46674,0.923483,0.46658,0.431201,0.254437,0.431069,0.430129,0.2551,0.429946,0.151505,120,0.278624,0.014445,0.0156564,0.167273,120,0.243641,0.0115041,0.0115051,0.189445,120,0.187285,0.0106603,0.0106595,9,0.148774,0.0974623,0.187285,1.32333,9.95134,0.055,0.05
0.33722,0.628998,0.337183,0.674441,1.258,0.674367,Paar Δ=0°,1.01166,1.88699,1.01155,0.469834,0.926559,0.469639,0.433587,0.259184,0.433434,0.434268,0.258926,0.434071,0.158955,120,0.275314,0.0151222,0.0166257,0.185022,120,0.225965,0.0116269,0.0116201,0.189472,120,0.187477,0.0106628,0.0106621,8,0.148791,0.0975061,0.187477,1.25039,9.84665,0.056,0.05
0.339074,0.631259,0.339033,0.678149,1.26252,0.678066,Paar Δ=0°,1.01722,1.89378,1.0171,0.468898,0.928028,0.46871,0.43757,0.263912,0.437399,0.434717,0.260331,0.434512,0.163967,120,0.27075,0.0160247,0.0171438,0.185085,120,0.226338,0.0116375,0.01163,0.1895,120,0.187674,0.0106654,0.0106647,8,0.148807,0.0975507,0.187674,1.26175,8.77282,0.057,0.05
0.340564,0.633985,0.340521,0.681128,1.26797,0.681043,Paar Δ=0°,1.02169,1.90196,1.02156,0.46674,0.929884,0.466542,0.443894,0.267395,0.443698,0.432983,0.260873,0.432783,0.164696,120,0.268287,0.0168914,0.0167888,0.185151,120,0.22672,0.0116484,0.0116402,0.189529,120,0.187874,0.0106681,0.0106673,8,0.148825,0.0975962,0.187874,1.27351,9.80865,0.058,0.05
0.341448,0.636495,0.341403,0.682895,1.27299,0.682806,Paar Δ=0°,1.02434,1.90948,1.02421,0.469625,0.932238,0.469425,0.449829,0.268204,0.449604,0.429568,0.261583,0.429386,0.160905,120,0.268663,0.0169855,0.0154654,0.185219,120,0.227111,0.0116596,0.0116508,0.189558,120,0.188078,0.0106707,0.01067,8,0.148842,0.0976425,0.188078,1.28571,10.0022,0.059,0.05
0.341609,0.6379,0.341566,0.683218,1.2758,0.683132,Paar Δ=0°,1.02483,1.9137,1.0247,0.471221,0.934205,0.471022,0.451729,0.266545,0.451494,0.426655,0.26246,0.42649,0.155633,120,0.271021,0.0161992,0.0140003,0.185291,120,0.22751,0.0116711,0.0116616,0.189588,120,0.188286,0.0106735,0.0106727,8,0.14886,0.0976896,0.188286,1.29835,9.16228,0.06,0.05
0.34133,0.638646,0.34129,0.68266,1.27729,0.68258,Paar Δ=0°,1.02399,1.91594,1.02387,0.47204,0.936323,0.47185,0.449408,0.264724,0.449187,0.425253,0.26353,0.425094,0.150716,120,0.274537,0.0151645,0.0132513,0.185365,120,0.227919,0.0116831,0.0116728,0.189618,120,0.188498,0.0106763,0.0106755,8,0.148878,0.0977376,0.188498,1.31146,9.25938,0.061,0.05
0.340868,0.639558,0.340831,0.681737,1.27912,0.681662,Paar Δ=0°,1.02261,1.91867,1.02249,0.472235,0.93959,0.472056,0.444634,0.264122,0.444436,0.424388,0.264951,0.424234,0.145609,120,0.278779,0.0142838,0.0131693,0.185442,120,0.228337,0.0116953,0.0116842,0.189648,120,0.188714,0.0106791,0.0106783,8,0.148896,0.0977864,0.188714,1.32505,10.0019,0.062,0.05
0.340399,0.640749,0.340363,0.680798,1.2815,0.680726,Paar Δ=0°,1.0212,1.92225,1.02109,0.471958,0.94337,0.47179,0.439517,0.264258,0.439343,0.424516,0.266797,0.424363,0.14104,120,0.283476,0.0136772,0.0133601,0.173839,120,0.228764,0.0108548,0.0108527,0.189679,120,0.188934,0.010682,0.0106812,7,0.148915,0.0978361,0.188934,1.24078,9.84665,0.063,0.05
0.340198,0.641773,0.340163,0.680397,1.28355,0.680325,Paar Δ=0°,1.0206,1.92532,1.02049,0.472444,0.946368,0.472281,0.436383,0.264583,0.436226,0.427088,0.269204,0.426924,0.138905,120,0.288183,0.0134395,0.0137456,0.173784,120,0.229201,0.0108582,0.0108562,0.189711,120,0.189158,0.0106849,0.0106841,7,0.148934,0.0978866,0.189158,1.25039,8.86934,0.064,0.05
0.3404,0.642278,0.340361,0.6808,1.28456,0.680722,Paar Δ=0°,1.0212,1.92683,1.02108,0.475084,0.948251,0.474912,0.436356,0.265522,0.436198,0.433009,0.271914,0.432813,0.141174,120,0.291835,0.0135569,0.0144207,0.173728,120,0.229648,0.0108616,0.0108597,0.189743,120,0.189386,0.0106878,0.0106871,7,0.148953,0.097938,0.189386,1.26031,9.19342,0.065,0.05
0.340758,0.641972,0.340714,0.681515,1.28394,0.681429,Paar Δ=0°,1.02227,1.92592,1.02214,0.479938,0.949205,0.479741,0.438586,0.26733,0.438416,0.44104,0.273691,0.440803,0.148494,120,0.292546,0.0137932,0.0153006,0.173669,120,0.230104,0.010865,0.0108632,0.189775,120,0.189618,0.0106909,0.0106901,7,0.148973,0.0979902,0.189618,1.27053,9.95134,0.066,0.05
0.340834,0.640815,0.340786,0.681668,1.28163,0.681572,Paar Δ=0°,1.0225,1.92245,1.02236,0.485955,0.949697,0.485723,0.441047,0.269291,0.440865,0.447879,0.27316,0.447607,0.159128,120,0.288751,0.014092,0.0161817,0.173609,120,0.230571,0.0108685,0.0108668,0.189808,120,0.189855,0.0106939,0.0106932,7,0.148993,0.0980433,0.189855,1.28108,9.95099,0.067,0.05
0.34209,0.639551,0.342022,0.68418,1.2791,0.684045,Paar Δ=0°,1.02627,1.91865,1.02607,0.491956,0.950737,0.491668,0.442501,0.2705,0.442309,0.452692,0.270794,0.452392,0.17087,120,0.281822,0.0146012,0.0169354,0.173546,120,0.231048,0.0108721,0.0108704,0.189841,120,0.190095,0.0106971,0.0106963,7,0.149013,0.0980972,0.190095,1.29197,9.16228,0.068,0.05
0.344019,0.638967,0.343948,0.688038,1.27793,0.687896,Paar Δ=0°,1.03206,1.9169,1.03184,0.497394,0.952872,0.49705,0.443773,0.270758,0.443579,0.456358,0.268684,0.456045,0.181153,120,0.275205,0.0154557,0.0173955,0.173481,120,0.231535,0.0108757,0.0108741,0.189875,120,0.19034,0.0107002,0.0106994,7,0.149033,0.098152,0.19034,1.30321,8.55229,0.069,0.05
0.345643,0.638888,0.345567,0.691286,1.27778,0.691134,Paar Δ=0°,1.03693,1.91666,1.0367,0.501324,0.955114,0.50092,0.446522,0.269983,0.446306,0.456861,0.267943,0.456551,0.185808,120,0.271053,0.0164993,0.0173236,0.173413,120,0.232033,0.0108793,0.0108779,0.189909,120,0.190589,0.0107034,0.0107027,7,0.149054,0.0982076,0.190589,1.31481,9.5062,0.07,0.05
0.346764,0.638336,0.346688,0.693527,1.27667,0.693376,Paar Δ=0°,1.04029,1.91501,1.04006,0.501559,0.955262,0.501123,0.451118,0.267802,0.450888,0.454352,0.26785,0.454048,0.184705,120,0.269647,0.0171847,0.0164531,0.173343,120,0.232542,0.010883,0.0108816,0.189944,120,0.190842,0.0107067,0.0107059,7,0.149075,0.0982641,0.190842,1.32679,10.0375,0.071,0.05
0.347107,0.636486,0.347034,0.694213,1.27297,0.694068,Paar Δ=0°,1.04132,1.90946,1.0411,0.496608,0.951555,0.496166,0.455848,0.26426,0.455592,0.449271,0.266846,0.448998,0.178825,120,0.270447,0.0170344,0.0149141,0.176426,120,0.233062,0.0110767,0.0110776,0.189979,120,0.191099,0.01071,0.0107092,6,0.149097,0.0983215,0.191099,1.22886,9.84665,0.072,0.05
0.346773,0.633538,0.346702,0.693545,1.26708,0.693403,Paar Δ=0°,1.04032,1.90061,1.0401,0.488029,0.944629,0.487591,0.458781,0.260428,0.458502,0.443208,0.26803,0.442955,0.170385,120,0.272823,0.0161727,0.0133556,0.176382,120,0.233593,0.0110821,0.0110834,0.190015,120,0.191361,0.0107134,0.0107126,6,0.149119,0.0983797,0.191361,1.23676,9.01844,0.073,0.05
0.346146,0.630348,0.346082,0.692292,1.2607,0.692163,Paar Δ=0°,1.03844,1.89104,1.03824,0.479127,0.936637,0.478713,0.459552,0.257479,0.459288,0.437675,0.269443,0.437459,0.161401,120,0.276274,0.0151303,0.0123402,0.176336,120,0.234136,0.0110877,0.0110893,0.190051,120,0.191627,0.0107168,0.010716,6,0.149141,0.0984388,0.191627,1.24487,8.25426,0.074,0.05
0.345517,0.627532,0.345456,0.691034,1.25506,0.690913,Paar Δ=0°,1.03655,1.88259,1.03637,0.472018,0.929222,0.471624,0.458646,0.255629,0.458378,0.433025,0.27052,0.432824,0.152539,120,0.280486,0.0142536,0.0119262,0.176288,120,0.234691,0.0110933,0.0110953,0.190088,120,0.191897,0.0107202,0.0107195,6,0.149163,0.0984988,0.191897,1.25319,9.19342,0.075,0.05
0.34497,0.625166,0.344914,0.689941,1.25033,0.689828,Paar Δ=0°,1.03491,1.8755,1.03474,0.467228,0.92286,0.466873,0.456439,0.254295,0.456186,0.428825,0.271759,0.428645,0.1435,120,0.285325,0.0135914,0.0118895,0.176239,120,0.235258,0.0110991,0.0111015,0.190125,120,0.192172,0.0107238,0.010723,6,0.149186,0.0985597,0.192172,1.26175,9.88662,0.076,0.05
0.344557,0.622963,0.344502,0.689113,1.24593,0.689005,Paar Δ=0°,1.03367,1.86889,1.03351,0.4647,0.923178,0.464337,0.453463,0.252744,0.453218,0.429893,0.273224,0.429709,0.139143,120,0.29075,0.0131106,0.0120148,0.176187,120,0.235837,0.0111052,0.0111077,0.190162,120,0.192451,0.0107273,0.0107265,6,0.149209,0.0986215,0.192451,1.27053,10.0379,0.077,0.05
0.344411,0.624617,0.344354,0.688822,1.24923,0.688709,Paar Δ=0°,1.03323,1.87385,1.03306,0.464228,0.929871,0.463886,0.450664,0.250806,0.450428,0.431414,0.275024,0.431227,0.134677,120,0.296737,0.0128143,0.0122278,0.176134,120,0.236428,0.0111115,0.0111141,0.1902,120,0.192735,0.0107309,0.0107301,6,0.149232,0.0986841,0.192735,1.27956,9.55016,0.078,0.05
0.344683,0.62837,0.344623,0.689366,1.25674,0.689246,Paar Δ=0°,1.03405,1.88511,1.03387,0.46731,0.93769,0.467141,0.44895,0.248876,0.448735,0.434281,0.27748,0.434085,0.131101,120,0.303181,0.0127008,0.0125367,0.176079,120,0.237033,0.0111178,0.0111206,0.190239,120,0.193023,0.0107346,0.0107338,6,0.149255,0.0987476,0.193023,1.28883,8.6383,0.079,0.05
0.345405,0.63241,0.345344,0.690809,1.26482,0.690687,Paar Δ=0°,1.03621,1.89723,1.03603,0.47636,0.946558,0.476151,0.448635,0.247343,0.448416,0.439184,0.28077,0.438953,0.129459,120,0.309725,0.0127137,0.0129845,0.176021,120,0.237651,0.0111243,0.0111273,0.190278,120,0.193316,0.0107383,0.0107375,6,0.149279,0.098812,0.193316,1.29835,8.10514,0.08,0.05
0.346464,0.636595,0.346393,0.692927,1.27319,0.692787,Paar Δ=0°,1.03939,1.90978,1.03918,0.486401,0.956048,0.486125,0.449573,0.246171,0.449342,0.446274,0.284545,0.446018,0.13082,120,0.315454,0.0127705,0.0135504,0.175962,120,0.238282,0.0111309,0.011134,0.190317,120,0.193613,0.0107421,0.0107413,6,0.149303,0.0988774,0.193613,1.30814,8.98763,0.081,0.05
0.347591,0.640505,0.347511,0.695181,1.28101,0.695021,Paar Δ=0°,1.04277,1.92152,1.04253,0.495962,0.96496,0.49564,0.451439,0.247887,0.451214,0.455014,0.28776,0.454718,0.136361,120,0.318653,0.0128023,0.0142266,0.175899,120,0.238927,0.0111376,0.0111409,0.190357,120,0.193915,0.0107459,0.0107451,6,0.149328,0.0989436,0.193915,1.31819,9.71849,0.082,0.05
0.3484,0.643479,0.348312,0.6968,1.28696,0.696625,Paar Δ=0°,1.0452,1.93044,1.04494,0.50276,0.971362,0.502395,0.45369,0.251215,0.453445,0.463873,0.289134,0.463513,0.146556,120,0.317317,0.0127875,0.0149524,0.175835,120,0.239586,0.0111444,0.0111478,0.190397,120,0.194222,0.0107497,0.0107489,6,0.149353,0.0990107,0.194222,1.32853,10.0576,0.083,0.05
0.348571,0.645047,0.348481,0.697142,1.29009,0.696962,Paar Δ=0°,1.04571,1.93514,1.04544,0.504793,0.973848,0.504414,0.455564,0.255606,0.455317,0.470842,0.288112,0.470456,0.160083,120,0.310759,0.0127681,0.0156453,0.198005,120,0.194533,0.0112801,0.0112696,0.190438,120,0.194533,0.0107536,0.0107528,5,0.149378,0.0990787,0.194533,1.21367,9.84665,0.084,0.05
0.349424,0.645517,0.349302,0.698848,1.29103,0.698604,Paar Δ=0°,1.04827,1.93655,1.04791,0.501924,0.972874,0.501535,0.456607,0.261188,0.456354,0.474843,0.285755,0.47443,0.174063,120,0.30078,0.0128934,0.0162812,0.198119,120,0.194849,0.0112883,0.0112772,0.190479,120,0.194849,0.0107576,0.0107568,5,0.149403,0.0991476,0.194849,1.2199,9.16228,0.085,0.05
0.351387,0.645791,0.351257,0.702775,1.29158,0.702515,Paar Δ=0°,1.05416,1.93737,1.05377,0.496546,0.970253,0.496065,0.456856,0.268048,0.456601,0.476086,0.284053,0.475664,0.185732,120,0.290354,0.0132977,0.0168612,0.198235,120,0.19517,0.0112966,0.0112851,0.190521,120,0.19517,0.0107616,0.0107608,5,0.149429,0.0992175,0.19517,1.22627,8.24182,0.086,0.05
0.353159,0.64681,0.353028,0.706318,1.29362,0.706056,Paar Δ=0°,1.05948,1.94043,1.05908,0.497722,0.967864,0.49725,0.4566,0.27614,0.456343,0.478874,0.284658,0.478452,0.197257,120,0.281617,0.01402,0.017357,0.198354,120,0.195495,0.0113052,0.011293,0.190563,120,0.195495,0.0107656,0.0107648,5,0.149455,0.0992882,0.195496,1.23278,7.88294,0.087,0.05
0.354894,0.649166,0.354761,0.709787,1.29833,0.709523,Paar Δ=0°,1.06468,1.9475,1.06428,0.498758,0.966964,0.498296,0.456099,0.285043,0.455838,0.483944,0.28822,0.483493,0.208586,120,0.275358,0.0150361,0.0176752,0.198475,120,0.195826,0.0113138,0.0113011,0.190606,120,0.195826,0.0107697,0.0107689,5,0.149481,0.0993599,0.195826,1.23944,8.69979,0.088,0.05
0.356497,0.652877,0.35636,0.712994,1.30575,0.71272,Paar Δ=0°,1.06949,1.95863,1.06908,0.499897,0.968106,0.499444,0.455601,0.293676,0.455345,0.48691,0.294183,0.486447,0.215379,120,0.271531,0.0161431,0.0176104,0.198598,120,0.196161,0.0113227,0.0113093,0.190649,120,0.196161,0.0107738,0.0107731,5,0.149508,0.0994325,0.196161,1.24624,9.44735,0.089,0.05
0.357643,0.657314,0.357506,0.715286,1.31463,0.715011,Paar Δ=0°,1.07293,1.97194,1.07252,0.500653,0.970972,0.500204,0.45538,0.300242,0.455124,0.486957,0.300903,0.486489,0.21719,120,0.269767,0.0170138,0.0169793,0.198724,120,0.196502,0.0113317,0.0113177,0.190692,120,0.196502,0.010778,0.0107773,5,0.149535,0.099506,0.196502,1.25319,9.95134,0.09,0.05
0.35798,0.661364,0.357846,0.715959,1.32273,0.715692,Paar Δ=0°,1.07394,1.98409,1.07354,0.500316,0.974392,0.499878,0.455727,0.30288,0.455474,0.483548,0.306264,0.483099,0.213906,120,0.269642,0.0173089,0.0157367,0.198853,120,0.196847,0.0113409,0.0113264,0.190736,120,0.196847,0.0107823,0.0107815,5,0.149562,0.0995805,0.196847,1.26031,10.0379,0.091,0.05
0.357432,0.664133,0.357303,0.714864,1.32827,0.714606,Paar Δ=0°,1.0723,1.9924,1.07191,0.498632,0.977078,0.498213,0.456741,0.301034,0.456481,0.477261,0.308803,0.476846,0.206476,120,0.270785,0.0169302,0.0141447,0.198984,120,0.197197,0.0113503,0.0113352,0.190781,120,0.197197,0.0107866,0.0107858,5,0.14959,0.0996559,0.197197,1.26758,9.66076,0.092,0.05
0.356282,0.665452,0.356162,0.712565,1.3309,0.712325,Paar Δ=0°,1.06885,1.99636,1.06849,0.49609,0.978479,0.495694,0.458228,0.29576,0.45796,0.469791,0.308564,0.469416,0.196892,120,0.272899,0.0160849,0.0126285,0.199118,120,0.197553,0.0113598,0.0113442,0.190826,120,0.197553,0.010791,0.0107902,5,0.149618,0.0997322,0.197553,1.27501,8.94448,0.093,0.05
0.354931,0.665746,0.35482,0.709863,1.33149,0.70964,Paar Δ=0°,1.06479,1.99724,1.06446,0.493423,0.978842,0.493047,0.45993,0.288893,0.459655,0.462763,0.306557,0.462423,0.186997,120,0.275766,0.0150956,0.0114634,0.199255,120,0.197913,0.0113696,0.0113533,0.190871,120,0.197913,0.0107954,0.0107946,5,0.149646,0.0998095,0.197913,1.28262,8.08177,0.094,0.05
0.353681,0.665537,0.353578,0.707362,1.33107,0.707155,Paar Δ=0°,1.06104,1.99661,1.06073,0.491181,0.978709,0.490823,0.461679,0.281853,0.461395,0.457077,0.303826,0.456765,0.177847,120,0.279229,0.0141948,0.0107123,0.199395,120,0.198279,0.0113795,0.0113626,0.190917,120,0.198279,0.0107998,0.0107991,5,0.149675,0.0998877,0.198279,1.29039,7.37902,0.095,0.05
0.35268,0.665223,0.352582,0.705359,1.33045,0.705165,Paar Δ=0°,1.05804,1.99567,1.05775,0.489594,0.97848,0.48925,0.463415,0.27537,0.463122,0.452949,0.301058,0.452656,0.169756,120,0.283193,0.013473,0.0103069,0.199537,120,0.19865,0.0113896,0.011372,0.190963,120,0.19865,0.0108043,0.0108036,5,0.149703,0.0999669,0.19865,1.29835,8.10514,0.096,0.05
0.351972,0.665012,0.351879,0.703944,1.33002,0.703757,Paar Δ=0°,1.05592,1.99504,1.05564,0.488706,0.978411,0.488366,0.465144,0.269683,0.46484,0.450196,0.298587,0.449918,0.162594,120,0.287603,0.0129366,0.0101453,0.199683,120,0.199026,0.0113999,0.0113817,0.191009,120,0.199026,0.0108089,0.0108081,5,0.149733,0.100047,0.199026,1.30649,8.84521,0.097,0.05
0.351554,0.665019,0.351462,0.703107,1.33004,0.702925,Paar Δ=0°,1.05466,1.99506,1.05439,0.488483,0.978635,0.488154,0.466909,0.264772,0.4666,0.4485,0.296529,0.448234,0.156053,120,0.292446,0.0125603,0.0101361,0.199831,120,0.199408,0.0114105,0.0113915,0.191057,120,0.199408,0.0108135,0.0108127,5,0.149762,0.100128,0.199408,1.31481,9.5062,0.098,0.05
0.351411,0.665291,0.351321,0.702821,1.33058,0.702642,Paar Δ=0°,1.05423,1.99587,1.05396,0.488884,0.979208,0.488555,0.46873,0.262256,0.468408,0.447585,0.294937,0.447319,0.14985,120,0.297735,0.0123089,0.010229,0.199983,120,0.199795,0.0114212,0.0114014,0.191104,120,0.199795,0.0108182,0.0108174,5,0.149792,0.10021,0.199795,1.32333,9.95134,0.099,0.05
0.351535,0.665842,0.351444,0.703071,1.33168,0.702888,Paar Δ=0°,1.05461,1.99753,1.05433,0.489871,0.980148,0.489541,0.470636,0.261206,0.47031,0.447169,0.29479,0.446909,0.143665,120,0.303504,0.0121592,0.0103834,0.200138,120,0.200187,0.0114322,0.0114116,0.191152,120,0.200187,0.0108229,0.0108221,5,0.149822,0.100293,0.200187,1.33204,10.0499,0.1,0.05
0.351917,0.666676,0.351826,0.703834,1.33335,0.703651,Paar Δ=0°,1.05575,2.00003,1.05548,0.49145,0.981455,0.491108,0.47266,0.260806,0.472316,0.447052,0.295167,0.446792,0.137247,120,0.309805,0.0120779,0.0105831,0.178221,120,0.200585,0.01016,0.0101566,0.191201,120,0.200585,0.0108277,0.0108269,4,0.149852,0.100377,0.200585,1.19463,9.75997,0.101,0.05
0.352567,0.667792,0.352469,0.705133,1.33558,0.704939,Paar Δ=0°,1.0577,2.00338,1.05741,0.49364,0.983149,0.493286,0.474807,0.261069,0.474459,0.448432,0.296072,0.448161,0.13173,120,0.316702,0.012045,0.010809,0.17822,120,0.200989,0.0101624,0.0101587,0.19125,120,0.200989,0.0108325,0.0108318,4,0.149883,0.100462,0.200989,1.19927,9.16228,0.102,0.05
0.35349,0.669185,0.353389,0.706981,1.33837,0.706779,Paar Δ=0°,1.06047,2.00755,1.06017,0.496497,0.985187,0.496135,0.477083,0.262038,0.476728,0.453254,0.297531,0.45296,0.129004,120,0.32425,0.0120455,0.0110694,0.178219,120,0.201398,0.0101647,0.0101608,0.191299,120,0.201398,0.0108374,0.0108366,4,0.149914,0.100548,0.201398,1.20399,8.40143,0.103,0.05
0.354707,0.670831,0.3546,0.709414,1.34166,0.7092,Paar Δ=0°,1.06412,2.01249,1.0638,0.50011,0.987561,0.499737,0.479491,0.263793,0.479118,0.458459,0.29954,0.458138,0.125984,120,0.332475,0.012064,0.0113517,0.178217,120,0.201813,0.0101671,0.010163,0.191349,120,0.201813,0.0108423,0.0108416,4,0.149946,0.100635,0.201813,1.20879,7.60559,0.104,0.05
0.356232,0.672676,0.356114,0.712465,1.34535,0.712228,Paar Δ=0°,1.0687,2.01803,1.06834,0.504598,0.990183,0.504205,0.481972,0.266445,0.481589,0.464173,0.302105,0.463816,0.122846,120,0.341327,0.0120844,0.0116613,0.178215,120,0.202233,0.0101695,0.0101651,0.191399,120,0.202233,0.0108473,0.0108466,4,0.149977,0.100723,0.202233,1.21367,7.0371,0.105,0.05
0.358064,0.674615,0.357936,0.716128,1.34923,0.715871,Paar Δ=0°,1.07419,2.02385,1.07381,0.510073,0.992929,0.509656,0.484432,0.270117,0.484038,0.470482,0.305184,0.470101,0.119878,120,0.350604,0.0120976,0.0120067,0.178212,120,0.202659,0.0101718,0.0101673,0.191449,120,0.202659,0.0108523,0.0108516,4,0.150009,0.100812,0.202659,1.21865,7.66394,0.106,0.05
0.360159,0.67645,0.360023,0.720319,1.3529,0.720045,Paar Δ=0°,1.08048,2.02935,1.08007,0.516606,0.995556,0.516154,0.486686,0.274897,0.486273,0.477417,0.308665,0.477,0.117587,120,0.35983,0.0120805,0.0123926,0.178209,120,0.203091,0.0101742,0.0101694,0.1915,120,0.203091,0.0108574,0.0108567,4,0.150042,0.100902,0.203092,1.22371,8.32892,0.107,0.05
0.362406,0.677855,0.362253,0.724812,1.35571,0.724506,Paar Δ=0°,1.08722,2.03356,1.08676,0.524106,0.997683,0.523629,0.488434,0.280721,0.488006,0.484818,0.312274,0.484358,0.116721,120,0.368098,0.0120157,0.0128104,0.178206,120,0.20353,0.0101766,0.0101716,0.191552,120,0.20353,0.0108626,0.0108619,4,0.150074,0.100993,0.20353,1.22886,8.98763,0.108,0.05
0.364571,0.678384,0.364403,0.729142,1.35677,0.728806,Paar Δ=0°,1.09371,2.03515,1.09321,0.532268,0.998822,0.531747,0.489281,0.28732,0.488854,0.492256,0.315548,0.491763,0.118271,120,0.373984,0.0118784,0.0132601,0.178201,120,0.203973,0.010179,0.0101737,0.191603,120,0.203973,0.0108678,0.0108671,4,0.150107,0.101085,0.203974,1.2341,9.56289,0.109,0.05
0.366321,0.677559,0.366141,0.732642,1.35512,0.732282,Paar Δ=0°,1.09896,2.03268,1.09842,0.540425,0.998538,0.539878,0.48886,0.294071,0.488443,0.499029,0.317921,0.498486,0.123259,120,0.37577,0.0116727,0.0137189,0.178197,120,0.204424,0.0101814,0.0101758,0.191656,120,0.204424,0.010873,0.0108724,4,0.15014,0.101178,0.204424,1.23944,9.95134,0.11,0.05
0.367313,0.675117,0.367126,0.734626,1.35023,0.734252,Paar Δ=0°,1.10194,2.02535,1.10138,0.547817,0.996745,0.547226,0.48708,0.300182,0.486674,0.504336,0.318885,0.503769,0.132224,120,0.372112,0.0114119,0.014168,0.178191,120,0.20488,0.0101838,0.0101781,0.191708,120,0.20488,0.0108783,0.0108777,4,0.150174,0.101272,0.20488,1.24487,10.0578,0.111,0.05
0.367369,0.671278,0.367177,0.734737,1.34256,0.734354,Paar Δ=0°,1.10211,2.01384,1.10153,0.553868,0.993979,0.553267,0.484317,0.305062,0.483915,0.507719,0.318377,0.507143,0.144779,120,0.36294,0.0111524,0.0145904,0.178185,120,0.205342,0.0101862,0.0101803,0.191761,120,0.205342,0.0108837,0.0108831,4,0.150208,0.101367,0.205342,1.25039,9.84665,0.112,0.05
0.366578,0.666727,0.366381,0.733156,1.33345,0.732763,Paar Δ=0°,1.09973,2.00018,1.09914,0.558612,0.991306,0.55798,0.481295,0.308598,0.480909,0.509322,0.316851,0.508739,0.159617,120,0.349705,0.0109384,0.0149879,0.178178,120,0.20581,0.0101887,0.0101826,0.191815,120,0.20581,0.0108891,0.0108885,4,0.150242,0.101463,0.205811,1.25602,9.36557,0.113,0.05
0.367733,0.662327,0.367475,0.735466,1.32465,0.734951,Paar Δ=0°,1.1032,1.98698,1.10243,0.56254,0.989817,0.561904,0.47876,0.311172,0.47839,0.509755,0.315038,0.509163,0.175108,120,0.334647,0.0108283,0.0153678,0.178171,120,0.206285,0.0101911,0.0101849,0.191868,120,0.206285,0.0108946,0.010894,4,0.150277,0.10156,0.206285,1.26175,8.71612,0.114,0.05
0.368849,0.658784,0.368591,0.737697,1.31757,0.737182,Paar Δ=0°,1.10655,1.97635,1.10577,0.566327,0.990174,0.565682,0.477157,0.313348,0.476794,0.509696,0.313612,0.509091,0.189921,120,0.319775,0.0108714,0.0157724,0.178163,120,0.206766,0.0101935,0.0101871,0.191923,120,0.206766,0.0109001,0.0108995,4,0.150312,0.101658,0.206767,1.26758,8.00181,0.115,0.05
0.369849,0.656474,0.369597,0.739698,1.31295,0.739194,Paar Δ=0°,1.10955,1.96942,1.10879,0.57054,0.99256,0.569879,0.476564,0.315621,0.476207,0.509646,0.312986,0.509051,0.203269,120,0.306376,0.0110751,0.0161894,0.178154,120,0.207254,0.0101959,0.0101894,0.191977,120,0.207254,0.0109057,0.0109051,4,0.150347,0.101757,0.207254,1.27351,7.29653,0.116,0.05
0.370972,0.655497,0.370721,0.741944,1.31099,0.741442,Paar Δ=0°,1.11292,1.96649,1.11216,0.575534,0.996837,0.574851,0.476837,0.318348,0.476477,0.509843,0.31333,0.509244,0.214822,120,0.295021,0.0114458,0.0166406,0.178145,120,0.207749,0.0101983,0.0101916,0.192032,120,0.207749,0.0109113,0.0109107,4,0.150382,0.101857,0.207749,1.27956,6.64074,0.117,0.05
0.372356,0.655753,0.372102,0.744711,1.31151,0.744204,Paar Δ=0°,1.11707,1.96726,1.11631,0.58146,1.00273,0.580754,0.477713,0.321656,0.477346,0.510306,0.31461,0.509702,0.224492,120,0.285814,0.0120082,0.0171141,0.178134,120,0.208249,0.0102007,0.0101938,0.192087,120,0.208249,0.0109169,0.0109164,4,0.150418,0.101959,0.20825,1.28571,6.97083,0.118,0.05
0.374046,0.657035,0.373789,0.748092,1.31407,0.747577,Paar Δ=0°,1.12214,1.9711,1.12137,0.588282,1.00989,0.587552,0.4789,0.325538,0.478527,0.510841,0.316683,0.510227,0.232219,120,0.278621,0.0127568,0.0175745,0.178123,120,0.208757,0.0102031,0.010196,0.192143,120,0.208757,0.0109226,0.0109221,4,0.150454,0.102061,0.208757,1.29197,7.52034,0.119,0.05
0.37601,0.659065,0.375748,0.752019,1.31813,0.751496,Paar Δ=0°,1.12803,1.97719,1.12724,0.595756,1.01792,0.594955,0.480064,0.329781,0.479685,0.511104,0.319254,0.510489,0.237896,120,0.273208,0.0136762,0.0179834,0.178111,120,0.209271,0.0102055,0.0101982,0.192199,120,0.209271,0.0109284,0.0109279,4,0.150491,0.102164,0.209271,1.29835,8.10514,0.12,0.05
0.378121,0.661501,0.377854,0.756242,1.323,0.755708,Paar Δ=0°,1.13436,1.9845,1.13356,0.603271,1.02621,0.602412,0.480837,0.333955,0.48045,0.51464,0.321903,0.514038,0.245317,120,0.269322,0.0147275,0.0182648,0.178098,120,0.209793,0.0102079,0.0102003,0.192255,120,0.209793,0.0109342,0.0109338,4,0.150527,0.102269,0.209793,1.30484,8.69979,0.121,0.05
0.380162,0.663917,0.37989,0.760324,1.32783,0.75978,Paar Δ=0°,1.14049,1.99175,1.13967,0.609898,1.03392,0.608966,0.480808,0.337403,0.480426,0.521172,0.323999,0.52054,0.254442,120,0.26673,0.0158212,0.0183171,0.178084,120,0.210321,0.0102102,0.0102025,0.192312,120,0.210321,0.0109401,0.0109397,4,0.150565,0.102374,0.210321,1.31146,9.25938,0.122,0.05
0.381807,0.665793,0.381531,0.763614,1.33159,0.763062,Paar Δ=0°,1.14542,1.99738,1.14459,0.614319,1.03989,0.61334,0.47958,0.339222,0.479199,0.525643,0.324749,0.524985,0.260423,120,0.26522,0.0168246,0.0180328,0.17807,120,0.210856,0.0102126,0.0102046,0.192369,120,0.210856,0.010946,0.0109456,4,0.150602,0.102481,0.210856,1.31819,9.71849,0.123,0.05
0.382701,0.666597,0.382426,0.765401,1.33319,0.764853,Paar Δ=0°,1.1481,1.99979,1.14728,0.615181,1.04282,0.614155,0.481367,0.33845,0.480459,0.52724,0.32337,0.526579,0.262622,120,0.264618,0.0175507,0.0173315,0.178054,120,0.211398,0.010215,0.0102068,0.192426,120,0.211398,0.010952,0.0109516,4,0.15064,0.102589,0.211398,1.32505,10.0019,0.124,0.05
0.382589,0.6659,0.382319,0.765178,1.3318,0.764639,Paar Δ=0°,1.14777,1.9977,1.14696,0.611513,1.04171,0.610464,0.481987,0.334492,0.481037,0.525489,0.322363,0.524837,0.260715,120,0.264773,0.0178582,0.0162256,0.178037,120,0.211947,0.0102173,0.0102089,0.192484,120,0.211947,0.0109581,0.0109577,4,0.150678,0.102698,0.211947,1.33204,10.0499,0.125,0.05
0.381429,0.663601,0.381169,0.762857,1.3272,0.762338,Paar Δ=0°,1.14429,1.9908,1.14351,0.603306,1.03634,0.602265,0.477911,0.32741,0.476943,0.52053,0.319182,0.519905,0.254964,120,0.265567,0.0176946,0.014839,0.192542,120,0.212504,0.0109642,0.0109638,0.192542,120,0.212504,0.0109642,0.0109638,3,0.150716,0.102808,0.212504,1.1664,9.84665,0.126,0.05
0.379423,0.659941,0.379178,0.758846,1.31988,0.758355,Paar Δ=0°,1.13827,1.97982,1.13753,0.591642,1.02735,0.590625,0.470018,0.317988,0.469061,0.513196,0.313644,0.512608,0.246301,120,0.266894,0.0171311,0.0133694,0.192601,120,0.213068,0.0109703,0.01097,0.192601,120,0.213068,0.0109703,0.01097,3,0.150755,0.102919,0.213068,1.1695,9.42938,0.127,0.05
0.376906,0.655401,0.376676,0.753813,1.3108,0.753352,Paar Δ=0°,1.13072,1.9662,1.13003,0.578123,1.01601,0.577148,0.459844,0.307331,0.458913,0.504622,0.306554,0.504074,0.235947,120,0.268675,0.0163162,0.0120032,0.192659,120,0.21364,0.0109765,0.0109763,0.192659,120,0.21364,0.0109765,0.0109763,3,0.150794,0.103031,0.21364,1.17264,8.86934,0.128,0.05
0.374217,0.650483,0.374004,0.748434,1.30097,0.748009,Paar Δ=0°,1.12265,1.95145,1.12201,0.564349,1.00364,0.563423,0.453922,0.296533,0.453671,0.495854,0.298702,0.495333,0.225013,120,0.270841,0.0154038,0.0108537,0.192719,120,0.214219,0.0109828,0.0109826,0.192719,120,0.214219,0.0109828,0.0109826,3,0.150834,0.103144,0.214219,1.17581,8.24182,0.129,0.05
0.371612,0.645563,0.371412,0.743223,1.29113,0.742824,Paar Δ=0°,1.11484,1.93669,1.11424,0.551431,0.991298,0.550559,0.451584,0.286337,0.451346,0.487633,0.291057,0.487143,0.214295,120,0.273338,0.0145058,0.00995351,0.192778,120,0.214805,0.0109892,0.0109889,0.192778,120,0.214805,0.0109892,0.0109889,3,0.150873,0.103258,0.214805,1.17903,7.60559,0.13,0.05
0.369234,0.640881,0.369047,0.738467,1.28176,0.738094,Paar Δ=0°,1.1077,1.92264,1.10714,0.540049,0.979569,0.539226,0.450541,0.277157,0.450308,0.480393,0.287628,0.479936,0.204271,120,0.276122,0.0136923,0.00928775,0.192838,120,0.2154,0.0109957,0.0109953,0.192838,120,0.2154,0.0109957,0.0109953,3,0.150913,0.103374,0.2154,1.1823,6.99756,0.131,0.05
0.367155,0.636527,0.366983,0.73431,1.27305,0.733965,Paar Δ=0°,1.10147,1.90958,1.10095,0.530473,0.968785,0.529692,0.450594,0.269128,0.45036,0.474337,0.284446,0.473914,0.195177,120,0.279161,0.0129876,0.00881049,0.192898,120,0.216002,0.0110023,0.0110018,0.192898,120,0.216002,0.0110023,0.0110018,3,0.150954,0.103491,0.216002,1.1856,6.43643,0.132,0.05
0.36541,0.632513,0.365244,0.730819,1.26503,0.730487,Paar Δ=0°,1.09623,1.89754,1.09573,0.522713,0.958997,0.521972,0.451516,0.262234,0.451282,0.469494,0.28173,0.469104,0.187066,120,0.282428,0.0123979,0.00847616,0.192958,120,0.216612,0.011009,0.0110084,0.192958,120,0.216612,0.011009,0.0110084,3,0.150994,0.103609,0.216612,1.18895,6.17882,0.133,0.05
0.363999,0.628799,0.363844,0.727998,1.2576,0.727687,Paar Δ=0°,1.092,1.8864,1.09153,0.516693,0.950156,0.515983,0.453121,0.257874,0.452876,0.465836,0.279588,0.465475,0.179929,120,0.285907,0.0119165,0.00824405,0.193019,120,0.217231,0.0110158,0.011015,0.193019,120,0.217231,0.0110158,0.011015,3,0.151035,0.103728,0.217231,1.19235,6.58904,0.134,0.05
0.362935,0.62532,0.362782,0.72587,1.25064,0.725564,Paar Δ=0°,1.0888,1.87596,1.08835,0.512301,0.942167,0.511622,0.455303,0.258337,0.455048,0.463345,0.278096,0.463001,0.17376,120,0.289585,0.0115329,0.00808581,0.19308,120,0.217857,0.0110226,0.0110216,0.19308,120,0.217857,0.0110226,0.0110216,3,0.151077,0.103848,0.217857,1.19579,7.0371,0.135,0.05
0.362225,0.622005,0.362079,0.724449,1.24401,0.724158,Paar Δ=0°,1.08667,1.86601,1.08624,0.509401,0.934857,0.508741,0.458048,0.25967,0.457779,0.462,0.277289,0.46167,0.168541,120,0.293459,0.0112419,0.00797715,0.193141,120,0.218492,0.0110294,0.0110282,0.193141,120,0.218492,0.0110294,0.0110282,3,0.151118,0.103969,0.218492,1.19927,7.52034,0.136,0.05
0.361898,0.622259,0.361754,0.723797,1.24452,0.723508,Paar Δ=0°,1.0857,1.86678,1.08526,0.507881,0.928113,0.507236,0.461432,0.26184,0.46115,0.461836,0.277167,0.461504,0.164309,120,0.297526,0.0110333,0.00790433,0.193202,120,0.219135,0.0110362,0.011035,0.193202,120,0.219135,0.0110362,0.011035,3,0.151161,0.104092,0.219135,1.2028,8.03081,0.137,0.05
0.361988,0.624335,0.361841,0.723976,1.24867,0.723681,Paar Δ=0°,1.08596,1.873,1.08552,0.507648,0.927828,0.507012,0.465605,0.26475,0.465301,0.462905,0.277718,0.462566,0.161113,120,0.301791,0.0109061,0.00786185,0.193264,120,0.219787,0.0110432,0.0110417,0.193264,120,0.219787,0.0110432,0.0110417,3,0.151203,0.104216,0.219787,1.20638,8.55229,0.138,0.05
0.36252,0.626368,0.362372,0.72504,1.25274,0.724744,Paar Δ=0°,1.08756,1.8791,1.08712,0.508612,0.930752,0.507977,0.470728,0.26821,0.470401,0.465277,0.278839,0.464924,0.159015,120,0.306262,0.0108608,0.00785458,0.193326,120,0.220447,0.0110502,0.0110485,0.193326,120,0.220447,0.0110502,0.0110485,3,0.151246,0.10434,0.220447,1.21,9.0574,0.139,0.05
0.363498,0.628286,0.363347,0.726997,1.25657,0.726694,Paar Δ=0°,1.0905,1.88486,1.09004,0.510654,0.933672,0.510012,0.476929,0.271934,0.476566,0.468966,0.280365,0.468598,0.158015,120,0.310951,0.0108959,0.00789213,0.193388,120,0.221116,0.0110572,0.0110554,0.193388,120,0.221116,0.0110572,0.0110554,3,0.151289,0.104467,0.221116,1.21367,9.5062,0.14,0.05
0.364878,0.629977,0.364718,0.729756,1.25995,0.729437,Paar Δ=0°,1.09463,1.88993,1.09416,0.513601,0.936522,0.512963,0.48418,0.275546,0.483781,0.47387,0.282031,0.473479,0.157998,120,0.315873,0.0110039,0.00798742,0.193451,120,0.221794,0.0110643,0.0110626,0.193451,120,0.221794,0.0110643,0.0110626,3,0.151332,0.104594,0.221794,1.2174,9.84923,0.141,0.05
0.366544,0.631341,0.366378,0.733088,1.26268,0.732756,Paar Δ=0°,1.09963,1.89402,1.09913,0.517246,0.939242,0.51658,0.492249,0.278643,0.491817,0.479712,0.283516,0.479289,0.158665,120,0.321047,0.0111755,0.00814784,0.193514,120,0.222481,0.0110715,0.0110698,0.193514,120,0.222481,0.0110715,0.0110698,3,0.151376,0.104723,0.222481,1.22117,10.0375,0.142,0.05
0.368347,0.63233,0.368171,0.736694,1.26466,0.736343,Paar Δ=0°,1.10504,1.89699,1.10451,0.521313,0.941847,0.520625,0.50074,0.280889,0.500256,0.486067,0.284541,0.485605,0.15957,120,0.326496,0.0113783,0.00837182,0.193577,120,0.223177,0.0110788,0.0110771,0.193577,120,0.223177,0.0110788,0.0110771,3,0.15142,0.104852,0.223177,1.22499,10.0379,0.143,0.05
0.370135,0.632986,0.369951,0.740269,1.26597,0.739902,Paar Δ=0°,1.1104,1.89896,1.10985,0.525589,0.944477,0.524885,0.50917,0.282119,0.508643,0.492478,0.28496,0.491988,0.160231,120,0.332247,0.0115855,0.00864719,0.19364,120,0.223883,0.0110861,0.0110845,0.19364,120,0.223883,0.0110861,0.0110845,3,0.151464,0.104983,0.223883,1.22886,9.84665,0.144,0.05
0.371808,0.633425,0.371616,0.743616,1.26685,0.743233,Paar Δ=0°,1.11542,1.90027,1.11485,0.52996,0.94732,0.529236,0.517171,0.2824,0.516613,0.498604,0.284818,0.49808,0.160275,120,0.338329,0.0117723,0.00895001,0.193703,120,0.224597,0.0110935,0.0110919,0.193703,120,0.224597,0.0110935,0.0110919,3,0.151509,0.105116,0.224597,1.23278,9.49097,0.145,0.05
0.373337,0.633817,0.373139,0.746674,1.26763,0.746278,Paar Δ=0°,1.12001,1.90145,1.11942,0.534437,0.950629,0.533676,0.524574,0.281975,0.523973,0.504278,0.284303,0.503727,0.159502,120,0.344776,0.0119236,0.00925435,0.193767,120,0.225321,0.0111009,0.0110995,0.193767,120,0.225321,0.0111009,0.0110995,3,0.151554,0.105249,0.225322,1.23676,9.01844,0.146,0.05
0.374755,0.634333,0.374547,0.74951,1.26867,0.749094,Paar Δ=0°,1.12426,1.903,1.12364,0.539085,0.954598,0.538307,0.531375,0.281185,0.530739,0.509496,0.283682,0.508923,0.157869,120,0.351627,0.0120332,0.0095437,0.193831,120,0.226055,0.0111084,0.011107,0.193831,120,0.226055,0.0111084,0.011107,3,0.151599,0.105384,0.226055,1.24078,8.48083,0.147,0.05
0.376119,0.635113,0.375903,0.752237,1.27023,0.751806,Paar Δ=0°,1.12836,1.90534,1.12771,0.54405,0.959392,0.543238,0.5377,0.280382,0.537042,0.514354,0.283221,0.513761,0.15543,120,0.358924,0.0121024,0.00981067,0.193895,120,0.226799,0.011116,0.0111147,0.193895,120,0.226799,0.011116,0.0111147,3,0.151645,0.10552,0.226799,1.24487,7.92199,0.148,0.05
0.377498,0.636254,0.377276,0.754996,1.27251,0.754553,Paar Δ=0°,1.13249,1.90876,1.13183,0.549445,0.965139,0.548591,0.543737,0.279892,0.543044,0.519,0.283149,0.518376,0.152287,120,0.366714,0.0121503,0.0100459,0.193959,120,0.227552,0.0111235,0.0111224,0.193959,120,0.227552,0.0111235,0.0111224,3,0.151691,0.105657,0.227553,1.249,7.37294,0.149,0.05
0.378958,0.637828,0.378729,0.757916,1.27566,0.757458,Paar Δ=0°,1.13687,1.91348,1.13619,0.555377,0.971919,0.554498,0.549641,0.279997,0.548913,0.523554,0.283661,0.522912,0.148506,120,0.375048,0.0121719,0.0102622,0.194024,120,0.228316,0.0111312,0.0111301,0.194024,120,0.228316,0.0111312,0.0111301,3,0.151737,0.105796,0.228316,1.25319,6.85246,0.15,0.05
0.380554,0.639888,0.380318,0.761108,1.27978,0.760635,Paar Δ=0°,1.14166,1.91966,1.14095,0.561949,0.979832,0.561036,0.555556,0.280942,0.554803,0.528121,0.284918,0.527457,0.144139,120,0.383982,0.012177,0.0104565,0.194088,120,0.22909,0.0111388,0.0111378,0.194088,120,0.22909,0.0111388,0.0111378,3,0.151784,0.105936,0.22909,1.25744,6.37001,0.151,0.05
0.382334,0.642474,0.382088,0.764668,1.28495,0.764176,Paar Δ=0°,1.147,1.92742,1.14626,0.56924,0.988987,0.568282,0.56162,0.28292,0.560837,0.532797,0.291276,0.532109,0.139224,120,0.393573,0.0121749,0.0106339,0.194153,120,0.229875,0.0111465,0.0111457,0.194153,120,0.229875,0.0111465,0.0111457,3,0.151831,0.106077,0.229875,1.26175,5.92887,0.152,0.05
0.384336,0.64563,0.38408,0.768673,1.29126,0.768161,Paar Δ=0°,1.15301,1.93689,1.15224,0.577319,0.99948,0.576302,0.567909,0.286102,0.567092,0.537616,0.30054,0.536902,0.133737,120,0.403879,0.0121613,0.0107992,0.194218,120,0.230669,0.0111543,0.0111535,0.194218,120,0.230669,0.0111543,0.0111535,3,0.151878,0.106219,0.230669,1.26611,5.52864,0.153,0.05
0.386596,0.6494,0.386329,0.773192,1.2988,0.772657,Paar Δ=0°,1.15979,1.9482,1.15899,0.58624,1.01144,0.585167,0.574486,0.291368,0.573635,0.545674,0.310914,0.54491,0.130722,120,0.414953,0.0121453,0.0109539,0.194283,120,0.231475,0.0111622,0.0111615,0.194283,120,0.231475,0.0111622,0.0111615,3,0.151926,0.106363,0.231475,1.27053,5.80592,0.154,0.05
0.389141,0.653837,0.388861,0.778282,1.30767,0.777721,Paar Δ=0°,1.16742,1.96151,1.16658,0.596025,1.02502,0.594897,0.581394,0.298674,0.580508,0.554181,0.322448,0.553372,0.127345,120,0.426837,0.0121169,0.0111113,0.194348,120,0.232292,0.0111701,0.0111695,0.194348,120,0.232292,0.0111701,0.0111695,3,0.151974,0.106508,0.232292,1.27501,6.1233,0.155,0.05
0.392003,0.65899,0.391707,0.784006,1.31798,0.783414,Paar Δ=0°,1.17601,1.97697,1.17512,0.606729,1.04034,0.60553,0.588643,0.307589,0.587722,0.563174,0.33539,0.562322,0.12362,120,0.439554,0.0120791,0.0112603,0.194413,120,0.233119,0.0111781,0.0111777,0.194413,120,0.233119,0.0111781,0.0111777,3,0.152023,0.106655,0.233119,1.27956,6.46796,0.156,0.05
0.395191,0.664903,0.394878,0.790381,1.32981,0.789755,Paar Δ=0°,1.18557,1.99471,1.18463,0.618306,1.05751,0.617033,0.596204,0.318213,0.595245,0.57266,0.350215,0.571759,0.119577,120,0.453084,0.0120271,0.011413,0.194478,120,0.233958,0.0111862,0.0111858,0.194478,120,0.233958,0.0111862,0.0111858,3,0.152071,0.106802,0.233958,1.28416,6.84052,0.157,0.05
0.398712,0.671614,0.398381,0.797425,1.34323,0.796761,Paar Δ=0°,1.19614,2.01484,1.19514,0.6307,1.07663,0.629341,0.603985,0.33061,0.602987,0.582616,0.366441,0.581663,0.115271,120,0.467345,0.0119576,0.0115717,0.194544,120,0.234808,0.0111943,0.0111941,0.194544,120,0.234808,0.0111943,0.0111941,3,0.15212,0.106952,0.234808,1.28883,7.24021,0.158,0.05
0.402551,0.679127,0.402199,0.805103,1.35825,0.804397,Paar Δ=0°,1.20765,2.03738,1.2066,0.643717,1.09766,0.642271,0.611865,0.344821,0.610823,0.592935,0.384022,0.591928,0.110778,120,0.482157,0.0118679,0.0117272,0.194609,120,0.235669,0.0112025,0.0112024,0.194609,120,0.235669,0.0112025,0.0112024,3,0.15217,0.107102,0.23567,1.29356,7.66394,0.159,0.05
0.406659,0.687395,0.406284,0.813318,1.37479,0.812569,Paar Δ=0°,1.21998,2.06218,1.21885,0.657081,1.12047,0.655543,0.619581,0.360802,0.618505,0.603438,0.403268,0.602376,0.106245,120,0.497193,0.011751,0.0118926,0.194675,120,0.236543,0.0112106,0.0112107,0.194675,120,0.236543,0.0112106,0.0112107,3,0.15222,0.107254,0.236543,1.29835,8.10514,0.16,0.05
0.410941,0.696293,0.410542,0.821883,1.39259,0.821084,Paar Δ=0°,1.23282,2.08888,1.23163,0.670274,1.14468,0.668636,0.626803,0.37836,0.625685,0.61381,0.423751,0.612692,0.101879,120,0.511931,0.0116013,0.0120685,0.19474,120,0.237428,0.0112188,0.011219,0.19474,120,0.237428,0.0112188,0.011219,3,0.15227,0.107407,0.237429,1.30321,8.55229,0.161,0.05
0.415246,0.705592,0.414824,0.830493,1.41118,0.829647,Paar Δ=0°,1.24574,2.11678,1.24447,0.686173,1.16965,0.684865,0.633019,0.397159,0.631868,0.623927,0.445517,0.622709,0.09832,120,0.525607,0.0114136,0.0122421,0.194806,120,0.238326,0.0112271,0.0112274,0.194806,120,0.238326,0.0112271,0.0112274,3,0.15232,0.107562,0.238326,1.30814,8.98763,0.162,0.05
0.41935,0.71493,0.418902,0.8387,1.42986,0.837803,Paar Δ=0°,1.25805,2.14479,1.2567,0.702623,1.19439,0.701217,0.638198,0.416594,0.636922,0.633759,0.467322,0.632387,0.0965571,120,0.537202,0.0111791,0.0124193,0.194872,120,0.239236,0.0112354,0.0112359,0.194872,120,0.239236,0.0112354,0.0112359,3,0.152371,0.107718,0.239236,1.31313,9.3865,0.163,0.05
0.42297,0.723831,0.422501,0.84594,1.44766,0.845003,Paar Δ=0°,1.26891,2.17149,1.2675,0.716985,1.21762,0.715499,0.64117,0.435828,0.639834,0.641738,0.487625,0.640278,0.0962246,120,0.545514,0.0109033,0.0125895,0.194938,120,0.240159,0.0112438,0.0112445,0.194938,120,0.240159,0.0112438,0.0112445,3,0.152422,0.107876,0.240159,1.31819,9.71849,0.164,0.05
0.425795,0.731727,0.425306,0.85159,1.46345,0.850612,Paar Δ=0°,1.27739,2.19518,1.27592,0.728135,1.23785,0.726576,0.640811,0.453823,0.639431,0.646431,0.505096,0.644904,0.0971038,120,0.549327,0.0105828,0.0127526,0.195004,120,0.241094,0.0112522,0.0112531,0.195004,120,0.241094,0.0112522,0.0112531,3,0.152474,0.108034,0.241094,1.32333,9.95134,0.165,0.05
0.427543,0.738102,0.427043,0.855085,1.4762,0.854085,Paar Δ=0°,1.28263,2.21431,1.28113,0.735043,1.25372,0.733424,0.636579,0.469533,0.635171,0.647129,0.518526,0.645534,0.0994368,120,0.547692,0.0102339,0.0129087,0.19507,120,0.242042,0.0112607,0.0112617,0.19507,120,0.242042,0.0112607,0.0112617,3,0.152526,0.108195,0.242042,1.32853,10.0576,0.166,0.05
0.428049,0.742558,0.427538,0.856098,1.48512,0.855075,Paar Δ=0°,1.28415,2.22768,1.28261,0.737052,1.26429,0.73541,0.628371,0.482109,0.626951,0.643472,0.527089,0.641856,0.10325,120,0.540222,0.00986819,0.0130485,0.227112,120,3.09797e-16,0.0114895,0.0114758,0.195136,120,0.243003,0.0112695,0.0112705,2,0.152578,0.108357,0.243003,1.1254,10.022,0.167,0.05
0.427285,0.744949,0.426773,0.854569,1.4899,0.853546,Paar Δ=0°,1.28185,2.23485,1.28032,0.737867,1.26923,0.735692,0.616917,0.491097,0.615657,0.636224,0.530538,0.634737,0.108968,120,0.527256,0.00949945,0.0131768,0.227309,120,3.1006e-16,0.0114996,0.0114856,0.195203,120,0.243978,0.0112785,0.0112793,2,0.152631,0.10852,0.243978,1.12709,9.84665,0.168,0.05
0.4254,0.745393,0.424892,0.850801,1.49079,0.849785,Paar Δ=0°,1.2762,2.23618,1.27468,0.738474,1.26895,0.736297,0.60373,0.496517,0.602482,0.627408,0.529589,0.626075,0.117624,120,0.509783,0.00916447,0.0132887,0.227507,120,3.10324e-16,0.0115097,0.0114954,0.195269,120,0.244967,0.0112876,0.0112881,2,0.152683,0.108685,0.244967,1.1288,9.55016,0.169,0.05
0.422647,0.744201,0.422147,0.845295,1.4884,0.844294,Paar Δ=0°,1.26794,2.2326,1.26644,0.734414,1.26436,0.732302,0.589138,0.498799,0.587932,0.617228,0.526682,0.615904,0.128028,120,0.4892,0.00885555,0.01339,0.227708,120,3.10591e-16,0.0115199,0.0115053,0.195335,120,0.245969,0.0112967,0.011297,2,0.152737,0.108851,0.245969,1.13053,9.16228,0.17,0.05
0.421943,0.741784,0.421287,0.843887,1.48357,0.842574,Paar Δ=0°,1.26583,2.22535,1.26386,0.726937,1.25663,0.724868,0.574146,0.498596,0.573006,0.606157,0.521876,0.604867,0.139194,120,0.466963,0.00859401,0.0134963,0.22791,120,3.1086e-16,0.0115302,0.0115153,0.195401,120,0.246985,0.0113058,0.0113058,2,0.15279,0.109018,0.246986,1.13227,8.71612,0.171,0.05
0.420888,0.738553,0.420251,0.841776,1.47711,0.840503,Paar Δ=0°,1.26266,2.21566,1.26075,0.717224,1.24688,0.715234,0.55962,0.496647,0.558522,0.595035,0.515227,0.593773,0.1507,120,0.444335,0.00838028,0.0136019,0.228114,120,3.11132e-16,0.0115406,0.0115254,0.195466,120,0.248016,0.011315,0.0113149,2,0.152844,0.109188,0.248016,1.13403,8.24182,0.172,0.05
0.41951,0.734846,0.418883,0.839021,1.46969,0.837767,Paar Δ=0°,1.25853,2.20454,1.25665,0.706347,1.23605,0.704399,0.546143,0.493577,0.545104,0.584467,0.508548,0.583234,0.162197,120,0.42227,0.00821782,0.0137213,0.22832,120,3.11405e-16,0.011551,0.0115355,0.195532,120,0.249062,0.0113243,0.0113244,2,0.152899,0.109358,0.249062,1.1358,7.76309,0.173,0.05
0.418035,0.730935,0.417423,0.83607,1.46187,0.834847,Paar Δ=0°,1.25411,2.19281,1.25227,0.695064,1.22487,0.693185,0.5341,0.489918,0.533121,0.574863,0.501546,0.573673,0.173465,120,0.401398,0.00809902,0.0138503,0.228527,120,3.11681e-16,0.0115616,0.0115458,0.195598,120,0.250122,0.0113336,0.011334,2,0.152953,0.109531,0.250122,1.13759,7.29653,0.174,0.05
0.41663,0.727007,0.416036,0.83326,1.45401,0.832073,Paar Δ=0°,1.24989,2.18102,1.24811,0.683926,1.2138,0.682141,0.523691,0.486046,0.52276,0.56647,0.495478,0.565301,0.184397,120,0.382073,0.00803279,0.0140035,0.228736,120,3.11959e-16,0.0115723,0.0115561,0.195663,120,0.251197,0.0113431,0.0113437,2,0.153008,0.109704,0.251197,1.13939,6.85246,0.175,0.05
0.415416,0.723185,0.414831,0.830833,1.44637,0.829662,Paar Δ=0°,1.24625,2.16955,1.24449,0.67333,1.20315,0.67159,0.51496,0.482245,0.51409,0.559365,0.489949,0.558244,0.194912,120,0.364453,0.00800442,0.0141728,0.228947,120,3.1224e-16,0.011583,0.0115665,0.195728,120,0.252288,0.0113526,0.0113534,2,0.153064,0.10988,0.252288,1.14121,6.43643,0.176,0.05
0.414459,0.71955,0.413885,0.828918,1.4391,0.82777,Paar Δ=0°,1.24338,2.15865,1.24165,0.66346,1.1931,0.66178,0.507889,0.47868,0.507065,0.553587,0.485556,0.552487,0.205026,120,0.348561,0.00802503,0.0143672,0.22916,120,3.12523e-16,0.0115938,0.011577,0.195793,120,0.253395,0.011362,0.0113631,2,0.153119,0.110056,0.253395,1.14305,6.05067,0.177,0.05
0.413805,0.716152,0.413238,0.82761,1.4323,0.826476,Paar Δ=0°,1.24142,2.14846,1.23971,0.654448,1.18374,0.652828,0.502393,0.47544,0.501604,0.549075,0.482135,0.547998,0.214737,120,0.334339,0.0080815,0.014582,0.229374,120,3.12808e-16,0.0116048,0.0115876,0.195858,120,0.254517,0.0113715,0.0113728,2,0.153176,0.110235,0.254517,1.1449,5.69528,0.178,0.05
0.41348,0.713021,0.412924,0.82696,1.42604,0.825848,Paar Δ=0°,1.24044,2.13906,1.23877,0.646354,1.17511,0.644766,0.498356,0.472614,0.497612,0.545759,0.479785,0.544703,0.224076,120,0.321683,0.00817554,0.0148229,0.229591,120,3.13096e-16,0.0116158,0.0115983,0.195922,120,0.255656,0.011381,0.0113827,2,0.153232,0.110415,0.255656,1.14677,5.36909,0.179,0.05
0.413507,0.710186,0.412951,0.827013,1.42037,0.825902,Paar Δ=0°,1.24052,2.13056,1.23885,0.63919,1.16718,0.637649,0.495668,0.470209,0.494955,0.54356,0.478614,0.542514,0.233089,120,0.310471,0.00831471,0.0150855,0.229809,120,3.13386e-16,0.0116269,0.0116091,0.195986,120,0.256811,0.0113906,0.0113926,2,0.153289,0.110596,0.256811,1.14866,5.07025,0.18,0.05
0.413884,0.707666,0.413333,0.827769,1.41533,0.826666,Paar Δ=0°,1.24165,2.123,1.24,0.632952,1.15996,0.631447,0.494205,0.468233,0.493514,0.542383,0.478364,0.54134,0.24181,120,0.300573,0.00849209,0.0153756,0.230029,120,3.13678e-16,0.0116381,0.01162,0.19605,120,0.257984,0.0114003,0.0114026,2,0.153346,0.11078,0.257984,1.15056,4.96233,0.181,0.05
0.414621,0.705496,0.414071,0.829242,1.41099,0.828142,Paar Δ=0°,1.24386,2.11649,1.24221,0.627628,1.15342,0.626153,0.493847,0.466679,0.493175,0.542137,0.47941,0.541094,0.250274,120,0.291863,0.00871245,0.0156878,0.230251,120,3.13973e-16,0.0116494,0.0116309,0.196114,120,0.259173,0.01141,0.0114126,2,0.153404,0.110965,0.259173,1.15248,5.16261,0.182,0.05
0.415728,0.703712,0.415172,0.831455,1.40742,0.830345,Paar Δ=0°,1.24718,2.11114,1.24552,0.6232,1.14754,0.621748,0.494481,0.465528,0.493829,0.542739,0.481267,0.541692,0.258518,120,0.284221,0.0089787,0.0160263,0.230475,120,3.1427e-16,0.0116608,0.0116419,0.196177,120,0.26038,0.0114199,0.0114228,2,0.153461,0.111151,0.26038,1.15442,5.37771,0.183,0.05
0.417202,0.70237,0.416643,0.834403,1.40474,0.833286,Paar Δ=0°,1.2516,2.10711,1.24993,0.619655,1.14231,0.618229,0.496001,0.464756,0.495363,0.54411,0.483812,0.543058,0.26657,120,0.27754,0.00929333,0.0163914,0.230701,120,3.1457e-16,0.0116723,0.0116531,0.19624,120,0.261604,0.0114295,0.0114328,2,0.15352,0.111339,0.261605,1.15637,5.60879,0.184,0.05
0.419045,0.701541,0.418482,0.83809,1.40308,0.836964,Paar Δ=0°,1.25714,2.10462,1.25545,0.616986,1.13775,0.615573,0.498317,0.46434,0.497677,0.546173,0.487053,0.545112,0.274452,120,0.271721,0.00966734,0.0167821,0.230928,120,3.14872e-16,0.0116839,0.0116643,0.196302,120,0.262847,0.0114393,0.0114429,2,0.153578,0.111529,0.262847,1.15834,5.85698,0.185,0.05
0.42126,0.701316,0.420689,0.842519,1.40263,0.841378,Paar Δ=0°,1.26378,2.10395,1.26207,0.615163,1.13387,0.613762,0.501324,0.464229,0.50068,0.548845,0.491008,0.547773,0.282171,120,0.266675,0.010098,0.0171963,0.231158,120,3.15177e-16,0.0116955,0.0116756,0.196364,120,0.264109,0.0114491,0.0114531,2,0.153637,0.11172,0.264109,1.16033,6.1233,0.186,0.05
0.423845,0.701805,0.423265,0.84769,1.40361,0.84653,Paar Δ=0°,1.27154,2.10541,1.2698,0.614204,1.13074,0.612809,0.504936,0.464375,0.504285,0.552066,0.495665,0.550965,0.289742,120,0.262324,0.0105952,0.01763,0.23139,120,3.15484e-16,0.0117073,0.011687,0.196426,120,0.265389,0.011459,0.0114634,2,0.153697,0.111913,0.265389,1.16234,6.40858,0.187,0.05
0.426798,0.703131,0.426207,0.853596,1.40626,0.852413,Paar Δ=0°,1.28039,2.10939,1.27862,0.614066,1.12842,0.612673,0.509059,0.464717,0.508398,0.555723,0.501007,0.554592,0.297122,120,0.2586,0.0111661,0.0180783,0.231623,120,3.15794e-16,0.0117192,0.0116985,0.196487,120,0.266689,0.0114691,0.0114737,2,0.153756,0.112108,0.266689,1.16436,6.71324,0.188,0.05
0.430096,0.705438,0.429493,0.860192,1.41088,0.858986,Paar Δ=0°,1.29029,2.11631,1.28848,0.614761,1.12704,0.613368,0.513604,0.466041,0.51292,0.559718,0.507012,0.558557,0.304278,120,0.25544,0.0118134,0.0185344,0.231859,120,3.16106e-16,0.0117312,0.0117101,0.196548,120,0.268008,0.0114798,0.0114842,2,0.153816,0.112305,0.268008,1.1664,7.0371,0.189,0.05
0.433714,0.708856,0.433098,0.867428,1.41771,0.866196,Paar Δ=0°,1.30114,2.12657,1.29929,0.616224,1.12673,0.614829,0.518456,0.47379,0.517748,0.563917,0.513625,0.562723,0.311127,120,0.252789,0.0125406,0.0189889,0.232097,120,3.16421e-16,0.0117433,0.0117218,0.196607,120,0.269347,0.0114903,0.0114944,2,0.153877,0.112503,0.269347,1.16846,7.37902,0.19,0.05
0.437609,0.713512,0.436978,0.875218,1.42702,0.873956,Paar Δ=0°,1.31283,2.14054,1.31093,0.618418,1.12768,0.617008,0.523495,0.48226,0.522752,0.568143,0.520753,0.566909,0.317544,120,0.250599,0.013349,0.0194294,0.232336,120,3.16738e-16,0.0117555,0.0117336,0.196667,120,0.270707,0.0115009,0.0115048,2,0.153938,0.112703,0.270707,1.17054,7.7365,0.191,0.05
0.441706,0.719493,0.441058,0.883413,1.43899,0.882116,Paar Δ=0°,1.32512,2.15848,1.32317,0.621235,1.13007,0.619815,0.528562,0.491323,0.527784,0.572183,0.528243,0.570908,0.323355,120,0.248827,0.0142336,0.0198323,0.232578,120,3.17058e-16,0.0117678,0.0117455,0.196725,120,0.272087,0.0115117,0.0115156,2,0.153999,0.112905,0.272087,1.17264,8.10514,0.192,0.05
0.445894,0.726836,0.445231,0.891787,1.45367,0.890462,Paar Δ=0°,1.33768,2.18051,1.33569,0.624521,1.13408,0.623089,0.533464,0.500776,0.532648,0.575765,0.535879,0.574449,0.32833,120,0.247436,0.0151834,0.0201712,0.232821,120,3.17381e-16,0.0117802,0.0117575,0.196784,120,0.273489,0.0115225,0.0115268,2,0.15406,0.113109,0.273489,1.17475,8.47802,0.193,0.05
0.450032,0.735495,0.449353,0.900063,1.47099,0.898707,Paar Δ=0°,1.35009,2.20648,1.34806,0.628065,1.13986,0.626628,0.537963,0.510315,0.537104,0.578532,0.543384,0.577173,0.332142,120,0.24639,0.0161775,0.0204132,0.233067,120,3.17706e-16,0.0117927,0.0117696,0.196843,120,0.274912,0.0115333,0.0115382,2,0.154122,0.113314,0.274913,1.17688,8.84521,0.194,0.05
0.453928,0.745318,0.453234,0.907857,1.49064,0.906468,Paar Δ=0°,1.36178,2.23595,1.3597,0.631571,1.14745,0.63012,0.541766,0.519555,0.540865,0.580093,0.550359,0.578694,0.334433,120,0.24566,0.0171762,0.0205229,0.233314,120,3.18034e-16,0.0118053,0.0117817,0.196901,120,0.276358,0.0115441,0.0115495,2,0.154185,0.113521,0.276358,1.17903,9.19342,0.195,0.05
0.457362,0.756056,0.456655,0.914725,1.51211,0.913311,Paar Δ=0°,1.37209,2.26817,1.36997,0.634684,1.15676,0.633225,0.544557,0.528017,0.543615,0.581747,0.55636,0.580813,0.336529,120,0.245218,0.0181405,0.0204588,0.233564,120,3.18364e-16,0.011818,0.011794,0.196958,120,0.277826,0.0115549,0.0115608,2,0.154247,0.11373,0.277826,1.1812,9.5062,0.196,0.05
0.460082,0.767316,0.459376,0.920165,1.53463,0.918752,Paar Δ=0°,1.38025,2.30195,1.37813,0.636993,1.16751,0.635537,0.545992,0.535135,0.545014,0.588862,0.560888,0.587854,0.343822,120,0.24504,0.019008,0.0201823,0.233816,120,3.18698e-16,0.0118309,0.0118064,0.197014,120,0.279318,0.0115657,0.0115722,2,0.15431,0.113941,0.279318,1.18339,9.76502,0.197,0.05
0.461865,0.778624,0.461149,0.92373,1.55725,0.922298,Paar Δ=0°,1.3856,2.33587,1.38345,0.638099,1.17923,0.636636,0.545781,0.540379,0.544772,0.594054,0.563498,0.592975,0.34895,120,0.245105,0.0197188,0.0196759,0.23407,120,3.19034e-16,0.0118438,0.0118189,0.197069,120,0.280832,0.0115766,0.0115836,2,0.154374,0.114154,0.280833,1.1856,9.95134,0.198,0.05
0.462512,0.78948,0.4618,0.925024,1.57896,0.9236,Paar Δ=0°,1.38754,2.36844,1.3854,0.637653,1.19134,0.636203,0.543721,0.543292,0.542691,0.59691,0.563822,0.595773,0.351519,120,0.245391,0.0202184,0.0189306,0.234326,120,3.19372e-16,0.0118568,0.0118314,0.197124,120,0.282371,0.0115876,0.0115952,2,0.154437,0.114368,0.282371,1.18783,10.0495,0.199,0.05
0.461926,0.799385,0.461222,0.923851,1.59877,0.922444,Paar Δ=0°,1.38578,2.39815,1.38367,0.63545,1.20318,0.634023,0.53976,0.543607,0.538719,0.597202,0.561688,0.596011,0.351318,120,0.245883,0.0204706,0.0179713,0.234584,120,3.19714e-16,0.01187,0.0118441,0.197178,120,0.283935,0.0115984,0.0116066,2,0.154501,0.114585,0.283935,1.19008,10.0499,0.2,0.05
0.460116,0.80797,0.459429,0.920232,1.61594,0.918858,Paar Δ=0°,1.38035,2.42391,1.37829,0.631459,1.21416,0.630062,0.536784,0.54131,0.535371,0.594899,0.557165,0.593685,0.348335,120,0.246564,0.0204577,0.0168463,0.234844,120,3.20058e-16,0.0118832,0.0118569,0.19723,120,0.285524,0.0116092,0.0116181,2,0.154566,0.114803,0.285524,1.19235,9.95099,0.201,0.05
0.457202,0.815008,0.456536,0.914404,1.63002,0.913072,Paar Δ=0°,1.37161,2.44502,1.36961,0.625827,1.22384,0.624469,0.533453,0.536624,0.532023,0.590207,0.550542,0.588976,0.342788,120,0.247418,0.0202002,0.0156186,0.235107,120,3.20405e-16,0.0118966,0.0118698,0.197282,120,0.287138,0.01162,0.0116296,2,0.154631,0.115023,0.287138,1.19463,9.75997,0.202,0.05
0.453387,0.820446,0.452745,0.906774,1.64089,0.905489,Paar Δ=0°,1.36016,2.46134,1.35823,0.618843,1.232,0.617535,0.527753,0.529963,0.526306,0.583511,0.542296,0.582272,0.335078,120,0.248434,0.0197291,0.0143599,0.235372,120,3.20755e-16,0.0119101,0.0118828,0.197332,120,0.288778,0.0116311,0.0116413,2,0.154696,0.115245,0.288778,1.19694,9.49097,0.203,0.05
0.448913,0.824384,0.448302,0.897826,1.64877,0.896605,Paar Δ=0°,1.34674,2.47315,1.34491,0.61087,1.2386,0.609621,0.52021,0.52188,0.518776,0.575308,0.532963,0.574086,0.32571,120,0.249598,0.0191022,0.0131335,0.235639,120,3.21108e-16,0.0119237,0.0118959,0.197382,120,0.290445,0.011643,0.0116529,2,0.154762,0.115469,0.290445,1.19927,9.16228,0.204,0.05
0.444032,0.827004,0.443451,0.888064,1.65401,0.886902,Paar Δ=0°,1.3321,2.48101,1.33035,0.602298,1.24375,0.60109,0.511418,0.5129,0.510002,0.566142,0.523092,0.564927,0.315241,120,0.250901,0.0183695,0.0119938,0.235909,120,3.21463e-16,0.0119374,0.0119091,0.19743,120,0.29214,0.0116548,0.0116643,2,0.154828,0.115696,0.29214,1.20162,8.79318,0.205,0.05
0.438967,0.828557,0.438412,0.877933,1.65711,0.876823,Paar Δ=0°,1.3169,2.48567,1.31523,0.593448,1.24765,0.59229,0.501919,0.503535,0.500527,0.55648,0.513153,0.555299,0.304148,120,0.252332,0.0175826,0.0109666,0.23618,120,3.21822e-16,0.0119512,0.0119225,0.197477,120,0.293863,0.0116666,0.0116761,2,0.154894,0.115924,0.293863,1.20399,8.40143,0.206,0.05
0.433885,0.829287,0.43336,0.86777,1.65857,0.866721,Paar Δ=0°,1.30166,2.48786,1.30008,0.584587,1.25056,0.583485,0.492181,0.49418,0.490823,0.546745,0.503517,0.545587,0.292863,120,0.253883,0.0167829,0.0100717,0.236454,120,3.22183e-16,0.0119651,0.0119359,0.197523,120,0.295614,0.0116785,0.0116888,2,0.154961,0.116154,0.295614,1.20638,8.00181,0.207,0.05
0.428923,0.829423,0.428426,0.857847,1.65885,0.856852,Paar Δ=0°,1.28677,2.48827,1.28528,0.575917,1.25272,0.574865,0.482561,0.48514,0.481242,0.537231,0.494439,0.536117,0.281687,120,0.255544,0.0160005,0.00930861,0.23673,120,3.22547e-16,0.0119792,0.0119494,0.197567,120,0.297394,0.0116904,0.0117016,2,0.155028,0.116386,0.297394,1.20879,7.60559,0.208,0.05
0.424168,0.829147,0.423693,0.848336,1.65829,0.847387,Paar Δ=0°,1.2725,2.48744,1.27108,0.567553,1.25436,0.56655,0.473322,0.47661,0.47204,0.528166,0.486107,0.527085,0.270857,120,0.257309,0.0152545,0.00866944,0.237009,120,3.22915e-16,0.0119934,0.0119631,0.19761,120,0.299205,0.0117021,0.0117141,2,0.155096,0.11662,0.299205,1.21122,7.22075,0.209,0.05
0.419667,0.828622,0.419218,0.839334,1.65724,0.838435,Paar Δ=0°,1.259,2.48587,1.25765,0.559574,1.25566,0.558614,0.464634,0.468718,0.463388,0.519681,0.478591,0.518635,0.260509,120,0.259171,0.0145563,0.00814209,0.23729,120,3.23285e-16,0.0120077,0.0119768,0.197652,120,0.301046,0.0117139,0.0117268,2,0.155164,0.116856,0.301046,1.21367,6.85246,0.21,0.05
0.415448,0.82796,0.415021,0.830896,1.65592,0.830042,Paar Δ=0°,1.24634,2.48388,1.24506,0.55201,1.25676,0.551088,0.457803,0.461521,0.457083,0.511849,0.471942,0.510837,0.250725,120,0.261124,0.0139139,0.00771223,0.237573,120,3.23658e-16,0.0120221,0.0119907,0.197692,120,0.302918,0.0117258,0.0117396,2,0.155232,0.117095,0.302918,1.21615,6.50369,0.211,0.05
0.411518,0.827254,0.411114,0.823036,1.65451,0.822227,Paar Δ=0°,1.23455,2.48176,1.23334,0.544854,1.25779,0.543968,0.453298,0.455047,0.452624,0.504702,0.466134,0.503727,0.24154,120,0.263162,0.0133271,0.0073646,0.237858,120,3.24035e-16,0.0120367,0.0120047,0.197732,120,0.304823,0.0117375,0.0117523,2,0.155301,0.117335,0.304823,1.21865,6.17586,0.212,0.05
0.407875,0.826564,0.407489,0.81575,1.65313,0.814979,Paar Δ=0°,1.22363,2.47969,1.22247,0.538099,1.25883,0.537249,0.449505,0.449278,0.448865,0.498235,0.461159,0.497304,0.232954,120,0.26528,0.0127928,0.00708558,0.238146,120,3.24414e-16,0.0120513,0.0120188,0.197771,120,0.30676,0.011749,0.0117648,2,0.15537,0.117578,0.30676,1.22117,5.86923,0.213,0.05
0.404507,0.825944,0.404139,0.809014,1.65189,0.808279,Paar Δ=0°,1.21352,2.47783,1.21242,0.53171,1.25994,0.530893,0.446352,0.444195,0.445748,0.492437,0.456958,0.491533,0.224963,120,0.267474,0.0123129,0.00686315,0.238437,120,3.24797e-16,0.0120661,0.012033,0.197808,120,0.308731,0.0117606,0.0117775,2,0.155439,0.117822,0.308731,1.22371,5.58339,0.214,0.05
0.401399,0.82542,0.401047,0.802798,1.65084,0.802094,Paar Δ=0°,1.2042,2.47626,1.20314,0.525657,1.26117,0.524871,0.443775,0.439752,0.443207,0.487262,0.453483,0.486396,0.217522,120,0.26974,0.011878,0.00668702,0.238729,120,3.25182e-16,0.012081,0.0120474,0.197843,120,0.310737,0.0117731,0.0117903,2,0.155509,0.118069,0.310737,1.22627,5.31744,0.215,0.05
0.39853,0.825016,0.398194,0.797061,1.65003,0.796387,Paar Δ=0°,1.19559,2.47505,1.19458,0.519905,1.26257,0.519146,0.441709,0.435906,0.441177,0.482676,0.450679,0.481842,0.210602,120,0.272074,0.0114876,0.00654643,0.239025,120,3.25571e-16,0.0120961,0.0120618,0.197876,120,0.312778,0.0117858,0.0118027,2,0.155579,0.118318,0.312778,1.22886,5.07025,0.216,0.05
0.395887,0.824741,0.395564,0.791773,1.64948,0.791127,Paar Δ=0°,1.18766,2.47422,1.18669,0.514417,1.26415,0.513684,0.440095,0.432618,0.439594,0.478634,0.4485,0.477831,0.204162,120,0.274472,0.0111359,0.00643299,0.239322,120,3.25963e-16,0.0121112,0.0120764,0.197907,120,0.314855,0.0117985,0.0118153,2,0.15565,0.11857,0.314855,1.23147,4.84056,0.217,0.05
0.393452,0.824608,0.393142,0.786905,1.64922,0.786283,Paar Δ=0°,1.18036,2.47382,1.17942,0.509169,1.26594,0.508461,0.438872,0.429843,0.438405,0.475093,0.446891,0.474317,0.19816,120,0.276933,0.0108179,0.00634345,0.239623,120,3.26358e-16,0.0121265,0.012091,0.197937,120,0.316968,0.0118114,0.0118293,2,0.155721,0.118823,0.316969,1.2341,4.62707,0.218,0.05
0.391211,0.824624,0.390912,0.782423,1.64925,0.781824,Paar Δ=0°,1.17363,2.47387,1.17274,0.50682,1.26795,0.506339,0.43799,0.427532,0.437553,0.472009,0.445803,0.471269,0.192556,120,0.279452,0.0105333,0.00626913,0.239926,120,3.26756e-16,0.0121419,0.0121058,0.197964,120,0.319121,0.0118239,0.0118431,2,0.155792,0.119079,0.319121,1.23676,4.42852,0.219,0.05
0.38915,0.824786,0.388861,0.7783,1.64957,0.777721,Paar Δ=0°,1.16745,2.47436,1.16658,0.506738,1.27019,0.506261,0.437399,0.425653,0.436997,0.469351,0.445194,0.468634,0.187321,120,0.28203,0.0102747,0.00620761,0.240231,120,3.27158e-16,0.0121575,0.0121208,0.197988,120,0.321311,0.0118364,0.0118569,2,0.155864,0.119337,0.321311,1.23944,4.24369,0.22,0.05
0.387259,0.825094,0.386979,0.774517,1.65019,0.773958,Paar Δ=0°,1.16178,2.47528,1.16094,0.506779,1.27266,0.506304,0.437062,0.424172,0.436694,0.467075,0.445038,0.466389,0.182411,120,0.284663,0.0100404,0.00615289,0.240539,120,3.27563e-16,0.0121731,0.0121358,0.198011,120,0.323542,0.011849,0.0118708,2,0.155936,0.119597,0.323542,1.24214,4.2584,0.221,0.05
0.385531,0.825548,0.38526,0.771063,1.6511,0.77052,Paar Δ=0°,1.15659,2.47664,1.15578,0.506988,1.27537,0.506514,0.436945,0.423049,0.436609,0.465151,0.445289,0.464495,0.177801,120,0.28735,0.00982971,0.00610547,0.24085,120,3.27971e-16,0.012189,0.012151,0.198031,120,0.325814,0.0118612,0.0118845,2,0.156009,0.11986,0.325814,1.24487,4.3774,0.222,0.05
0.383962,0.826145,0.383699,0.767923,1.65229,0.767397,Paar Δ=0°,1.15188,2.47844,1.1511,0.507406,1.27832,0.506934,0.437018,0.422254,0.436715,0.463555,0.445919,0.462926,0.173464,120,0.290091,0.00963758,0.00605948,0.241163,120,3.28383e-16,0.0122049,0.0121663,0.198048,120,0.328128,0.0118733,0.0118981,2,0.156082,0.120124,0.328128,1.24762,4.50298,0.223,0.05
0.382548,0.826883,0.382291,0.765096,1.65377,0.764583,Paar Δ=0°,1.14764,2.48065,1.14687,0.508084,1.28151,0.507613,0.437257,0.421759,0.436993,0.462264,0.446911,0.461662,0.169382,120,0.292883,0.00946231,0.00601321,0.241479,120,3.28798e-16,0.012221,0.0121817,0.198064,120,0.330484,0.011886,0.0119118,2,0.156155,0.120392,0.330484,1.25039,4.63559,0.224,0.05
0.381293,0.827758,0.381042,0.762587,1.65552,0.762084,Paar Δ=0°,1.14388,2.48327,1.14313,0.509074,1.28495,0.508603,0.437654,0.421537,0.437431,0.461261,0.448236,0.460684,0.165535,120,0.295726,0.00930248,0.00596526,0.241798,120,3.29216e-16,0.0122372,0.0121973,0.198078,120,0.332885,0.0118995,0.0119251,2,0.156229,0.120661,0.332885,1.25319,4.77574,0.225,0.05
0.380203,0.828767,0.379958,0.760407,1.65753,0.759915,Paar Δ=0°,1.14061,2.4863,1.13987,0.510432,1.28863,0.50996,0.438217,0.421568,0.438032,0.46053,0.449875,0.459979,0.16191,120,0.298621,0.00915754,0.00591498,0.242119,120,3.29638e-16,0.0122536,0.012213,0.19809,120,0.335331,0.011913,0.0119386,2,0.156303,0.120933,0.335331,1.25602,4.92395,0.226,0.05
0.379287,0.829905,0.379046,0.758574,1.65981,0.758091,Paar Δ=0°,1.13786,2.48972,1.13714,0.512219,1.29256,0.511744,0.439005,0.421828,0.438824,0.460067,0.451808,0.459546,0.158502,120,0.301565,0.00902605,0.00585978,0.242443,120,3.30063e-16,0.0122701,0.0122288,0.198099,120,0.337824,0.0119265,0.0119537,2,0.156378,0.121208,0.337824,1.25887,5.08078,0.227,0.05
0.378561,0.831169,0.378322,0.757122,1.66234,0.756645,Paar Δ=0°,1.13568,2.49351,1.13497,0.514497,1.29672,0.514017,0.440021,0.422291,0.439838,0.459873,0.454023,0.45938,0.155312,120,0.304561,0.00890645,0.00579823,0.24277,120,3.30491e-16,0.0122867,0.0122447,0.198105,120,0.340365,0.0119395,0.0119685,2,0.156453,0.121485,0.340365,1.26175,5.2468,0.228,0.05
0.378043,0.832551,0.377806,0.756086,1.6651,0.755613,Paar Δ=0°,1.13413,2.49765,1.13342,0.517339,1.30112,0.516852,0.441262,0.422932,0.441075,0.45996,0.456504,0.459497,0.152352,120,0.307607,0.00879853,0.00572947,0.2431,120,3.30924e-16,0.0123035,0.0122608,0.198108,120,0.342954,0.0119526,0.0119834,2,0.156528,0.121764,0.342955,1.26465,5.42261,0.229,0.05
0.37776,0.834043,0.377522,0.75552,1.66809,0.755043,Paar Δ=0°,1.13328,2.50213,1.13257,0.520809,1.30574,0.52031,0.442738,0.425594,0.442545,0.460348,0.459237,0.459915,0.149643,120,0.310705,0.00870209,0.00565245,0.243432,120,3.31359e-16,0.0123205,0.012277,0.198107,120,0.345595,0.0119653,0.0119981,2,0.156604,0.122046,0.345595,1.26758,5.60879,0.23,0.05
0.377738,0.835636,0.3775,0.755477,1.67127,0.755,Paar Δ=0°,1.13322,2.50691,1.1325,0.524977,1.31057,0.524466,0.444471,0.430465,0.444272,0.461065,0.462206,0.460665,0.147211,120,0.313854,0.00861731,0.00556748,0.243767,120,3.31799e-16,0.0123375,0.0122933,0.198103,120,0.348287,0.0119778,0.0120125,2,0.15668,0.122331,0.348287,1.27053,5.80592,0.231,0.05
0.378014,0.837318,0.377773,0.756029,1.67464,0.755547,Paar Δ=0°,1.13404,2.51195,1.13332,0.529912,1.31558,0.52938,0.446498,0.435425,0.446289,0.462164,0.465393,0.461799,0.145108,120,0.317055,0.00854481,0.00547319,0.244105,120,3.32242e-16,0.0123547,0.0123098,0.198095,120,0.351032,0.0119914,0.012027,2,0.156757,0.122618,0.351032,1.27351,6.01454,0.232,0.05
0.378625,0.839075,0.37838,0.757251,1.67815,0.756759,Paar Δ=0°,1.13588,2.51722,1.13514,0.535677,1.32077,0.535124,0.44887,0.440455,0.448649,0.463726,0.468778,0.463381,0.143416,120,0.32031,0.0084856,0.00536895,0.244446,120,3.32689e-16,0.0123721,0.0123264,0.198083,120,0.353833,0.0120055,0.0120409,2,0.156833,0.122907,0.353833,1.27652,6.2351,0.233,0.05
0.379612,0.840891,0.379359,0.759224,1.68178,0.758718,Paar Δ=0°,1.13884,2.52267,1.13808,0.542331,1.32607,0.541751,0.451652,0.445539,0.451418,0.465857,0.472347,0.465504,0.142239,120,0.323618,0.00844105,0.0052543,0.24479,120,3.33139e-16,0.0123896,0.0123432,0.198068,120,0.356689,0.0120196,0.0120563,2,0.156911,0.1232,0.356689,1.27956,6.46796,0.234,0.05
0.381015,0.842743,0.380753,0.76203,1.68549,0.761505,Paar Δ=0°,1.14305,2.52823,1.14226,0.549929,1.33145,0.549315,0.454925,0.450657,0.454674,0.468622,0.476061,0.468254,0.14164,120,0.326982,0.00841494,0.00512993,0.245137,120,3.33594e-16,0.0124073,0.0123601,0.198051,120,0.359604,0.0120331,0.0120721,2,0.156989,0.123494,0.359604,1.28262,6.71324,0.235,0.05
0.382875,0.844597,0.382601,0.765749,1.68919,0.765201,Paar Δ=0°,1.14862,2.53379,1.1478,0.558512,1.33682,0.557858,0.458779,0.455778,0.458507,0.472089,0.479895,0.471701,0.141686,120,0.330403,0.0084083,0.00499832,0.245487,120,3.34051e-16,0.0124251,0.0123771,0.198031,120,0.362578,0.0120466,0.012088,2,0.157067,0.123792,0.362578,1.28571,6.97083,0.236,0.05
0.385226,0.846413,0.384939,0.770452,1.69283,0.769877,Paar Δ=0°,1.15568,2.53924,1.15482,0.568114,1.34212,0.567414,0.463312,0.460862,0.463018,0.476327,0.483794,0.475916,0.142446,120,0.333881,0.00842497,0.00485984,0.24584,120,3.34513e-16,0.012443,0.0123942,0.198006,120,0.365613,0.0120595,0.0121034,2,0.157146,0.124092,0.365613,1.28883,7.24021,0.237,0.05
0.388101,0.848159,0.387796,0.776203,1.69632,0.775592,Paar Δ=0°,1.1643,2.54448,1.16339,0.578749,1.34723,0.578,0.468629,0.465857,0.468307,0.481408,0.487707,0.480971,0.143989,120,0.337419,0.00846893,0.00471641,0.246196,120,3.34979e-16,0.0124612,0.0124115,0.197976,120,0.368712,0.0120722,0.0121187,2,0.157225,0.124395,0.368712,1.29197,7.52034,0.238,0.05
0.39152,0.84976,0.391196,0.783039,1.69952,0.782392,Paar Δ=0°,1.17456,2.54928,1.17359,0.590418,1.35199,0.589612,0.474827,0.470686,0.474471,0.487397,0.491565,0.486927,0.146379,120,0.341018,0.0085449,0.00457228,0.246555,120,3.35448e-16,0.0124794,0.012429,0.197942,120,0.371876,0.0120869,0.0121335,2,0.157304,0.124701,0.371876,1.29515,7.80952,0.239,0.05
0.395491,0.851167,0.395147,0.790983,1.70233,0.790294,Paar Δ=0°,1.18647,2.5535,1.18544,0.603093,1.35626,0.602217,0.481997,0.475263,0.481604,0.494353,0.495281,0.493847,0.149674,120,0.34468,0.00866004,0.00443442,0.246917,120,3.35922e-16,0.0124979,0.0124466,0.197902,120,0.375107,0.0121016,0.0121487,2,0.157384,0.125009,0.375107,1.29835,8.10514,0.24,0.05
0.400009,0.852285,0.39964,0.800017,1.70457,0.79928,Paar Δ=0°,1.20003,2.55686,1.19892,0.616702,1.35981,0.615758,0.490212,0.479485,0.489778,0.502315,0.498743,0.501769,0.153908,120,0.348406,0.00881941,0.00448862,0.247282,120,3.36399e-16,0.0125165,0.0124644,0.197857,120,0.378407,0.0121155,0.0121656,2,0.157464,0.12532,0.378407,1.30158,8.40353,0.241,0.05
0.405045,0.853028,0.404652,0.81009,1.70606,0.809304,Paar Δ=0°,1.21514,2.55908,1.21396,0.631142,1.36239,0.630123,0.499525,0.483221,0.499035,0.511302,0.501835,0.510707,0.159102,120,0.3522,0.00902746,0.00480317,0.247651,120,3.3688e-16,0.0125353,0.0124823,0.197807,120,0.381778,0.0121293,0.0121824,2,0.157545,0.125634,0.381778,1.30484,8.69979,0.242,0.05
0.410552,0.853298,0.410132,0.821104,1.7066,0.820264,Paar Δ=0°,1.23166,2.55989,1.2304,0.646246,1.36374,0.645147,0.509944,0.486331,0.509389,0.521292,0.504411,0.520646,0.165229,120,0.356062,0.00929032,0.00513975,0.248022,120,3.37365e-16,0.0125542,0.0125003,0.197754,120,0.385223,0.0121422,0.0121985,2,0.157626,0.125951,0.385223,1.30814,8.98763,0.243,0.05
0.416455,0.852994,0.416005,0.83291,1.70599,0.83201,Paar Δ=0°,1.24936,2.55898,1.24801,0.661788,1.36358,0.660604,0.521422,0.488654,0.520798,0.532224,0.506331,0.531525,0.172228,120,0.359996,0.00961241,0.00549115,0.248397,120,3.37855e-16,0.0125733,0.0125185,0.197697,120,0.388742,0.0121558,0.0122145,2,0.157707,0.126271,0.388743,1.31146,9.25938,0.244,0.05
0.422647,0.852023,0.422168,0.845294,1.70405,0.844336,Paar Δ=0°,1.26794,2.55607,1.2665,0.67748,1.3616,0.67621,0.533862,0.490035,0.533173,0.543984,0.507439,0.543226,0.179981,120,0.364003,0.00999131,0.00584721,0.248775,120,3.38348e-16,0.0125925,0.0125369,0.197633,120,0.392341,0.0121708,0.0122296,2,0.157789,0.126594,0.392341,1.31481,9.5062,0.245,0.05
0.429001,0.85031,0.428491,0.858002,1.70062,0.856983,Paar Δ=0°,1.287,2.55093,1.28547,0.692973,1.35755,0.691617,0.547107,0.490344,0.546355,0.556409,0.507601,0.555589,0.188322,120,0.368086,0.0104277,0.00619375,0.249157,120,3.38846e-16,0.012612,0.0125554,0.197563,120,0.39602,0.0121855,0.0122466,2,0.157872,0.12692,0.39602,1.31819,9.71849,0.246,0.05
0.435363,0.847817,0.434823,0.870726,1.69563,0.869645,Paar Δ=0°,1.30609,2.54345,1.30447,0.707866,1.35126,0.706426,0.560949,0.490486,0.560138,0.569278,0.50672,0.568392,0.19703,120,0.372248,0.0109107,0.00651595,0.249541,120,3.39347e-16,0.0126316,0.0125741,0.197486,120,0.399782,0.0121994,0.0122643,2,0.157954,0.127249,0.399782,1.32161,9.88662,0.247,0.05
0.441571,0.844554,0.441002,0.883141,1.68911,0.882003,Paar Δ=0°,1.32471,2.53366,1.32301,0.721751,1.34262,0.720231,0.57513,0.497684,0.57426,0.582328,0.504753,0.581378,0.205837,120,0.376491,0.0114279,0.0067965,0.249929,120,3.39853e-16,0.0126513,0.0125929,0.197401,120,0.40363,0.0122125,0.0122813,2,0.158038,0.12758,0.40363,1.32505,10.0019,0.248,0.05
0.447463,0.840588,0.446867,0.894925,1.68118,0.893734,Paar Δ=0°,1.34239,2.52176,1.3406,0.734238,1.33172,0.732641,0.589361,0.503877,0.58843,0.595282,0.501728,0.594269,0.214463,120,0.380819,0.0119652,0.00702014,0.25032,120,3.40364e-16,0.0126712,0.0126119,0.19731,120,0.407566,0.0122262,0.0122979,2,0.158121,0.127915,0.407566,1.32853,10.0576,0.249,0.05
0.452893,0.836053,0.452273,0.905785,1.67211,0.904545,Paar Δ=0°,1.35868,2.50816,1.35682,0.744993,1.31876,0.743333,0.603361,0.5089,0.602361,0.60787,0.497753,0.606795,0.222636,120,0.385234,0.0125017,0.00717364,0.250716,120,3.40878e-16,0.0126914,0.0126311,0.197216,120,0.411594,0.0122415,0.0123135,2,0.158205,0.128253,0.411594,1.33204,10.0499,0.25,0.05
0.457749,0.83113,0.457108,0.915499,1.66226,0.914215,Paar Δ=0°,1.37325,2.49339,1.37132,0.753796,1.30413,0.752078,0.616848,0.512702,0.615782,0.619846,0.495595,0.618712,0.230107,120,0.389739,0.0130179,0.00725195,0.15829,120,1.82446e-16,0.00795441,0.00795441,0.197114,120,0.415717,0.0122561,0.0123315,1,0.15829,0.128594,0.415717,1.06719,9.97848,0.251,0.05
0.461961,0.826045,0.461301,0.923923,1.65209,0.922602,Paar Δ=0°,1.38588,2.47814,1.3839,0.760524,1.28832,0.758757,0.629609,0.515278,0.628481,0.631038,0.500757,0.62985,0.2367,120,0.394338,0.013497,0.00725359,0.158375,120,1.82544e-16,0.00795868,0.00795868,0.197004,120,0.419937,0.0122699,0.0123499,1,0.158375,0.128938,0.419937,1.06776,9.84665,0.252,0.05
0.465502,0.821028,0.464826,0.931005,1.64206,0.929653,Paar Δ=0°,1.39651,2.46308,1.39448,0.765185,1.27189,0.763381,0.641498,0.516748,0.640311,0.641319,0.504872,0.640079,0.242284,120,0.399034,0.0139265,0.00718003,0.15846,120,1.82642e-16,0.00796296,0.00796297,0.196884,120,0.424259,0.0122824,0.0123673,1,0.15846,0.129286,0.424259,1.06834,9.66076,0.253,0.05
0.468388,0.816301,0.467699,0.936776,1.6326,0.935398,Paar Δ=0°,1.40516,2.4489,1.4031,0.767895,1.25543,0.766062,0.652437,0.517251,0.651196,0.650657,0.508028,0.649373,0.246825,120,0.403832,0.0142961,0.00725065,0.158546,120,1.82741e-16,0.00796727,0.00796728,0.196755,120,0.428686,0.0122978,0.0123837,1,0.158546,0.129637,0.428686,1.06892,9.42938,0.254,0.05
0.470668,0.812047,0.469972,0.941337,1.62409,0.939943,Paar Δ=0°,1.41201,2.43614,1.40991,0.768868,1.23949,0.767019,0.662422,0.516999,0.661131,0.659064,0.51036,0.657738,0.25033,120,0.408734,0.0146021,0.00774781,0.158632,120,1.82841e-16,0.0079716,0.00797161,0.19662,120,0.433221,0.0123128,0.0124012,1,0.158632,0.129991,0.433221,1.0695,9.16228,0.255,0.05
0.472417,0.808415,0.471712,0.944834,1.61683,0.943425,Paar Δ=0°,1.41725,2.42524,1.41514,0.768337,1.22454,0.766476,0.6715,0.516205,0.670163,0.666621,0.512032,0.665259,0.252876,120,0.413744,0.0148454,0.00822031,0.158719,120,1.8294e-16,0.00797596,0.00797596,0.196479,120,0.437868,0.0123267,0.0124206,1,0.158719,0.130348,0.437868,1.07008,8.86934,0.256,0.05
0.473717,0.805482,0.473007,0.947434,1.61096,0.946014,Paar Δ=0°,1.42115,2.41645,1.41902,0.770176,1.21093,0.767948,0.679758,0.515076,0.678381,0.673421,0.513213,0.672024,0.254554,120,0.418868,0.0150341,0.00865986,0.158806,120,1.83041e-16,0.00798033,0.00798033,0.196326,120,0.442631,0.0123388,0.0124386,1,0.158806,0.130709,0.442631,1.07067,8.55983,0.257,0.05
0.474653,0.803289,0.473941,0.949306,1.60658,0.947883,Paar Δ=0°,1.42396,2.40987,1.42182,0.773092,1.19891,0.770852,0.687301,0.5138,0.685889,0.679585,0.514071,0.678157,0.255477,120,0.424108,0.0151703,0.0090617,0.158893,120,1.83142e-16,0.00798473,0.00798473,0.196162,120,0.447515,0.0123545,0.0124553,1,0.158893,0.131073,0.447515,1.07126,8.24182,0.258,0.05
0.47531,0.801832,0.474594,0.95062,1.60366,0.949188,Paar Δ=0°,1.42593,2.4055,1.42378,0.774837,1.18864,0.772602,0.694243,0.512517,0.6928,0.685236,0.514831,0.683783,0.255766,120,0.42947,0.0152611,0.00942484,0.158981,120,1.83243e-16,0.00798915,0.00798915,0.195986,120,0.452524,0.0123692,0.0124739,1,0.158981,0.13144,0.452524,1.07185,7.92199,0.259,0.05
0.475761,0.801075,0.475044,0.951522,1.60215,0.950088,Paar Δ=0°,1.42728,2.40323,1.42513,0.775663,1.18014,0.773432,0.700712,0.511378,0.699233,0.690493,0.516042,0.689011,0.255535,120,0.434959,0.0153164,0.00975128,0.159069,120,1.83345e-16,0.00799359,0.00799359,0.195805,120,0.457662,0.0123823,0.0124935,1,0.159069,0.131811,0.457662,1.07245,7.60559,0.26,0.05
0.476072,0.800972,0.475354,0.952144,1.60194,0.950708,Paar Δ=0°,1.42822,2.40292,1.42606,0.775793,1.17342,0.773577,0.706803,0.510459,0.70529,0.69546,0.517281,0.693956,0.254881,120,0.440579,0.0153427,0.0100406,0.159158,120,1.83447e-16,0.00799805,0.00799805,0.195612,120,0.462934,0.0123957,0.0125117,1,0.159158,0.132185,0.462934,1.07305,7.29653,0.261,0.05
0.476298,0.801448,0.475579,0.952595,1.6029,0.951158,Paar Δ=0°,1.42889,2.40435,1.42674,0.775419,1.16837,0.773214,0.712616,0.510242,0.711074,0.700224,0.519119,0.698703,0.253889,120,0.446336,0.0153444,0.0102954,0.159248,120,1.8355e-16,0.00800254,0.00800254,0.195407,120,0.468345,0.0124113,0.0125286,1,0.159248,0.132563,0.468345,1.07365,6.99756,0.262,0.05
0.47648,0.802437,0.475764,0.95296,1.60487,0.951527,Paar Δ=0°,1.42944,2.40731,1.42729,0.774697,1.16488,0.772496,0.718239,0.510484,0.716668,0.704882,0.521153,0.703331,0.252648,120,0.452234,0.015327,0.0105204,0.159337,120,1.83653e-16,0.00800704,0.00800704,0.195186,120,0.473901,0.0124248,0.0125496,1,0.159337,0.132945,0.473901,1.07425,6.7105,0.263,0.05
0.476659,0.803876,0.475939,0.953319,1.60775,0.951878,Paar Δ=0°,1.42998,2.41163,1.42782,0.773746,1.16281,0.771554,0.723742,0.511083,0.722147,0.709485,0.523647,0.707914,0.251203,120,0.458281,0.0152982,0.0107202,0.159427,120,1.83757e-16,0.00801157,0.00801157,0.194956,120,0.479607,0.0124368,0.0125688,1,0.159427,0.13333,0.479608,1.07486,6.43643,0.264,0.05
0.476859,0.805702,0.476142,0.953718,1.6114,0.952284,Paar Δ=0°,1.43058,2.41711,1.42843,0.772665,1.16201,0.77049,0.729184,0.512055,0.727568,0.714095,0.526571,0.712505,0.249613,120,0.464482,0.0152593,0.010895,0.159518,120,1.83862e-16,0.00801612,0.00801613,0.194715,120,0.485469,0.0124526,0.0125857,1,0.159518,0.133719,0.48547,1.07547,6.17586,0.265,0.05
0.477105,0.807859,0.476388,0.95421,1.61572,0.952776,Paar Δ=0°,1.43132,2.42358,1.42916,0.771539,1.16233,0.769375,0.734629,0.513403,0.732978,0.718763,0.529723,0.717146,0.24792,120,0.470843,0.0152125,0.0110478,0.159609,120,1.83967e-16,0.0080207,0.0080207,0.194458,120,0.491494,0.0124659,0.012607,1,0.159609,0.134112,0.491494,1.07608,5.92887,0.266,0.05
0.477415,0.810298,0.476696,0.954829,1.6206,0.953391,Paar Δ=0°,1.43224,2.43089,1.43009,0.770432,1.16361,0.768272,0.740105,0.515124,0.738433,0.72352,0.533538,0.721878,0.246149,120,0.477371,0.0151596,0.0111857,0.1597,120,1.84072e-16,0.00802529,0.00802529,0.194182,120,0.497687,0.0124777,0.0126265,1,0.1597,0.134508,0.497687,1.0767,5.69528,0.267,0.05
0.477799,0.812979,0.477079,0.955599,1.62596,0.954159,Paar Δ=0°,1.4334,2.43894,1.43124,0.769385,1.16572,0.767232,0.745662,0.519821,0.743954,0.728399,0.5376,0.726733,0.244326,120,0.484073,0.015107,0.0113072,0.159792,120,1.84178e-16,0.00802991,0.00802991,0.193898,120,0.504055,0.0124931,0.0126434,1,0.159792,0.134908,0.504056,1.07732,5.47468,0.268,0.05
0.478272,0.815874,0.477549,0.956544,1.63175,0.955097,Paar Δ=0°,1.43482,2.44762,1.43265,0.768436,1.16855,0.766294,0.75132,0.524801,0.749589,0.733425,0.541973,0.731736,0.242468,120,0.490957,0.0150525,0.0114132,0.159885,120,1.84284e-16,0.00803455,0.00803455,0.193597,120,0.510606,0.0125053,0.0126656,1,0.159885,0.135313,0.510607,1.07794,5.26654,0.269,0.05
0.478839,0.81895,0.478111,0.957678,1.6379,0.956222,Paar Δ=0°,1.43652,2.45685,1.43433,0.767613,1.17198,0.765484,0.757107,0.529952,0.755351,0.73862,0.546904,0.736908,0.24059,120,0.49803,0.0149964,0.0115105,0.159977,120,1.84391e-16,0.00803922,0.00803922,0.193275,120,0.517348,0.0125181,0.0126849,1,0.159977,0.135721,0.517348,1.07857,5.07025,0.27,0.05
0.479505,0.822182,0.478774,0.95901,1.64436,0.957547,Paar Δ=0°,1.43851,2.46655,1.43632,0.766943,1.17592,0.764821,0.76305,0.535286,0.761263,0.744005,0.552098,0.742266,0.238706,120,0.505299,0.0149396,0.0115974,0.160071,120,1.84499e-16,0.0080439,0.0080439,0.192939,120,0.524287,0.0125321,0.012704,1,0.160071,0.136133,0.524287,1.0792,4.88516,0.271,0.05
0.480276,0.825564,0.479543,0.960552,1.65113,0.959086,Paar Δ=0°,1.44083,2.47669,1.43863,0.766439,1.1803,0.764316,0.769168,0.540816,0.767347,0.749595,0.557542,0.747825,0.23682,120,0.512775,0.0148877,0.0116732,0.160164,120,1.84607e-16,0.00804861,0.00804861,0.192587,120,0.531432,0.0125422,0.0127258,1,0.160164,0.136549,0.531432,1.07983,4.7106,0.272,0.05
0.481158,0.829069,0.480418,0.962316,1.65814,0.960836,Paar Δ=0°,1.44347,2.48721,1.44125,0.766103,1.18506,0.763992,0.775474,0.546554,0.773619,0.755399,0.563552,0.753596,0.234933,120,0.520466,0.0148356,0.0117452,0.160259,120,1.84715e-16,0.00805334,0.00805335,0.19221,120,0.538792,0.0125575,0.0127435,1,0.160259,0.136969,0.538792,1.08046,4.54592,0.273,0.05
0.48215,0.832696,0.481408,0.9643,1.66539,0.962815,Paar Δ=0°,1.44645,2.49809,1.44422,0.765964,1.19012,0.763848,0.781984,0.552511,0.780096,0.761428,0.569843,0.759599,0.233047,120,0.528382,0.0147835,0.0118094,0.160353,120,1.84824e-16,0.0080581,0.0080581,0.191817,120,0.546377,0.0125682,0.0127661,1,0.160353,0.137393,0.546377,1.0811,4.39049,0.274,0.05
0.483259,0.836435,0.482509,0.966519,1.67287,0.965018,Paar Δ=0°,1.44978,2.5093,1.44753,0.766011,1.19546,0.763901,0.788713,0.558714,0.786792,0.767702,0.576398,0.765842,0.231171,120,0.536531,0.0147357,0.0118662,0.160448,120,1.84934e-16,0.00806288,0.00806288,0.191404,120,0.554197,0.0125813,0.0127854,1,0.160448,0.137821,0.554197,1.08174,4.24369,0.275,0.05
0.484486,0.840277,0.483731,0.968971,1.68055,0.967461,Paar Δ=0°,1.45346,2.52083,1.45119,0.766255,1.20103,0.764143,0.795674,0.565161,0.793719,0.774228,0.583287,0.772329,0.229301,120,0.544927,0.0146903,0.0119223,0.160544,120,1.85044e-16,0.00806768,0.00806768,0.190961,120,0.56226,0.0125927,0.0128069,1,0.160544,0.138254,0.562261,1.08239,4.10494,0.276,0.05
0.48583,0.844222,0.485069,0.971661,1.68844,0.970138,Paar Δ=0°,1.45749,2.53266,1.45521,0.766709,1.20681,0.764594,0.802878,0.571861,0.80089,0.781008,0.59067,0.779075,0.22743,120,0.553578,0.0146442,0.0119707,0.16064,120,1.85155e-16,0.0080725,0.0080725,0.190506,120,0.57058,0.0126042,0.012827,1,0.16064,0.13869,0.57058,1.08303,3.9737,0.277,0.05
0.487301,0.848267,0.486531,0.974602,1.69653,0.973063,Paar Δ=0°,1.4619,2.5448,1.45959,0.767367,1.21277,0.765251,0.810343,0.578824,0.808318,0.788064,0.598352,0.786096,0.225566,120,0.562498,0.0146032,0.0120179,0.160736,120,1.85266e-16,0.00807735,0.00807735,0.190019,120,0.579166,0.0126154,0.0128483,1,0.160736,0.139132,0.579166,1.08368,3.84946,0.278,0.05
0.488895,0.852412,0.488118,0.97779,1.70482,0.976236,Paar Δ=0°,1.46669,2.55724,1.46435,0.768234,1.21889,0.766114,0.818079,0.586079,0.816013,0.795403,0.606325,0.793391,0.223704,120,0.571699,0.0145637,0.0120611,0.160833,120,1.85378e-16,0.00808222,0.00808222,0.189509,120,0.588032,0.0126262,0.0128687,1,0.160833,0.139577,0.588032,1.08434,3.73174,0.279,0.05
0.490615,0.856658,0.48983,0.981231,1.71332,0.97966,Paar Δ=0°,1.47185,2.56998,1.46949,0.769315,1.22517,0.76719,0.826095,0.593621,0.823989,0.803027,0.614601,0.800975,0.221834,120,0.581193,0.0145236,0.0121011,0.160931,120,1.8549e-16,0.00808711,0.00808712,0.188972,120,0.59719,0.012636,0.0128904,1,0.160931,0.140027,0.59719,1.08499,3.6201,0.28,0.05
0.49247,0.861008,0.491674,0.984939,1.72202,0.983348,Paar Δ=0°,1.47741,2.58302,1.47502,0.770613,1.23158,0.768482,0.834406,0.601461,0.832257,0.81096,0.623356,0.808866,0.219964,120,0.590996,0.0144903,0.0121404,0.161028,120,1.85603e-16,0.00809203,0.00809203,0.188403,120,0.606653,0.0126473,0.0129104,1,0.161028,0.140482,0.606653,1.08565,3.51413,0.281,0.05
0.494457,0.865462,0.493652,0.988914,1.73092,0.987303,Paar Δ=0°,1.48337,2.59638,1.48096,0.772134,1.23813,0.769995,0.843022,0.609612,0.84083,0.819207,0.632511,0.817063,0.218085,120,0.601122,0.0144538,0.0121751,0.161127,120,1.85716e-16,0.00809697,0.00809697,0.187809,120,0.616437,0.012654,0.0129331,1,0.161127,0.140941,0.616437,1.08632,3.41345,0.282,0.05
0.496581,0.870023,0.495764,0.993161,1.74005,0.991529,Paar Δ=0°,1.48974,2.61007,1.48729,0.773881,1.24481,0.771733,0.851958,0.618101,0.849721,0.827773,0.642077,0.825581,0.216187,120,0.611586,0.0144236,0.0122107,0.161226,120,1.8583e-16,0.00810194,0.00810194,0.187177,120,0.626556,0.0126657,0.0129513,1,0.161226,0.141404,0.626556,1.08698,3.43907,0.283,0.05
0.498844,0.874695,0.498017,0.997688,1.74939,0.996034,Paar Δ=0°,1.49653,2.62408,1.49405,0.775859,1.25161,0.773701,0.861228,0.626929,0.858945,0.836685,0.652293,0.834444,0.21428,120,0.622406,0.0143911,0.0122425,0.161325,120,1.85944e-16,0.00810693,0.00810693,0.186518,120,0.637027,0.0126727,0.0129754,1,0.161325,0.141873,0.637028,1.08765,3.49655,0.284,0.05
0.501257,0.87948,0.500417,1.00251,1.75896,1.00083,Paar Δ=0°,1.50377,2.63844,1.50125,0.778072,1.25853,0.775903,0.870851,0.636109,0.868517,0.845947,0.662887,0.843651,0.212349,120,0.633598,0.0143637,0.0122743,0.161425,120,1.86059e-16,0.00811194,0.00811194,0.185819,120,0.647867,0.0126806,0.0129965,1,0.161425,0.142346,0.647867,1.08832,3.55605,0.285,0.05
0.503818,0.884384,0.502965,1.00764,1.76877,1.00593,Paar Δ=0°,1.51145,2.65315,1.50889,0.780526,1.26558,0.778347,0.880841,0.645656,0.878457,0.855567,0.673861,0.853216,0.210385,120,0.645182,0.0143333,0.0123046,0.161525,120,1.86175e-16,0.00811697,0.00811697,0.185083,120,0.659094,0.0126894,0.0130156,1,0.161525,0.142823,0.659094,1.089,3.61767,0.286,0.05
0.506533,0.889418,0.505665,1.01307,1.77884,1.01133,Paar Δ=0°,1.5196,2.66826,1.517,0.783236,1.27277,0.781037,0.891212,0.655588,0.888776,0.865576,0.685235,0.863169,0.2084,120,0.657176,0.0143093,0.0123311,0.161625,120,1.86291e-16,0.00812203,0.00812203,0.184311,120,0.670728,0.0126945,0.0130397,1,0.161625,0.143306,0.670728,1.08968,3.68152,0.287,0.05
0.509407,0.894582,0.508527,1.01881,1.78916,1.01705,Paar Δ=0°,1.52822,2.68374,1.52558,0.786205,1.28008,0.783989,0.901981,0.665931,0.899491,0.87598,0.697038,0.873514,0.206377,120,0.669603,0.0142816,0.0123619,0.161727,120,1.86407e-16,0.00812711,0.00812711,0.183488,120,0.682787,0.0126989,0.0130613,1,0.161727,0.143794,0.682788,1.09036,3.74772,0.288,0.05
0.512451,0.899878,0.511555,1.0249,1.79976,1.02311,Paar Δ=0°,1.53735,2.69963,1.53467,0.789439,1.28752,0.787209,0.913166,0.676694,0.910621,0.886792,0.709292,0.884266,0.204309,120,0.682484,0.0142588,0.0123882,0.161828,120,1.86524e-16,0.00813222,0.00813222,0.182633,120,0.695295,0.0127063,0.013081,1,0.161828,0.144286,0.695296,1.09105,3.81637,0.289,0.05
0.515667,0.905325,0.514753,1.03133,1.81065,1.02951,Paar Δ=0°,1.547,2.71597,1.54426,0.792946,1.29511,0.790702,0.924788,0.687895,0.922185,0.898033,0.722014,0.895444,0.202191,120,0.695843,0.0142355,0.012412,0.16193,120,1.86642e-16,0.00813735,0.00813735,0.181725,120,0.708275,0.0127107,0.013102,1,0.16193,0.144784,0.708275,1.09173,3.88761,0.29,0.05
0.51906,0.910916,0.51813,1.03812,1.82183,1.03626,Paar Δ=0°,1.55718,2.73275,1.55439,0.796753,1.30284,0.794478,0.936867,0.699556,0.934204,0.909735,0.735227,0.907074,0.200031,120,0.709704,0.0142096,0.0124397,0.162033,120,1.8676e-16,0.00814251,0.00814251,0.180763,120,0.72175,0.0127131,0.0131252,1,0.162033,0.145287,0.72175,1.09243,3.96158,0.291,0.05
0.522643,0.91667,0.521695,1.04529,1.83334,1.04339,Paar Δ=0°,1.56793,2.75001,1.56509,0.800856,1.31072,0.798566,0.949425,0.711697,0.946699,0.921904,0.748958,0.919175,0.197809,120,0.724095,0.014188,0.0124645,0.162136,120,1.86879e-16,0.00814769,0.00814769,0.179755,120,0.735746,0.0127139,0.0131471,1,0.162136,0.145795,0.735746,1.09312,4.0384,0.292,0.05
0.526421,0.922585,0.525452,1.05284,1.84517,1.0509,Paar Δ=0°,1.57926,2.76775,1.57636,0.805274,1.31875,0.802961,0.962485,0.724342,0.959694,0.934563,0.763235,0.931764,0.195522,120,0.739042,0.0141671,0.0124874,0.16224,120,1.86999e-16,0.00815289,0.00815289,0.178693,120,0.750289,0.0127137,0.0131687,1,0.16224,0.146308,0.75029,1.09382,4.11823,0.293,0.05
0.530401,0.928679,0.529415,1.0608,1.85736,1.05883,Paar Δ=0°,1.5912,2.78604,1.58824,0.810028,1.32696,0.807684,0.976073,0.737515,0.973212,0.947737,0.778086,0.944864,0.193162,120,0.754575,0.0141448,0.0125089,0.162344,120,1.87118e-16,0.00815812,0.00815812,0.177568,120,0.765411,0.012712,0.0131894,1,0.162344,0.146827,0.765411,1.09452,4.20123,0.294,0.05
0.534598,0.93495,0.533588,1.0692,1.8699,1.06718,Paar Δ=0°,1.60379,2.80485,1.60076,0.815121,1.33533,0.81276,0.990212,0.751239,0.987278,0.961449,0.793541,0.9585,0.190723,120,0.770726,0.0141216,0.0125302,0.162448,120,1.87239e-16,0.00816337,0.00816337,0.176379,120,0.78114,0.0127103,0.0132101,1,0.162448,0.147351,0.78114,1.09523,4.28756,0.295,0.05
0.539015,0.941413,0.537984,1.07803,1.88283,1.07597,Paar Δ=0°,1.61705,2.82424,1.61395,0.820592,1.34388,0.818191,1.00493,0.765543,1.00192,0.975727,0.809632,0.972697,0.188199,120,0.787527,0.0140978,0.0125527,0.162553,120,1.8736e-16,0.00816865,0.00816865,0.175124,120,0.797508,0.012707,0.0132309,1,0.162553,0.14788,0.797508,1.09593,4.3774,0.296,0.05
0.543669,0.948079,0.542613,1.08734,1.89616,1.08523,Paar Δ=0°,1.63101,2.84424,1.62784,0.82644,1.35262,0.824016,1.02026,0.780451,1.01717,0.990596,0.826391,0.987482,0.185583,120,0.805013,0.0140741,0.0125741,0.162659,120,1.87482e-16,0.00817395,0.00817395,0.173798,120,0.814549,0.0127033,0.0132515,1,0.162659,0.148415,0.81455,1.09664,4.47094,0.297,0.05
0.548566,0.954951,0.547487,1.09713,1.9099,1.09497,Paar Δ=0°,1.6457,2.86485,1.64246,0.832704,1.36155,0.830242,1.03622,0.795997,1.03306,1.00609,0.843853,1.00288,0.182865,120,0.823221,0.0140503,0.012594,0.162765,120,1.87604e-16,0.00817928,0.00817928,0.172397,120,0.832301,0.0126978,0.0132711,1,0.162765,0.148956,0.832301,1.09736,4.56837,0.298,0.05
0.553723,0.962041,0.552614,1.10745,1.92408,1.10523,Paar Δ=0°,1.66117,2.88612,1.65784,0.839394,1.37069,0.836899,1.05285,0.812218,1.04961,1.02223,0.862052,1.01893,0.180037,120,0.842188,0.0140265,0.0126123,0.162871,120,1.87727e-16,0.00818463,0.00818463,0.170918,120,0.850797,0.0126909,0.0132902,1,0.162871,0.149503,0.850798,1.09808,4.6699,0.299,0.05
0.559148,0.96936,0.558015,1.1183,1.93872,1.11603,Paar Δ=0°,1.67744,2.90808,1.67405,0.846546,1.38003,0.844013,1.0702,0.830441,1.06686,1.03904,0.881043,1.03564,0.177088,120,0.861955,0.0140025,0.0126331,0.162978,120,1.8785e-16,0.00819001,0.00819001,0.169354,120,0.87008,0.0126796,0.0133058,1,0.162978,0.150055,0.87008,1.0988,4.77574,0.3,0.05
0.333333,0.619048,0,0.666667,1.2381,0,Paar Δ=0°,1,1.85714,0,0.442057,0.904762,0,0.404794,0.233048,0,0.395344,0.230077,0,0.154534,120,0.24081,0.0154278,0.0154258,0.154534,120,0.24081,0.0154278,0.0154258,0.188688,120,0.182188,0.0105918,0.0105911,-1,0.148324,0.0962831,0.182188,1,1,0,0.1
0.333353,0.619174,0.333353,0.666706,1.23835,0.666705,Paar Δ=0°,1.00006,1.85752,1.00006,0.445769,0.904995,0.445614,0.408781,0.23315,0.408635,0.400646,0.23019,0.400547,0.154423,120,0.246223,0.0153535,0.0153933,0.153338,120,0.243262,0.0161558,0.0161592,0.188713,120,0.182352,0.0105941,0.0105933,50,0.148339,0.0963216,0.182352,1.32823,5.12275,0.01,0.1
0.333357,0.619201,0.333357,0.666714,1.2384,0.666713,Paar Δ=0°,1.00007,1.8576,1.00007,0.446111,0.905044,0.446022,0.409317,0.233168,0.409242,0.401208,0.230229,0.401084,0.154448,120,0.24676,0.0153353,0.0154245,0.153566,120,0.243891,0.0158578,0.01586,0.188719,120,0.182386,0.0105945,0.0105938,45,0.148342,0.0963297,0.182386,1.31972,5.12275,0.011,0.1
0.333362,0.61923,0.333361,0.666723,1.23846,0.666722,Paar Δ=0°,1.00009,1.85769,1.00008,0.446494,0.905098,0.446329,0.409953,0.233187,0.409806,0.401705,0.230232,0.401588,0.154396,120,0.247309,0.0153619,0.0154022,0.152736,120,0.245099,0.0155761,0.01558,0.188724,120,0.182424,0.010595,0.0105943,41,0.148345,0.0963386,0.182424,1.31471,5.1146,0.012,0.1
0.333367,0.61926,0.333366,0.666733,1.23852,0.666732,Paar Δ=0°,1.0001,1.85778,1.0001,0.446877,0.905154,0.44674,0.410504,0.233225,0.410386,0.402278,0.230253,0.402133,0.154429,120,0.247849,0.015343,0.0154196,0.152431,120,0.245737,0.0153362,0.0153398,0.188731,120,0.182465,0.0105956,0.0105949,38,0.148349,0.0963482,0.182465,1.31805,5.12139,0.013,0.1
0.333372,0.619294,0.333371,0.666744,1.23859,0.666742,Paar Δ=0°,1.00012,1.85788,1.00011,0.447205,0.905216,0.447071,0.411125,0.233277,0.410968,0.402764,0.23038,0.40263,0.15437,120,0.248394,0.0153702,0.0154078,0.151932,120,0.246315,0.0150565,0.0150598,0.188737,120,0.182509,0.0105962,0.0105955,35,0.148353,0.0963587,0.182509,1.31141,5.11936,0.014,0.1
0.333378,0.619336,0.333377,0.666755,1.23867,0.666754,Paar Δ=0°,1.00013,1.85801,1.00013,0.44762,0.905294,0.447456,0.411687,0.233233,0.411529,0.403345,0.230314,0.403181,0.154408,120,0.248937,0.0153576,0.0154147,0.151629,120,0.246545,0.0147568,0.0147599,0.188745,120,0.182557,0.0105969,0.0105961,33,0.148357,0.0963698,0.182557,1.31972,5.12275,0.015,0.1
0.333384,0.619378,0.333383,0.666768,1.23876,0.666766,Paar Δ=0°,1.00015,1.85813,1.00015,0.447977,0.905373,0.447805,0.412297,0.233398,0.412125,0.403848,0.23042,0.403671,0.15437,120,0.249478,0.0153785,0.0154114,0.15063,120,0.247031,0.0146089,0.0146114,0.188752,120,0.182608,0.0105976,0.0105968,31,0.148362,0.0963818,0.182608,1.32141,5.12207,0.016,0.1
0.33339,0.619396,0.333389,0.666781,1.23879,0.666778,Paar Δ=0°,1.00017,1.85819,1.00017,0.448348,0.905402,0.448171,0.412868,0.233227,0.412672,0.40441,0.230651,0.404227,0.154386,120,0.250025,0.0153707,0.0154105,0.150256,120,0.247309,0.0144398,0.0144414,0.188761,120,0.182663,0.0105983,0.0105976,29,0.148367,0.0963945,0.182663,1.31637,5.11803,0.017,0.1
0.333397,0.61948,0.333396,0.666794,1.23896,0.666792,Paar Δ=0°,1.00019,1.85844,1.00019,0.448734,0.905562,0.448535,0.413469,0.233518,0.413278,0.404928,0.230392,0.404714,0.154363,120,0.250565,0.0153854,0.0154122,0.149165,120,0.247608,0.0140294,0.0140309,0.18877,120,0.18272,0.0105991,0.0105984,27,0.148372,0.096408,0.18272,1.30488,5.12275,0.018,0.1
0.333405,0.619472,0.333403,0.666809,1.23894,0.666806,Paar Δ=0°,1.00021,1.85842,1.00021,0.449074,0.90554,0.448885,0.414047,0.233446,0.413824,0.405475,0.230641,0.405273,0.154364,120,0.251111,0.0153828,0.0154066,0.149452,120,0.247581,0.0140932,0.0140935,0.188779,120,0.182781,0.0105999,0.0105992,26,0.148377,0.0964223,0.182781,1.31805,5.12139,0.019,0.1
0.333413,0.619603,0.333411,0.666825,1.23921,0.666822,Paar Δ=0°,1.00024,1.85881,1.00023,0.449475,0.905794,0.449261,0.414641,0.233281,0.414429,0.406005,0.231046,0.405768,0.15435,120,0.251655,0.0153913,0.0154112,0.148323,120,0.247912,0.0138526,0.0138551,0.188789,120,0.182846,0.0106008,0.0106001,25,0.148383,0.0964374,0.182846,1.32823,5.09902,0.02,0.1
0.333421,0.619537,0.333419,0.666842,1.23907,0.666838,Paar Δ=0°,1.00026,1.85861,1.00026,0.449842,0.905653,0.449599,0.415223,0.233691,0.414986,0.406538,0.231014,0.406319,0.154339,120,0.252199,0.0153942,0.0154022,0.150068,120,0.247402,0.0137033,0.0137026,0.188799,120,0.182913,0.0106017,0.010601,23,0.148389,0.0964532,0.182913,1.30007,5.11996,0.021,0.1
0.333428,0.619713,0.333426,0.666855,1.23943,0.666851,Paar Δ=0°,1.00028,1.85914,1.00028,0.450207,0.906,0.449986,0.415814,0.233912,0.415579,0.40708,0.230577,0.406823,0.154336,120,0.252744,0.0153965,0.0154083,0.150109,120,0.247751,0.0134055,0.0134075,0.18881,120,0.182984,0.0106027,0.010602,22,0.148396,0.0964699,0.182984,1.30166,5.12275,0.022,0.1
0.333438,0.619776,0.333436,0.666877,1.23955,0.666872,Paar Δ=0°,1.00032,1.85933,1.00031,0.450596,0.906115,0.450323,0.416404,0.233545,0.416149,0.407602,0.230629,0.407364,0.154318,120,0.253283,0.0154046,0.0154,0.150624,120,0.248121,0.0132254,0.0132256,0.188821,120,0.183059,0.0106037,0.010603,21,0.148402,0.0964873,0.183059,1.30007,5.12232,0.023,0.1
0.333447,0.619621,0.333445,0.666895,1.23924,0.66689,Paar Δ=0°,1.00034,1.85886,1.00034,0.450947,0.905794,0.450708,0.416982,0.233318,0.416724,0.40815,0.231697,0.407874,0.154315,120,0.253836,0.015404,0.0154059,0.153354,120,0.246856,0.0133089,0.0133065,0.188833,120,0.183137,0.0106048,0.010604,20,0.148409,0.0965054,0.183137,1.29531,5.11268,0.024,0.1
0.333455,0.619904,0.333452,0.66691,1.23981,0.666905,Paar Δ=0°,1.00036,1.85971,1.00036,0.451339,0.906357,0.451059,0.417585,0.234355,0.417311,0.408667,0.232292,0.408413,0.154295,120,0.254372,0.0154113,0.0153951,0.153086,120,0.247224,0.0133422,0.0133382,0.188845,120,0.183218,0.0106059,0.0106051,20,0.148417,0.0965244,0.183218,1.32823,5.09902,0.025,0.1
0.333469,0.620129,0.333467,0.666938,1.24026,0.666933,Paar Δ=0°,1.00041,1.86039,1.0004,0.45171,0.906789,0.45143,0.418153,0.234775,0.41787,0.40922,0.232298,0.408924,0.154293,120,0.254927,0.015412,0.0154036,0.153383,120,0.247613,0.0129708,0.0129731,0.188858,120,0.183302,0.010607,0.0106063,19,0.148424,0.0965441,0.183302,1.31805,5.12139,0.026,0.1
0.333476,0.619921,0.333473,0.666952,1.23984,0.666946,Paar Δ=0°,1.00043,1.85976,1.00042,0.452074,0.906372,0.451793,0.41876,0.234509,0.418465,0.409738,0.231863,0.40946,0.154276,120,0.255461,0.0154183,0.0153976,0.153322,120,0.248024,0.0128035,0.0128032,0.188871,120,0.18339,0.0106082,0.0106075,18,0.148432,0.0965647,0.18339,1.30488,5.10367,0.027,0.1
0.333485,0.619698,0.333482,0.666969,1.2394,0.666964,Paar Δ=0°,1.00045,1.85909,1.00045,0.452459,0.905911,0.452149,0.419336,0.233687,0.419028,0.410291,0.231215,0.409977,0.154275,120,0.256016,0.0154181,0.0153994,0.158785,120,0.245528,0.0128974,0.0128929,0.188885,120,0.183482,0.0106095,0.0106087,17,0.14844,0.096586,0.183482,1.28907,5.09614,0.028,0.1
0.333512,0.620182,0.333509,0.667025,1.24036,0.667018,Paar Δ=0°,1.00054,1.86055,1.00053,0.452835,0.906872,0.45253,0.419921,0.233162,0.419605,0.410813,0.231033,0.410503,0.154255,120,0.256558,0.01543,0.015399,0.158594,120,0.245912,0.0129237,0.0129176,0.188899,120,0.183577,0.0106107,0.01061,17,0.148449,0.0966081,0.183577,1.31637,5.11803,0.029,0.1
0.33349,0.620658,0.333487,0.666981,1.24132,0.666974,Paar Δ=0°,1.00047,1.86197,1.00046,0.453196,0.907827,0.452865,0.420516,0.234241,0.420184,0.411368,0.23084,0.411035,0.154271,120,0.257096,0.0154161,0.0153995,0.157909,120,0.246314,0.0124802,0.012482,0.188914,120,0.183675,0.0106121,0.0106113,16,0.148458,0.0966309,0.183675,1.29531,5.12275,0.03,0.1
0.333536,0.620685,0.333532,0.667072,1.24137,0.667064,Paar Δ=0°,1.00061,1.86205,1.0006,0.453595,0.907844,0.45326,0.421123,0.234892,0.420784,0.411887,0.231962,0.411548,0.154229,120,0.257658,0.0154465,0.0153916,0.157684,120,0.246735,0.0124975,0.0125,0.188929,120,0.183776,0.0106135,0.0106127,16,0.148467,0.0966546,0.183776,1.32141,5.12207,0.031,0.1
0.333558,0.620262,0.333553,0.667116,1.24052,0.667107,Paar Δ=0°,1.00067,1.86079,1.00066,0.453951,0.906983,0.453605,0.42165,0.235225,0.421305,0.412429,0.233415,0.412079,0.154231,120,0.258199,0.0154279,0.015399,0.157016,120,0.247175,0.0123594,0.0123592,0.188945,120,0.183882,0.0106149,0.0106141,15,0.148476,0.096679,0.183882,1.29531,5.12207,0.032,0.1
0.333508,0.619717,0.333505,0.667016,1.23943,0.667009,Paar Δ=0°,1.00052,1.85915,1.00051,0.454319,0.90593,0.453962,0.422282,0.235379,0.42192,0.412978,0.234704,0.412611,0.154248,120,0.25873,0.0154335,0.0153992,0.156754,120,0.247636,0.0123754,0.0123753,0.188961,120,0.18399,0.0106163,0.0106156,15,0.148486,0.0967043,0.18399,1.31972,5.12275,0.033,0.1
0.333564,0.620099,0.333559,0.667128,1.2402,0.667119,Paar Δ=0°,1.00069,1.8603,1.00068,0.454719,0.906653,0.454344,0.422923,0.235461,0.422557,0.413503,0.235704,0.413135,0.154216,120,0.259287,0.0154588,0.0153871,0.165933,120,0.242986,0.0124814,0.0124737,0.188978,120,0.184102,0.0106179,0.0106171,14,0.148496,0.0967303,0.184102,1.28907,5.11803,0.034,0.1
0.33364,0.62102,0.333634,0.66728,1.24204,0.667267,Paar Δ=0°,1.00092,1.86306,1.0009,0.455117,0.908443,0.454743,0.423464,0.235449,0.423076,0.414032,0.236325,0.413639,0.154178,120,0.259854,0.0154595,0.0153873,0.165837,120,0.243384,0.0125017,0.0124924,0.188996,120,0.184218,0.0106194,0.0106187,14,0.148506,0.0967571,0.184218,1.31141,5.09614,0.035,0.1
0.333592,0.621692,0.333586,0.667183,1.24338,0.667172,Paar Δ=0°,1.00077,1.86508,1.00076,0.455438,0.909833,0.45504,0.423934,0.235236,0.423549,0.414566,0.236491,0.414183,0.154169,120,0.260397,0.0154264,0.0153934,0.16302,120,0.243797,0.0119702,0.0119714,0.189013,120,0.184337,0.010621,0.0106203,13,0.148516,0.0967847,0.184337,1.27691,5.04413,0.036,0.1
0.33351,0.621944,0.333506,0.66702,1.24389,0.667013,Paar Δ=0°,1.00053,1.86583,1.00052,0.455795,0.910378,0.455402,0.424632,0.234738,0.424225,0.415147,0.236231,0.414728,0.154242,120,0.260905,0.0154512,0.0154062,0.162861,120,0.244226,0.0119813,0.011983,0.189032,120,0.184459,0.0106227,0.0106219,13,0.148527,0.0968131,0.184459,1.29689,5.10367,0.037,0.1
0.333634,0.621744,0.333627,0.667267,1.24349,0.667255,Paar Δ=0°,1.0009,1.86523,1.00088,0.456285,0.909943,0.455872,0.425398,0.233873,0.424981,0.415661,0.235588,0.415259,0.154219,120,0.261442,0.0154961,0.0153829,0.162694,120,0.244672,0.0119928,0.0119951,0.18905,120,0.184585,0.0106244,0.0106236,13,0.148538,0.0968423,0.184585,1.31805,5.12139,0.038,0.1
0.333763,0.621137,0.333755,0.667527,1.24227,0.66751,Paar Δ=0°,1.00129,1.86341,1.00127,0.456651,0.908627,0.456223,0.425924,0.233435,0.42548,0.416162,0.234549,0.415719,0.154112,120,0.26205,0.0154836,0.0153648,0.161789,120,0.245135,0.0119072,0.0119078,0.18907,120,0.184715,0.0106261,0.0106254,12,0.14855,0.0968723,0.184715,1.27691,5.06495,0.039,0.1
0.333744,0.620239,0.333736,0.667488,1.24048,0.667471,Paar Δ=0°,1.00123,1.86072,1.00121,0.456908,0.906787,0.456482,0.426225,0.235456,0.4258,0.416679,0.233152,0.416247,0.154025,120,0.262654,0.0154341,0.015367,0.161591,120,0.245615,0.0119182,0.011919,0.189089,120,0.184848,0.0106279,0.0106272,12,0.148562,0.0969031,0.184848,1.29531,5.09902,0.04,0.1
0.333588,0.619423,0.333582,0.667176,1.23885,0.667164,Paar Δ=0°,1.00076,1.85827,1.00075,0.457282,0.905268,0.456822,0.426729,0.237323,0.42628,0.417294,0.231738,0.416832,0.154131,120,0.263163,0.0154276,0.0154113,0.161384,120,0.246114,0.0119295,0.0119307,0.18911,120,0.184984,0.0106298,0.010629,12,0.148574,0.0969347,0.184984,1.31471,5.11268,0.041,0.1
0.333493,0.620337,0.333489,0.666985,1.24067,0.666978,Paar Δ=0°,1.00048,1.86101,1.00047,0.457755,0.907223,0.457303,0.42761,0.239034,0.427143,0.417905,0.232891,0.417443,0.154317,120,0.263588,0.0154937,0.0154252,0.17472,120,0.23747,0.0120448,0.0120345,0.18913,120,0.185125,0.0106317,0.0106309,11,0.148586,0.0969671,0.185125,1.26806,5.04413,0.042,0.1
0.333746,0.621722,0.333737,0.667493,1.24344,0.667474,Paar Δ=0°,1.00124,1.86516,1.00121,0.458225,0.90971,0.457749,0.428558,0.240518,0.428078,0.418415,0.233854,0.417927,0.154336,120,0.26408,0.015545,0.0153966,0.174716,120,0.23786,0.0120595,0.0120477,0.189152,120,0.185269,0.0106336,0.0106328,11,0.148599,0.0970003,0.185269,1.28446,5.12232,0.043,0.1
0.333963,0.622923,0.33395,0.667926,1.24585,0.6679,Paar Δ=0°,1.00189,1.86877,1.00185,0.458606,0.911933,0.458126,0.429153,0.241649,0.428666,0.418812,0.234573,0.41833,0.15408,120,0.264733,0.0155313,0.0153293,0.174712,120,0.238261,0.0120749,0.0120615,0.189173,120,0.185416,0.0106356,0.0106348,11,0.148612,0.0970343,0.185416,1.30166,5.00541,0.044,0.1
0.334019,0.623834,0.334005,0.668039,1.24767,0.668011,Paar Δ=0°,1.00206,1.8715,1.00202,0.458843,0.91376,0.458351,0.429334,0.242407,0.428837,0.419249,0.235008,0.418748,0.153773,120,0.265476,0.0154483,0.0153045,0.174709,120,0.238675,0.0120909,0.0120757,0.189196,120,0.185567,0.0106376,0.0106368,11,0.148625,0.0970691,0.185567,1.31972,5.12275,0.045,0.1
0.333904,0.624408,0.333891,0.667808,1.24882,0.667782,Paar Δ=0°,1.00171,1.87322,1.00167,0.459053,0.915074,0.458553,0.429456,0.242853,0.42896,0.419877,0.23528,0.419369,0.153742,120,0.266136,0.0154004,0.0153512,0.168426,120,0.239102,0.0114363,0.011437,0.189218,120,0.185722,0.0106397,0.0106389,10,0.148638,0.0971047,0.185722,1.26516,5.00541,0.046,0.1
0.333647,0.624632,0.333637,0.667294,1.24926,0.667275,Paar Δ=0°,1.00094,1.8739,1.00091,0.459434,0.915736,0.458927,0.429946,0.243035,0.429438,0.420622,0.235632,0.420099,0.154044,120,0.266578,0.0154219,0.0154377,0.168322,120,0.239542,0.0114428,0.0114438,0.189242,120,0.18588,0.0106418,0.010641,10,0.148652,0.0971411,0.18588,1.27991,5.11996,0.047,0.1
0.333359,0.624509,0.333358,0.666717,1.24902,0.666715,Paar Δ=0°,1.00008,1.87353,1.00007,0.46008,0.91566,0.459556,0.430945,0.242937,0.43042,0.421339,0.236221,0.420801,0.154498,120,0.266842,0.0155242,0.0154962,0.168214,120,0.239995,0.0114494,0.0114508,0.189265,120,0.186042,0.010644,0.0106432,10,0.148666,0.0971784,0.186042,1.29531,5.04413,0.048,0.1
0.333764,0.624048,0.33375,0.667527,1.2481,0.6675,Paar Δ=0°,1.00129,1.87214,1.00125,0.460783,0.914795,0.460241,0.432188,0.242483,0.431633,0.421835,0.237009,0.421291,0.154699,120,0.267137,0.0156118,0.015469,0.168102,120,0.240461,0.0114562,0.011458,0.18929,120,0.186208,0.0106462,0.0106454,10,0.148681,0.0972164,0.186208,1.31141,5.09614,0.049,0.1
0.334164,0.623269,0.334145,0.668329,1.24654,0.668291,Paar Δ=0°,1.00249,1.86981,1.00244,0.461158,0.91314,0.460608,0.433216,0.241612,0.432645,0.422144,0.237889,0.421584,0.154475,120,0.267669,0.015621,0.0153593,0.167986,120,0.240942,0.0114632,0.0114655,0.189314,120,0.186377,0.0106484,0.0106476,10,0.148696,0.0972553,0.186377,1.32823,5.09902,0.05,0.1
0.334418,0.622208,0.334396,0.668837,1.24442,0.668792,Paar Δ=0°,1.00326,1.86662,1.00319,0.461195,0.910782,0.46063,0.433704,0.240353,0.433127,0.422355,0.238847,0.421803,0.153874,120,0.268481,0.0155477,0.015231,0.167864,120,0.241437,0.0114704,0.0114731,0.189339,120,0.18655,0.0106507,0.0106499,9,0.148711,0.0972949,0.18655,1.26372,5.01319,0.051,0.1
0.334503,0.620922,0.33448,0.669007,1.24184,0.668959,Paar Δ=0°,1.00351,1.86277,1.00344,0.461149,0.907924,0.460587,0.433696,0.238804,0.433127,0.422719,0.239972,0.422152,0.153267,120,0.269453,0.0154208,0.0151621,0.167738,120,0.241946,0.0114778,0.011481,0.189365,120,0.186727,0.0106531,0.0106523,9,0.148726,0.0973354,0.186727,1.27691,5.12139,0.052,0.1
0.334425,0.619509,0.334402,0.66885,1.23902,0.668804,Paar Δ=0°,1.00327,1.85853,1.00321,0.461396,0.904848,0.460836,0.433567,0.237043,0.432982,0.42337,0.241339,0.42278,0.152989,120,0.270381,0.0153136,0.0151924,0.167607,120,0.242471,0.0114854,0.0114892,0.189391,120,0.186908,0.0106555,0.0106547,9,0.148742,0.0973767,0.186908,1.29062,5.05266,0.053,0.1
0.334198,0.619036,0.334176,0.668395,1.23807,0.668351,Paar Δ=0°,1.00259,1.85711,1.00253,0.46203,0.905669,0.461451,0.43366,0.238613,0.433075,0.424307,0.242886,0.423707,0.153256,120,0.271051,0.0152904,0.0153,0.16747,120,0.243011,0.0114931,0.0114976,0.189418,120,0.187092,0.0106579,0.0106571,9,0.148758,0.0974189,0.187092,1.30488,5.04094,0.054,0.1
0.333831,0.621006,0.333813,0.667662,1.24201,0.667626,Paar Δ=0°,1.00149,1.86302,1.00144,0.462843,0.909489,0.46223,0.434207,0.240936,0.433614,0.425355,0.244463,0.42473,0.154004,120,0.271351,0.0153362,0.0154324,0.167327,120,0.243568,0.0115009,0.011506,0.189445,120,0.187281,0.0106604,0.0106596,9,0.148774,0.0974618,0.187281,1.31972,5.12275,0.055,0.1
0.333343,0.622916,0.333331,0.666686,1.24583,0.666663,Paar Δ=0°,1.00003,1.86875,0.999994,0.463538,0.912867,0.462928,0.435216,0.243168,0.434608,0.426217,0.245909,0.425586,0.154877,120,0.27134,0.0154546,0.0155273,0.185066,120,0.225943,0.0116287,0.0116142,0.189473,120,0.187473,0.010663,0.0106622,8,0.14879,0.0975056,0.187473,1.24829,5.04413,0.056,0.1
0.333725,0.624689,0.333701,0.667451,1.24938,0.667402,Paar Δ=0°,1.00118,1.87407,1.0011,0.464013,0.915796,0.46337,0.436546,0.245213,0.435919,0.426732,0.247124,0.426081,0.155478,120,0.271254,0.0155682,0.0155282,0.185131,120,0.226314,0.0116394,0.0116236,0.189501,120,0.187669,0.0106656,0.0106648,8,0.148807,0.0975502,0.187669,1.25944,5.01319,0.057,0.1
0.33437,0.626291,0.334338,0.66874,1.25258,0.668676,Paar Δ=0°,1.00311,1.87887,1.00301,0.464278,0.918334,0.463637,0.437971,0.24698,0.437304,0.426882,0.248106,0.426219,0.155511,120,0.271371,0.015628,0.0154148,0.1852,120,0.226694,0.0116505,0.0116333,0.189529,120,0.187868,0.0106682,0.0106674,8,0.148824,0.0975956,0.187868,1.27098,5.11803,0.058,0.1
0.33488,0.627698,0.334843,0.669759,1.2554,0.669686,Paar Δ=0°,1.00464,1.88309,1.00453,0.464493,0.920559,0.463835,0.43915,0.248405,0.438457,0.426819,0.248902,0.42617,0.154946,120,0.271873,0.0156051,0.0152116,0.185271,120,0.227082,0.011662,0.0116432,0.189558,120,0.188072,0.0106709,0.0106701,8,0.148842,0.0976419,0.188072,1.28294,5.08208,0.059,0.1
0.335235,0.628887,0.335195,0.67047,1.25777,0.67039,Paar Δ=0°,1.00571,1.88666,1.00559,0.464677,0.922539,0.464022,0.439856,0.249506,0.439151,0.426785,0.249563,0.426124,0.154,120,0.272785,0.0154905,0.014991,0.185344,120,0.22748,0.0116738,0.0116534,0.189588,120,0.18828,0.0106737,0.0106728,8,0.14886,0.097689,0.18828,1.29531,4.90991,0.06,0.1
0.335437,0.629853,0.335395,0.670874,1.25971,0.670789,Paar Δ=0°,1.00631,1.88956,1.00618,0.464839,0.924314,0.464165,0.440043,0.250361,0.439336,0.426923,0.250123,0.426263,0.152908,120,0.274015,0.0153185,0.0148228,0.185421,120,0.227886,0.011686,0.0116639,0.189618,120,0.188491,0.0106764,0.0106756,8,0.148878,0.097737,0.188491,1.30813,5.07209,0.061,0.1
0.335498,0.630609,0.335454,0.670995,1.26122,0.670908,Paar Δ=0°,1.00649,1.89183,1.00636,0.464922,0.925883,0.464248,0.439861,0.251076,0.439161,0.427371,0.250598,0.426702,0.151966,120,0.275405,0.0151364,0.0147434,0.185501,120,0.228301,0.0116986,0.0116746,0.189648,120,0.188707,0.0106793,0.0106785,8,0.148896,0.0977857,0.188707,1.32141,5.12207,0.062,0.1
0.335433,0.631157,0.335389,0.670866,1.26231,0.670779,Paar Δ=0°,1.0063,1.89347,1.00617,0.465003,0.927215,0.464325,0.439606,0.251698,0.43891,0.428208,0.250971,0.427522,0.15145,120,0.276758,0.0149921,0.0147627,0.173852,120,0.228725,0.0108542,0.0108535,0.189679,120,0.188926,0.0106822,0.0106813,7,0.148915,0.0978353,0.188926,1.23885,5.04413,0.063,0.1
0.335254,0.631488,0.335211,0.670508,1.26298,0.670421,Paar Δ=0°,1.00576,1.89446,1.00563,0.465244,0.928256,0.464558,0.439501,0.252259,0.438806,0.429433,0.251199,0.428721,0.151567,120,0.277866,0.0149143,0.0148664,0.173799,120,0.229159,0.0108575,0.0108569,0.189711,120,0.18915,0.0106851,0.0106843,7,0.148934,0.0978858,0.18915,1.24829,4.90991,0.064,0.1
0.334958,0.63159,0.334916,0.669916,1.26318,0.669831,Paar Δ=0°,1.00487,1.89477,1.00475,0.465772,0.928956,0.465077,0.439715,0.252763,0.439014,0.430922,0.251223,0.430186,0.152374,120,0.278548,0.0148954,0.0150138,0.173744,120,0.229602,0.0108609,0.0108605,0.189743,120,0.189377,0.0106881,0.0106872,7,0.148953,0.0979371,0.189377,1.25803,5.06495,0.065,0.1
0.334537,0.631464,0.334496,0.669073,1.26293,0.668993,Paar Δ=0°,1.00361,1.89439,1.00349,0.466661,0.929284,0.465947,0.440268,0.253173,0.439561,0.432449,0.251007,0.431672,0.153747,120,0.278702,0.0149333,0.0151673,0.173688,120,0.230055,0.0108643,0.0108641,0.189775,120,0.189609,0.0106911,0.0106903,7,0.148973,0.0979893,0.189609,1.26806,5.12275,0.066,0.1
0.333978,0.631124,0.333941,0.667956,1.26225,0.667882,Paar Δ=0°,1.00193,1.89337,1.00182,0.467854,0.929222,0.467112,0.441096,0.253436,0.440379,0.433694,0.250502,0.432891,0.155329,120,0.278364,0.0150206,0.0153044,0.17363,120,0.230518,0.0108678,0.0108677,0.189808,120,0.189845,0.0106941,0.0106933,7,0.148993,0.0980423,0.189845,1.2784,5.06833,0.067,0.1
0.333557,0.630593,0.333502,0.667113,1.26119,0.667004,Paar Δ=0°,1.00067,1.89178,1.00051,0.46915,0.928758,0.468381,0.442135,0.253495,0.441394,0.434529,0.249756,0.433686,0.156805,120,0.277724,0.015131,0.0153687,0.173569,120,0.230991,0.0108713,0.0108714,0.189841,120,0.190085,0.0106972,0.0106964,7,0.149013,0.0980961,0.190085,1.28907,4.90761,0.068,0.1
0.33451,0.629881,0.334448,0.669021,1.25976,0.668897,Paar Δ=0°,1.00353,1.88964,1.00335,0.470286,0.927824,0.469476,0.443322,0.253317,0.442549,0.435878,0.248785,0.43501,0.158826,120,0.277053,0.0152505,0.0153449,0.173506,120,0.231474,0.0108747,0.0108751,0.189875,120,0.190329,0.0107004,0.0106996,7,0.149033,0.0981509,0.190329,1.30007,4.98194,0.069,0.1
0.335351,0.628985,0.335281,0.670701,1.25797,0.670562,Paar Δ=0°,1.00605,1.88695,1.00584,0.470956,0.926349,0.470123,0.4446,0.252882,0.443807,0.436497,0.24764,0.435626,0.159877,120,0.276621,0.0153474,0.0152124,0.173441,120,0.231968,0.0108786,0.0108787,0.189909,120,0.190577,0.0107036,0.0107028,7,0.149054,0.0982064,0.190577,1.31141,5.09614,0.07,0.1
0.336057,0.62789,0.335983,0.672114,1.25578,0.671966,Paar Δ=0°,1.00817,1.88367,1.00795,0.470985,0.924273,0.470147,0.445896,0.25221,0.445072,0.436424,0.246319,0.435551,0.159814,120,0.27661,0.0153791,0.0149887,0.173374,120,0.232472,0.0108825,0.0108824,0.189944,120,0.190829,0.0107069,0.010706,7,0.149075,0.0982629,0.190829,1.3231,5.11936,0.071,0.1
0.336622,0.626595,0.336543,0.673244,1.25319,0.673087,Paar Δ=0°,1.00987,1.87979,1.00963,0.470391,0.921585,0.469555,0.447075,0.251354,0.44624,0.435775,0.245902,0.434928,0.158677,120,0.277098,0.015326,0.0147083,0.176466,120,0.232987,0.0110765,0.0110795,0.189979,120,0.191086,0.0107101,0.0107093,6,0.149097,0.0983202,0.191086,1.22712,5.04413,0.072,0.1
0.337047,0.625126,0.336967,0.674094,1.25025,0.673933,Paar Δ=0°,1.01114,1.87538,1.0109,0.469385,0.918355,0.46856,0.448044,0.25038,0.447186,0.434759,0.248209,0.433935,0.156683,120,0.278076,0.0151926,0.0144177,0.176425,120,0.233513,0.0110821,0.0110853,0.190015,120,0.191347,0.0107135,0.0107126,6,0.149118,0.0983783,0.191347,1.23489,4.87931,0.073,0.1
0.337348,0.623516,0.337265,0.674697,1.24703,0.67453,Paar Δ=0°,1.01205,1.87055,1.0118,0.468308,0.91468,0.467505,0.448718,0.249352,0.447843,0.433583,0.250373,0.432779,0.154105,120,0.279479,0.0150044,0.0141626,0.176382,120,0.23405,0.0110878,0.0110912,0.190051,120,0.191612,0.0107169,0.010716,6,0.14914,0.0984374,0.191612,1.24286,4.93525,0.074,0.1
0.337541,0.621803,0.337457,0.675082,1.24361,0.674913,Paar Δ=0°,1.01262,1.86541,1.01237,0.467523,0.910669,0.466735,0.449096,0.248305,0.448212,0.432526,0.252415,0.431743,0.151313,120,0.281213,0.0147937,0.0139742,0.176338,120,0.234599,0.0110936,0.0110972,0.190088,120,0.191881,0.0107203,0.0107195,6,0.149163,0.0984973,0.191881,1.25105,5.06495,0.075,0.1
0.337645,0.620007,0.337559,0.67529,1.24001,0.675119,Paar Δ=0°,1.01294,1.86002,1.01268,0.467303,0.906413,0.466529,0.449242,0.247259,0.448353,0.433198,0.254373,0.4324,0.150027,120,0.283171,0.0145886,0.0138658,0.176292,120,0.235159,0.0110995,0.0111033,0.190125,120,0.192155,0.0107238,0.010723,6,0.149185,0.0985581,0.192155,1.25944,5.12139,0.076,0.1
0.337676,0.618147,0.337589,0.675352,1.23629,0.675178,Paar Δ=0°,1.01303,1.85444,1.01277,0.467807,0.903621,0.467025,0.449254,0.246208,0.44837,0.434239,0.256276,0.43342,0.149012,120,0.285227,0.0144064,0.0138356,0.176244,120,0.235731,0.0111055,0.0111096,0.190162,120,0.192433,0.0107274,0.0107265,6,0.149208,0.0986197,0.192434,1.26806,5.09387,0.077,0.1
0.337643,0.618953,0.337555,0.675286,1.23791,0.675109,Paar Δ=0°,1.01293,1.85686,1.01266,0.468996,0.909148,0.4682,0.449265,0.245158,0.448378,0.435634,0.258145,0.434791,0.148396,120,0.287239,0.0142548,0.0138687,0.176195,120,0.236315,0.0111116,0.0111159,0.1902,120,0.192716,0.010731,0.0107301,6,0.149232,0.0986823,0.192716,1.27691,4.98341,0.078,0.1
0.337548,0.621442,0.337458,0.675096,1.24288,0.674916,Paar Δ=0°,1.01264,1.86433,1.01237,0.470752,0.914513,0.469921,0.449343,0.244107,0.448454,0.437362,0.259983,0.436482,0.148317,120,0.289044,0.0141519,0.0139665,0.176144,120,0.236912,0.0111178,0.0111224,0.190238,120,0.193003,0.0107346,0.0107337,6,0.149255,0.0987457,0.193003,1.28599,4.80263,0.079,0.1
0.337384,0.623908,0.337292,0.674767,1.24782,0.674585,Paar Δ=0°,1.01215,1.87172,1.01188,0.472816,0.919676,0.471941,0.44957,0.243051,0.44868,0.439363,0.26177,0.438446,0.148892,120,0.290471,0.014083,0.0141014,0.176091,120,0.237522,0.0111239,0.0111288,0.190278,120,0.193295,0.0107383,0.0107374,6,0.149279,0.09881,0.193295,1.29531,4.90991,0.08,0.1
0.337136,0.626313,0.337044,0.674272,1.25263,0.674087,Paar Δ=0°,1.01141,1.87894,1.01113,0.474917,0.92457,0.473996,0.44995,0.241997,0.449049,0.441523,0.263472,0.440558,0.15017,120,0.291353,0.0140464,0.0142667,0.176035,120,0.238144,0.0111301,0.0111353,0.190317,120,0.193591,0.010742,0.0107412,6,0.149303,0.0988752,0.193591,1.30488,5.04094,0.081,0.1
0.336787,0.628621,0.336694,0.673575,1.25724,0.673388,Paar Δ=0°,1.01036,1.88586,1.01008,0.476756,0.929095,0.475792,0.450452,0.240933,0.449539,0.443674,0.265051,0.442667,0.152107,120,0.291567,0.014043,0.01445,0.175978,120,0.23878,0.0111363,0.0111419,0.190357,120,0.193892,0.0107458,0.010745,6,0.149328,0.0989413,0.193892,1.31471,5.11268,0.082,0.1
0.33632,0.630803,0.336226,0.67264,1.26161,0.672452,Paar Δ=0°,1.00896,1.89241,1.00868,0.47811,0.933172,0.477108,0.451034,0.240317,0.450117,0.445623,0.266491,0.444574,0.154544,120,0.291079,0.0140721,0.0146339,0.175919,120,0.239429,0.0111427,0.0111487,0.190398,120,0.194197,0.0107497,0.0107488,6,0.149353,0.0990083,0.194197,1.3248,5.1146,0.083,0.1
0.335722,0.632847,0.335629,0.671444,1.26569,0.671258,Paar Δ=0°,1.00717,1.89854,1.00689,0.478836,0.936755,0.477803,0.451647,0.242461,0.450709,0.447176,0.26781,0.446085,0.157206,120,0.289969,0.0141433,0.0148011,0.198072,120,0.194507,0.011283,0.0112633,0.190439,120,0.194507,0.0107536,0.0107527,5,0.149378,0.0990762,0.194507,1.21217,5.04413,0.084,0.1
0.334988,0.634766,0.334897,0.669977,1.26953,0.669793,Paar Δ=0°,1.00496,1.9043,1.00469,0.478914,0.939851,0.477863,0.452236,0.244729,0.451293,0.448174,0.269063,0.447076,0.159754,120,0.28842,0.0142462,0.014934,0.198188,120,0.194822,0.0112913,0.0112708,0.190481,120,0.194822,0.0107575,0.0107566,5,0.149403,0.099145,0.194822,1.21831,4.90761,0.085,0.1
0.3357,0.63659,0.335549,0.671401,1.27318,0.671097,Paar Δ=0°,1.0071,1.90977,1.00665,0.478451,0.942525,0.477405,0.452798,0.247044,0.451841,0.44866,0.270319,0.447557,0.161985,120,0.286676,0.0143768,0.0150096,0.198307,120,0.195141,0.0112998,0.0112784,0.190523,120,0.195141,0.0107615,0.0107606,5,0.149429,0.0992148,0.195141,1.22457,4.71847,0.086,0.1
0.336856,0.638358,0.336697,0.673711,1.27672,0.673395,Paar Δ=0°,1.01057,1.91507,1.01009,0.477638,0.944877,0.476597,0.453332,0.249298,0.452362,0.451175,0.271629,0.45001,0.166189,120,0.284987,0.0145242,0.0150187,0.198429,120,0.195465,0.0113085,0.0112861,0.190565,120,0.195465,0.0107655,0.0107647,5,0.149455,0.0992854,0.195465,1.23098,4.86963,0.087,0.1
0.337901,0.640093,0.337736,0.675802,1.28019,0.675472,Paar Δ=0°,1.0137,1.92028,1.01321,0.476694,0.947013,0.475664,0.453853,0.25135,0.452881,0.453086,0.273001,0.451902,0.169526,120,0.28356,0.014677,0.0149437,0.198553,120,0.195794,0.0113174,0.011294,0.190608,120,0.195794,0.0107696,0.0107688,5,0.149481,0.0993569,0.195794,1.23752,5.00315,0.088,0.1
0.338826,0.641796,0.338656,0.677652,1.28359,0.677312,Paar Δ=0°,1.01648,1.92539,1.01597,0.475829,0.949,0.474816,0.454413,0.253084,0.453418,0.454357,0.274392,0.453144,0.171819,120,0.282539,0.0148032,0.0147859,0.19868,120,0.196128,0.0113265,0.011302,0.190651,120,0.196128,0.0107738,0.0107729,5,0.149508,0.0994294,0.196128,1.24421,5.09082,0.089,0.1
0.339625,0.643444,0.339452,0.679251,1.28689,0.678904,Paar Δ=0°,1.01888,1.93033,1.01836,0.475208,0.950872,0.47421,0.455027,0.254357,0.454025,0.45496,0.275719,0.453733,0.172959,120,0.282,0.014883,0.0145498,0.198809,120,0.196467,0.0113357,0.0113101,0.190695,120,0.196467,0.010778,0.0107771,5,0.149535,0.0995028,0.196467,1.25105,5.12275,0.09,0.1
0.340298,0.644996,0.340121,0.680595,1.28999,0.680243,Paar Δ=0°,1.02089,1.93499,1.02036,0.474919,0.952634,0.473927,0.455719,0.255099,0.454706,0.454951,0.276888,0.453736,0.172983,120,0.281968,0.0148952,0.0142498,0.198941,120,0.19681,0.0113452,0.0113184,0.19074,120,0.19681,0.0107822,0.0107813,5,0.149562,0.0995771,0.19681,1.25803,5.09387,0.091,0.1
0.340848,0.646415,0.34067,0.681696,1.29283,0.68134,Paar Δ=0°,1.02254,1.93924,1.02201,0.474965,0.954271,0.473971,0.456503,0.255297,0.455473,0.454467,0.27782,0.45326,0.172036,120,0.282431,0.0148331,0.0139078,0.199076,120,0.197159,0.0113548,0.0113268,0.190784,120,0.197159,0.0107865,0.0107856,5,0.14959,0.0996523,0.197159,1.26516,5.00541,0.092,0.1
0.341287,0.647685,0.341108,0.682574,1.29537,0.682217,Paar Δ=0°,1.02386,1.94306,1.02332,0.475286,0.955772,0.474284,0.457389,0.254999,0.45634,0.453623,0.278481,0.452435,0.17027,120,0.283353,0.0147062,0.0135616,0.199213,120,0.197512,0.0113646,0.0113353,0.19083,120,0.197512,0.0107908,0.01079,5,0.149618,0.0997285,0.197512,1.27246,4.86463,0.093,0.1
0.341635,0.648792,0.341456,0.683271,1.29758,0.682911,Paar Δ=0°,1.02491,1.94638,1.02437,0.475789,0.957134,0.474777,0.458355,0.254285,0.457286,0.452589,0.278891,0.451425,0.167896,120,0.284694,0.0145401,0.013237,0.199354,120,0.197871,0.0113746,0.011344,0.190875,120,0.197871,0.0107952,0.0107943,5,0.149646,0.0998056,0.197871,1.27991,4.683,0.094,0.1
0.341909,0.649748,0.341729,0.683819,1.2995,0.683458,Paar Δ=0°,1.02573,1.94924,1.02519,0.476385,0.958373,0.475358,0.459384,0.253256,0.458293,0.4515,0.279068,0.450361,0.165098,120,0.286402,0.0143446,0.0129522,0.199497,120,0.198235,0.0113848,0.0113527,0.190921,120,0.198235,0.0107996,0.0107988,5,0.149674,0.0998836,0.198235,1.28753,4.76638,0.095,0.1
0.342131,0.650584,0.341949,0.684261,1.30117,0.683899,Paar Δ=0°,1.02639,1.95175,1.02585,0.477012,0.95951,0.475969,0.460475,0.252045,0.459366,0.450465,0.279065,0.449341,0.162033,120,0.288432,0.0141398,0.0127286,0.199643,120,0.198603,0.0113951,0.0113616,0.190968,120,0.198603,0.010804,0.0108032,5,0.149703,0.0999626,0.198604,1.29531,4.90991,0.096,0.1
0.342317,0.651322,0.342134,0.684633,1.30264,0.684268,Paar Δ=0°,1.02695,1.95397,1.0264,0.477613,0.960572,0.476555,0.461607,0.250723,0.460471,0.449537,0.278936,0.448436,0.158801,120,0.290736,0.0139426,0.0125599,0.199793,120,0.198978,0.0114057,0.0113707,0.191015,120,0.198978,0.0108085,0.0108077,5,0.149732,0.100043,0.198978,1.30327,5.02284,0.097,0.1
0.34248,0.651986,0.342297,0.68496,1.30397,0.684594,Paar Δ=0°,1.02744,1.95596,1.02689,0.478159,0.961584,0.477085,0.462761,0.24937,0.461609,0.448749,0.278724,0.447662,0.155476,120,0.293273,0.0137634,0.012451,0.199945,120,0.199357,0.0114165,0.0113799,0.191062,120,0.199357,0.0108131,0.0108123,5,0.149762,0.100123,0.199357,1.31141,5.09614,0.098,0.1
0.342631,0.652595,0.342446,0.685262,1.30519,0.684891,Paar Δ=0°,1.02789,1.95778,1.02734,0.478643,0.96257,0.477561,0.463944,0.248036,0.462759,0.448108,0.278459,0.44704,0.152112,120,0.295996,0.0136088,0.0123991,0.200101,120,0.199742,0.0114275,0.0113892,0.19111,120,0.199742,0.0108177,0.0108169,5,0.149791,0.100205,0.199742,1.31972,5.12275,0.099,0.1
0.342776,0.653161,0.342588,0.685553,1.30632,0.685175,Paar Δ=0°,1.02833,1.95948,1.02776,0.47907,0.96355,0.477972,0.465123,0.246766,0.463924,0.447605,0.278158,0.446542,0.14875,120,0.298855,0.0134799,0.0123931,0.200261,120,0.200132,0.0114388,0.0113987,0.191158,120,0.200132,0.0108223,0.0108215,5,0.149822,0.100288,0.200132,1.32823,5.09902,0.1,0.1
0.342917,0.65369,0.342725,0.685834,1.30738,0.685451,Paar Δ=0°,1.02875,1.96107,1.02818,0.47943,0.964516,0.478319,0.466306,0.245692,0.465075,0.44721,0.277828,0.446152,0.145412,120,0.301798,0.0133713,0.01243,0.17826,120,0.200527,0.010163,0.0101555,0.191207,120,0.200527,0.010827,0.0108263,4,0.149852,0.100372,0.200527,1.1934,5.02567,0.101,0.1
0.343053,0.654179,0.342857,0.686107,1.30836,0.685714,Paar Δ=0°,1.02916,1.96254,1.02857,0.480525,0.965469,0.479439,0.467462,0.246781,0.466209,0.448742,0.277463,0.447615,0.143986,120,0.304756,0.0132776,0.0125054,0.178261,120,0.200928,0.0101655,0.0101577,0.191256,120,0.200928,0.0108318,0.010831,4,0.149883,0.100457,0.200928,1.19797,4.90761,0.102,0.1
0.343179,0.654615,0.342979,0.686359,1.30923,0.685958,Paar Δ=0°,1.02954,1.96384,1.02894,0.482727,0.966409,0.481615,0.468572,0.247997,0.467305,0.451367,0.277612,0.450191,0.143713,120,0.307654,0.0132083,0.0126044,0.178261,120,0.201334,0.0101679,0.0101599,0.191305,120,0.201334,0.0108366,0.0108358,4,0.149914,0.100542,0.201334,1.20262,4.75295,0.103,0.1
0.34329,0.654983,0.343083,0.68658,1.30997,0.686166,Paar Δ=0°,1.02987,1.96495,1.02925,0.485139,0.967304,0.483995,0.46963,0.249352,0.468336,0.454096,0.278206,0.452872,0.143703,120,0.310393,0.0131493,0.0127332,0.178262,120,0.201746,0.0101703,0.0101621,0.191355,120,0.201746,0.0108414,0.0108407,4,0.149945,0.100629,0.201746,1.20735,4.57139,0.104,0.1
0.343372,0.655263,0.343159,0.686743,1.31053,0.686317,Paar Δ=0°,1.03012,1.96579,1.02948,0.487752,0.968133,0.486573,0.470594,0.250844,0.469278,0.456894,0.278803,0.455603,0.14403,120,0.312864,0.0130986,0.0128844,0.178261,120,0.202164,0.0101728,0.0101643,0.191406,120,0.202164,0.0108464,0.0108456,4,0.149977,0.100717,0.202164,1.21217,4.68612,0.105,0.1
0.343412,0.655425,0.343193,0.686824,1.31085,0.686385,Paar Δ=0°,1.03024,1.96628,1.02958,0.490547,0.968882,0.489331,0.471439,0.252464,0.470105,0.459694,0.279381,0.458356,0.144755,120,0.314939,0.0130551,0.0130511,0.178261,120,0.202587,0.0101752,0.0101665,0.191457,120,0.202587,0.0108515,0.0108506,4,0.150009,0.100805,0.202587,1.21707,4.82685,0.106,0.1
0.343394,0.655443,0.343169,0.686788,1.31089,0.686338,Paar Δ=0°,1.03018,1.96633,1.02951,0.4935,0.96952,0.492244,0.472139,0.254182,0.470791,0.462456,0.279901,0.461058,0.145968,120,0.316488,0.0130153,0.0132304,0.17826,120,0.203016,0.0101777,0.0101687,0.191508,120,0.203016,0.0108567,0.0108556,4,0.150041,0.100895,0.203016,1.22205,4.94743,0.107,0.1
0.3433,0.655296,0.343069,0.6866,1.31059,0.686139,Paar Δ=0°,1.0299,1.96589,1.02921,0.49657,0.970025,0.495272,0.472676,0.255959,0.471316,0.4651,0.28033,0.463647,0.147712,120,0.317388,0.0129759,0.0134254,0.178258,120,0.20345,0.0101802,0.0101709,0.19156,120,0.20345,0.010862,0.0108607,4,0.150074,0.100986,0.20345,1.22712,5.04094,0.108,0.1
0.343116,0.654978,0.342879,0.686232,1.30996,0.685758,Paar Δ=0°,1.02935,1.96493,1.02864,0.49971,0.970392,0.498371,0.473038,0.257756,0.471672,0.467556,0.280644,0.466051,0.150016,120,0.31754,0.0129503,0.0136209,0.178256,120,0.203891,0.0101827,0.0101732,0.191612,120,0.203891,0.0108673,0.0108658,4,0.150106,0.101077,0.203891,1.23228,5.101,0.109,0.1
0.342824,0.654486,0.342582,0.685648,1.30897,0.685164,Paar Δ=0°,1.02847,1.96346,1.02775,0.502882,0.970629,0.501504,0.47323,0.25952,0.471861,0.469773,0.280808,0.468219,0.152877,120,0.316896,0.0129297,0.0138143,0.178253,120,0.204337,0.0101851,0.0101753,0.191664,120,0.204337,0.0108727,0.010871,4,0.15014,0.10117,0.204338,1.23752,5.12275,0.11,0.1
0.342415,0.653836,0.34217,0.68483,1.30767,0.684339,Paar Δ=0°,1.02725,1.96151,1.02651,0.50603,0.970765,0.504609,0.473271,0.261208,0.471902,0.471676,0.280812,0.470079,0.156213,120,0.315463,0.0129175,0.0140116,0.17825,120,0.20479,0.0101876,0.0101775,0.191717,120,0.20479,0.010878,0.0108761,4,0.150173,0.101264,0.20479,1.24286,5.10367,0.111,0.1
0.341886,0.653065,0.341637,0.683771,1.30613,0.683274,Paar Δ=0°,1.02566,1.95919,1.02491,0.509126,0.970838,0.507666,0.4732,0.262773,0.471826,0.473235,0.280655,0.471605,0.159918,120,0.313316,0.0129233,0.0141963,0.178246,120,0.205248,0.01019,0.0101796,0.19177,120,0.205248,0.0108835,0.0108813,4,0.150207,0.101358,0.205249,1.24829,5.04413,0.112,0.1
0.341234,0.652214,0.340983,0.682469,1.30443,0.681967,Paar Δ=0°,1.0237,1.95664,1.02295,0.512135,0.970883,0.510644,0.47305,0.264187,0.471678,0.474421,0.280356,0.472761,0.163833,120,0.310588,0.0129563,0.0143692,0.178242,120,0.205713,0.0101925,0.0101817,0.191824,120,0.205713,0.010889,0.0108866,4,0.150241,0.101454,0.205713,1.25382,4.94728,0.113,0.1
0.340465,0.651329,0.340213,0.680931,1.30266,0.680427,Paar Δ=0°,1.0214,1.95399,1.02064,0.51505,0.970934,0.513526,0.472856,0.265431,0.471491,0.47524,0.279923,0.473557,0.167787,120,0.307454,0.0130172,0.014529,0.178237,120,0.206184,0.0101949,0.0101839,0.191878,120,0.206184,0.0108945,0.0108919,4,0.150276,0.101551,0.206184,1.25944,4.8186,0.114,0.1
0.341336,0.650448,0.340917,0.682671,1.3009,0.681834,Paar Δ=0°,1.02401,1.95134,1.02275,0.517866,0.97101,0.516307,0.472646,0.266492,0.471289,0.47568,0.279372,0.473988,0.171579,120,0.304102,0.0131111,0.0146712,0.178232,120,0.206661,0.0101974,0.010186,0.191933,120,0.206661,0.0109001,0.0108975,4,0.150311,0.101649,0.206661,1.26516,4.66491,0.115,0.1
0.342766,0.649603,0.342342,0.685533,1.29921,0.684685,Paar Δ=0°,1.0283,1.94881,1.02703,0.520569,0.97111,0.518978,0.47245,0.267361,0.471087,0.47575,0.278713,0.474055,0.175039,120,0.300711,0.0132285,0.0147879,0.178225,120,0.207144,0.0101999,0.0101881,0.191987,120,0.207144,0.0109057,0.0109032,4,0.150346,0.101747,0.207144,1.27098,4.49345,0.116,0.1
0.344111,0.648803,0.343679,0.688222,1.29761,0.687357,Paar Δ=0°,1.03233,1.94641,1.03104,0.523148,0.971208,0.521503,0.472253,0.268022,0.470899,0.475464,0.277945,0.473761,0.17802,120,0.297444,0.0133851,0.0148728,0.178219,120,0.207634,0.0102024,0.0101902,0.192043,120,0.207634,0.0109114,0.0109089,4,0.150381,0.101847,0.207634,1.27691,4.53191,0.117,0.1
0.345368,0.648036,0.344928,0.690735,1.29607,0.689857,Paar Δ=0°,1.0361,1.94411,1.03479,0.525579,0.971241,0.523831,0.472049,0.268456,0.470699,0.474802,0.277057,0.473103,0.180378,120,0.294423,0.0135619,0.0149194,0.178211,120,0.20813,0.0102048,0.0101923,0.192098,120,0.20813,0.0109172,0.0109147,4,0.150417,0.101948,0.20813,1.28294,4.66953,0.118,0.1
0.346538,0.647289,0.346093,0.693075,1.29458,0.692187,Paar Δ=0°,1.03961,1.94187,1.03828,0.527776,0.971145,0.525903,0.471817,0.268648,0.470466,0.473753,0.278015,0.472077,0.182015,120,0.291738,0.0137544,0.0149279,0.178203,120,0.208633,0.0102073,0.0101944,0.192155,120,0.208633,0.010923,0.0109206,4,0.150453,0.10205,0.208633,1.28907,4.79707,0.119,0.1
0.347621,0.646519,0.347173,0.695241,1.29304,0.694345,Paar Δ=0°,1.04286,1.93956,1.04152,0.529621,0.970822,0.527634,0.471527,0.268556,0.470187,0.474277,0.279078,0.472687,0.18483,120,0.289446,0.0139492,0.0148836,0.178195,120,0.209142,0.0102098,0.0101965,0.192211,120,0.209142,0.0109289,0.0109265,4,0.15049,0.102153,0.209142,1.29531,4.90991,0.12,0.1
0.34861,0.645685,0.348159,0.69722,1.29137,0.696317,Paar Δ=0°,1.04583,1.93706,1.04448,0.531063,0.970172,0.528959,0.471164,0.268141,0.469825,0.476611,0.279933,0.474969,0.189034,120,0.287578,0.0141424,0.0147819,0.178185,120,0.209658,0.0102123,0.0101985,0.192268,120,0.209658,0.0109349,0.0109325,4,0.150526,0.102257,0.209658,1.30166,5.00315,0.121,0.1
0.349498,0.64475,0.349044,0.698996,1.2895,0.698089,Paar Δ=0°,1.04849,1.93425,1.04713,0.532001,0.969127,0.529808,0.470707,0.267389,0.469381,0.478505,0.280492,0.476832,0.192363,120,0.286142,0.0143108,0.0146255,0.178175,120,0.210181,0.0102147,0.0102005,0.192325,120,0.210181,0.0109408,0.0109384,4,0.150564,0.102362,0.210181,1.30813,5.07209,0.122,0.1
0.350277,0.643675,0.349823,0.700554,1.28735,0.699646,Paar Δ=0°,1.05083,1.93103,1.04947,0.532408,0.967594,0.530119,0.470162,0.266259,0.468843,0.479917,0.280693,0.478215,0.194784,120,0.285133,0.0144413,0.0144103,0.178164,120,0.21071,0.0102171,0.0102024,0.192382,120,0.21071,0.0109467,0.0109444,4,0.150601,0.102469,0.210711,1.31471,5.11268,0.123,0.1
0.350943,0.642431,0.35049,0.701886,1.28486,0.700979,Paar Δ=0°,1.05283,1.92729,1.05147,0.532233,0.965526,0.529874,0.469548,0.264759,0.468243,0.480824,0.280497,0.479108,0.196289,120,0.284536,0.0145301,0.0141355,0.178152,120,0.211247,0.0102195,0.0102043,0.19244,120,0.211247,0.0109527,0.0109505,4,0.150639,0.102576,0.211247,1.32141,5.12207,0.124,0.1
0.351498,0.641006,0.351045,0.702995,1.28201,0.70209,Paar Δ=0°,1.05449,1.92302,1.05314,0.531485,0.96292,0.529077,0.468896,0.262896,0.467603,0.48125,0.279897,0.479526,0.196922,120,0.284327,0.0145605,0.0138216,0.178139,120,0.21179,0.0102219,0.0102062,0.192498,120,0.21179,0.0109588,0.0109566,4,0.150677,0.102684,0.21179,1.32823,5.09902,0.125,0.1
0.351942,0.639399,0.351493,0.703883,1.2788,0.702986,Paar Δ=0°,1.05582,1.9182,1.05448,0.530216,0.959775,0.527766,0.468258,0.260704,0.466978,0.481224,0.278899,0.4795,0.196741,120,0.284483,0.0145412,0.0134682,0.192557,120,0.212341,0.0109649,0.0109628,0.192557,120,0.212341,0.0109649,0.0109628,3,0.150715,0.102794,0.212341,1.16551,5.04413,0.126,0.1
0.352286,0.637625,0.351841,0.704573,1.27525,0.703681,Paar Δ=0°,1.05686,1.91287,1.05552,0.528507,0.956133,0.526027,0.467695,0.258587,0.466427,0.480833,0.277542,0.479122,0.195859,120,0.284975,0.0144658,0.0131029,0.192616,120,0.212899,0.0109711,0.0109691,0.192616,120,0.212899,0.0109711,0.0109691,3,0.150754,0.102904,0.212899,1.16857,4.95973,0.127,0.1
0.352546,0.635707,0.352106,0.705091,1.27141,0.704212,Paar Δ=0°,1.05764,1.90712,1.05632,0.526467,0.952086,0.523965,0.467264,0.259433,0.466006,0.480161,0.275885,0.478462,0.194382,120,0.285779,0.014347,0.0127279,0.192675,120,0.213464,0.0109773,0.0109754,0.192675,120,0.213464,0.0109773,0.0109754,3,0.150793,0.103016,0.213464,1.17167,4.84961,0.128,0.1
0.352738,0.633673,0.352302,0.705476,1.26735,0.704604,Paar Δ=0°,1.05821,1.90102,1.05691,0.52421,0.94769,0.521695,0.46703,0.260176,0.465774,0.479309,0.273995,0.477626,0.192439,120,0.28687,0.0141914,0.0123619,0.192735,120,0.214036,0.0109836,0.0109817,0.192735,120,0.214036,0.0109836,0.0109817,3,0.150832,0.103129,0.214036,1.17481,4.71847,0.129,0.1
0.352881,0.631561,0.352449,0.705762,1.26312,0.704899,Paar Δ=0°,1.05864,1.89468,1.05735,0.521859,0.94305,0.519348,0.467031,0.260867,0.46578,0.478379,0.271945,0.476718,0.190156,120,0.288224,0.0140107,0.0120197,0.192795,120,0.214615,0.01099,0.0109881,0.192795,120,0.214615,0.01099,0.0109881,3,0.150872,0.103243,0.214616,1.17799,4.57139,0.13,0.1
0.352994,0.629395,0.352567,0.705987,1.25879,0.705135,Paar Δ=0°,1.05898,1.88819,1.0577,0.519532,0.938241,0.517025,0.467314,0.261545,0.466058,0.477466,0.269815,0.475829,0.187645,120,0.289821,0.0138179,0.0117028,0.192855,120,0.215203,0.0109963,0.0109946,0.192855,120,0.215203,0.0109963,0.0109946,3,0.150912,0.103358,0.215203,1.18122,4.41337,0.131,0.1
0.353096,0.62721,0.352673,0.706192,1.25442,0.705346,Paar Δ=0°,1.05929,1.88163,1.05802,0.517344,0.933331,0.514845,0.4679,0.262262,0.466631,0.476668,0.267671,0.475038,0.185025,120,0.291643,0.0136175,0.0114166,0.192917,120,0.215798,0.0110027,0.011001,0.192917,120,0.215798,0.0110027,0.011001,3,0.150952,0.103474,0.215798,1.18448,4.31537,0.132,0.1
0.353202,0.625023,0.352782,0.706405,1.25005,0.705564,Paar Δ=0°,1.05961,1.87507,1.05835,0.515361,0.928379,0.512873,0.468802,0.263052,0.467514,0.47604,0.265583,0.474427,0.182365,120,0.293674,0.0134259,0.0111698,0.192978,120,0.2164,0.0110091,0.0110075,0.192978,120,0.2164,0.0110091,0.0110075,3,0.150993,0.103591,0.2164,1.18779,4.44263,0.133,0.1
0.353328,0.622852,0.352909,0.706657,1.2457,0.705817,Paar Δ=0°,1.05998,1.86856,1.05873,0.513655,0.923438,0.511168,0.470027,0.263943,0.468713,0.475642,0.263601,0.474039,0.179742,120,0.2959,0.0132402,0.0109587,0.19304,120,0.217011,0.0110155,0.011014,0.19304,120,0.217011,0.0110155,0.011014,3,0.151034,0.10371,0.217011,1.19114,4.56702,0.134,0.1
0.353484,0.620715,0.353065,0.706968,1.24143,0.706131,Paar Δ=0°,1.06045,1.86214,1.0592,0.512264,0.918521,0.509784,0.471574,0.264954,0.470233,0.475518,0.26178,0.473917,0.17721,120,0.298308,0.0130757,0.0107798,0.193102,120,0.217629,0.011022,0.0110206,0.193102,120,0.217629,0.011022,0.0110206,3,0.151075,0.103829,0.217629,1.19453,4.68612,0.135,0.1
0.353679,0.618618,0.35326,0.707358,1.23724,0.706519,Paar Δ=0°,1.06104,1.85585,1.05978,0.511203,0.913659,0.508728,0.473438,0.266099,0.472063,0.475693,0.26087,0.474088,0.174804,120,0.300889,0.0129264,0.0106401,0.193165,120,0.218255,0.0110286,0.0110273,0.193165,120,0.218255,0.0110286,0.0110273,3,0.151117,0.10395,0.218255,1.19797,4.79707,0.136,0.1
0.353919,0.616573,0.353498,0.707838,1.23315,0.706995,Paar Δ=0°,1.06176,1.84972,1.06049,0.510495,0.908851,0.508006,0.475608,0.267371,0.474192,0.47618,0.262357,0.474564,0.172546,120,0.303635,0.0127984,0.0105287,0.193228,120,0.218889,0.0110352,0.011034,0.193228,120,0.218889,0.0110352,0.011034,3,0.151159,0.104072,0.218889,1.20145,4.89677,0.137,0.1
0.354208,0.614587,0.353784,0.708415,1.22917,0.707567,Paar Δ=0°,1.06262,1.84376,1.06135,0.510129,0.904106,0.507638,0.478077,0.268761,0.476608,0.476979,0.263879,0.475346,0.170441,120,0.306538,0.0126939,0.0104509,0.193291,120,0.219532,0.0110423,0.0110407,0.193291,120,0.219532,0.0110423,0.0110407,3,0.151201,0.104195,0.219532,1.20498,4.98194,0.138,0.1
0.354548,0.615594,0.354119,0.709096,1.23119,0.708238,Paar Δ=0°,1.06364,1.84678,1.06236,0.510096,0.90388,0.507585,0.480815,0.270252,0.479294,0.478079,0.265448,0.476423,0.168485,120,0.309594,0.0126078,0.0103967,0.193354,120,0.220183,0.0110495,0.0110475,0.193354,120,0.220183,0.0110495,0.0110475,3,0.151244,0.104319,0.220183,1.20855,5.04937,0.139,0.1
0.354937,0.617818,0.354501,0.709873,1.23564,0.709003,Paar Δ=0°,1.06481,1.85345,1.0635,0.510376,0.908948,0.507842,0.483803,0.271822,0.482222,0.479458,0.267065,0.477776,0.166663,120,0.312795,0.0125407,0.0103746,0.193418,120,0.220842,0.0110565,0.0110543,0.193418,120,0.220842,0.0110565,0.0110543,3,0.151287,0.104445,0.220842,1.21217,5.09614,0.14,0.1
0.355369,0.619977,0.354927,0.710738,1.23995,0.709854,Paar Δ=0°,1.06611,1.85993,1.06478,0.510942,0.91397,0.508382,0.487002,0.273454,0.485358,0.481089,0.268732,0.479375,0.164949,120,0.31614,0.0124916,0.0103756,0.193482,120,0.22151,0.0110637,0.0110611,0.193482,120,0.22151,0.0110637,0.0110611,3,0.15133,0.104572,0.22151,1.21584,5.11996,0.141,0.1
0.355842,0.622081,0.355391,0.711684,1.24416,0.710782,Paar Δ=0°,1.06753,1.86624,1.06617,0.511774,0.918982,0.509168,0.490379,0.275127,0.488668,0.482933,0.270449,0.481184,0.163309,120,0.319624,0.0124585,0.0103979,0.193546,120,0.222187,0.0110709,0.0110681,0.193546,120,0.222187,0.0110709,0.0110681,3,0.151374,0.104699,0.222187,1.21955,5.11936,0.142,0.1
0.35635,0.624144,0.35589,0.7127,1.24829,0.711779,Paar Δ=0°,1.06905,1.87243,1.06767,0.51283,0.924023,0.510193,0.493893,0.27683,0.492111,0.484948,0.27222,0.483159,0.161707,120,0.323241,0.0124393,0.0104408,0.193611,120,0.222872,0.0110782,0.0110755,0.193611,120,0.222872,0.0110782,0.0110755,3,0.151418,0.104828,0.222872,1.22331,5.09387,0.143,0.1
0.356885,0.626179,0.356414,0.713769,1.25236,0.712829,Paar Δ=0°,1.07065,1.87854,1.06924,0.514102,0.929131,0.511413,0.497499,0.278561,0.495642,0.487089,0.274052,0.485254,0.1601,120,0.326989,0.0124297,0.0105013,0.193675,120,0.223566,0.0110855,0.0110829,0.193675,120,0.223566,0.0110855,0.0110829,3,0.151462,0.104959,0.223566,1.22712,5.04413,0.144,0.1
0.357441,0.628202,0.35696,0.714882,1.2564,0.71392,Paar Δ=0°,1.07232,1.88461,1.07088,0.515552,0.93435,0.512806,0.501159,0.280328,0.499233,0.489307,0.275958,0.48743,0.158446,120,0.330861,0.0124262,0.0105768,0.19374,120,0.224269,0.0110929,0.0110905,0.19374,120,0.224269,0.0110929,0.0110905,3,0.151507,0.10509,0.224269,1.23098,4.97178,0.145,0.1
0.358014,0.630239,0.357522,0.716029,1.26048,0.715044,Paar Δ=0°,1.07404,1.89072,1.07257,0.517155,0.939723,0.514348,0.504836,0.282151,0.502835,0.491574,0.277973,0.48965,0.156724,120,0.334849,0.0124236,0.0106631,0.193806,120,0.224981,0.0111003,0.011098,0.193806,120,0.224981,0.0111003,0.011098,3,0.151552,0.105223,0.224982,1.23489,4.87931,0.146,0.1
0.358601,0.632306,0.358096,0.717202,1.26461,0.716192,Paar Δ=0°,1.0758,1.89692,1.07429,0.518894,0.94528,0.516022,0.508502,0.284057,0.506421,0.493841,0.280105,0.491879,0.154894,120,0.338946,0.0124258,0.0107639,0.193871,120,0.225703,0.0111076,0.0111055,0.193871,120,0.225703,0.0111076,0.0111055,3,0.151597,0.105357,0.225703,1.23885,4.76979,0.147,0.1
0.359198,0.634427,0.358679,0.718395,1.26885,0.717359,Paar Δ=0°,1.07759,1.90328,1.07604,0.520748,0.951059,0.517808,0.512124,0.286083,0.509971,0.496093,0.282403,0.494083,0.152953,120,0.34314,0.0124256,0.0108712,0.193937,120,0.226434,0.011115,0.0111131,0.193937,120,0.226434,0.011115,0.0111131,3,0.151643,0.105492,0.226434,1.24286,4.64661,0.148,0.1
0.359802,0.636626,0.359272,0.719605,1.27325,0.718545,Paar Δ=0°,1.07941,1.90988,1.07782,0.522699,0.957102,0.519684,0.515683,0.288266,0.513457,0.498294,0.284884,0.496238,0.150878,120,0.347416,0.0124258,0.0109853,0.194003,120,0.227175,0.0111225,0.0111207,0.194003,120,0.227175,0.0111225,0.0111207,3,0.151689,0.105629,0.227175,1.24693,4.51316,0.149,0.1
0.360414,0.638919,0.359871,0.720828,1.27784,0.719741,Paar Δ=0°,1.08124,1.91676,1.07961,0.524722,0.963422,0.521626,0.519161,0.290655,0.516868,0.500421,0.287596,0.498321,0.148666,120,0.351755,0.0124188,0.0110998,0.194069,120,0.227925,0.01113,0.0111284,0.194069,120,0.227925,0.01113,0.0111284,3,0.151735,0.105766,0.227925,1.25105,4.3727,0.15,0.1
0.361033,0.641323,0.360473,0.722065,1.28265,0.720945,Paar Δ=0°,1.0831,1.92397,1.08142,0.52679,0.970049,0.523605,0.522541,0.293285,0.520183,0.50245,0.290566,0.500308,0.146319,120,0.356131,0.0124082,0.0112253,0.194135,120,0.228685,0.0111376,0.0111362,0.194135,120,0.228685,0.0111376,0.0111362,3,0.151781,0.105905,0.228685,1.25522,4.22813,0.151,0.1
0.361653,0.643854,0.36108,0.723306,1.28771,0.72216,Paar Δ=0°,1.08496,1.93156,1.08324,0.528877,0.976998,0.525617,0.525804,0.29619,0.523382,0.504359,0.293822,0.502174,0.143843,120,0.360515,0.0123958,0.0113513,0.194202,120,0.229455,0.0111452,0.011144,0.194202,120,0.229455,0.0111452,0.011144,3,0.151828,0.106045,0.229455,1.25944,4.09626,0.152,0.1
0.362276,0.646523,0.361686,0.724552,1.29305,0.723372,Paar Δ=0°,1.08683,1.93957,1.08506,0.530957,0.984262,0.527593,0.528944,0.299403,0.526452,0.506174,0.297389,0.503892,0.141303,120,0.36487,0.0123764,0.0114788,0.194268,120,0.230235,0.0111528,0.0111517,0.194268,120,0.230235,0.0111528,0.0111517,3,0.151876,0.106187,0.230235,1.26372,4.20559,0.153,0.1
0.362894,0.649329,0.362289,0.725789,1.29866,0.724579,Paar Δ=0°,1.08868,1.94799,1.08687,0.532972,0.991837,0.529527,0.53192,0.302948,0.529372,0.510501,0.301296,0.508117,0.141351,120,0.369151,0.0123521,0.0116069,0.194335,120,0.231025,0.0111603,0.0111595,0.194335,120,0.231025,0.0111603,0.0111595,3,0.151923,0.10633,0.231025,1.26806,4.31537,0.154,0.1
0.363506,0.65227,0.362885,0.727013,1.30454,0.72577,Paar Δ=0°,1.09052,1.95681,1.08865,0.534885,0.999706,0.531348,0.534729,0.306831,0.532119,0.51473,0.305542,0.51226,0.141428,120,0.373303,0.0123241,0.0117359,0.194402,120,0.231826,0.011168,0.0111674,0.194402,120,0.231826,0.011168,0.0111674,3,0.151971,0.106474,0.231826,1.27246,4.42457,0.155,0.1
0.364103,0.655346,0.363464,0.728207,1.31069,0.726928,Paar Δ=0°,1.09231,1.96604,1.09039,0.538368,1.00784,0.536057,0.537321,0.311052,0.534657,0.518834,0.310129,0.516276,0.141571,120,0.377263,0.0122869,0.0118725,0.194469,120,0.232637,0.0111756,0.0111753,0.194469,120,0.232637,0.0111756,0.0111753,3,0.15202,0.106619,0.232637,1.27691,4.53191,0.156,0.1
0.364676,0.658533,0.36402,0.729352,1.31707,0.728039,Paar Δ=0°,1.09403,1.9756,1.09206,0.543826,1.01619,0.541394,0.539674,0.315596,0.53696,0.522785,0.315057,0.520145,0.141823,120,0.380963,0.0122404,0.0120037,0.194538,120,0.233458,0.0111838,0.0111832,0.194538,120,0.233458,0.0111838,0.0111832,3,0.152069,0.106766,0.233459,1.28142,4.6359,0.157,0.1
0.365214,0.661818,0.36454,0.730429,1.32364,0.729081,Paar Δ=0°,1.09564,1.98546,1.09362,0.549115,1.02469,0.546557,0.541752,0.320683,0.538994,0.526538,0.320291,0.523819,0.142218,120,0.38432,0.0121911,0.012141,0.194606,120,0.234291,0.0111921,0.0111911,0.194606,120,0.234291,0.0111921,0.0111911,3,0.152118,0.106914,0.234291,1.28599,4.73484,0.158,0.1
0.365706,0.665172,0.365014,0.731411,1.33034,0.730028,Paar Δ=0°,1.09712,1.99552,1.09504,0.554156,1.03326,0.551476,0.543511,0.326283,0.540715,0.530049,0.325801,0.527256,0.142796,120,0.387253,0.0121331,0.0122725,0.194675,120,0.235135,0.0112004,0.011199,0.194675,120,0.235135,0.0112004,0.011199,3,0.152167,0.107064,0.235135,1.29062,4.82685,0.159,0.1
0.366139,0.66856,0.365431,0.732278,1.33712,0.730861,Paar Δ=0°,1.09842,2.00568,1.09629,0.558867,1.04182,0.556069,0.544912,0.332068,0.542083,0.533282,0.331545,0.530416,0.14361,120,0.389672,0.0120648,0.0124111,0.194744,120,0.23599,0.0112088,0.0112072,0.194744,120,0.23599,0.0112088,0.0112072,3,0.152217,0.107215,0.23599,1.29531,4.90991,0.16,0.1
0.366498,0.671944,0.365772,0.732997,1.34389,0.731545,Paar Δ=0°,1.09949,2.01583,1.09732,0.563163,1.05027,0.560259,0.545918,0.337969,0.543064,0.536188,0.337456,0.533255,0.144694,120,0.391493,0.0119925,0.0125487,0.194813,120,0.236856,0.0112173,0.0112159,0.194813,120,0.236856,0.0112173,0.0112159,3,0.152267,0.107367,0.236856,1.30007,4.98194,0.161,0.1
0.366769,0.675279,0.366028,0.733538,1.35056,0.732057,Paar Δ=0°,1.10031,2.02584,1.09809,0.566971,1.0585,0.56396,0.546497,0.34391,0.543627,0.538721,0.343464,0.535731,0.146086,120,0.392635,0.0119169,0.0126851,0.194882,120,0.237733,0.0112258,0.0112247,0.194882,120,0.237733,0.0112258,0.0112247,3,0.152317,0.10752,0.237733,1.30488,5.04094,0.162,0.1
0.366939,0.678531,0.366182,0.733878,1.35706,0.732365,Paar Δ=0°,1.10082,2.03559,1.09855,0.570191,1.06641,0.567094,0.546626,0.349809,0.543754,0.540844,0.349505,0.537808,0.147815,120,0.393029,0.0118354,0.0128202,0.194951,120,0.238623,0.0112342,0.0112334,0.194951,120,0.238623,0.0112342,0.0112334,3,0.152368,0.107675,0.238623,1.30976,5.08503,0.163,0.1
0.366997,0.681646,0.366226,0.733993,1.36329,0.732452,Paar Δ=0°,1.10099,2.04494,1.09868,0.572771,1.07388,0.569586,0.546295,0.355579,0.543421,0.54253,0.355486,0.539455,0.149904,120,0.392626,0.0117499,0.012954,0.19502,120,0.239524,0.0112426,0.0112421,0.19502,120,0.239524,0.0112426,0.0112421,3,0.152419,0.107831,0.239524,1.31471,5.11268,0.164,0.1
0.366931,0.684593,0.366149,0.733862,1.36919,0.732298,Paar Δ=0°,1.10079,2.05378,1.09845,0.574647,1.08082,0.571393,0.545508,0.361137,0.542628,0.543763,0.36134,0.540655,0.152365,120,0.391398,0.0116626,0.0130861,0.195089,120,0.240437,0.0112511,0.0112509,0.195089,120,0.240437,0.0112511,0.0112509,3,0.15247,0.107989,0.240437,1.31972,5.12275,0.165,0.1
0.366737,0.687332,0.365945,0.733473,1.37466,0.73189,Paar Δ=0°,1.10021,2.062,1.09784,0.575778,1.08716,0.572474,0.544285,0.366411,0.541389,0.544547,0.366988,0.541398,0.155202,120,0.389345,0.0115754,0.0132162,0.195158,120,0.241363,0.0112596,0.0112598,0.195158,120,0.241363,0.0112596,0.0112598,3,0.152522,0.108148,0.241363,1.3248,5.1146,0.166,0.1
0.366413,0.689844,0.365612,0.732826,1.37969,0.731224,Paar Δ=0°,1.09924,2.06953,1.09684,0.576149,1.09285,0.572811,0.542658,0.37134,0.539734,0.544889,0.372382,0.541695,0.158396,120,0.386493,0.0114905,0.0133438,0.227199,120,3.09735e-16,0.0114939,0.0114666,0.195228,120,0.242301,0.0112681,0.0112687,2,0.152574,0.108309,0.242301,1.1249,5.08822,0.167,0.1
0.365961,0.692112,0.365151,0.731922,1.38422,0.730303,Paar Δ=0°,1.09788,2.07634,1.09545,0.575775,1.09784,0.57241,0.540672,0.375875,0.537718,0.54482,0.377477,0.541569,0.161923,120,0.382896,0.0114092,0.013468,0.227397,120,3.09996e-16,0.011504,0.0114761,0.195297,120,0.243251,0.0112765,0.0112774,2,0.152627,0.10847,0.243251,1.12658,5.04413,0.168,0.1
0.365385,0.694129,0.364568,0.73077,1.38826,0.729136,Paar Δ=0°,1.09615,2.08239,1.0937,0.576714,1.10214,0.571343,0.538372,0.379996,0.535399,0.544375,0.38224,0.54106,0.16574,120,0.378634,0.0113326,0.0135923,0.227597,120,3.10258e-16,0.0115142,0.0114857,0.195366,120,0.244215,0.0112849,0.0112862,2,0.15268,0.108634,0.244215,1.12827,4.98341,0.169,0.1
0.364692,0.695899,0.363873,0.729384,1.3918,0.727745,Paar Δ=0°,1.09408,2.0877,1.09162,0.579687,1.10577,0.574291,0.535828,0.383686,0.532845,0.543595,0.38666,0.540216,0.169793,120,0.373802,0.0112737,0.0137177,0.227799,120,3.10523e-16,0.0115245,0.0114954,0.195435,120,0.245191,0.0112934,0.0112951,2,0.152733,0.108799,0.245191,1.12999,4.90761,0.17,0.1
0.363895,0.697441,0.363074,0.727789,1.39488,0.726148,Paar Δ=0°,1.09168,2.09232,1.08922,0.581951,1.10876,0.576545,0.533118,0.38694,0.53014,0.542535,0.390742,0.539113,0.174027,120,0.368508,0.0112186,0.0138355,0.228003,120,3.1079e-16,0.0115349,0.0115052,0.195505,120,0.246181,0.0113024,0.011304,2,0.152786,0.108965,0.246181,1.13171,4.8186,0.171,0.1
0.363506,0.698773,0.362183,0.727012,1.39755,0.724365,Paar Δ=0°,1.09052,2.09632,1.08655,0.58357,1.11116,0.578167,0.530327,0.389792,0.527363,0.541254,0.394502,0.537792,0.178386,120,0.362868,0.0111835,0.0139588,0.228208,120,3.1106e-16,0.0115453,0.0115151,0.195573,120,0.247184,0.0113117,0.0113127,2,0.15284,0.109133,0.247184,1.13345,4.71847,0.172,0.1
0.365108,0.699918,0.36373,0.730216,1.39984,0.72746,Paar Δ=0°,1.09532,2.09975,1.09119,0.58462,1.11305,0.57923,0.527535,0.392253,0.524585,0.539824,0.397968,0.536334,0.182829,120,0.356994,0.0111598,0.0140763,0.228415,120,3.11331e-16,0.0115558,0.011525,0.195642,120,0.248201,0.0113209,0.0113215,2,0.152894,0.109302,0.248201,1.13521,4.60938,0.173,0.1
0.366609,0.700917,0.365226,0.733217,1.40183,0.730453,Paar Δ=0°,1.09983,2.10275,1.09568,0.585182,1.11449,0.579816,0.524809,0.394357,0.521873,0.538306,0.401173,0.534783,0.187312,120,0.350994,0.0111533,0.0141939,0.228624,120,3.11605e-16,0.0115665,0.011535,0.195713,120,0.249232,0.0113303,0.0113313,2,0.152949,0.109472,0.249232,1.13698,4.49345,0.174,0.1
0.368027,0.701792,0.366637,0.736053,1.40358,0.733273,Paar Δ=0°,1.10408,2.10538,1.09991,0.585346,1.11555,0.580005,0.522204,0.396156,0.519297,0.53675,0.404155,0.533207,0.191783,120,0.344967,0.011165,0.0143132,0.228834,120,3.11881e-16,0.0115772,0.0115451,0.195783,120,0.250277,0.0113397,0.0113412,2,0.153004,0.109645,0.250277,1.13877,4.3727,0.175,0.1
0.369375,0.70258,0.367981,0.73875,1.40516,0.735961,Paar Δ=0°,1.10812,2.10774,1.10394,0.585194,1.11632,0.579875,0.519772,0.397671,0.516893,0.535205,0.406953,0.531648,0.196206,120,0.338999,0.0111947,0.0144348,0.229047,120,3.1216e-16,0.011588,0.0115553,0.195853,120,0.251336,0.0113489,0.0113508,2,0.153059,0.109818,0.251336,1.14058,4.24894,0.176,0.1
0.37067,0.703318,0.369273,0.741339,1.40664,0.738546,Paar Δ=0°,1.11201,2.10995,1.10782,0.584788,1.11686,0.57951,0.517555,0.398942,0.514703,0.53371,0.409604,0.530138,0.20055,120,0.33316,0.0112398,0.014557,0.229261,120,3.1244e-16,0.0115989,0.0115655,0.195923,120,0.25241,0.0113581,0.0113606,2,0.153115,0.109993,0.25241,1.1424,4.12376,0.177,0.1
0.371926,0.704037,0.370526,0.743851,1.40807,0.741052,Paar Δ=0°,1.11578,2.11211,1.11158,0.584205,1.11725,0.578972,0.51558,0.400004,0.512748,0.532291,0.412141,0.528705,0.204781,120,0.32751,0.0113125,0.0146746,0.229477,120,3.12723e-16,0.0116099,0.0115759,0.195994,120,0.253499,0.0113674,0.0113704,2,0.153171,0.11017,0.253499,1.14423,3.99852,0.178,0.1
0.373156,0.704771,0.371752,0.746311,1.40954,0.743505,Paar Δ=0°,1.11947,2.11431,1.11526,0.583511,1.11754,0.578305,0.513857,0.400889,0.511056,0.530967,0.414596,0.527366,0.208872,120,0.322094,0.0113999,0.0147966,0.229696,120,3.13009e-16,0.011621,0.0115863,0.196064,120,0.254603,0.0113766,0.0113801,2,0.153227,0.110348,0.254603,1.14608,3.87434,0.179,0.1
0.37437,0.705547,0.372963,0.748739,1.41109,0.745925,Paar Δ=0°,1.12311,2.11664,1.11889,0.582742,1.11779,0.577587,0.512395,0.401623,0.509619,0.529744,0.416996,0.526129,0.212795,120,0.316949,0.0115058,0.014912,0.229915,120,3.13296e-16,0.0116322,0.0115968,0.196133,120,0.255722,0.0113857,0.0113898,2,0.153284,0.110528,0.255722,1.14795,3.88221,0.18,0.1
0.375576,0.70639,0.374164,0.751152,1.41278,0.748329,Paar Δ=0°,1.12673,2.11917,1.12249,0.581952,1.11805,0.576827,0.511192,0.402224,0.508437,0.528623,0.419373,0.524993,0.216526,120,0.312098,0.0116344,0.01503,0.230137,120,3.13586e-16,0.0116435,0.0116074,0.196202,120,0.256857,0.0113948,0.0113995,2,0.153341,0.11071,0.256857,1.14983,3.97042,0.181,0.1
0.376781,0.707337,0.375364,0.753562,1.41467,0.750728,Paar Δ=0°,1.13034,2.12201,1.12609,0.581172,1.11837,0.57609,0.51024,0.402708,0.507499,0.527597,0.421729,0.523955,0.220041,120,0.307556,0.011781,0.0151443,0.230361,120,3.13878e-16,0.0116548,0.0116181,0.196272,120,0.258008,0.0114043,0.0114092,2,0.153398,0.110893,0.258008,1.15173,4.06007,0.182,0.1
0.377987,0.708403,0.376565,0.755974,1.41681,0.75313,Paar Δ=0°,1.13396,2.12521,1.12969,0.580417,1.11878,0.575372,0.509521,0.403086,0.506788,0.526661,0.424074,0.523,0.223328,120,0.303332,0.0119486,0.0152531,0.230586,120,3.14173e-16,0.0116663,0.0116289,0.19634,120,0.259176,0.0114143,0.0114187,2,0.153456,0.111077,0.259176,1.15365,4.15081,0.183,0.1
0.379196,0.709617,0.377768,0.758393,1.41923,0.755536,Paar Δ=0°,1.13759,2.12885,1.1333,0.579711,1.11932,0.574701,0.509009,0.403369,0.50628,0.525785,0.426423,0.522105,0.226356,120,0.299429,0.0121338,0.015355,0.230814,120,3.1447e-16,0.0116779,0.0116397,0.196409,120,0.260359,0.0114244,0.0114285,2,0.153514,0.111263,0.260359,1.15559,4.24218,0.184,0.1
0.380407,0.710997,0.378973,0.760815,1.42199,0.757946,Paar Δ=0°,1.14122,2.13299,1.13692,0.579073,1.12003,0.574096,0.508679,0.403556,0.505954,0.524945,0.428776,0.521245,0.229099,120,0.295846,0.0123328,0.0154471,0.231043,120,3.1477e-16,0.0116896,0.0116507,0.196477,120,0.261559,0.0114346,0.0114393,2,0.153573,0.111451,0.26156,1.15754,4.33365,0.185,0.1
0.381617,0.712559,0.380177,0.763235,1.42512,0.760353,Paar Δ=0°,1.14485,2.13768,1.14053,0.578492,1.12093,0.573545,0.508499,0.403646,0.505773,0.524112,0.431118,0.520391,0.231535,120,0.292577,0.0125456,0.0155279,0.231274,120,3.15071e-16,0.0117014,0.0116617,0.196545,120,0.262777,0.0114445,0.0114499,2,0.153631,0.111641,0.262777,1.1595,4.42457,0.186,0.1
0.382821,0.714317,0.381374,0.765642,1.42863,0.762747,Paar Δ=0°,1.14846,2.14295,1.14412,0.577968,1.12205,0.573047,0.508434,0.403635,0.505701,0.523253,0.433439,0.519511,0.233639,120,0.289614,0.0127745,0.0155991,0.231508,120,3.15376e-16,0.0117132,0.0116728,0.196614,120,0.264012,0.0114544,0.0114605,2,0.153691,0.111832,0.264012,1.16149,4.51421,0.187,0.1
0.384011,0.716281,0.382557,0.768021,1.43256,0.765114,Paar Δ=0°,1.15203,2.14884,1.14767,0.577492,1.12339,0.572598,0.508446,0.403517,0.505703,0.522333,0.435742,0.51857,0.235384,120,0.286949,0.0130091,0.0156514,0.231743,120,3.15683e-16,0.0117252,0.011684,0.196684,120,0.265264,0.0114643,0.0114712,2,0.15375,0.112024,0.265264,1.16349,4.60171,0.188,0.1
0.385178,0.718456,0.383717,0.770355,1.43691,0.767435,Paar Δ=0°,1.15553,2.15537,1.15115,0.577049,1.125,0.57219,0.508496,0.40329,0.505742,0.521316,0.437989,0.517532,0.236748,120,0.284568,0.0132548,0.015682,0.23198,120,3.15992e-16,0.0117373,0.0116953,0.196753,120,0.266535,0.011474,0.0114817,2,0.15381,0.112219,0.266535,1.16551,4.68612,0.189,0.1
0.386311,0.720842,0.384847,0.772622,1.44168,0.769694,Paar Δ=0°,1.15893,2.16252,1.15454,0.576624,1.12687,0.571797,0.508556,0.402947,0.505785,0.520164,0.440161,0.516361,0.237702,120,0.282462,0.0135017,0.0156941,0.232219,120,3.16304e-16,0.0117494,0.0117067,0.196821,120,0.267824,0.0114836,0.0114921,2,0.15387,0.112415,0.267824,1.16754,4.76638,0.19,0.1
0.387399,0.723435,0.385932,0.774797,1.44687,0.771863,Paar Δ=0°,1.1622,2.1703,1.1578,0.576199,1.129,0.571394,0.508573,0.402473,0.505781,0.518841,0.44223,0.515018,0.238222,120,0.280618,0.0137474,0.0156788,0.23246,120,3.16619e-16,0.0117617,0.0117182,0.196889,120,0.269131,0.0114934,0.0115026,2,0.153931,0.112613,0.269131,1.1696,4.84137,0.191,0.1
0.388427,0.726219,0.386958,0.776854,1.45244,0.773916,Paar Δ=0°,1.16528,2.17866,1.16087,0.575741,1.13141,0.570959,0.508516,0.402784,0.505711,0.51731,0.444176,0.513471,0.238287,120,0.279023,0.0139914,0.0156352,0.232703,120,3.16936e-16,0.0117741,0.0117297,0.196956,120,0.270458,0.0115041,0.0115127,2,0.153992,0.112812,0.270458,1.17167,4.90991,0.192,0.1
0.389386,0.729175,0.387913,0.778772,1.45835,0.775825,Paar Δ=0°,1.16816,2.18752,1.16374,0.575224,1.13407,0.57047,0.508352,0.405418,0.505521,0.515541,0.445967,0.511689,0.237875,120,0.277666,0.0142232,0.0155627,0.232949,120,3.17255e-16,0.0117866,0.0117414,0.197023,120,0.271804,0.0115149,0.0115233,2,0.154054,0.113013,0.271804,1.17376,4.97079,0.193,0.1
0.390259,0.732281,0.388785,0.780518,1.46456,0.77757,Paar Δ=0°,1.17078,2.19684,1.16635,0.57462,1.13697,0.569901,0.508043,0.407879,0.5052,0.513507,0.447572,0.509645,0.236972,120,0.276535,0.0144407,0.0154557,0.233196,120,3.17577e-16,0.0117992,0.0117532,0.19709,120,0.273169,0.0115256,0.011535,2,0.154115,0.113216,0.27317,1.17587,5.02284,0.194,0.1
0.391032,0.735507,0.389561,0.782065,1.47101,0.779122,Paar Δ=0°,1.1731,2.20652,1.16868,0.5739,1.14009,0.569218,0.507567,0.410135,0.504708,0.513961,0.448964,0.511202,0.238345,120,0.275616,0.0146417,0.0153181,0.233445,120,3.17902e-16,0.0118119,0.011765,0.197155,120,0.274555,0.011536,0.0115464,2,0.154177,0.113421,0.274555,1.17799,5.06495,0.195,0.1
0.391698,0.738819,0.390227,0.783395,1.47764,0.780454,Paar Δ=0°,1.17509,2.21646,1.17068,0.573045,1.14339,0.568398,0.506904,0.412156,0.504028,0.516059,0.450121,0.513218,0.24116,120,0.2749,0.0148167,0.0151449,0.233697,120,3.18229e-16,0.0118247,0.0117769,0.19722,120,0.275961,0.0115465,0.0115578,2,0.15424,0.113627,0.275962,1.18014,5.09614,0.196,0.1
0.392245,0.742178,0.390781,0.78449,1.48436,0.781562,Paar Δ=0°,1.17673,2.22653,1.17234,0.572038,1.14687,0.567427,0.506032,0.413918,0.503155,0.517813,0.451026,0.51489,0.243438,120,0.274375,0.0149641,0.0149399,0.23395,120,3.18559e-16,0.0118376,0.011789,0.197285,120,0.277389,0.0115567,0.0115691,2,0.154303,0.113835,0.277389,1.1823,5.1156,0.197,0.1
0.392664,0.745549,0.391208,0.785328,1.4911,0.782416,Paar Δ=0°,1.17799,2.23665,1.17362,0.570854,1.15045,0.566288,0.504961,0.415399,0.502073,0.519197,0.451668,0.516203,0.245166,120,0.274031,0.0150826,0.0147036,0.234206,120,3.18891e-16,0.0118506,0.0118011,0.197352,120,0.278837,0.0115667,0.0115802,2,0.154366,0.114045,0.278837,1.18448,5.12275,0.198,0.1
0.392958,0.748895,0.391511,0.785916,1.49779,0.783023,Paar Δ=0°,1.17887,2.24669,1.17453,0.569485,1.15412,0.564964,0.503677,0.416589,0.500788,0.5202,0.452042,0.517142,0.246341,120,0.273859,0.0151655,0.0144367,0.234463,120,3.19227e-16,0.0118637,0.0118133,0.197417,120,0.280307,0.011577,0.0115913,2,0.15443,0.114257,0.280307,1.18668,5.11723,0.199,0.1
0.39312,0.752183,0.391685,0.786241,1.50437,0.78337,Paar Δ=0°,1.17936,2.25655,1.17505,0.567926,1.15782,0.563454,0.502198,0.417484,0.499318,0.520816,0.452153,0.517702,0.246968,120,0.273849,0.0152135,0.0141484,0.234723,120,3.19564e-16,0.0118769,0.0118256,0.197482,120,0.2818,0.0115883,0.011602,2,0.154494,0.114471,0.2818,1.1889,5.09902,0.2,0.1
0.393156,0.755381,0.391735,0.786312,1.51076,0.78347,Paar Δ=0°,1.17947,2.26614,1.17521,0.566182,1.16153,0.561768,0.50054,0.418087,0.497667,0.521055,0.452011,0.517891,0.247063,120,0.273992,0.0152277,0.0138363,0.234985,120,3.19905e-16,0.0118903,0.011838,0.197546,120,0.283314,0.0115997,0.0116139,2,0.154558,0.114686,0.283314,1.19114,5.06833,0.201,0.1
0.393072,0.75846,0.391666,0.786144,1.51692,0.783331,Paar Δ=0°,1.17922,2.27538,1.175,0.564267,1.16521,0.559909,0.498728,0.418411,0.495876,0.520934,0.451642,0.517728,0.246654,120,0.27428,0.0152049,0.0135078,0.23525,120,3.20248e-16,0.0119037,0.0118506,0.197609,120,0.284852,0.0116107,0.0116261,2,0.154623,0.114904,0.284852,1.1934,5.02567,0.202,0.1
0.392874,0.7614,0.391483,0.785747,1.5228,0.782967,Paar Δ=0°,1.17862,2.2842,1.17445,0.562191,1.16883,0.557891,0.496787,0.418476,0.493958,0.52048,0.451068,0.51724,0.245775,120,0.274705,0.0151502,0.0131707,0.235516,120,3.20594e-16,0.0119173,0.0118632,0.197671,120,0.286413,0.0116216,0.0116383,2,0.154688,0.115123,0.286413,1.19567,4.97178,0.203,0.1
0.392573,0.764185,0.391204,0.785146,1.52837,0.782408,Paar Δ=0°,1.17772,2.29255,1.17361,0.559973,1.17237,0.555733,0.494761,0.418306,0.491959,0.519726,0.450314,0.516462,0.244465,120,0.27526,0.0150652,0.0128254,0.235785,120,3.20943e-16,0.011931,0.0118759,0.197732,120,0.287998,0.0116322,0.0116503,2,0.154753,0.115344,0.287998,1.19797,4.90761,0.204,0.1
0.392185,0.766814,0.390835,0.784369,1.53363,0.78167,Paar Δ=0°,1.17655,2.30044,1.17251,0.557636,1.1758,0.553458,0.492675,0.417932,0.489907,0.518711,0.449414,0.515431,0.242772,120,0.275939,0.0149504,0.0124777,0.236056,120,3.21295e-16,0.0119448,0.0118887,0.197792,120,0.289608,0.0116426,0.011662,2,0.154819,0.115567,0.289608,1.20029,4.83427,0.205,0.1
0.39172,0.769272,0.390391,0.783441,1.53854,0.780782,Paar Δ=0°,1.17516,2.30782,1.17117,0.555204,1.17912,0.551091,0.490566,0.417384,0.487837,0.517477,0.448417,0.514191,0.240742,120,0.276735,0.0148138,0.0121341,0.23633,120,3.21649e-16,0.0119587,0.0119016,0.197853,120,0.291242,0.0116535,0.0116736,2,0.154885,0.115792,0.291242,1.20262,4.75295,0.206,0.1
0.391194,0.771571,0.389885,0.782387,1.54314,0.779771,Paar Δ=0°,1.17358,2.31471,1.16966,0.552711,1.18232,0.548657,0.48847,0.416696,0.485783,0.516065,0.447338,0.512782,0.238423,120,0.277642,0.014657,0.0117987,0.236605,120,3.22006e-16,0.0119727,0.0119146,0.197914,120,0.292902,0.0116653,0.0116849,2,0.154952,0.116019,0.292902,1.20498,4.66491,0.207,0.1
0.390621,0.773712,0.389333,0.781241,1.54742,0.778665,Paar Δ=0°,1.17186,2.32113,1.168,0.550177,1.1854,0.54618,0.486418,0.415897,0.483778,0.514526,0.446234,0.511246,0.235871,120,0.278655,0.014482,0.0114725,0.236883,120,3.22366e-16,0.0119868,0.0119277,0.197974,120,0.294588,0.0116771,0.011698,2,0.155019,0.116248,0.294588,1.20735,4.57139,0.208,0.1
0.390014,0.775701,0.388745,0.780027,1.5514,0.77749,Paar Δ=0°,1.17004,2.3271,1.16624,0.547623,1.18837,0.543689,0.484437,0.415031,0.481849,0.512899,0.445121,0.509634,0.23313,120,0.279769,0.0142963,0.0111587,0.237164,120,3.22729e-16,0.0120011,0.0119409,0.198033,120,0.2963,0.0116883,0.0117109,2,0.155086,0.116479,0.2963,1.20975,4.47361,0.209,0.1
0.389384,0.777556,0.388138,0.778767,1.55511,0.776275,Paar Δ=0°,1.16815,2.33267,1.16441,0.545084,1.19122,0.541209,0.482558,0.414119,0.480021,0.511226,0.444032,0.507975,0.230248,120,0.280978,0.0141024,0.0108592,0.237446,120,3.23094e-16,0.0120155,0.0119543,0.198091,120,0.298039,0.0116994,0.0117236,2,0.155154,0.116711,0.298039,1.21217,4.3727,0.21,0.1
0.388747,0.77928,0.38752,0.777495,1.55856,0.77504,Paar Δ=0°,1.16624,2.33784,1.16256,0.542571,1.19397,0.538753,0.480797,0.413191,0.478318,0.50954,0.442997,0.506317,0.22726,120,0.28228,0.0139013,0.0105752,0.237731,120,3.23463e-16,0.01203,0.0119677,0.198146,120,0.299805,0.0117101,0.011736,2,0.155222,0.116946,0.299805,1.21461,4.2697,0.211,0.1
0.388111,0.780896,0.386905,0.776223,1.56179,0.773809,Paar Δ=0°,1.16433,2.34269,1.16071,0.54012,1.19663,0.536355,0.479175,0.412271,0.47675,0.50788,0.44204,0.504683,0.224212,120,0.283668,0.0136979,0.0103091,0.238019,120,3.23835e-16,0.0120446,0.0119813,0.198201,120,0.3016,0.0117212,0.0117481,2,0.15529,0.117183,0.3016,1.21707,4.16555,0.212,0.1
0.387487,0.782411,0.3863,0.774975,1.56482,0.772599,Paar Δ=0°,1.16246,2.34723,1.1589,0.537737,1.19921,0.534023,0.477699,0.411384,0.475337,0.506275,0.441176,0.503105,0.221134,120,0.285141,0.0134964,0.0100606,0.238308,120,3.24209e-16,0.0120594,0.0119949,0.198255,120,0.303423,0.0117335,0.0117599,2,0.155359,0.117422,0.303423,1.21955,4.06107,0.213,0.1
0.386885,0.783836,0.385714,0.773769,1.56767,0.771429,Paar Δ=0°,1.16065,2.35151,1.15714,0.535444,1.20172,0.531776,0.47639,0.410541,0.474088,0.504748,0.44042,0.50161,0.218053,120,0.286695,0.0132958,0.00982873,0.2386,120,3.24587e-16,0.0120743,0.0120086,0.198311,120,0.305276,0.0117455,0.0117737,2,0.155429,0.117663,0.305276,1.22205,3.95696,0.214,0.1
0.386312,0.785192,0.385158,0.772623,1.57038,0.770315,Paar Δ=0°,1.15893,2.35557,1.15547,0.533256,1.20416,0.529632,0.475248,0.409758,0.473007,0.503322,0.439789,0.50022,0.214997,120,0.288325,0.013098,0.0096131,0.238895,120,3.24967e-16,0.0120892,0.0120225,0.198365,120,0.307158,0.0117571,0.0117873,2,0.155498,0.117906,0.307159,1.22457,3.85381,0.215,0.1
0.385774,0.786482,0.384636,0.771548,1.57296,0.769272,Paar Δ=0°,1.15732,2.35945,1.15391,0.53119,1.20656,0.527606,0.474279,0.409049,0.4721,0.502019,0.439288,0.49895,0.211989,120,0.29003,0.0129084,0.00941261,0.239192,120,3.25351e-16,0.0121044,0.0120365,0.198417,120,0.309072,0.0117681,0.0118004,2,0.155568,0.118151,0.309072,1.22712,3.75212,0.216,0.1
0.385278,0.787718,0.384154,0.770555,1.57544,0.768308,Paar Δ=0°,1.15583,2.36315,1.15246,0.529257,1.20891,0.52571,0.473486,0.408425,0.47137,0.50085,0.438922,0.497814,0.209042,120,0.291807,0.0127247,0.00922673,0.239492,120,3.25737e-16,0.0121196,0.0120505,0.198468,120,0.311016,0.0117789,0.0118133,2,0.155639,0.118398,0.311016,1.22969,3.65227,0.217,0.1
0.384831,0.788907,0.383719,0.769662,1.57781,0.767438,Paar Δ=0°,1.15449,2.36672,1.15116,0.527473,1.21122,0.523956,0.472871,0.407888,0.470818,0.499825,0.438692,0.49683,0.206171,120,0.293654,0.0125473,0.00905436,0.239794,120,3.26127e-16,0.012135,0.0120647,0.198516,120,0.312992,0.0117914,0.0118255,2,0.155709,0.118648,0.312992,1.23228,3.55459,0.218,0.1
0.384436,0.790065,0.383335,0.768871,1.58013,0.766671,Paar Δ=0°,1.15331,2.3702,1.15001,0.525855,1.21351,0.52236,0.472437,0.407442,0.470444,0.498967,0.438606,0.496006,0.203398,120,0.295568,0.0123793,0.0088968,0.240098,120,3.2652e-16,0.0121505,0.012079,0.198562,120,0.315001,0.0118039,0.0118394,2,0.155781,0.118899,0.315001,1.23489,3.48614,0.219,0.1
0.384099,0.791193,0.383009,0.768197,1.58239,0.766018,Paar Δ=0°,1.1523,2.37358,1.14903,0.52441,1.21577,0.520938,0.47218,0.407093,0.470253,0.498271,0.438661,0.495349,0.200723,120,0.297548,0.012221,0.00875097,0.240405,120,3.26916e-16,0.0121661,0.0120934,0.198611,120,0.317043,0.0118158,0.0118537,2,0.155852,0.119153,0.317043,1.23752,3.54861,0.22,0.1
0.383825,0.792295,0.382743,0.767649,1.58459,0.765486,Paar Δ=0°,1.15147,2.37688,1.14823,0.523156,1.21801,0.519701,0.472102,0.406838,0.470238,0.497754,0.438849,0.494866,0.198162,120,0.299591,0.0120704,0.00861531,0.240715,120,3.27316e-16,0.0121819,0.0121079,0.198658,120,0.319119,0.0118269,0.0118673,2,0.155924,0.119409,0.319119,1.24018,3.61257,0.221,0.1
0.383617,0.793376,0.382542,0.767234,1.58675,0.765084,Paar Δ=0°,1.15085,2.38013,1.14763,0.522112,1.22022,0.518661,0.472204,0.406676,0.470406,0.497421,0.439179,0.49457,0.195723,120,0.301697,0.0119297,0.0084887,0.241027,120,3.27718e-16,0.0121978,0.0121226,0.198703,120,0.32123,0.0118379,0.0118807,2,0.155997,0.119667,0.32123,1.24286,3.67797,0.222,0.1
0.38348,0.794441,0.38241,0.766961,1.58888,0.76482,Paar Δ=0°,1.15044,2.38332,1.14723,0.52129,1.22241,0.518323,0.472487,0.406603,0.470751,0.497275,0.439634,0.494459,0.19341,120,0.303864,0.0118001,0.00837145,0.241342,120,3.28124e-16,0.0122138,0.0121373,0.198746,120,0.323377,0.011851,0.0118932,2,0.156069,0.119927,0.323377,1.24557,3.74476,0.223,0.1
0.38342,0.79549,0.382351,0.766839,1.59098,0.764702,Paar Δ=0°,1.15026,2.38647,1.14705,0.52267,1.22457,0.520413,0.47295,0.406617,0.47128,0.497323,0.440214,0.49454,0.191232,120,0.306091,0.0116785,0.00826396,0.24166,120,3.28533e-16,0.01223,0.0121522,0.198785,120,0.32556,0.0118635,0.0119082,2,0.156142,0.12019,0.32556,1.24829,3.81287,0.224,0.1
0.383437,0.796526,0.382369,0.766874,1.59305,0.764739,Paar Δ=0°,1.15031,2.38958,1.14711,0.524919,1.2267,0.522622,0.473598,0.40672,0.471995,0.497572,0.440913,0.494821,0.189195,120,0.308376,0.0115683,0.00816264,0.24198,120,3.28945e-16,0.0122463,0.0121672,0.198825,120,0.32778,0.0118753,0.0119229,2,0.156216,0.120455,0.32778,1.25105,3.88221,0.225,0.1
0.383537,0.797548,0.38247,0.767074,1.5951,0.76494,Paar Δ=0°,1.15061,2.39264,1.14741,0.527296,1.22879,0.524956,0.474447,0.406902,0.4729,0.498026,0.441719,0.495305,0.187306,120,0.31072,0.0114681,0.00806642,0.242303,120,3.2936e-16,0.0122627,0.0121823,0.198865,120,0.330038,0.0118864,0.0119369,2,0.15629,0.120722,0.330038,1.25382,3.95265,0.226,0.1
0.383725,0.798558,0.382654,0.76745,1.59712,0.765308,Paar Δ=0°,1.15117,2.39567,1.14796,0.529813,1.23084,0.527426,0.475514,0.407154,0.474,0.498693,0.442632,0.496,0.185573,120,0.313121,0.0113763,0.00797998,0.242628,120,3.29779e-16,0.0122793,0.0121975,0.198902,120,0.332335,0.0118988,0.0119501,2,0.156364,0.120991,0.332335,1.25662,4.02406,0.227,0.1
0.384003,0.799553,0.382928,0.768006,1.59911,0.765856,Paar Δ=0°,1.15201,2.39866,1.14878,0.532487,1.23283,0.530049,0.476808,0.407478,0.475303,0.499578,0.443631,0.496911,0.183999,120,0.315579,0.0112976,0.00789707,0.242957,120,3.30201e-16,0.012296,0.0122128,0.198937,120,0.334672,0.0119118,0.0119647,2,0.156439,0.121263,0.334672,1.25944,4.09626,0.228,0.1
0.384374,0.80053,0.383293,0.768749,1.60106,0.766586,Paar Δ=0°,1.15312,2.40159,1.14988,0.535321,1.23476,0.53283,0.478336,0.407866,0.47682,0.500685,0.444723,0.498042,0.182593,120,0.318093,0.0112268,0.00781926,0.243288,120,3.30626e-16,0.0123129,0.0122283,0.198969,120,0.337049,0.011924,0.0119802,2,0.156514,0.121537,0.33705,1.26229,4.16905,0.229,0.1
0.384845,0.801487,0.383755,0.769691,1.60297,0.76751,Paar Δ=0°,1.15454,2.40446,1.15127,0.538321,1.23662,0.535775,0.4801,0.408304,0.478558,0.502023,0.445882,0.499401,0.18136,120,0.320663,0.0111686,0.00774851,0.243622,120,3.31055e-16,0.0123299,0.0122439,0.198999,120,0.339469,0.011935,0.0119947,2,0.15659,0.121814,0.339469,1.26516,4.24218,0.23,0.1
0.385416,0.802419,0.384315,0.770832,1.60484,0.76863,Paar Δ=0°,1.15625,2.40726,1.15294,0.541495,1.23838,0.538888,0.482107,0.409855,0.480532,0.503595,0.447109,0.500992,0.180306,120,0.323289,0.0111191,0.00768013,0.243959,120,3.31487e-16,0.012347,0.0122596,0.19903,120,0.341931,0.0119475,0.0120083,2,0.156665,0.122093,0.341931,1.26806,4.31537,0.231,0.1
0.386089,0.803323,0.384975,0.772177,1.60665,0.769949,Paar Δ=0°,1.15827,2.40997,1.15492,0.544846,1.24005,0.542172,0.484366,0.412031,0.482749,0.505416,0.448387,0.502822,0.179445,120,0.325971,0.011082,0.00761987,0.244298,120,3.31923e-16,0.0123643,0.0122754,0.199058,120,0.344436,0.0119606,0.0120234,2,0.156742,0.122374,0.344436,1.27098,4.38831,0.232,0.1
0.386867,0.804194,0.385738,0.773733,1.60839,0.771477,Paar Δ=0°,1.1606,2.41258,1.15722,0.548371,1.24159,0.545626,0.486881,0.414207,0.485219,0.507486,0.449702,0.504898,0.178776,120,0.328709,0.0110541,0.00756238,0.244641,120,3.32362e-16,0.0123817,0.0122914,0.199083,120,0.346986,0.0119726,0.0120393,2,0.156818,0.122658,0.346986,1.27393,4.46063,0.233,0.1
0.387751,0.805027,0.386606,0.775502,1.61005,0.773211,Paar Δ=0°,1.16325,2.41508,1.15982,0.552065,1.243,0.549247,0.489659,0.416392,0.487945,0.509809,0.451053,0.507227,0.178306,120,0.331504,0.0110392,0.00751235,0.244987,120,3.32805e-16,0.0123993,0.0123075,0.199104,120,0.349582,0.0119835,0.0120542,2,0.156896,0.122945,0.349582,1.27691,4.53191,0.234,0.1
0.388741,0.805817,0.387575,0.777482,1.61163,0.775151,Paar Δ=0°,1.16622,2.41745,1.16273,0.555922,1.24424,0.553027,0.492705,0.418591,0.490933,0.512393,0.452416,0.509811,0.178038,120,0.334354,0.0110327,0.00746596,0.245335,120,3.33251e-16,0.0124171,0.0123237,0.199126,120,0.352224,0.0119971,0.0120679,2,0.156973,0.123234,0.352225,1.27991,4.60171,0.235,0.1
0.389834,0.806558,0.388649,0.779669,1.61312,0.777299,Paar Δ=0°,1.1695,2.41967,1.16595,0.559933,1.24532,0.556954,0.496026,0.420744,0.494191,0.515245,0.453786,0.512652,0.177983,120,0.337262,0.011041,0.00742801,0.245686,120,3.33701e-16,0.0124349,0.01234,0.199145,120,0.354915,0.0120097,0.0120845,2,0.157051,0.123525,0.354915,1.28294,4.66953,0.236,0.1
0.391032,0.807245,0.389823,0.782065,1.61449,0.779647,Paar Δ=0°,1.1731,2.42173,1.16947,0.564084,1.24621,0.561017,0.499624,0.422835,0.497719,0.518362,0.455152,0.515752,0.178136,120,0.340227,0.0110583,0.00739376,0.246041,120,3.34154e-16,0.012453,0.0123565,0.199161,120,0.357655,0.0120211,0.0121003,2,0.157129,0.123819,0.357655,1.28599,4.73484,0.237,0.1
0.392329,0.807874,0.391095,0.784657,1.61575,0.78219,Paar Δ=0°,1.17699,2.42362,1.17328,0.568352,1.24689,0.565197,0.5035,0.424852,0.501519,0.521749,0.456496,0.519112,0.1785,120,0.343249,0.0110877,0.00737045,0.246398,120,3.34611e-16,0.0124712,0.0123731,0.199172,120,0.360445,0.0120332,0.0121149,2,0.157208,0.124116,0.360445,1.28907,4.79707,0.238,0.1
0.39372,0.808439,0.392459,0.787439,1.61688,0.784918,Paar Δ=0°,1.18116,2.42532,1.17738,0.572724,1.24734,0.569473,0.507652,0.426787,0.505592,0.525412,0.457811,0.522728,0.179082,120,0.34633,0.0111291,0.00735237,0.246758,120,3.35072e-16,0.0124895,0.0123898,0.199183,120,0.363286,0.0120466,0.0121306,2,0.157287,0.124415,0.363286,1.29218,4.85563,0.239,0.1
0.395198,0.808938,0.39391,0.790396,1.61788,0.787821,Paar Δ=0°,1.18559,2.42682,1.18173,0.577166,1.24755,0.573819,0.512082,0.428632,0.509935,0.529337,0.459092,0.526597,0.179866,120,0.349471,0.01118,0.00734334,0.247122,120,3.35537e-16,0.012508,0.0124067,0.199193,120,0.36618,0.0120583,0.0121474,2,0.157367,0.124717,0.36618,1.29531,4.90991,0.24,0.1
0.396759,0.809369,0.39544,0.793517,1.61874,0.790881,Paar Δ=0°,1.19028,2.42811,1.18632,0.581658,1.24752,0.578211,0.516779,0.430379,0.51454,0.533514,0.460321,0.530709,0.180843,120,0.352671,0.0112423,0.00734444,0.247488,120,3.36006e-16,0.0125267,0.0124237,0.199197,120,0.369128,0.0120697,0.0121626,2,0.157447,0.125021,0.369128,1.29847,4.95928,0.241,0.1
0.398391,0.809729,0.397041,0.796782,1.61946,0.794083,Paar Δ=0°,1.19517,2.42919,1.19112,0.586167,1.24723,0.582619,0.521737,0.432026,0.519397,0.537933,0.461493,0.535053,0.181999,120,0.355934,0.0113162,0.00735301,0.247858,120,3.36478e-16,0.0125455,0.0124408,0.199196,120,0.372132,0.0120834,0.0121781,2,0.157527,0.125328,0.372132,1.30166,5.00315,0.242,0.1
0.400085,0.810019,0.398704,0.800171,1.62004,0.797408,Paar Δ=0°,1.20026,2.43006,1.19611,0.59066,1.24668,0.58701,0.526942,0.433565,0.524499,0.542577,0.462613,0.539612,0.18332,120,0.359257,0.0113992,0.00737346,0.248231,120,3.36954e-16,0.0125645,0.0124581,0.199198,120,0.375192,0.0120952,0.0121955,2,0.157608,0.125638,0.375192,1.30488,5.04094,0.243,0.1
0.401832,0.810242,0.400418,0.803663,1.62048,0.800836,Paar Δ=0°,1.2055,2.43073,1.20125,0.595102,1.24586,0.591355,0.532378,0.434997,0.529828,0.547426,0.463668,0.54437,0.184782,120,0.362644,0.0114902,0.00740468,0.248607,120,3.37434e-16,0.0125836,0.0124755,0.199195,120,0.37831,0.0121064,0.0122111,2,0.157689,0.125951,0.37831,1.30813,5.07209,0.244,0.1
0.403618,0.810401,0.402171,0.807237,1.6208,0.804343,Paar Δ=0°,1.21085,2.4312,1.20651,0.599466,1.24479,0.595615,0.538028,0.436381,0.535368,0.552464,0.464659,0.549313,0.186369,120,0.366095,0.011589,0.00744578,0.248986,120,3.37918e-16,0.0126029,0.012493,0.199185,120,0.381488,0.0121201,0.0122271,2,0.157771,0.126266,0.381488,1.31141,5.09614,0.245,0.1
0.405433,0.810502,0.403952,0.810865,1.621,0.807905,Paar Δ=0°,1.2163,2.43151,1.21186,0.603711,1.24348,0.599754,0.543871,0.43772,0.541094,0.557666,0.465594,0.554413,0.188055,120,0.369611,0.0116969,0.00749711,0.249369,120,3.38406e-16,0.0126224,0.0125107,0.199174,120,0.384727,0.0121315,0.0122448,2,0.157853,0.126584,0.384727,1.31471,5.11268,0.246,0.1
0.407265,0.810557,0.405751,0.814531,1.62111,0.811501,Paar Δ=0°,1.2218,2.43167,1.21725,0.607801,1.24194,0.603753,0.549886,0.438983,0.546991,0.56301,0.466477,0.55965,0.189816,120,0.373194,0.0118106,0.00756141,0.249754,120,3.38897e-16,0.0126421,0.0125285,0.199162,120,0.388029,0.0121435,0.0122603,2,0.157935,0.126906,0.388029,1.31805,5.12139,0.247,0.1
0.409103,0.810573,0.407554,0.818206,1.62115,0.815108,Paar Δ=0°,1.22731,2.43172,1.22266,0.611717,1.2402,0.607568,0.556047,0.44018,0.553028,0.56847,0.46731,0.565001,0.191624,120,0.376846,0.0119286,0.00763624,0.250143,120,3.39393e-16,0.0126619,0.0125465,0.199143,120,0.391395,0.0121565,0.0122778,2,0.158018,0.127229,0.391395,1.32141,5.12207,0.248,0.1
0.410935,0.810561,0.409352,0.82187,1.62112,0.818705,Paar Δ=0°,1.2328,2.43168,1.22806,0.618448,1.23827,0.612676,0.562329,0.441329,0.559185,0.574023,0.468119,0.570443,0.193456,120,0.380566,0.0120498,0.00772089,0.250536,120,3.39893e-16,0.0126819,0.0125647,0.199119,120,0.394826,0.0121669,0.0122952,2,0.158101,0.127556,0.394827,1.3248,5.1146,0.249,0.1
0.41275,0.81053,0.411134,0.825499,1.62106,0.822269,Paar Δ=0°,1.23825,2.43159,1.2334,0.62539,1.2362,0.619481,0.568707,0.442447,0.565436,0.579646,0.468905,0.575955,0.195288,120,0.384358,0.012173,0.00781494,0.250932,120,3.40396e-16,0.012702,0.0125829,0.199095,120,0.398326,0.0121802,0.0123101,2,0.158185,0.127886,0.398326,1.32823,5.09902,0.25,0.1
0.414542,0.810504,0.412892,0.829083,1.62101,0.825784,Paar Δ=0°,1.24363,2.43151,1.23868,0.632209,1.23402,0.62617,0.575156,0.443543,0.571756,0.585316,0.469693,0.581512,0.197094,120,0.388223,0.0122968,0.00791777,0.158269,120,1.82422e-16,0.00795337,0.00795337,0.199064,120,0.401894,0.0121918,0.0123293,1,0.158269,0.128219,0.401894,1.06705,5.07544,0.251,0.1
0.416301,0.81049,0.414619,0.832602,1.62098,0.829237,Paar Δ=0°,1.2489,2.43147,1.24386,0.638873,1.23178,0.63271,0.581652,0.444647,0.578124,0.591012,0.470495,0.587092,0.198851,120,0.392161,0.0124199,0.00802862,0.158354,120,1.8252e-16,0.00795762,0.00795762,0.199028,120,0.405534,0.012203,0.0123457,1,0.158354,0.128554,0.405534,1.06762,5.04413,0.252,0.1
0.418021,0.810505,0.416307,0.836041,1.62101,0.832614,Paar Δ=0°,1.25406,2.43151,1.24892,0.645346,1.2295,0.639067,0.58818,0.445773,0.58452,0.596716,0.471339,0.59268,0.200541,120,0.396175,0.0125412,0.0081466,0.158439,120,1.82618e-16,0.00796189,0.00796189,0.198992,120,0.409246,0.012216,0.0123637,1,0.158439,0.128893,0.409246,1.06819,5.00541,0.253,0.1
0.419697,0.810565,0.417953,0.839394,1.62113,0.835905,Paar Δ=0°,1.25909,2.43169,1.25386,0.651609,1.22724,0.64521,0.59471,0.446945,0.590921,0.602416,0.472235,0.598263,0.202149,120,0.400268,0.0126591,0.00827037,0.158524,120,1.82716e-16,0.00796618,0.00796618,0.198946,120,0.413033,0.0122252,0.0123813,1,0.158524,0.129235,0.413033,1.06877,4.95973,0.254,0.1
0.421326,0.810682,0.419552,0.842653,1.62136,0.839104,Paar Δ=0°,1.26398,2.43205,1.25866,0.657632,1.22504,0.651127,0.601238,0.448181,0.597315,0.608093,0.473211,0.603821,0.203653,120,0.40444,0.0127727,0.00839905,0.15861,120,1.82815e-16,0.00797049,0.00797049,0.198898,120,0.416897,0.0122389,0.012398,1,0.15861,0.12958,0.416897,1.06935,4.90761,0.255,0.1
0.422907,0.810868,0.421103,0.845814,1.62174,0.842207,Paar Δ=0°,1.26872,2.4326,1.26331,0.663407,1.22292,0.656806,0.607739,0.449508,0.603689,0.613744,0.474287,0.609352,0.205051,120,0.408693,0.0128812,0.00853163,0.158696,120,1.82914e-16,0.00797482,0.00797482,0.198846,120,0.420838,0.0122489,0.0124172,1,0.158696,0.129928,0.420839,1.06993,4.84961,0.256,0.1
0.424439,0.811141,0.422606,0.848878,1.62228,0.845213,Paar Δ=0°,1.27332,2.43342,1.26782,0.668936,1.22094,0.662234,0.614206,0.450935,0.610029,0.619356,0.475478,0.614845,0.206326,120,0.41303,0.0129854,0.00866672,0.158783,120,1.83014e-16,0.00797918,0.00797918,0.198783,120,0.424862,0.0122615,0.012433,1,0.158783,0.130279,0.424862,1.07051,4.78635,0.257,0.1
0.425923,0.811504,0.424063,0.851846,1.62301,0.848127,Paar Δ=0°,1.27777,2.43451,1.27219,0.674206,1.21913,0.667412,0.620638,0.452488,0.616328,0.624924,0.476802,0.620292,0.207471,120,0.417452,0.0130842,0.00880306,0.15887,120,1.83115e-16,0.00798356,0.00798355,0.198724,120,0.428967,0.0122717,0.0124532,1,0.15887,0.130633,0.428967,1.0711,4.71847,0.258,0.1
0.42736,0.811967,0.425475,0.854721,1.62393,0.85095,Paar Δ=0°,1.28208,2.4359,1.27642,0.679224,1.21751,0.672344,0.627022,0.454182,0.622583,0.630456,0.478275,0.6257,0.208494,120,0.421962,0.0131763,0.00893985,0.158957,120,1.83215e-16,0.00798795,0.00798795,0.198652,120,0.433157,0.0122836,0.0124688,1,0.158957,0.13099,0.433157,1.07169,4.64661,0.259,0.1
0.428755,0.812543,0.426844,0.857509,1.62509,0.853687,Paar Δ=0°,1.28626,2.43763,1.28053,0.683997,1.21611,0.677036,0.633358,0.456025,0.628792,0.635944,0.479914,0.631065,0.209381,120,0.426562,0.0132607,0.00907555,0.159045,120,1.83317e-16,0.00799237,0.00799237,0.198578,120,0.437434,0.0122935,0.0124896,1,0.159045,0.131351,0.437434,1.07228,4.57139,0.26,0.1
0.430109,0.813232,0.428173,0.860218,1.62646,0.856346,Paar Δ=0°,1.29033,2.43969,1.28452,0.688538,1.21496,0.6815,0.639647,0.458031,0.634953,0.64139,0.48173,0.636387,0.210136,120,0.431254,0.0133374,0.00920947,0.159134,120,1.83419e-16,0.00799682,0.00799681,0.198497,120,0.4418,0.0123052,0.0125056,1,0.159134,0.131715,0.4418,1.07288,4.49345,0.261,0.1
0.431428,0.814036,0.429467,0.862856,1.62807,0.858934,Paar Δ=0°,1.29428,2.44211,1.2884,0.692859,1.21406,0.685751,0.645889,0.460212,0.641071,0.6468,0.483734,0.64167,0.21076,120,0.43604,0.0134099,0.00934077,0.159222,120,1.83521e-16,0.00800128,0.00800128,0.198408,120,0.446258,0.0123143,0.0125265,1,0.159223,0.132082,0.446258,1.07348,4.41337,0.262,0.1
0.432716,0.81496,0.430731,0.865432,1.62992,0.861461,Paar Δ=0°,1.29815,2.44488,1.29219,0.696986,1.21343,0.689803,0.652089,0.462577,0.647147,0.652184,0.485933,0.646923,0.211261,120,0.440923,0.0134756,0.0094722,0.159312,120,1.83624e-16,0.00800577,0.00800576,0.198316,120,0.45081,0.0123261,0.0125433,1,0.159312,0.132453,0.45081,1.07408,4.3317,0.263,0.1
0.433978,0.816003,0.431968,0.867955,1.63201,0.863937,Paar Δ=0°,1.30193,2.44801,1.2959,0.700927,1.21309,0.69368,0.658253,0.465128,0.653188,0.657546,0.488333,0.652154,0.211641,120,0.445906,0.0135335,0.00959993,0.159401,120,1.83727e-16,0.00801027,0.00801027,0.198212,120,0.455457,0.0123338,0.0125635,1,0.159402,0.132827,0.455458,1.07469,4.24894,0.264,0.1
0.435219,0.817166,0.433185,0.870437,1.63433,0.86637,Paar Δ=0°,1.30566,2.4515,1.29956,0.704702,1.21302,0.697394,0.664386,0.467868,0.659198,0.662892,0.49094,0.657365,0.211903,120,0.45099,0.0135849,0.00972295,0.159492,120,1.83831e-16,0.0080148,0.0080148,0.198108,120,0.460204,0.012346,0.0125818,1,0.159492,0.133205,0.460204,1.07529,4.16555,0.265,0.1
0.436444,0.81845,0.434386,0.872887,1.6369,0.868773,Paar Δ=0°,1.30933,2.45535,1.30316,0.70833,1.21324,0.700965,0.670496,0.470801,0.665186,0.668229,0.493756,0.662566,0.212051,120,0.456178,0.0136334,0.00984169,0.159582,120,1.83936e-16,0.00801935,0.00801935,0.197991,120,0.465051,0.0123547,0.0126007,1,0.159582,0.133586,0.465051,1.0759,4.08196,0.266,0.1
0.437658,0.81985,0.435577,0.875315,1.6397,0.871154,Paar Δ=0°,1.31297,2.45955,1.30673,0.711828,1.21374,0.70441,0.676591,0.473928,0.671158,0.673562,0.496785,0.667763,0.212089,120,0.461473,0.0136738,0.00995974,0.159673,120,1.8404e-16,0.00802393,0.00802392,0.197871,120,0.470003,0.0123641,0.0126204,1,0.159673,0.13397,0.470003,1.07652,3.99852,0.267,0.1
0.438865,0.821364,0.436762,0.877731,1.64273,0.873523,Paar Δ=0°,1.3166,2.46409,1.31028,0.715228,1.21452,0.707748,0.682679,0.477251,0.677123,0.678905,0.500026,0.672966,0.212028,120,0.466877,0.0137096,0.0100715,0.159765,120,1.84146e-16,0.00802852,0.00802852,0.197739,120,0.47506,0.0123738,0.0126372,1,0.159765,0.134358,0.47506,1.07713,3.91555,0.268,0.1
0.440072,0.822988,0.437944,0.880144,1.64598,0.875888,Paar Δ=0°,1.32022,2.46896,1.31383,0.718535,1.21556,0.710996,0.688767,0.480771,0.683089,0.684265,0.50348,0.678183,0.211872,120,0.472394,0.0137421,0.0101788,0.159856,120,1.84252e-16,0.00803314,0.00803314,0.197602,120,0.480227,0.0123804,0.0126586,1,0.159857,0.13475,0.480227,1.07775,3.83334,0.269,0.1
0.441282,0.824718,0.43913,0.882563,1.64944,0.878259,Paar Δ=0°,1.32384,2.47415,1.31739,0.721766,1.21686,0.714182,0.694866,0.484483,0.689064,0.689647,0.507147,0.683428,0.211622,120,0.478025,0.0137665,0.0102847,0.159949,120,1.84358e-16,0.00803778,0.00803778,0.197456,120,0.485504,0.0123906,0.0126777,1,0.159949,0.135145,0.485504,1.07838,3.75212,0.27,0.1
0.442499,0.826551,0.440322,0.884997,1.6531,0.880644,Paar Δ=0°,1.3275,2.47965,1.32097,0.724951,1.21843,0.717311,0.700983,0.488648,0.695056,0.695058,0.511025,0.688702,0.211284,120,0.483774,0.0137921,0.0103832,0.160042,120,1.84465e-16,0.00804244,0.00804244,0.197299,120,0.490897,0.0123989,0.012695,1,0.160042,0.135544,0.490897,1.079,3.67208,0.271,0.1
0.443727,0.828483,0.441525,0.887454,1.65697,0.883051,Paar Δ=0°,1.33118,2.48545,1.32458,0.728095,1.22023,0.720398,0.707126,0.493881,0.701074,0.700506,0.515113,0.694013,0.210862,120,0.489644,0.0138093,0.0104815,0.160135,120,1.84573e-16,0.00804713,0.00804713,0.197138,120,0.496406,0.0124047,0.0127167,1,0.160135,0.135947,0.496406,1.07963,3.59339,0.272,0.1
0.44497,0.830515,0.442743,0.889941,1.66103,0.885486,Paar Δ=0°,1.33491,2.49154,1.32823,0.731213,1.22225,0.72347,0.713305,0.499291,0.707126,0.706008,0.519411,0.69937,0.210371,120,0.495637,0.0138264,0.0105729,0.160229,120,1.84681e-16,0.00805183,0.00805184,0.196962,120,0.502034,0.0124132,0.0127364,1,0.160229,0.136353,0.502034,1.08026,3.51618,0.273,0.1
0.446232,0.832638,0.443979,0.892465,1.66528,0.887959,Paar Δ=0°,1.3387,2.49791,1.33194,0.734331,1.2245,0.726531,0.719526,0.504874,0.713223,0.711562,0.523916,0.704779,0.209807,120,0.501755,0.0138374,0.0106633,0.160323,120,1.84789e-16,0.00805657,0.00805657,0.196782,120,0.507785,0.0124211,0.0127545,1,0.160323,0.136763,0.507786,1.0809,3.44056,0.274,0.1
0.447516,0.834848,0.445237,0.895033,1.6697,0.890474,Paar Δ=0°,1.34255,2.50455,1.33571,0.737445,1.22696,0.729593,0.725798,0.51063,0.71937,0.717176,0.528627,0.710246,0.209173,120,0.508004,0.0138484,0.0107473,0.160417,120,1.84898e-16,0.00806132,0.00806132,0.19659,120,0.513662,0.0124267,0.0127744,1,0.160417,0.137178,0.513662,1.08153,3.36661,0.275,0.1
0.448826,0.837142,0.44652,0.897651,1.67428,0.89304,Paar Δ=0°,1.34648,2.51143,1.33956,0.74059,1.22961,0.732682,0.732128,0.516566,0.725574,0.722856,0.533541,0.715778,0.208472,120,0.514384,0.0138527,0.0108312,0.160512,120,1.85008e-16,0.0080661,0.0080661,0.196383,120,0.519667,0.0124306,0.0127952,1,0.160512,0.137596,0.519667,1.08218,3.29438,0.276,0.1
0.450163,0.83952,0.447831,0.900325,1.67904,0.895661,Paar Δ=0°,1.35049,2.51856,1.34349,0.743754,1.23245,0.735791,0.738522,0.522673,0.73184,0.728607,0.538657,0.721382,0.207709,120,0.520898,0.0138597,0.0109075,0.160608,120,1.85118e-16,0.0080709,0.0080709,0.196172,120,0.525801,0.0124374,0.0128152,1,0.160608,0.138017,0.525802,1.08282,3.22392,0.277,0.1
0.45153,0.841977,0.449171,0.903061,1.68395,0.898342,Paar Δ=0°,1.35459,2.52593,1.34751,0.746971,1.23546,0.738952,0.744988,0.528949,0.738176,0.734439,0.543972,0.727064,0.206889,120,0.527551,0.0138599,0.0109861,0.160704,120,1.85228e-16,0.00807572,0.00807572,0.195949,120,0.53207,0.012443,0.0128338,1,0.160704,0.138443,0.53207,1.08347,3.15524,0.278,0.1
0.452933,0.844507,0.450544,0.905866,1.68901,0.901089,Paar Δ=0°,1.3588,2.53352,1.35163,0.750233,1.23864,0.742153,0.751532,0.535403,0.744587,0.740358,0.549489,0.732829,0.206015,120,0.534343,0.0138604,0.0110582,0.1608,120,1.8534e-16,0.00808056,0.00808057,0.195711,120,0.538475,0.0124478,0.0128523,1,0.1608,0.138873,0.538475,1.08412,3.08837,0.279,0.1
0.454372,0.847111,0.451952,0.908743,1.69422,0.903905,Paar Δ=0°,1.36311,2.54133,1.35586,0.753562,1.24197,0.745427,0.75816,0.542031,0.75108,0.746365,0.555209,0.73868,0.205086,120,0.541279,0.013859,0.0111277,0.160897,120,1.85451e-16,0.00808543,0.00808543,0.195458,120,0.545019,0.0124508,0.0128721,1,0.160897,0.139307,0.545019,1.08477,3.02329,0.28,0.1
0.455848,0.849785,0.453397,0.911695,1.69957,0.906795,Paar Δ=0°,1.36754,2.54936,1.36019,0.756964,1.24545,0.74876,0.764881,0.548831,0.757661,0.752463,0.561124,0.744621,0.204103,120,0.54836,0.013853,0.011197,0.160994,120,1.85563e-16,0.00809032,0.00809032,0.195202,120,0.551703,0.0124533,0.0128928,1,0.160994,0.139745,0.551703,1.08542,3.02822,0.281,0.1
0.457363,0.852523,0.454881,0.914727,1.70505,0.909763,Paar Δ=0°,1.37209,2.55757,1.36464,0.76044,1.24907,0.752183,0.771697,0.555814,0.764337,0.758657,0.567235,0.750655,0.203068,120,0.555589,0.0138481,0.0112615,0.161092,120,1.85676e-16,0.00809524,0.00809524,0.194931,120,0.558531,0.0124551,0.0129132,1,0.161092,0.140188,0.558532,1.08608,3.0657,0.282,0.1
0.458921,0.855331,0.456406,0.917842,1.71066,0.912813,Paar Δ=0°,1.37676,2.56599,1.36922,0.764017,1.25281,0.755688,0.778611,0.562968,0.771108,0.764951,0.573908,0.756787,0.201983,120,0.562968,0.0138418,0.011322,0.16119,120,1.85789e-16,0.00810017,0.00810018,0.194645,120,0.565506,0.012456,0.012933,1,0.16119,0.140634,0.565507,1.08675,3.10398,0.283,0.1
0.460522,0.858194,0.457974,0.921044,1.71639,0.915948,Paar Δ=0°,1.38157,2.57458,1.37392,0.767687,1.25668,0.759289,0.785629,0.570309,0.777977,0.771348,0.580946,0.763018,0.200848,120,0.5705,0.0138324,0.0113851,0.161289,120,1.85903e-16,0.00810513,0.00810514,0.194344,120,0.572629,0.0124563,0.0129526,1,0.161289,0.141085,0.572629,1.08741,3.14308,0.284,0.1
0.462168,0.861124,0.459586,0.924336,1.72225,0.919171,Paar Δ=0°,1.3865,2.58337,1.37876,0.771458,1.26066,0.762997,0.792754,0.577827,0.784947,0.77785,0.588142,0.769352,0.199662,120,0.578188,0.0138197,0.0114442,0.161388,120,1.86017e-16,0.00811012,0.00811012,0.194029,120,0.579902,0.0124561,0.012972,1,0.161388,0.14154,0.579902,1.08808,3.183,0.285,0.1
0.463861,0.864104,0.461243,0.927722,1.72821,0.922486,Paar Δ=0°,1.39158,2.59231,1.38373,0.77535,1.26474,0.766809,0.799988,0.585529,0.792023,0.78446,0.595497,0.77579,0.198429,120,0.586031,0.0138074,0.0115009,0.161488,120,1.86132e-16,0.00811512,0.00811513,0.1937,120,0.587327,0.0124554,0.0129913,1,0.161488,0.142,0.587327,1.08875,3.22375,0.286,0.1
0.465603,0.867146,0.462947,0.931206,1.73429,0.925895,Paar Δ=0°,1.39681,2.60144,1.38884,0.77936,1.26893,0.770744,0.807344,0.59342,0.799215,0.791179,0.603057,0.782333,0.197147,120,0.594033,0.0137947,0.0115547,0.161588,120,1.86248e-16,0.00812016,0.00812016,0.193355,120,0.594906,0.0124537,0.01301,1,0.161588,0.142464,0.594906,1.08943,3.26535,0.287,0.1
0.467394,0.870236,0.4647,0.934789,1.74047,0.9294,Paar Δ=0°,1.40218,2.61071,1.3941,0.783493,1.27321,0.774803,0.814816,0.601493,0.806516,0.798009,0.610831,0.788982,0.195816,120,0.602193,0.0137803,0.0116069,0.161689,120,1.86364e-16,0.00812521,0.00812521,0.192995,120,0.602639,0.012451,0.0130282,1,0.161689,0.142933,0.602639,1.09011,3.3078,0.288,0.1
0.469236,0.873375,0.466502,0.938471,1.74675,0.933004,Paar Δ=0°,1.40771,2.62012,1.39951,0.787758,1.27757,0.778987,0.822406,0.609753,0.813927,0.80495,0.618761,0.795744,0.194436,120,0.610514,0.0137638,0.0116575,0.16179,120,1.8648e-16,0.00813029,0.00813029,0.192621,120,0.610527,0.0124475,0.0130459,1,0.16179,0.143406,0.610528,1.09079,3.3511,0.289,0.1
0.471128,0.876565,0.468354,0.942256,1.75313,0.936708,Paar Δ=0°,1.41338,2.62969,1.40506,0.79217,1.28201,0.783312,0.830113,0.618209,0.821449,0.812001,0.626847,0.802612,0.193006,120,0.618995,0.0137453,0.0117065,0.161891,120,1.86597e-16,0.00813539,0.00813539,0.192231,120,0.618573,0.0124417,0.0130642,1,0.161891,0.143883,0.618573,1.09147,3.39525,0.29,0.1
0.473073,0.879796,0.470257,0.946145,1.75959,0.940513,Paar Δ=0°,1.41922,2.63939,1.41077,0.796723,1.28652,0.78778,0.837953,0.626855,0.829093,0.819161,0.635088,0.809585,0.191525,120,0.627636,0.0137252,0.0117545,0.161993,120,1.86715e-16,0.00814051,0.00814052,0.191825,120,0.626773,0.0124342,0.0130845,1,0.161993,0.144366,0.626774,1.09216,3.44027,0.291,0.1
0.47507,0.883066,0.472211,0.950139,1.76613,0.944422,Paar Δ=0°,1.42521,2.6492,1.41663,0.801424,1.2911,0.792392,0.845912,0.635691,0.836846,0.826428,0.643484,0.816661,0.189992,120,0.636436,0.0137036,0.0118017,0.162096,120,1.86833e-16,0.00814566,0.00814567,0.191401,120,0.63513,0.0124244,0.0131028,1,0.162096,0.144853,0.63513,1.09285,3.48614,0.292,0.1
0.47712,0.88638,0.474217,0.954239,1.77276,0.948434,Paar Δ=0°,1.43136,2.65914,1.42265,0.806281,1.29574,0.797157,0.853987,0.644719,0.844708,0.8338,0.652113,0.823836,0.188404,120,0.645396,0.0136798,0.0118476,0.162199,120,1.86951e-16,0.00815084,0.00815084,0.190959,120,0.643641,0.0124175,0.0131191,1,0.162199,0.145344,0.643641,1.09354,3.53285,0.293,0.1
0.479223,0.889727,0.476275,0.958445,1.77945,0.95255,Paar Δ=0°,1.43767,2.66918,1.42882,0.811305,1.30043,0.802084,0.862189,0.65394,0.85269,0.841271,0.661005,0.831116,0.18676,120,0.654511,0.0136535,0.0118922,0.162302,120,1.87071e-16,0.00815603,0.00815603,0.190498,120,0.652305,0.0124067,0.0131351,1,0.162302,0.145841,0.652305,1.09424,3.58041,0.294,0.1
0.481379,0.893105,0.478384,0.962757,1.78621,0.956769,Paar Δ=0°,1.44414,2.67932,1.43515,0.816492,1.30517,0.807169,0.870497,0.663351,0.860772,0.848852,0.670062,0.838494,0.185073,120,0.663779,0.013625,0.0119356,0.162406,120,1.8719e-16,0.00816126,0.00816126,0.190014,120,0.661119,0.0123912,0.0131541,1,0.162406,0.146343,0.661119,1.09494,3.62878,0.295,0.1
0.483589,0.896509,0.480545,0.967177,1.79302,0.96109,Paar Δ=0°,1.45077,2.68953,1.44163,0.821845,1.30995,0.812419,0.87891,0.672953,0.868965,0.856524,0.679272,0.845955,0.183326,120,0.673198,0.0135969,0.0119759,0.16251,120,1.87311e-16,0.0081665,0.0081665,0.189518,120,0.67008,0.0123808,0.0131686,1,0.16251,0.146849,0.67008,1.09564,3.67797,0.296,0.1
0.485852,0.899936,0.482759,0.971704,1.79987,0.965517,Paar Δ=0°,1.45756,2.69981,1.44828,0.827371,1.31476,0.817846,0.887435,0.682742,0.877253,0.864279,0.688629,0.853506,0.181517,120,0.682762,0.0135676,0.0120133,0.162615,120,1.87432e-16,0.00817177,0.00817177,0.189003,120,0.679184,0.0123628,0.0131853,1,0.162615,0.147361,0.679184,1.09635,3.72794,0.297,0.1
0.488167,0.90338,0.485023,0.976334,1.80676,0.970046,Paar Δ=0°,1.4645,2.71014,1.45507,0.833081,1.31959,0.823443,0.896048,0.692713,0.885639,0.872118,0.698141,0.861135,0.179654,120,0.692464,0.013534,0.0120535,0.162721,120,1.87553e-16,0.00817706,0.00817706,0.188462,120,0.688424,0.012347,0.0131997,1,0.162721,0.147878,0.688424,1.09706,3.77866,0.298,0.1
0.490532,0.906837,0.487336,0.981064,1.81367,0.974672,Paar Δ=0°,1.4716,2.72051,1.46201,0.838968,1.32444,0.829211,0.904762,0.702874,0.894107,0.880033,0.707787,0.868828,0.177734,120,0.702299,0.0134954,0.012092,0.162826,120,1.87675e-16,0.00818238,0.00818238,0.187906,120,0.697796,0.012325,0.0132146,1,0.162826,0.148399,0.697796,1.09778,3.83009,0.299,0.1
0.492945,0.9103,0.489697,0.985891,1.8206,0.979394,Paar Δ=0°,1.47884,2.7309,1.46909,0.845033,1.3293,0.835168,0.913547,0.71321,0.902662,0.888,0.717573,0.87659,0.175743,120,0.712257,0.0134611,0.0121245,0.162933,120,1.87798e-16,0.00818773,0.00818772,0.18733,120,0.70729,0.012306,0.0132262,1,0.162933,0.148926,0.70729,1.09849,3.88221,0.3,0.1
0.333333,0.619048,0,0.666667,1.2381,0,Paar Δ=0°,1,1.85714,0,0.442057,0.904762,0,0.404794,0.233048,0,0.395344,0.230077,0,0.154534,120,0.24081,0.0154278,0.0154258,0.154534,120,0.24081,0.0154278,0.0154258,0.188688,120,0.182188,0.0105918,0.0105911,-1,0.148324,0.0962831,0.182188,1,1,0,0.2
0.333353,0.619174,0.333351,0.666706,1.23835,0.666703,Paar Δ=0°,1.00006,1.85752,1.00005,0.445187,0.904995,0.444843,0.408077,0.233152,0.407718,0.399981,0.23018,0.399619,0.15443,120,0.245551,0.0153497,0.0154202,0.153375,120,0.243276,0.0161451,0.0161494,0.188713,120,0.182352,0.0105941,0.0105933,50,0.148339,0.0963216,0.182352,1.31383,2.73318,0.01,0.2
0.333357,0.619201,0.333355,0.666714,1.2384,0.66671,Paar Δ=0°,1.00007,1.8576,1.00007,0.44554,0.905044,0.445102,0.408601,0.233174,0.408177,0.400478,0.230202,0.400055,0.15445,120,0.246028,0.0153496,0.0154117,0.153595,120,0.243904,0.0158481,0.0158482,0.188719,120,0.182386,0.0105945,0.0105938,45,0.148342,0.0963297,0.182386,1.30609,2.73357,0.011,0.2
0.333362,0.61923,0.333359,0.666723,1.23846,0.666718,Paar Δ=0°,1.00009,1.85769,1.00008,0.445833,0.905097,0.445397,0.409106,0.233197,0.408668,0.400938,0.230226,0.400492,0.154432,120,0.246506,0.0153517,0.0154211,0.152775,120,0.245102,0.0155676,0.0155702,0.188724,120,0.182424,0.0105951,0.0105943,41,0.148345,0.0963386,0.182424,1.30152,2.73318,0.012,0.2
0.333367,0.619261,0.333364,0.666733,1.23852,0.666728,Paar Δ=0°,1.0001,1.85778,1.00009,0.446153,0.905156,0.445666,0.409643,0.233223,0.409155,0.401403,0.230251,0.400901,0.154423,120,0.246979,0.0153627,0.0154038,0.152482,120,0.245736,0.0153278,0.0153293,0.188731,120,0.182465,0.0105956,0.0105949,38,0.148349,0.0963482,0.182465,1.30456,2.73367,0.013,0.2
0.333372,0.619295,0.333369,0.666744,1.23859,0.666738,Paar Δ=0°,1.00012,1.85789,1.00011,0.446488,0.905219,0.445952,0.410134,0.233251,0.409611,0.401884,0.230281,0.401357,0.154428,120,0.247456,0.0153555,0.015421,0.151999,120,0.246309,0.015049,0.0150494,0.188737,120,0.182509,0.0105962,0.0105955,35,0.148353,0.0963586,0.182509,1.2985,2.73387,0.014,0.2
0.333378,0.619332,0.333374,0.666755,1.23866,0.666748,Paar Δ=0°,1.00013,1.858,1.00012,0.446777,0.905286,0.446228,0.410681,0.233281,0.410119,0.402325,0.230308,0.401753,0.154391,120,0.247934,0.0153711,0.0154047,0.151709,120,0.246537,0.0147511,0.0147494,0.188745,120,0.182557,0.0105969,0.0105961,33,0.148357,0.0963698,0.182557,1.30609,2.73318,0.015,0.2
0.333384,0.619371,0.33338,0.666768,1.23874,0.66676,Paar Δ=0°,1.00015,1.85811,1.00014,0.447113,0.905359,0.446507,0.411163,0.233314,0.41058,0.402822,0.230344,0.402215,0.154415,120,0.248408,0.0153582,0.0154181,0.15074,120,0.247017,0.0145987,0.0146041,0.188752,120,0.182608,0.0105976,0.0105968,31,0.148362,0.0963818,0.182608,1.30763,2.73318,0.016,0.2
0.33339,0.619413,0.333386,0.666781,1.23883,0.666772,Paar Δ=0°,1.00017,1.85824,1.00016,0.447437,0.905435,0.446789,0.411717,0.233347,0.411075,0.403263,0.230379,0.40263,0.154378,120,0.248885,0.0153795,0.0154112,0.150381,120,0.247291,0.0144336,0.01443,0.188761,120,0.182662,0.0105983,0.0105976,29,0.148367,0.0963945,0.182662,1.30304,2.73332,0.017,0.2
0.333397,0.619457,0.333392,0.666794,1.23891,0.666784,Paar Δ=0°,1.00019,1.85837,1.00018,0.447724,0.905517,0.447064,0.412214,0.233386,0.411555,0.403756,0.230411,0.40307,0.154394,120,0.249363,0.0153728,0.0154125,0.149303,120,0.247584,0.0140253,0.0140228,0.18877,120,0.18272,0.0105991,0.0105984,27,0.148372,0.096408,0.18272,1.29254,2.73216,0.018,0.2
0.333405,0.619504,0.333399,0.666809,1.23901,0.666797,Paar Δ=0°,1.00021,1.85851,1.0002,0.44807,0.905603,0.44735,0.412752,0.233421,0.412024,0.404215,0.230452,0.403499,0.154378,120,0.249837,0.0153862,0.015414,0.149614,120,0.247554,0.0140879,0.0140817,0.188779,120,0.182781,0.0105999,0.0105992,26,0.148377,0.0964223,0.182781,1.30456,2.73332,0.019,0.2
0.333412,0.619553,0.333406,0.666824,1.23911,0.666811,Paar Δ=0°,1.00024,1.85866,1.00022,0.448387,0.905695,0.447621,0.41326,0.23346,0.41252,0.404687,0.230519,0.403922,0.154372,120,0.250315,0.0153863,0.0154074,0.148501,120,0.247878,0.0138428,0.0138492,0.188789,120,0.182845,0.0106008,0.0106001,25,0.148383,0.0964374,0.182845,1.31383,2.73318,0.02,0.2
0.33342,0.619605,0.333413,0.666841,1.23921,0.666827,Paar Δ=0°,1.00026,1.85881,1.00024,0.448685,0.905789,0.447912,0.413785,0.233512,0.412981,0.40516,0.230535,0.404364,0.154368,120,0.250793,0.0153906,0.0154132,0.150215,120,0.247371,0.0136995,0.0136914,0.188799,120,0.182913,0.0106017,0.010601,23,0.148389,0.0964532,0.182913,1.28812,2.73387,0.021,0.2
0.333429,0.61966,0.333421,0.666858,1.23932,0.666842,Paar Δ=0°,1.00029,1.85898,1.00026,0.449027,0.905892,0.448179,0.414303,0.233554,0.413479,0.405615,0.230575,0.404773,0.154348,120,0.251268,0.0153975,0.0154014,0.150216,120,0.247712,0.0133977,0.0134034,0.18881,120,0.182984,0.0106027,0.010602,22,0.148396,0.0964698,0.182984,1.28959,2.73357,0.022,0.2
0.333438,0.619716,0.333429,0.666875,1.23943,0.666859,Paar Δ=0°,1.00031,1.85915,1.00029,0.44934,0.905995,0.448474,0.414818,0.23358,0.413955,0.406101,0.230624,0.405225,0.154355,120,0.251746,0.0153956,0.0154121,0.150743,120,0.248073,0.0132215,0.0132188,0.188821,120,0.183058,0.0106037,0.010603,21,0.148402,0.0964872,0.183058,1.28812,2.73387,0.023,0.2
0.333447,0.619775,0.333438,0.666894,1.23955,0.666876,Paar Δ=0°,1.00034,1.85932,1.00031,0.44965,0.906103,0.448738,0.415345,0.233633,0.414433,0.406548,0.230716,0.40564,0.154325,120,0.252224,0.0154059,0.0154026,0.153443,120,0.246816,0.0133059,0.0132948,0.188833,120,0.183136,0.0106048,0.010604,20,0.148409,0.0965054,0.183136,1.28376,2.73318,0.024,0.2
0.333457,0.61984,0.333447,0.666913,1.23968,0.666893,Paar Δ=0°,1.00037,1.85952,1.00034,0.449986,0.906223,0.449036,0.415851,0.23372,0.414922,0.407039,0.230848,0.406084,0.154339,120,0.252699,0.0154,0.0154095,0.153196,120,0.247177,0.0133378,0.0133236,0.188845,120,0.183217,0.0106059,0.0106051,20,0.148417,0.0965243,0.183217,1.31383,2.73041,0.025,0.2
0.333467,0.619905,0.333456,0.666933,1.23981,0.666912,Paar Δ=0°,1.0004,1.85971,1.00037,0.450296,0.906343,0.449298,0.416385,0.233788,0.415384,0.407499,0.230894,0.40651,0.154321,120,0.253178,0.0154142,0.0154055,0.153477,120,0.247556,0.0129622,0.012969,0.188858,120,0.183302,0.010607,0.0106063,19,0.148424,0.0965441,0.183302,1.30456,2.73367,0.026,0.2
0.333477,0.619966,0.333465,0.666954,1.23993,0.666931,Paar Δ=0°,1.00043,1.8599,1.0004,0.450616,0.906454,0.449599,0.416883,0.233805,0.415884,0.407973,0.23085,0.406942,0.154317,120,0.253656,0.0154104,0.0154049,0.153434,120,0.247954,0.0127991,0.0127969,0.188871,120,0.18339,0.0106082,0.0106075,18,0.148432,0.0965646,0.18339,1.29254,2.73216,0.027,0.2
0.333488,0.620035,0.333475,0.666976,1.24007,0.666951,Paar Δ=0°,1.00046,1.8601,1.00043,0.450946,0.906581,0.44986,0.417424,0.233804,0.416356,0.408445,0.230894,0.407376,0.154313,120,0.254132,0.0154215,0.0154066,0.158836,120,0.245479,0.0128955,0.0128807,0.188885,120,0.183481,0.0106095,0.0106087,17,0.14844,0.0965859,0.183481,1.27802,2.72862,0.028,0.2
0.333499,0.620117,0.333486,0.666999,1.24023,0.666972,Paar Δ=0°,1.0005,1.86035,1.00046,0.451254,0.906734,0.450163,0.41793,0.233845,0.416842,0.408906,0.230947,0.407798,0.154295,120,0.254611,0.0154221,0.0154004,0.158653,120,0.245854,0.0129208,0.0129029,0.188899,120,0.183575,0.0106108,0.01061,17,0.148449,0.0966079,0.183575,1.30304,2.73196,0.029,0.2
0.333511,0.620199,0.333497,0.667022,1.2404,0.666993,Paar Δ=0°,1.00053,1.8606,1.00049,0.451582,0.906887,0.45043,0.418462,0.233958,0.417325,0.409389,0.230998,0.408241,0.154299,120,0.25509,0.0154269,0.0154051,0.157987,120,0.246245,0.0124735,0.0124795,0.188914,120,0.183673,0.0106121,0.0106114,16,0.148458,0.0966308,0.183673,1.28376,2.73318,0.03,0.2
0.333523,0.620267,0.333508,0.667046,1.24053,0.667016,Paar Δ=0°,1.00057,1.8608,1.00052,0.451909,0.907011,0.450727,0.418976,0.234105,0.417797,0.409841,0.231059,0.408655,0.154274,120,0.255567,0.0154326,0.0153956,0.157776,120,0.246654,0.0124897,0.0124968,0.188929,120,0.183775,0.0106135,0.0106127,16,0.148467,0.0966544,0.183775,1.30763,2.73346,0.031,0.2
0.333535,0.620327,0.333519,0.667071,1.24065,0.667038,Paar Δ=0°,1.00061,1.86098,1.00056,0.452216,0.907119,0.450999,0.4195,0.234239,0.41829,0.410329,0.231343,0.409104,0.154283,120,0.256046,0.0154327,0.0154036,0.157126,120,0.24708,0.0123551,0.0123547,0.188945,120,0.18388,0.0106149,0.0106142,15,0.148476,0.0966788,0.18388,1.28376,2.73318,0.032,0.2
0.333548,0.6204,0.333531,0.667096,1.2408,0.667062,Paar Δ=0°,1.00064,1.8612,1.00059,0.45255,0.907253,0.451293,0.420021,0.234327,0.418759,0.410793,0.231675,0.409526,0.154267,120,0.256526,0.0154408,0.0153974,0.156884,120,0.247524,0.0123704,0.01237,0.188962,120,0.183988,0.0106164,0.0106156,15,0.148486,0.0967041,0.183988,1.30609,2.73196,0.033,0.2
0.333562,0.620502,0.333543,0.667123,1.241,0.667086,Paar Δ=0°,1.00068,1.86151,1.00063,0.452874,0.907442,0.451569,0.420537,0.23436,0.419252,0.411268,0.231929,0.409966,0.154265,120,0.257003,0.0154381,0.0154011,0.165986,120,0.242922,0.0124806,0.0124602,0.188978,120,0.1841,0.0106179,0.0106172,14,0.148496,0.0967301,0.1841,1.27802,2.72862,0.034,0.2
0.333575,0.620623,0.333556,0.66715,1.24125,0.667111,Paar Δ=0°,1.00073,1.86187,1.00067,0.45318,0.907672,0.45186,0.421064,0.234336,0.41973,0.411741,0.232067,0.410395,0.154258,120,0.257483,0.015449,0.0153986,0.165898,120,0.24331,0.0125005,0.0124769,0.188996,120,0.184215,0.0106195,0.0106187,14,0.148506,0.0967568,0.184215,1.2985,2.72614,0.035,0.2
0.333589,0.62074,0.333568,0.667178,1.24148,0.667137,Paar Δ=0°,1.00077,1.86222,1.0007,0.45352,0.907891,0.45214,0.421574,0.234271,0.420211,0.412206,0.232075,0.410827,0.154243,120,0.257963,0.0154469,0.015397,0.163092,120,0.243712,0.0119653,0.0119703,0.189013,120,0.184334,0.0106211,0.0106203,13,0.148516,0.0967844,0.184334,1.26681,2.73216,0.036,0.2
0.333603,0.620828,0.333582,0.667207,1.24166,0.667163,Paar Δ=0°,1.00081,1.86248,1.00074,0.453843,0.908052,0.452427,0.422108,0.234193,0.420699,0.412687,0.231954,0.411264,0.154246,120,0.258441,0.0154568,0.015399,0.162943,120,0.244129,0.0119756,0.0119817,0.189032,120,0.184456,0.0106228,0.010622,13,0.148527,0.0968128,0.184456,1.28521,2.73367,0.037,0.2
0.333619,0.620882,0.333596,0.667237,1.24176,0.667192,Paar Δ=0°,1.00086,1.86265,1.00079,0.454156,0.908146,0.452712,0.422616,0.234161,0.421169,0.413145,0.231721,0.411688,0.154223,120,0.258922,0.0154578,0.0153927,0.162789,120,0.244561,0.0119864,0.0119935,0.189051,120,0.184581,0.0106245,0.0106237,13,0.148538,0.096842,0.184581,1.30456,2.72685,0.038,0.2
0.333634,0.620921,0.33361,0.667268,1.24184,0.66722,Paar Δ=0°,1.0009,1.86276,1.00083,0.454493,0.908208,0.452996,0.42315,0.234257,0.421663,0.413631,0.231583,0.41213,0.154228,120,0.259403,0.0154627,0.0153971,0.161898,120,0.245009,0.0119026,0.011905,0.18907,120,0.18471,0.0106262,0.0106254,12,0.14855,0.0968719,0.18471,1.26681,2.73041,0.039,0.2
0.333649,0.620972,0.333624,0.667298,1.24194,0.667247,Paar Δ=0°,1.00095,1.86292,1.00087,0.454814,0.908295,0.453283,0.423663,0.234522,0.422138,0.414098,0.231675,0.412551,0.154217,120,0.259882,0.0154676,0.0153906,0.161716,120,0.245472,0.0119124,0.0119154,0.18909,120,0.184843,0.010628,0.0106272,12,0.148562,0.0969026,0.184843,1.28376,2.73318,0.04,0.2
0.333664,0.621065,0.333637,0.667328,1.24213,0.667275,Paar Δ=0°,1.00099,1.8632,1.00091,0.455134,0.908466,0.453566,0.424193,0.234908,0.422626,0.414575,0.231803,0.412997,0.154212,120,0.260363,0.0154688,0.0153956,0.161527,120,0.245952,0.0119226,0.0119262,0.18911,120,0.184979,0.0106299,0.0106291,12,0.148574,0.0969342,0.184979,1.30152,2.72153,0.041,0.2
0.333681,0.621214,0.333653,0.667362,1.24243,0.667306,Paar Δ=0°,1.00104,1.86364,1.00096,0.45547,0.908748,0.453858,0.424716,0.235329,0.423112,0.41505,0.231958,0.413424,0.154207,120,0.260843,0.0154763,0.0153913,0.174777,120,0.237396,0.012046,0.0120212,0.189131,120,0.185119,0.0106318,0.010631,11,0.148586,0.0969665,0.185119,1.25862,2.73387,0.042,0.2
0.3337,0.62141,0.33367,0.667399,1.24282,0.66734,Paar Δ=0°,1.0011,1.86423,1.00101,0.455791,0.909121,0.454137,0.425239,0.235717,0.423591,0.415516,0.232122,0.413863,0.154192,120,0.261324,0.0154753,0.0153927,0.174776,120,0.237777,0.0120606,0.012033,0.189152,120,0.185262,0.0106337,0.0106329,11,0.148599,0.0969997,0.185262,1.27378,2.72255,0.043,0.2
0.333718,0.621623,0.333687,0.667436,1.24325,0.667374,Paar Δ=0°,1.00115,1.86487,1.00106,0.456115,0.909529,0.454431,0.425763,0.236027,0.424079,0.415998,0.232272,0.414294,0.15419,120,0.261808,0.0154841,0.0153909,0.174776,120,0.238169,0.0120758,0.012046,0.189174,120,0.185409,0.0106357,0.0106349,11,0.148612,0.0970336,0.185409,1.28959,2.73357,0.044,0.2
0.333735,0.62182,0.333703,0.667469,1.24364,0.667405,Paar Δ=0°,1.0012,1.86546,1.00111,0.456448,0.909906,0.454708,0.426275,0.236232,0.424548,0.416462,0.232384,0.414729,0.154171,120,0.262291,0.0154826,0.0153887,0.174778,120,0.238573,0.0120915,0.0120594,0.189196,120,0.185559,0.0106377,0.0106369,11,0.148625,0.0970683,0.185559,1.30609,2.72132,0.045,0.2
0.333749,0.621977,0.333716,0.667498,1.24395,0.667432,Paar Δ=0°,1.00125,1.86593,1.00115,0.456768,0.910204,0.455006,0.426804,0.236318,0.42504,0.416948,0.232554,0.415168,0.154178,120,0.26277,0.0154914,0.015392,0.168495,120,0.238988,0.0114327,0.0114368,0.189219,120,0.185713,0.0106398,0.010639,10,0.148638,0.0971039,0.185713,1.25593,2.73387,0.046,0.2
0.333764,0.622076,0.33373,0.667529,1.24415,0.66746,Paar Δ=0°,1.00129,1.86623,1.00119,0.4571,0.910388,0.455283,0.427318,0.236277,0.425522,0.417421,0.233131,0.415598,0.15417,120,0.263251,0.0154933,0.0153864,0.1684,120,0.239416,0.0114385,0.0114433,0.189242,120,0.185871,0.0106419,0.0106411,10,0.148652,0.0971402,0.185871,1.26958,2.71737,0.047,0.2
0.333784,0.622118,0.333748,0.667567,1.24424,0.667495,Paar Δ=0°,1.00135,1.86635,1.00124,0.457435,0.910454,0.455586,0.427862,0.236112,0.426015,0.417897,0.233687,0.41604,0.154167,120,0.26373,0.0154994,0.0153906,0.168301,120,0.239855,0.0114449,0.01145,0.189266,120,0.186032,0.0106441,0.0106433,10,0.148666,0.0971774,0.186032,1.28376,2.73318,0.048,0.2
0.333808,0.62211,0.33377,0.667615,1.24422,0.667539,Paar Δ=0°,1.00142,1.86633,1.00131,0.457755,0.910418,0.455865,0.428387,0.235829,0.426508,0.418372,0.234225,0.416462,0.154161,120,0.264211,0.0155048,0.0153846,0.168199,120,0.240307,0.011452,0.0114569,0.18929,120,0.186197,0.0106463,0.0106455,10,0.148681,0.0972153,0.186197,1.2985,2.72614,0.049,0.2
0.333834,0.622072,0.333794,0.667668,1.24414,0.667588,Paar Δ=0°,1.0015,1.86622,1.00138,0.458088,0.910316,0.456162,0.42892,0.235448,0.426989,0.418837,0.234749,0.416905,0.154138,120,0.264699,0.0155032,0.0153855,0.168093,120,0.240771,0.0114594,0.011464,0.189315,120,0.186365,0.0106486,0.0106478,10,0.148696,0.0972541,0.186366,1.31383,2.72685,0.05,0.2
0.333858,0.622031,0.333816,0.667716,1.24406,0.667632,Paar Δ=0°,1.00157,1.86609,1.00145,0.458416,0.910209,0.456441,0.429435,0.234988,0.427475,0.41932,0.235261,0.417333,0.154131,120,0.265189,0.0155084,0.0153817,0.167984,120,0.241248,0.0114669,0.0114712,0.18934,120,0.186538,0.0106509,0.0106501,9,0.148711,0.0972937,0.186538,1.2546,2.73332,0.051,0.2
0.333876,0.622021,0.333833,0.667753,1.24404,0.667666,Paar Δ=0°,1.00163,1.86606,1.0015,0.458733,0.910166,0.456735,0.429949,0.23449,0.42794,0.41979,0.235756,0.417777,0.154112,120,0.265678,0.0155049,0.0153712,0.167871,120,0.241738,0.0114746,0.0114787,0.189366,120,0.186713,0.0106533,0.0106524,9,0.148726,0.097334,0.186714,1.26681,2.71585,0.052,0.2
0.333889,0.622077,0.333844,0.667778,1.24415,0.667689,Paar Δ=0°,1.00167,1.86623,1.00153,0.459073,0.910264,0.457022,0.430464,0.234014,0.428422,0.42028,0.236226,0.418216,0.154115,120,0.266165,0.0154923,0.0153718,0.167753,120,0.242242,0.0114821,0.0114859,0.189392,120,0.186893,0.0106557,0.0106548,9,0.148742,0.0973752,0.186893,1.27945,2.73015,0.053,0.2
0.333898,0.622225,0.333853,0.667797,1.24445,0.667706,Paar Δ=0°,1.0017,1.86667,1.00156,0.459409,0.910553,0.45732,0.43098,0.233685,0.4289,0.420763,0.236668,0.418661,0.15412,120,0.266644,0.0154921,0.0153663,0.167632,120,0.24276,0.0114899,0.0114934,0.189418,120,0.187076,0.0106581,0.0106572,9,0.148757,0.0974173,0.187076,1.29254,2.73216,0.054,0.2
0.33391,0.622474,0.333864,0.667821,1.24495,0.667728,Paar Δ=0°,1.00173,1.86742,1.00159,0.459736,0.911042,0.457616,0.431519,0.233961,0.429392,0.421245,0.237066,0.419104,0.154128,120,0.267116,0.0154863,0.0153521,0.167507,120,0.243291,0.0114977,0.011501,0.189445,120,0.187263,0.0106606,0.0106597,9,0.148774,0.0974601,0.187263,1.30609,2.71262,0.055,0.2
0.33393,0.622812,0.333882,0.66786,1.24562,0.667765,Paar Δ=0°,1.00179,1.86843,1.00165,0.460083,0.9117,0.457912,0.432052,0.234875,0.429895,0.421727,0.237411,0.419537,0.154138,120,0.267589,0.0154723,0.0153353,0.185131,120,0.225854,0.0116319,0.0116018,0.189473,120,0.187454,0.0106631,0.0106622,8,0.14879,0.0975037,0.187454,1.24024,2.72862,0.056,0.2
0.333961,0.623208,0.333911,0.667921,1.24642,0.667822,Paar Δ=0°,1.00188,1.86963,1.00173,0.460416,0.912467,0.458206,0.432609,0.235874,0.430396,0.422189,0.237694,0.419973,0.154125,120,0.268064,0.0154572,0.01532,0.1852,120,0.226218,0.0116426,0.0116105,0.189501,120,0.187649,0.0106657,0.0106648,8,0.148807,0.0975482,0.187649,1.25062,2.73332,0.057,0.2
0.334001,0.623635,0.333948,0.668002,1.24727,0.667895,Paar Δ=0°,1.002,1.87091,1.00184,0.460737,0.913279,0.458492,0.43315,0.236854,0.430906,0.422664,0.237906,0.420391,0.154117,120,0.268547,0.0154453,0.0152949,0.185271,120,0.22659,0.0116536,0.0116195,0.18953,120,0.187847,0.0106683,0.0106674,8,0.148824,0.0975935,0.187847,1.26133,2.71882,0.058,0.2
0.334045,0.624059,0.333988,0.668089,1.24812,0.667976,Paar Δ=0°,1.00213,1.87218,1.00196,0.461071,0.914078,0.45878,0.433691,0.237777,0.431394,0.423123,0.238042,0.420825,0.154079,120,0.269045,0.0154232,0.0152612,0.185344,120,0.22697,0.0116649,0.0116285,0.189559,120,0.188049,0.010671,0.0106701,8,0.148842,0.0976396,0.188049,1.27237,2.72003,0.059,0.2
0.334085,0.624455,0.334025,0.66817,1.24891,0.668051,Paar Δ=0°,1.00226,1.87336,1.00208,0.461392,0.914831,0.45906,0.434213,0.238627,0.431884,0.423598,0.238094,0.421248,0.154046,120,0.269552,0.0153926,0.0152344,0.18542,120,0.227358,0.0116766,0.0116378,0.189588,120,0.188255,0.0106737,0.0106728,8,0.14886,0.0976865,0.188255,1.28376,2.73318,0.06,0.2
0.334116,0.624805,0.334054,0.668233,1.24961,0.668108,Paar Δ=0°,1.00235,1.87441,1.00216,0.461713,0.915497,0.459351,0.434724,0.239392,0.432353,0.424078,0.23806,0.421694,0.154015,120,0.270064,0.0153661,0.0152086,0.1855,120,0.227755,0.0116886,0.0116473,0.189618,120,0.188465,0.0106765,0.0106755,8,0.148878,0.0977343,0.188465,1.29551,2.72969,0.061,0.2
0.334135,0.625095,0.33407,0.66827,1.25019,0.668141,Paar Δ=0°,1.0024,1.87529,1.00221,0.462051,0.916059,0.459635,0.435227,0.240069,0.432815,0.424565,0.237935,0.422139,0.15399,120,0.270576,0.0153384,0.0151784,0.185582,120,0.22816,0.011701,0.011657,0.189649,120,0.188678,0.0106793,0.0106783,8,0.148896,0.0977829,0.188679,1.30763,2.70913,0.062,0.2
0.33414,0.625318,0.334075,0.66828,1.25064,0.66815,Paar Δ=0°,1.00242,1.87595,1.00222,0.462387,0.916498,0.45994,0.435723,0.240656,0.433279,0.425074,0.237716,0.422604,0.153996,120,0.271078,0.0153057,0.015145,0.173913,120,0.228573,0.0108555,0.0108536,0.18968,120,0.188896,0.0106821,0.0106812,7,0.148915,0.0978323,0.188896,1.23142,2.72132,0.063,0.2
0.334135,0.625469,0.33407,0.66827,1.25094,0.66814,Paar Δ=0°,1.0024,1.87641,1.00221,0.462731,0.916804,0.460237,0.436233,0.241154,0.433739,0.425576,0.237405,0.423067,0.154011,120,0.271565,0.0152681,0.0151243,0.173865,120,0.228995,0.0108592,0.010857,0.189711,120,0.189118,0.0106851,0.0106841,7,0.148934,0.0978826,0.189118,1.24024,2.73318,0.064,0.2
0.334125,0.625546,0.33406,0.66825,1.25109,0.668121,Paar Δ=0°,1.00237,1.87664,1.00218,0.463091,0.916967,0.460559,0.436741,0.241566,0.434222,0.426091,0.237001,0.423532,0.154056,120,0.272035,0.0152439,0.0150978,0.173816,120,0.229426,0.0108629,0.0108604,0.189743,120,0.189343,0.010688,0.010687,7,0.148953,0.0979337,0.189343,1.24931,2.73041,0.065,0.2
0.334118,0.625551,0.334054,0.668235,1.2511,0.668108,Paar Δ=0°,1.00235,1.87665,1.00216,0.463446,0.916986,0.460868,0.437281,0.241891,0.434705,0.426588,0.2365,0.423991,0.154101,120,0.272487,0.0152157,0.0150639,0.173765,120,0.229866,0.0108665,0.0108636,0.189775,120,0.189572,0.010691,0.01069,7,0.148972,0.0979856,0.189572,1.25862,2.71262,0.066,0.2
0.334123,0.625488,0.33406,0.668246,1.25098,0.668119,Paar Δ=0°,1.00237,1.87646,1.00218,0.463801,0.916863,0.461187,0.437825,0.242132,0.435217,0.427074,0.235907,0.42443,0.154143,120,0.272931,0.0151816,0.0150264,0.173712,120,0.230315,0.0108702,0.0108669,0.189808,120,0.189806,0.0106941,0.0106931,7,0.148992,0.0980384,0.189806,1.26819,2.71104,0.067,0.2
0.334149,0.625363,0.334084,0.668297,1.25073,0.668167,Paar Δ=0°,1.00245,1.87609,1.00225,0.464154,0.916606,0.461489,0.438386,0.242293,0.435729,0.427543,0.235223,0.424862,0.154172,120,0.273371,0.0151477,0.0149902,0.173658,120,0.230773,0.0108739,0.0108703,0.189841,120,0.190043,0.0106972,0.0106962,7,0.149012,0.098092,0.190043,1.27802,2.72862,0.068,0.2
0.334199,0.625185,0.33413,0.668397,1.25037,0.66826,Paar Δ=0°,1.0026,1.87555,1.00239,0.464485,0.916225,0.461787,0.438957,0.242377,0.436257,0.427989,0.234596,0.425267,0.154171,120,0.273819,0.0151185,0.014944,0.173602,120,0.23124,0.0108777,0.0108737,0.189875,120,0.190284,0.0107003,0.0106993,7,0.149033,0.0981465,0.190284,1.28812,2.73387,0.069,0.2
0.33427,0.624963,0.334196,0.66854,1.24993,0.668392,Paar Δ=0°,1.00281,1.87489,1.00259,0.464808,0.915743,0.462064,0.439525,0.242387,0.436784,0.428433,0.234139,0.425674,0.154148,120,0.274285,0.0150812,0.0148881,0.173545,120,0.231716,0.0108815,0.0108771,0.18991,120,0.19053,0.0107035,0.0107025,7,0.149054,0.0982018,0.19053,1.2985,2.72614,0.07,0.2
0.334356,0.624714,0.334275,0.668711,1.24943,0.668549,Paar Δ=0°,1.00307,1.87414,1.00282,0.465119,0.915179,0.462337,0.4401,0.242331,0.437308,0.428859,0.233641,0.426066,0.154085,120,0.274774,0.0150364,0.0148326,0.173485,120,0.232202,0.0108854,0.0108805,0.189945,120,0.190779,0.0107067,0.0107057,7,0.149075,0.0982579,0.190779,1.30917,2.70537,0.071,0.2
0.334446,0.624452,0.334358,0.668891,1.2489,0.668715,Paar Δ=0°,1.00334,1.87336,1.00307,0.465411,0.914574,0.462596,0.440653,0.242218,0.437829,0.429304,0.233121,0.426469,0.154014,120,0.275291,0.0149887,0.0147786,0.176574,120,0.232698,0.0110736,0.0110782,0.189981,120,0.191033,0.01071,0.010709,6,0.149096,0.098315,0.191033,1.22043,2.70759,0.072,0.2
0.33453,0.624197,0.334435,0.669061,1.24839,0.668871,Paar Δ=0°,1.00359,1.87259,1.00331,0.465716,0.913968,0.462859,0.441211,0.242049,0.438329,0.429754,0.232608,0.42688,0.153921,120,0.275834,0.0149435,0.014721,0.17654,120,0.233204,0.0110785,0.0110834,0.190017,120,0.19129,0.0107133,0.0107123,6,0.149118,0.0983728,0.19129,1.22771,2.72586,0.073,0.2
0.334602,0.623972,0.334502,0.669205,1.24794,0.669003,Paar Δ=0°,1.00381,1.87192,1.0035,0.466025,0.91342,0.463128,0.441741,0.241837,0.438829,0.430226,0.232148,0.427314,0.153826,120,0.2764,0.0148905,0.0146607,0.176505,120,0.233719,0.0110835,0.0110887,0.190053,120,0.191552,0.0107167,0.0107157,6,0.14914,0.0984315,0.191552,1.23517,2.73367,0.074,0.2
0.334656,0.623806,0.334551,0.669312,1.24761,0.669101,Paar Δ=0°,1.00397,1.87142,1.00365,0.466343,0.912995,0.463412,0.442268,0.241584,0.439308,0.430728,0.233614,0.427769,0.153749,120,0.27698,0.0148309,0.0146037,0.176469,120,0.234245,0.0110885,0.0110949,0.19009,120,0.191818,0.0107202,0.0107191,6,0.149162,0.0984911,0.191818,1.24281,2.73041,0.075,0.2
0.334688,0.623728,0.334579,0.669376,1.24746,0.669159,Paar Δ=0°,1.00406,1.87118,1.00374,0.466693,0.912776,0.46372,0.442774,0.241301,0.439777,0.431249,0.235256,0.428251,0.153687,120,0.277561,0.0147721,0.0145574,0.176432,120,0.23478,0.0110943,0.0111014,0.190128,120,0.192088,0.0107236,0.0107225,6,0.149185,0.0985516,0.192088,1.25062,2.71585,0.076,0.2
0.334698,0.623773,0.334587,0.669395,1.24755,0.669174,Paar Δ=0°,1.00409,1.87132,1.00376,0.467065,0.912849,0.464041,0.443276,0.240994,0.440239,0.431802,0.236844,0.428753,0.153672,120,0.278131,0.0147206,0.0145127,0.176394,120,0.235326,0.0111005,0.011108,0.190166,120,0.192363,0.010727,0.010726,6,0.149208,0.0986129,0.192363,1.25862,2.69023,0.077,0.2
0.334684,0.623966,0.334573,0.669368,1.24793,0.669147,Paar Δ=0°,1.00405,1.8719,1.00372,0.467451,0.913289,0.464393,0.443769,0.240667,0.440688,0.432373,0.238388,0.429275,0.153697,120,0.278676,0.0146671,0.0144687,0.176354,120,0.235883,0.0111065,0.0111144,0.190204,120,0.192642,0.0107306,0.0107295,6,0.149231,0.098675,0.192642,1.26681,2.70759,0.078,0.2
0.334649,0.624325,0.33454,0.669299,1.24865,0.66908,Paar Δ=0°,1.00395,1.87298,1.00362,0.467858,0.91412,0.464747,0.44426,0.240328,0.441147,0.432948,0.23988,0.429806,0.15376,120,0.279188,0.0146121,0.0144337,0.176313,120,0.23645,0.0111126,0.011121,0.190243,120,0.192925,0.0107341,0.0107331,6,0.149254,0.0987381,0.192925,1.27519,2.72482,0.079,0.2
0.334597,0.624843,0.33449,0.669193,1.24969,0.66898,Paar Δ=0°,1.00379,1.87453,1.00347,0.468273,0.915302,0.465118,0.444755,0.239984,0.441597,0.433536,0.241318,0.430337,0.153877,120,0.279659,0.0145698,0.0144044,0.176273,120,0.237029,0.0111187,0.0111276,0.190282,120,0.193212,0.0107377,0.0107367,6,0.149278,0.098802,0.193212,1.28376,2.73318,0.08,0.2
0.33453,0.625497,0.334428,0.669061,1.25099,0.668857,Paar Δ=0°,1.00359,1.87649,1.00328,0.468678,0.916746,0.465477,0.445248,0.239638,0.442059,0.434103,0.242713,0.430863,0.154018,120,0.280085,0.0145299,0.0143719,0.176231,120,0.237618,0.0111249,0.0111344,0.190322,120,0.193503,0.0107414,0.0107403,6,0.149302,0.0988668,0.193503,1.29254,2.73216,0.081,0.2
0.334458,0.626254,0.334361,0.668916,1.25251,0.668722,Paar Δ=0°,1.00337,1.87876,1.00308,0.469079,0.918363,0.465831,0.445757,0.239295,0.442522,0.434662,0.244053,0.431362,0.154194,120,0.280468,0.0144894,0.0143385,0.176188,120,0.238218,0.0111311,0.0111411,0.190363,120,0.193799,0.0107451,0.010744,6,0.149327,0.0989324,0.193799,1.30152,2.72153,0.082,0.2
0.334389,0.627083,0.334298,0.668777,1.25417,0.668596,Paar Δ=0°,1.00317,1.88125,1.00289,0.46946,0.920071,0.466162,0.446264,0.238964,0.442994,0.435182,0.245341,0.431847,0.15437,120,0.280812,0.0144553,0.014312,0.176143,120,0.23883,0.0111371,0.0111477,0.190403,120,0.1941,0.0107488,0.0107478,6,0.149352,0.098999,0.1941,1.31071,2.70136,0.083,0.2
0.334334,0.627957,0.33425,0.668668,1.25591,0.6685,Paar Δ=0°,1.003,1.88387,1.00275,0.469811,0.921819,0.466478,0.446789,0.238647,0.443474,0.435675,0.246584,0.432291,0.15455,120,0.281125,0.014429,0.0142781,0.198159,120,0.194405,0.0112882,0.0112496,0.190445,120,0.194405,0.0107526,0.0107516,5,0.149377,0.0990664,0.194405,1.20636,2.68223,0.084,0.2
0.33431,0.628855,0.33423,0.668621,1.25771,0.66846,Paar Δ=0°,1.00293,1.88656,1.00269,0.470151,0.923563,0.466765,0.44732,0.238349,0.443961,0.436128,0.247773,0.432749,0.154708,120,0.28142,0.0144011,0.0142365,0.198278,120,0.194714,0.0112967,0.0112563,0.190486,120,0.194714,0.0107566,0.0107554,5,0.149402,0.0991347,0.194714,1.21214,2.70577,0.085,0.2
0.334332,0.629758,0.334252,0.668665,1.25952,0.668505,Paar Δ=0°,1.003,1.88928,1.00276,0.470459,0.925273,0.467039,0.447858,0.238075,0.444462,0.436884,0.248909,0.433458,0.155175,120,0.281709,0.014371,0.0141979,0.198399,120,0.195028,0.0113054,0.0112631,0.190529,120,0.195028,0.0107608,0.0107593,5,0.149428,0.0992039,0.195028,1.21804,2.72255,0.086,0.2
0.334411,0.630655,0.334325,0.668822,1.26131,0.668651,Paar Δ=0°,1.00323,1.89196,1.00298,0.470752,0.926938,0.467288,0.448414,0.237828,0.444966,0.437618,0.25,0.434129,0.15561,120,0.282008,0.0143472,0.0141535,0.198523,120,0.195346,0.0113142,0.01127,0.190572,120,0.195346,0.0107649,0.0107632,5,0.149454,0.099274,0.195346,1.22405,2.73196,0.087,0.2
0.334545,0.631536,0.334447,0.66909,1.26307,0.668895,Paar Δ=0°,1.00364,1.89461,1.00334,0.471035,0.928534,0.467535,0.448971,0.237612,0.445488,0.4383,0.251035,0.434766,0.155973,120,0.282327,0.0143237,0.0141016,0.198649,120,0.195669,0.0113232,0.0112769,0.190615,120,0.195669,0.0107692,0.0107672,5,0.14948,0.099345,0.195669,1.23018,2.73357,0.088,0.2
0.334721,0.63239,0.334608,0.669443,1.26478,0.669216,Paar Δ=0°,1.00416,1.89717,1.00382,0.471304,0.930059,0.467768,0.449549,0.23743,0.44601,0.438937,0.252016,0.435358,0.156258,120,0.282679,0.0142965,0.0140436,0.198777,120,0.195996,0.0113323,0.0112839,0.190658,120,0.195996,0.0107734,0.0107712,5,0.149507,0.0994169,0.195996,1.23643,2.72713,0.089,0.2
0.334922,0.633215,0.334792,0.669845,1.26643,0.669583,Paar Δ=0°,1.00477,1.89965,1.00437,0.471581,0.93151,0.468008,0.450132,0.237282,0.446553,0.43952,0.252949,0.435898,0.156446,120,0.283074,0.0142637,0.0139855,0.198909,120,0.196328,0.0113415,0.011291,0.190702,120,0.196328,0.0107777,0.0107752,5,0.149534,0.0994897,0.196328,1.24281,2.71262,0.09,0.2
0.335133,0.634004,0.334985,0.670265,1.26801,0.66997,Paar Δ=0°,1.0054,1.90201,1.00496,0.471861,0.93288,0.468248,0.450724,0.237169,0.447094,0.440046,0.253825,0.436386,0.15653,120,0.283517,0.0142275,0.013928,0.199042,120,0.196665,0.0113509,0.0112982,0.190747,120,0.196665,0.010782,0.0107792,5,0.149561,0.0995634,0.196665,1.24931,2.69023,0.091,0.2
0.335341,0.63475,0.335178,0.670682,1.2695,0.670355,Paar Δ=0°,1.00602,1.90425,1.00553,0.472143,0.934169,0.468499,0.451331,0.237091,0.447655,0.440534,0.254648,0.43684,0.156523,120,0.28401,0.0141954,0.0138677,0.199179,120,0.197007,0.0113605,0.0113054,0.190792,120,0.197007,0.0107863,0.0107833,5,0.149588,0.099638,0.197007,1.25593,2.67213,0.092,0.2
0.335539,0.635453,0.335361,0.671079,1.27091,0.670722,Paar Δ=0°,1.00662,1.90636,1.00608,0.472446,0.935377,0.468762,0.451936,0.237046,0.448214,0.44097,0.25542,0.437251,0.156414,120,0.284556,0.014158,0.0138063,0.199318,120,0.197353,0.0113703,0.0113127,0.190837,120,0.197353,0.0107907,0.0107876,5,0.149616,0.0997135,0.197353,1.26269,2.69587,0.093,0.2
0.335722,0.636109,0.33553,0.671443,1.27222,0.671061,Paar Δ=0°,1.00716,1.90833,1.00659,0.472761,0.936505,0.469033,0.45256,0.237031,0.448786,0.441377,0.256135,0.437624,0.156228,120,0.285149,0.0141167,0.013746,0.19946,120,0.197704,0.0113803,0.0113201,0.190883,120,0.197704,0.0107952,0.010792,5,0.149644,0.0997899,0.197704,1.26958,2.71427,0.094,0.2
0.335884,0.636715,0.335681,0.671768,1.27343,0.671362,Paar Δ=0°,1.00765,1.91015,1.00704,0.473085,0.937556,0.469325,0.45318,0.237042,0.449357,0.441755,0.256805,0.437977,0.155968,120,0.285786,0.0140701,0.0136888,0.199605,120,0.19806,0.0113904,0.0113276,0.190929,120,0.19806,0.0107997,0.0107966,5,0.149673,0.0998672,0.19806,1.2766,2.72685,0.095,0.2
0.336023,0.637273,0.33581,0.672047,1.27455,0.67162,Paar Δ=0°,1.00807,1.91182,1.00743,0.473427,0.938529,0.469621,0.453806,0.237074,0.449933,0.442114,0.257421,0.438315,0.155656,120,0.286458,0.0140214,0.0136422,0.199752,120,0.19842,0.0114008,0.0113352,0.190976,120,0.19842,0.0108043,0.0108012,5,0.149702,0.0999455,0.19842,1.28376,2.73318,0.096,0.2
0.336138,0.637781,0.335916,0.672276,1.27556,0.671832,Paar Δ=0°,1.00841,1.91334,1.00775,0.473787,0.939425,0.469941,0.454432,0.237124,0.450509,0.442466,0.257996,0.438638,0.155311,120,0.287155,0.0139791,0.0135992,0.199903,120,0.198785,0.0114113,0.0113428,0.191024,120,0.198785,0.0108089,0.0108058,5,0.149731,0.100025,0.198786,1.29106,2.733,0.097,0.2
0.336227,0.638236,0.335998,0.672454,1.27647,0.671995,Paar Δ=0°,1.00868,1.91471,1.00799,0.474155,0.940244,0.470267,0.455053,0.237186,0.451078,0.442815,0.258521,0.438966,0.154948,120,0.287867,0.0139336,0.0135595,0.200057,120,0.199156,0.0114221,0.0113507,0.191071,120,0.199156,0.0108136,0.0108105,5,0.14976,0.100105,0.199156,1.2985,2.72614,0.098,0.2
0.336289,0.638638,0.336054,0.672579,1.27728,0.672108,Paar Δ=0°,1.00887,1.91591,1.00816,0.474536,0.940989,0.470608,0.455673,0.237256,0.45165,0.443172,0.259012,0.439298,0.154589,120,0.288582,0.0138856,0.0135236,0.200213,120,0.199531,0.0114329,0.0113588,0.191119,120,0.199531,0.0108183,0.0108151,5,0.14979,0.100186,0.199531,1.30609,2.71262,0.099,0.2
0.336324,0.638987,0.336084,0.672648,1.27797,0.672168,Paar Δ=0°,1.00897,1.91696,1.00825,0.474938,0.941658,0.470962,0.456278,0.237329,0.452207,0.443545,0.259461,0.439641,0.154258,120,0.289287,0.0138374,0.0134993,0.200373,120,0.199912,0.011444,0.0113671,0.191168,120,0.199912,0.0108229,0.0108198,5,0.14982,0.100268,0.199912,1.31383,2.69258,0.1,0.2
0.336332,0.639287,0.336088,0.672664,1.27857,0.672176,Paar Δ=0°,1.009,1.91786,1.00826,0.475349,0.942254,0.471323,0.45688,0.237406,0.452759,0.443931,0.259878,0.440006,0.153961,120,0.289969,0.0137984,0.0134819,0.178363,120,0.200297,0.0101672,0.0101539,0.191217,120,0.200297,0.0108277,0.0108246,4,0.14985,0.100351,0.200297,1.18859,2.66632,0.101,0.2
0.336312,0.639533,0.336066,0.672623,1.27907,0.672132,Paar Δ=0°,1.00893,1.9186,1.0082,0.475769,0.94278,0.471706,0.45746,0.237483,0.453298,0.444446,0.260265,0.440391,0.153829,120,0.290617,0.0137572,0.0134661,0.178368,120,0.200688,0.01017,0.0101559,0.191266,120,0.200688,0.0108324,0.0108294,4,0.149881,0.100435,0.200688,1.19293,2.66679,0.102,0.2
0.336263,0.639726,0.336017,0.672526,1.27945,0.672035,Paar Δ=0°,1.00879,1.91918,1.00805,0.476212,0.943231,0.472092,0.458035,0.237563,0.453816,0.445232,0.260622,0.441023,0.154014,120,0.291219,0.0137135,0.0134552,0.178373,120,0.201083,0.0101728,0.0101579,0.191316,120,0.201083,0.0108373,0.0108342,4,0.149912,0.100519,0.201083,1.19733,2.68928,0.103,0.2
0.336187,0.639866,0.335942,0.672374,1.27973,0.671884,Paar Δ=0°,1.00856,1.9196,1.00783,0.476666,0.943606,0.472499,0.458582,0.237648,0.454328,0.446018,0.260956,0.441741,0.154254,120,0.291764,0.0136832,0.0134545,0.178378,120,0.201484,0.0101756,0.0101599,0.191366,120,0.201484,0.0108421,0.0108391,4,0.149943,0.100605,0.201484,1.20181,2.70759,0.104,0.2
0.336084,0.639957,0.335841,0.672168,1.27991,0.671683,Paar Δ=0°,1.00825,1.91987,1.00752,0.477129,0.943905,0.472914,0.459119,0.237744,0.454817,0.446799,0.261272,0.442458,0.154555,120,0.292244,0.0136502,0.013452,0.178383,120,0.20189,0.0101784,0.0101618,0.191417,120,0.20189,0.0108471,0.0108441,4,0.149974,0.100692,0.20189,1.20636,2.72132,0.105,0.2
0.335954,0.639996,0.335716,0.671908,1.27999,0.671431,Paar Δ=0°,1.00786,1.91999,1.00715,0.477611,0.944126,0.473342,0.459627,0.23786,0.455286,0.447568,0.26157,0.44316,0.154915,120,0.292653,0.0136184,0.0134539,0.178388,120,0.202301,0.0101813,0.010164,0.191469,120,0.202301,0.010852,0.0108491,4,0.150006,0.100779,0.202301,1.21097,2.73015,0.106,0.2
0.335798,0.639983,0.335566,0.671597,1.27997,0.671131,Paar Δ=0°,1.00739,1.91995,1.0067,0.478105,0.944274,0.473782,0.460124,0.238007,0.455741,0.448309,0.261853,0.443834,0.15532,120,0.292989,0.013596,0.0134596,0.178393,120,0.202718,0.010184,0.0101663,0.191521,120,0.202718,0.010857,0.010854,4,0.150039,0.100868,0.202718,1.21566,2.73382,0.107,0.2
0.335618,0.63992,0.335393,0.671236,1.27984,0.670787,Paar Δ=0°,1.00685,1.91976,1.00618,0.478604,0.944344,0.474227,0.460592,0.238197,0.456172,0.44902,0.262124,0.444486,0.155773,120,0.293247,0.0135707,0.0134597,0.178397,120,0.20314,0.0101868,0.0101686,0.191574,120,0.20314,0.0108619,0.010859,4,0.150071,0.100958,0.20314,1.22043,2.73216,0.108,0.2
0.335415,0.639811,0.335201,0.67083,1.27962,0.670401,Paar Δ=0°,1.00625,1.91943,1.0056,0.479113,0.944333,0.474682,0.461047,0.238445,0.456586,0.449688,0.262386,0.445094,0.156257,120,0.293431,0.0135533,0.0134685,0.178401,120,0.203567,0.0101896,0.0101709,0.191627,120,0.203567,0.0108669,0.010864,4,0.150104,0.101048,0.203567,1.22527,2.72509,0.109,0.2
0.335193,0.639655,0.33499,0.670385,1.27931,0.66998,Paar Δ=0°,1.00558,1.91897,1.00497,0.479626,0.944239,0.475133,0.461476,0.238762,0.456985,0.450305,0.26264,0.445654,0.156762,120,0.293543,0.0135397,0.0134718,0.178404,120,0.204,0.0101924,0.0101731,0.191681,120,0.204,0.0108719,0.0108691,4,0.150137,0.10114,0.204,1.23018,2.71262,0.11,0.2
0.334954,0.639454,0.334766,0.669908,1.27891,0.669532,Paar Δ=0°,1.00486,1.91836,1.0043,0.480128,0.944061,0.475586,0.461894,0.239157,0.457362,0.450875,0.262888,0.446172,0.157281,120,0.293593,0.0135229,0.013471,0.178408,120,0.204438,0.0101953,0.0101754,0.191735,120,0.204438,0.010877,0.0108742,4,0.150171,0.101232,0.204438,1.23517,2.69487,0.111,0.2
0.334704,0.639208,0.334533,0.669408,1.27842,0.669067,Paar Δ=0°,1.00411,1.91762,1.0036,0.480633,0.9438,0.476026,0.46229,0.239635,0.457732,0.451379,0.26313,0.446634,0.15779,120,0.293589,0.013518,0.013473,0.178411,120,0.204882,0.0101981,0.0101777,0.191789,120,0.204882,0.0108824,0.0108794,4,0.150204,0.101326,0.204882,1.24024,2.67205,0.112,0.2
0.334449,0.638921,0.334299,0.668898,1.27784,0.668598,Paar Δ=0°,1.00335,1.91676,1.0029,0.481115,0.943456,0.476455,0.46268,0.240195,0.458086,0.451828,0.263367,0.447037,0.158289,120,0.29354,0.0135124,0.0134659,0.178414,120,0.205331,0.010201,0.01018,0.191845,120,0.205331,0.0108881,0.0108847,4,0.150238,0.10142,0.205331,1.24539,2.64445,0.113,0.2
0.334198,0.638594,0.334072,0.668397,1.27719,0.668144,Paar Δ=0°,1.0026,1.91578,1.00222,0.481577,0.943023,0.47686,0.463051,0.240836,0.458428,0.45234,0.263596,0.447771,0.158881,120,0.293459,0.013505,0.013457,0.178416,120,0.205786,0.0102038,0.0101822,0.1919,120,0.205786,0.0108937,0.0108898,4,0.150273,0.101516,0.205786,1.25062,2.64968,0.114,0.2
0.333966,0.638229,0.333868,0.667932,1.27646,0.667736,Paar Δ=0°,1.0019,1.91469,1.0016,0.48201,0.9425,0.477236,0.463424,0.241552,0.458768,0.453224,0.263817,0.448589,0.159865,120,0.293359,0.0135068,0.0134457,0.178418,120,0.206247,0.0102065,0.0101843,0.191955,120,0.206247,0.0108993,0.010895,4,0.150308,0.101612,0.206247,1.25593,2.67213,0.115,0.2
0.333776,0.637828,0.333711,0.667552,1.27566,0.667421,Paar Δ=0°,1.00133,1.91348,1.00113,0.482405,0.941884,0.477583,0.463783,0.242337,0.459097,0.454115,0.264027,0.449407,0.160862,120,0.293253,0.0135086,0.0134253,0.17842,120,0.206713,0.0102093,0.0101864,0.192012,120,0.206713,0.0109049,0.0109003,4,0.150343,0.101709,0.206713,1.26133,2.69153,0.116,0.2
0.333688,0.637392,0.333657,0.667375,1.27478,0.667314,Paar Δ=0°,1.00106,1.91218,1.00097,0.482762,0.941175,0.477884,0.464148,0.243185,0.459433,0.455005,0.264223,0.450237,0.161849,120,0.293156,0.0135082,0.0133977,0.178422,120,0.207186,0.0102121,0.0101886,0.192068,120,0.207186,0.0109107,0.0109061,4,0.150378,0.101808,0.207186,1.26681,2.70759,0.117,0.2
0.333978,0.636923,0.333866,0.667956,1.27385,0.667731,Paar Δ=0°,1.00193,1.91077,1.0016,0.483068,0.940373,0.47815,0.46451,0.244086,0.459763,0.455897,0.264404,0.451054,0.162818,120,0.293079,0.0135062,0.0133704,0.178423,120,0.207664,0.010215,0.0101907,0.192125,120,0.207664,0.0109165,0.0109119,4,0.150414,0.101907,0.207664,1.27237,2.72003,0.118,0.2
0.334447,0.636422,0.334262,0.668895,1.27284,0.668524,Paar Δ=0°,1.00334,1.90927,1.00279,0.483329,0.939476,0.478366,0.464877,0.245034,0.460104,0.456769,0.264565,0.451867,0.163736,120,0.293033,0.0135099,0.0133355,0.178424,120,0.208148,0.0102178,0.0101928,0.192183,120,0.208148,0.0109223,0.0109178,4,0.15045,0.102008,0.208148,1.27802,2.72862,0.119,0.2
0.334953,0.635892,0.334713,0.669907,1.27178,0.669426,Paar Δ=0°,1.00486,1.90768,1.00414,0.483535,0.938486,0.478532,0.465258,0.246019,0.460447,0.457634,0.264709,0.452661,0.164603,120,0.293031,0.0135113,0.0132922,0.178424,120,0.208638,0.0102205,0.0101948,0.19224,120,0.208638,0.010928,0.0109236,4,0.150486,0.102109,0.208638,1.28376,2.73318,0.12,0.2
0.33547,0.635337,0.335184,0.670939,1.27067,0.670368,Paar Δ=0°,1.00641,1.90601,1.00555,0.483693,0.937404,0.478658,0.465645,0.247038,0.460808,0.458466,0.264831,0.453432,0.165389,120,0.293078,0.0135108,0.0132433,0.178423,120,0.209134,0.0102232,0.0101967,0.192298,120,0.209134,0.0109338,0.0109295,4,0.150523,0.102212,0.209134,1.28959,2.73357,0.121,0.2
0.335984,0.634754,0.335658,0.671967,1.26951,0.671317,Paar Δ=0°,1.00795,1.90426,1.00698,0.483799,0.93623,0.478733,0.466052,0.248082,0.461177,0.459283,0.264929,0.454186,0.166098,120,0.293185,0.0135064,0.0131883,0.178423,120,0.209636,0.010226,0.0101986,0.192357,120,0.209636,0.0109396,0.0109354,4,0.150559,0.102315,0.209636,1.29551,2.72969,0.122,0.2
0.336489,0.634149,0.336128,0.672978,1.2683,0.672256,Paar Δ=0°,1.00947,1.90245,1.00838,0.483864,0.93497,0.47877,0.466481,0.249146,0.461573,0.460063,0.265003,0.45491,0.166706,120,0.293357,0.0134994,0.0131335,0.178422,120,0.210144,0.0102293,0.0102005,0.192416,120,0.210144,0.0109455,0.0109413,4,0.150597,0.10242,0.210144,1.30152,2.72153,0.123,0.2
0.33698,0.633525,0.336588,0.67396,1.26705,0.673175,Paar Δ=0°,1.01094,1.90058,1.00976,0.483885,0.933628,0.478772,0.466932,0.250226,0.461985,0.460824,0.265053,0.455607,0.167226,120,0.293598,0.0134893,0.0130743,0.178421,120,0.210658,0.0102326,0.0102024,0.192475,120,0.210658,0.0109514,0.0109473,4,0.150634,0.102525,0.210658,1.30763,2.70913,0.124,0.2
0.337455,0.632885,0.337033,0.67491,1.26577,0.674065,Paar Δ=0°,1.01236,1.89865,1.0111,0.48388,0.932208,0.478742,0.467408,0.25132,0.462428,0.461549,0.265086,0.456283,0.167637,120,0.293912,0.0134756,0.0130111,0.178419,120,0.211179,0.0102358,0.0102047,0.192535,120,0.211179,0.0109573,0.0109533,4,0.150672,0.102632,0.211179,1.31383,2.69258,0.125,0.2
0.337911,0.632231,0.337462,0.675822,1.26446,0.674924,Paar Δ=0°,1.01373,1.89669,1.01239,0.483844,0.930716,0.478698,0.467924,0.252426,0.462899,0.462251,0.2651,0.45693,0.167951,120,0.2943,0.0134594,0.0129453,0.192595,120,0.211706,0.0109631,0.0109592,0.192595,120,0.211706,0.0109631,0.0109592,3,0.15071,0.10274,0.211706,1.16202,2.67205,0.126,0.2
0.338348,0.631572,0.337873,0.676695,1.26314,0.675747,Paar Δ=0°,1.01504,1.89471,1.01362,0.483805,0.929159,0.478639,0.468474,0.25354,0.463399,0.462928,0.265096,0.457552,0.168164,120,0.294764,0.013442,0.0128782,0.192655,120,0.212239,0.010969,0.0109652,0.192655,120,0.212239,0.010969,0.0109652,3,0.150749,0.102848,0.212239,1.16495,2.64774,0.127,0.2
0.338764,0.630908,0.338266,0.677527,1.26182,0.676532,Paar Δ=0°,1.01629,1.89272,1.0148,0.483759,0.927554,0.478584,0.46906,0.254664,0.463943,0.463583,0.265085,0.458162,0.168281,120,0.295302,0.0134214,0.0128107,0.192717,120,0.212779,0.0109749,0.0109712,0.192717,120,0.212779,0.0109749,0.0109712,3,0.150788,0.102958,0.212779,1.16791,2.61991,0.128,0.2
0.339159,0.630247,0.338639,0.678318,1.26049,0.677279,Paar Δ=0°,1.01748,1.89074,1.01592,0.48372,0.925902,0.478536,0.469686,0.255797,0.46452,0.464222,0.265067,0.458753,0.168309,120,0.295913,0.0133979,0.0127438,0.19278,120,0.213325,0.0109813,0.0109773,0.19278,120,0.213325,0.0109813,0.0109773,3,0.150827,0.103069,0.213325,1.17091,2.62116,0.129,0.2
0.339534,0.629593,0.338993,0.679068,1.25919,0.677987,Paar Δ=0°,1.0186,1.88878,1.01698,0.483706,0.924221,0.478508,0.470361,0.256941,0.465136,0.464845,0.26505,0.459327,0.168249,120,0.296596,0.0133718,0.0126783,0.192842,120,0.213878,0.0109878,0.0109833,0.192842,120,0.213878,0.0109878,0.0109833,3,0.150867,0.103181,0.213878,1.17395,2.64362,0.13,0.2
0.339888,0.628957,0.339328,0.679777,1.25791,0.678655,Paar Δ=0°,1.01967,1.88687,1.01798,0.483724,0.922521,0.478515,0.471081,0.258096,0.465801,0.465465,0.265036,0.459901,0.168116,120,0.297349,0.0133428,0.0126145,0.192905,120,0.214438,0.0109944,0.0109893,0.192905,120,0.214438,0.0109944,0.0109893,3,0.150906,0.103294,0.214438,1.17702,2.66405,0.131,0.2
0.340223,0.62834,0.339644,0.680445,1.25668,0.679287,Paar Δ=0°,1.02067,1.88502,1.01893,0.483782,0.920814,0.478559,0.471847,0.259263,0.466504,0.466073,0.265038,0.460467,0.167907,120,0.298166,0.013312,0.0125536,0.192969,120,0.215004,0.011001,0.0109957,0.192969,120,0.215004,0.011001,0.0109957,3,0.150947,0.103408,0.215004,1.18012,2.68223,0.132,0.2
0.340538,0.627756,0.339941,0.681076,1.25551,0.679882,Paar Δ=0°,1.02161,1.88327,1.01982,0.483891,0.919116,0.47865,0.472657,0.260446,0.467248,0.466688,0.265055,0.461028,0.167644,120,0.299045,0.0132798,0.0124963,0.193032,120,0.215577,0.0110076,0.0110025,0.193032,120,0.215577,0.0110076,0.0110025,3,0.150987,0.103523,0.215577,1.18327,2.69796,0.133,0.2
0.340834,0.627209,0.340219,0.681668,1.25442,0.680438,Paar Δ=0°,1.0225,1.88163,1.02066,0.484059,0.917448,0.478803,0.473512,0.261645,0.468041,0.467297,0.265095,0.461598,0.167318,120,0.29998,0.0132467,0.0124432,0.193097,120,0.216156,0.0110143,0.0110093,0.193097,120,0.216156,0.0110143,0.0110093,3,0.151028,0.103639,0.216157,1.18645,2.71104,0.134,0.2
0.341111,0.626713,0.34048,0.682221,1.25343,0.68096,Paar Δ=0°,1.02333,1.88014,1.02144,0.484296,0.915825,0.479018,0.474418,0.262865,0.46887,0.467921,0.265167,0.462167,0.166954,120,0.300967,0.0132119,0.0123947,0.193161,120,0.216743,0.0110208,0.0110159,0.193161,120,0.216743,0.0110208,0.0110159,3,0.151069,0.103756,0.216743,1.18967,2.72132,0.135,0.2
0.34137,0.626278,0.340724,0.68274,1.25256,0.681447,Paar Δ=0°,1.02411,1.87883,1.02217,0.484606,0.914272,0.479302,0.475365,0.264106,0.469738,0.468542,0.265274,0.462743,0.166541,120,0.302002,0.0131765,0.0123535,0.193225,120,0.217337,0.0110274,0.0110227,0.193225,120,0.217337,0.0110274,0.0110227,3,0.151111,0.103875,0.217337,1.19293,2.72862,0.136,0.2
0.341612,0.625919,0.340949,0.683223,1.25184,0.681899,Paar Δ=0°,1.02483,1.87776,1.02285,0.484994,0.912816,0.479657,0.47635,0.26537,0.470647,0.469181,0.26542,0.463327,0.166105,120,0.303077,0.0131446,0.0123175,0.193291,120,0.217938,0.011034,0.0110295,0.193291,120,0.217938,0.011034,0.0110295,3,0.151152,0.103994,0.217938,1.19623,2.73284,0.137,0.2
0.341835,0.625655,0.341159,0.68367,1.25131,0.682318,Paar Δ=0°,1.02551,1.87696,1.02348,0.485463,0.9115,0.480086,0.477368,0.266659,0.471584,0.46982,0.26561,0.463913,0.165632,120,0.304188,0.0131134,0.0122861,0.193356,120,0.218545,0.0110406,0.0110363,0.193356,120,0.218545,0.0110406,0.0110363,3,0.151194,0.104115,0.218546,1.19956,2.73387,0.138,0.2
0.342042,0.625508,0.341352,0.684085,1.25102,0.682704,Paar Δ=0°,1.02613,1.87652,1.02406,0.486015,0.910374,0.480591,0.478425,0.267974,0.472555,0.470476,0.265849,0.464513,0.165148,120,0.305328,0.0130821,0.0122597,0.193422,120,0.219161,0.0110471,0.0110429,0.193422,120,0.219161,0.0110471,0.0110429,3,0.151237,0.104236,0.219161,1.20294,2.73165,0.139,0.2
0.342232,0.625511,0.341528,0.684465,1.25102,0.683056,Paar Δ=0°,1.0267,1.87653,1.02458,0.486649,0.909527,0.481172,0.479507,0.269316,0.473548,0.471132,0.266139,0.46511,0.164641,120,0.306491,0.0130502,0.0122378,0.193487,120,0.219783,0.0110536,0.0110496,0.193487,120,0.219783,0.0110536,0.0110496,3,0.15128,0.104359,0.219783,1.20636,2.72614,0.14,0.2
0.342405,0.625705,0.341688,0.68481,1.25141,0.683376,Paar Δ=0°,1.02722,1.87712,1.02506,0.487364,0.909143,0.481831,0.480607,0.270688,0.474564,0.471802,0.266485,0.46572,0.16413,120,0.307672,0.0130169,0.0122196,0.193554,120,0.220412,0.0110602,0.0110564,0.193554,120,0.220412,0.0110602,0.0110564,3,0.151323,0.104483,0.220413,1.20981,2.71737,0.141,0.2
0.342561,0.626144,0.341831,0.685123,1.25229,0.683662,Paar Δ=0°,1.02768,1.87843,1.02549,0.488156,0.910273,0.48256,0.481731,0.272094,0.475593,0.472468,0.266887,0.466325,0.163607,120,0.308861,0.0129892,0.0122102,0.193621,120,0.22105,0.0110675,0.0110631,0.193621,120,0.22105,0.0110675,0.0110631,3,0.151366,0.104608,0.22105,1.21331,2.70537,0.142,0.2
0.3427,0.626856,0.341958,0.685399,1.25371,0.683915,Paar Δ=0°,1.0281,1.88057,1.02587,0.489022,0.913177,0.483356,0.482862,0.27353,0.476634,0.473141,0.267351,0.466932,0.163088,120,0.310053,0.0129625,0.0122068,0.193689,120,0.221694,0.0110747,0.0110697,0.193689,120,0.221694,0.0110747,0.0110697,3,0.15141,0.104734,0.221694,1.21685,2.69023,0.143,0.2
0.342821,0.627816,0.342067,0.685643,1.25563,0.684133,Paar Δ=0°,1.02846,1.88345,1.0262,0.489956,0.916473,0.484212,0.483998,0.274999,0.477676,0.473808,0.267874,0.467534,0.162568,120,0.31124,0.0129338,0.0122059,0.193758,120,0.222347,0.0110821,0.0110768,0.193758,120,0.222347,0.0110821,0.0110768,3,0.151454,0.104862,0.222347,1.22043,2.67205,0.144,0.2
0.342925,0.628961,0.342159,0.685849,1.25792,0.684319,Paar Δ=0°,1.02877,1.88688,1.02648,0.490953,0.919983,0.485123,0.485134,0.276501,0.478722,0.474473,0.268458,0.468126,0.162057,120,0.312416,0.0129064,0.0122064,0.193827,120,0.223006,0.0110895,0.0110844,0.193827,120,0.223006,0.0110895,0.0110844,3,0.151498,0.10499,0.223006,1.22405,2.65098,0.145,0.2
0.34301,0.630239,0.342233,0.68602,1.26048,0.684466,Paar Δ=0°,1.02903,1.89072,1.0267,0.492005,0.923641,0.486083,0.486262,0.27804,0.479756,0.475127,0.269102,0.468713,0.161556,120,0.313571,0.0128834,0.0122186,0.193896,120,0.223674,0.0110967,0.0110919,0.193896,120,0.223674,0.0110967,0.0110919,3,0.151543,0.10512,0.223674,1.22771,2.62718,0.146,0.2
0.343076,0.631615,0.34229,0.686153,1.26323,0.68458,Paar Δ=0°,1.02923,1.89485,1.02687,0.493104,0.927409,0.487088,0.487378,0.279613,0.480781,0.475768,0.269807,0.469278,0.161068,120,0.314699,0.0128566,0.0122311,0.193965,120,0.22435,0.0111038,0.0110993,0.193965,120,0.22435,0.0111038,0.0110993,3,0.151588,0.105251,0.22435,1.23142,2.60085,0.147,0.2
0.343124,0.633068,0.342327,0.686248,1.26614,0.684654,Paar Δ=0°,1.02937,1.8992,1.02698,0.494239,0.93126,0.488122,0.488474,0.281219,0.481789,0.476395,0.270572,0.469833,0.160604,120,0.315792,0.0128348,0.0122454,0.194035,120,0.225033,0.0111111,0.0111068,0.194035,120,0.225033,0.0111111,0.0111068,3,0.151634,0.105383,0.225033,1.23517,2.5722,0.148,0.2
0.343151,0.63458,0.342345,0.686302,1.26916,0.68469,Paar Δ=0°,1.02945,1.90374,1.02703,0.4954,0.93518,0.489177,0.489543,0.282863,0.482771,0.476998,0.271397,0.470361,0.160156,120,0.316842,0.0128118,0.0122681,0.194105,120,0.225724,0.0111182,0.0111142,0.194105,120,0.225724,0.0111182,0.0111142,3,0.151679,0.105516,0.225724,1.23897,2.58964,0.149,0.2
0.343158,0.636143,0.342343,0.686316,1.27229,0.684686,Paar Δ=0°,1.02947,1.90843,1.02703,0.496578,0.939152,0.490253,0.490587,0.28454,0.483723,0.477584,0.272278,0.470865,0.159742,120,0.317841,0.0127887,0.0122878,0.194175,120,0.226424,0.0111252,0.0111215,0.194175,120,0.226424,0.0111252,0.0111215,3,0.151725,0.10565,0.226424,1.24281,2.61097,0.15,0.2
0.343143,0.637746,0.34232,0.686285,1.27549,0.68464,Paar Δ=0°,1.02943,1.91324,1.02696,0.497769,0.94317,0.491327,0.491591,0.286248,0.484648,0.47814,0.273212,0.471344,0.159358,120,0.318782,0.0127687,0.0123168,0.194246,120,0.227132,0.0111323,0.0111289,0.194246,120,0.227132,0.0111323,0.0111289,3,0.151772,0.105786,0.227132,1.24669,2.63102,0.151,0.2
0.343107,0.639384,0.342276,0.686213,1.27877,0.684552,Paar Δ=0°,1.02932,1.91815,1.02683,0.498953,0.947222,0.492404,0.492555,0.287991,0.485534,0.478665,0.274196,0.471785,0.159008,120,0.319657,0.0127465,0.0123428,0.194317,120,0.227848,0.0111399,0.0111362,0.194317,120,0.227848,0.0111399,0.0111362,3,0.151818,0.105922,0.227848,1.25062,2.64968,0.152,0.2
0.343047,0.641051,0.34221,0.686095,1.2821,0.68442,Paar Δ=0°,1.02914,1.92315,1.02663,0.500125,0.951298,0.49346,0.493479,0.28976,0.486377,0.479165,0.275227,0.472204,0.158704,120,0.32046,0.0127276,0.0123756,0.194387,120,0.228572,0.0111478,0.0111433,0.194387,120,0.228572,0.0111478,0.0111433,3,0.151866,0.10606,0.228572,1.2546,2.66679,0.153,0.2
0.342965,0.642743,0.342121,0.68593,1.28549,0.684243,Paar Δ=0°,1.02889,1.92823,1.02636,0.501275,0.955392,0.494499,0.49435,0.291562,0.487175,0.479626,0.276553,0.472582,0.158443,120,0.321183,0.0127077,0.0124053,0.194459,120,0.229305,0.0111558,0.0111512,0.194459,120,0.229305,0.0111558,0.0111512,3,0.151913,0.106199,0.229305,1.25862,2.68223,0.154,0.2
0.342859,0.644456,0.34201,0.685717,1.28891,0.68402,Paar Δ=0°,1.02858,1.93337,1.02603,0.502391,0.959499,0.495503,0.495168,0.293384,0.487924,0.48017,0.279049,0.472954,0.158349,120,0.321821,0.0126888,0.0124428,0.194533,120,0.230046,0.0111637,0.0111595,0.194533,120,0.230046,0.0111637,0.0111595,3,0.151961,0.106339,0.230046,1.26269,2.69587,0.155,0.2
0.342727,0.646185,0.341874,0.685454,1.29237,0.683748,Paar Δ=0°,1.02818,1.93855,1.02562,0.503464,0.963604,0.496462,0.495933,0.295231,0.488623,0.481377,0.281565,0.47405,0.159009,120,0.322368,0.0126717,0.0124748,0.194606,120,0.230796,0.0111714,0.0111675,0.194606,120,0.230796,0.0111714,0.0111675,3,0.152009,0.106481,0.230796,1.26681,2.70759,0.156,0.2
0.342571,0.647928,0.341714,0.685142,1.29586,0.683428,Paar Δ=0°,1.02771,1.94378,1.02514,0.504489,0.967705,0.497377,0.496643,0.297094,0.489268,0.482532,0.284098,0.475099,0.159713,120,0.322819,0.012651,0.0125143,0.19468,120,0.231555,0.0111791,0.0111757,0.19468,120,0.231555,0.0111791,0.0111757,3,0.152057,0.106624,0.231555,1.27097,2.71727,0.157,0.2
0.342389,0.649681,0.341529,0.684778,1.29936,0.683059,Paar Δ=0°,1.02717,1.94904,1.02459,0.505448,0.971791,0.498235,0.497293,0.298969,0.48986,0.483641,0.286646,0.476102,0.160471,120,0.32317,0.0126381,0.0125511,0.194754,120,0.232323,0.0111867,0.0111837,0.194754,120,0.232323,0.0111867,0.0111837,3,0.152106,0.106768,0.232323,1.27519,2.72482,0.158,0.2
0.342181,0.651441,0.341319,0.684361,1.30288,0.682639,Paar Δ=0°,1.02654,1.95432,1.02396,0.506344,0.975858,0.499027,0.497881,0.300857,0.490396,0.484693,0.289206,0.477047,0.161275,120,0.323418,0.0126208,0.0125881,0.194828,120,0.2331,0.0111941,0.0111915,0.194828,120,0.2331,0.0111941,0.0111915,3,0.152155,0.106913,0.2331,1.27945,2.73015,0.159,0.2
0.341946,0.653205,0.341083,0.683892,1.30641,0.682167,Paar Δ=0°,1.02584,1.95962,1.02325,0.507167,0.979893,0.499749,0.498408,0.302748,0.490875,0.485683,0.291774,0.477932,0.162121,120,0.323562,0.0126069,0.0126287,0.194902,120,0.233885,0.0112016,0.0111994,0.194902,120,0.233885,0.0112016,0.0111994,3,0.152204,0.107059,0.233885,1.28376,2.73318,0.16,0.2
0.341685,0.65497,0.340823,0.683369,1.30994,0.681645,Paar Δ=0°,1.02505,1.96491,1.02247,0.507907,0.983895,0.500395,0.498875,0.304638,0.491296,0.486609,0.294346,0.478754,0.16301,120,0.3236,0.0125949,0.0126646,0.194976,120,0.23468,0.01121,0.011207,0.194976,120,0.23468,0.01121,0.011207,3,0.152254,0.107207,0.23468,1.28812,2.73387,0.161,0.2
0.341395,0.656732,0.340535,0.682791,1.31346,0.681071,Paar Δ=0°,1.02419,1.9702,1.02161,0.50856,0.987855,0.500962,0.499286,0.306521,0.49166,0.487471,0.29692,0.479511,0.163939,120,0.323532,0.0125793,0.012705,0.19505,120,0.235484,0.0112185,0.011215,0.19505,120,0.235484,0.0112185,0.011215,3,0.152304,0.107356,0.235484,1.29254,2.73216,0.162,0.2
0.34108,0.65849,0.340222,0.68216,1.31698,0.680444,Paar Δ=0°,1.02324,1.97547,1.02067,0.509129,0.991765,0.501447,0.499639,0.308393,0.491966,0.48827,0.299491,0.480206,0.164911,120,0.32336,0.0125724,0.0127437,0.195125,120,0.236298,0.0112269,0.0112239,0.195125,120,0.236298,0.0112269,0.0112239,3,0.152354,0.107506,0.236298,1.297,2.72805,0.163,0.2
0.340737,0.660242,0.339883,0.681474,1.32048,0.679766,Paar Δ=0°,1.02221,1.98073,1.01965,0.509607,0.995619,0.501849,0.499935,0.310253,0.492217,0.489002,0.302055,0.480833,0.165916,120,0.323085,0.0125629,0.0127779,0.195201,120,0.237121,0.0112351,0.0112326,0.195201,120,0.237121,0.0112351,0.0112326,3,0.152405,0.107658,0.237121,1.30152,2.72153,0.164,0.2
0.340367,0.661984,0.339518,0.680734,1.32397,0.679037,Paar Δ=0°,1.0211,1.98595,1.01856,0.509992,0.999413,0.502164,0.500176,0.312091,0.492414,0.489665,0.304607,0.481391,0.166952,120,0.322713,0.0125546,0.0128185,0.195278,120,0.237953,0.0112433,0.0112413,0.195278,120,0.237953,0.0112433,0.0112413,3,0.152456,0.107811,0.237954,1.30609,2.71262,0.165,0.2
0.339971,0.663716,0.339128,0.679942,1.32743,0.678256,Paar Δ=0°,1.01991,1.99115,1.01738,0.510283,1.00314,0.502393,0.500365,0.313904,0.492564,0.490261,0.307143,0.48188,0.168013,120,0.322248,0.0125511,0.0128532,0.195355,120,0.238796,0.0112512,0.0112497,0.195355,120,0.238796,0.0112512,0.0112497,3,0.152508,0.107965,0.238796,1.31071,2.70136,0.166,0.2
0.339548,0.665436,0.338713,0.679095,1.33087,0.677427,Paar Δ=0°,1.01864,1.99631,1.01614,0.51048,1.0068,0.502537,0.500508,0.315687,0.492668,0.490789,0.30966,0.4823,0.169096,120,0.321694,0.0125441,0.0128875,0.227272,120,3.09485e-16,0.0114975,0.0114438,0.195432,120,0.239648,0.011259,0.0112581,2,0.152559,0.10812,0.239648,1.12294,2.68782,0.167,0.2
0.339099,0.667142,0.338273,0.678198,1.33428,0.676546,Paar Δ=0°,1.0173,2.00142,1.01482,0.510587,1.01039,0.502598,0.50061,0.317437,0.492726,0.491252,0.312154,0.482651,0.170195,120,0.321058,0.0125463,0.0129226,0.227471,120,3.09739e-16,0.0115076,0.0114528,0.19551,120,0.24051,0.0112672,0.0112663,2,0.152612,0.108277,0.24051,1.12457,2.67205,0.168,0.2
0.338625,0.668834,0.33781,0.677249,1.33767,0.67562,Paar Δ=0°,1.01587,2.0065,1.01343,0.510608,1.01391,0.502578,0.500672,0.319148,0.492743,0.491651,0.314626,0.482943,0.171305,120,0.320346,0.0125457,0.0129512,0.227671,120,3.09994e-16,0.0115178,0.0114619,0.195587,120,0.241382,0.0112762,0.0112743,2,0.152664,0.108435,0.241382,1.12621,2.65416,0.169,0.2
0.338126,0.670511,0.337323,0.676252,1.34102,0.674646,Paar Δ=0°,1.01438,2.01153,1.01197,0.510547,1.01735,0.502482,0.500696,0.32082,0.492723,0.491988,0.317069,0.483171,0.172419,120,0.319568,0.0125504,0.0129855,0.227873,120,3.10252e-16,0.0115281,0.0114711,0.195664,120,0.242264,0.0112851,0.0112839,2,0.152717,0.108594,0.242265,1.12786,2.63425,0.17,0.2
0.337602,0.672174,0.336814,0.675205,1.34435,0.673628,Paar Δ=0°,1.01281,2.01652,1.01044,0.510406,1.02071,0.502313,0.500687,0.322449,0.492677,0.492265,0.31948,0.483336,0.173532,120,0.318732,0.012555,0.0130112,0.228076,120,3.10512e-16,0.0115384,0.0114803,0.195741,120,0.243157,0.0112937,0.0112931,2,0.15277,0.108755,0.243157,1.12953,2.61243,0.171,0.2
0.337057,0.673823,0.336284,0.674113,1.34765,0.672567,Paar Δ=0°,1.01117,2.02147,1.00885,0.51019,1.024,0.502076,0.500655,0.324033,0.492598,0.492487,0.321856,0.483441,0.174642,120,0.317845,0.0125645,0.0130408,0.228281,120,3.10773e-16,0.0115489,0.0114896,0.19582,120,0.24406,0.0113023,0.0113023,2,0.152823,0.108917,0.24406,1.13121,2.58884,0.172,0.2
0.336488,0.675456,0.335732,0.672977,1.35091,0.671465,Paar Δ=0°,1.00946,2.02637,1.0072,0.509905,1.02722,0.501778,0.500599,0.32557,0.492493,0.492654,0.324196,0.483486,0.175736,120,0.316918,0.0125731,0.0130625,0.228488,120,3.11037e-16,0.0115594,0.0114989,0.195899,120,0.244974,0.0113104,0.0113111,2,0.152877,0.10908,0.244974,1.13291,2.56361,0.173,0.2
0.335898,0.677079,0.335162,0.671797,1.35416,0.670324,Paar Δ=0°,1.0077,2.03124,1.00549,0.50956,1.03036,0.501424,0.500521,0.327058,0.492375,0.492769,0.326503,0.483482,0.176811,120,0.315958,0.0125882,0.0130872,0.228697,120,3.11303e-16,0.01157,0.0115084,0.19598,120,0.245897,0.0113185,0.01132,2,0.152931,0.109245,0.245898,1.13462,2.53688,0.174,0.2
0.335289,0.678687,0.334573,0.670577,1.35737,0.669147,Paar Δ=0°,1.00587,2.03606,1.00372,0.509164,1.03343,0.50102,0.500428,0.328494,0.492236,0.492832,0.32877,0.483428,0.177858,120,0.314975,0.0125999,0.0131033,0.228907,120,3.11571e-16,0.0115807,0.0115179,0.196059,120,0.246833,0.0113275,0.0113284,2,0.152986,0.109411,0.246833,1.13634,2.51523,0.175,0.2
0.33466,0.680286,0.333968,0.66932,1.36057,0.667935,Paar Δ=0°,1.00398,2.04086,1.0019,0.508718,1.03643,0.500575,0.500325,0.32988,0.492085,0.492838,0.330994,0.483321,0.178861,120,0.313977,0.0126209,0.0131233,0.229119,120,3.11841e-16,0.0115915,0.0115274,0.196139,120,0.247778,0.0113369,0.0113377,2,0.153041,0.109578,0.247779,1.13808,2.53568,0.176,0.2
0.334013,0.681875,0.333346,0.668027,1.36375,0.666693,Paar Δ=0°,1.00204,2.04563,1.00004,0.508231,1.03937,0.500099,0.500209,0.331214,0.491926,0.492797,0.33318,0.483165,0.179824,120,0.312973,0.0126401,0.0131355,0.229333,120,3.12113e-16,0.0116024,0.011537,0.196219,120,0.248735,0.0113459,0.0113475,2,0.153096,0.109747,0.248735,1.13984,2.55556,0.177,0.2
0.334591,0.683455,0.332885,0.669182,1.36691,0.66577,Paar Δ=0°,1.00377,2.05036,0.998655,0.507719,1.04225,0.499595,0.500091,0.332499,0.491755,0.492705,0.335326,0.482971,0.180733,120,0.311972,0.0126602,0.0131469,0.229549,120,3.12387e-16,0.0116134,0.0115467,0.196299,120,0.249703,0.0113549,0.0113573,2,0.153151,0.109917,0.249703,1.1416,2.57478,0.178,0.2
0.33566,0.68503,0.333916,0.671321,1.37006,0.667832,Paar Δ=0°,1.00698,2.05509,1.00175,0.50735,1.04506,0.499068,0.499967,0.333735,0.491587,0.49256,0.337427,0.482735,0.18158,120,0.31098,0.0126865,0.0131556,0.229766,120,3.12664e-16,0.0116244,0.0115565,0.196378,120,0.250683,0.0113633,0.0113666,2,0.153207,0.110089,0.250683,1.14338,2.59327,0.179,0.2
0.336712,0.686597,0.334931,0.673423,1.37319,0.669862,Paar Δ=0°,1.01013,2.05979,1.00479,0.508588,1.04783,0.49853,0.49984,0.334921,0.491409,0.492378,0.339484,0.482456,0.182373,120,0.310005,0.0127121,0.0131578,0.229986,120,3.12943e-16,0.0116356,0.0115664,0.196461,120,0.251673,0.0113717,0.0113759,2,0.153264,0.110262,0.251674,1.14518,2.61097,0.18,0.2
0.337744,0.688163,0.335929,0.675488,1.37633,0.671858,Paar Δ=0°,1.01323,2.06449,1.00779,0.509763,1.05054,0.497988,0.499716,0.336057,0.49124,0.492144,0.341504,0.48214,0.18309,120,0.309054,0.0127375,0.013159,0.230207,120,3.13224e-16,0.0116468,0.0115763,0.196543,120,0.252676,0.0113811,0.0113846,2,0.15332,0.110436,0.252676,1.14699,2.62777,0.181,0.2
0.338758,0.689725,0.336909,0.677516,1.37945,0.673818,Paar Δ=0°,1.01627,2.06918,1.01073,0.510878,1.05321,0.497444,0.499589,0.337146,0.491064,0.491878,0.343477,0.481793,0.183745,120,0.308133,0.012766,0.0131576,0.230429,120,3.13507e-16,0.0116582,0.0115863,0.196625,120,0.25369,0.0113908,0.0113945,2,0.153377,0.110612,0.25369,1.14882,2.64362,0.182,0.2
0.339753,0.691285,0.337871,0.679506,1.38257,0.675741,Paar Δ=0°,1.01926,2.07386,1.01361,0.511938,1.05584,0.497198,0.49947,0.338187,0.490898,0.491566,0.345404,0.481408,0.184317,120,0.307249,0.0127968,0.0131501,0.230654,120,3.13792e-16,0.0116696,0.0115964,0.196707,120,0.254716,0.0114001,0.0114048,2,0.153434,0.110789,0.254716,1.15066,2.65843,0.183,0.2
0.340729,0.692848,0.338815,0.681459,1.3857,0.67763,Paar Δ=0°,1.02219,2.07854,1.01644,0.512944,1.05843,0.498185,0.499349,0.339184,0.490729,0.491223,0.347295,0.480993,0.184818,120,0.306405,0.0128278,0.013138,0.230881,120,3.14079e-16,0.0116811,0.0116065,0.196789,120,0.255754,0.0114091,0.0114148,2,0.153492,0.110968,0.255754,1.15252,2.67213,0.184,0.2
0.341686,0.694409,0.339741,0.683372,1.38882,0.679482,Paar Δ=0°,1.02506,2.08323,1.01922,0.513899,1.06098,0.499127,0.499237,0.340142,0.490569,0.490839,0.34914,0.48055,0.185232,120,0.305608,0.0128579,0.0131221,0.231109,120,3.14368e-16,0.0116927,0.0116167,0.19687,120,0.256804,0.0114177,0.0114245,2,0.15355,0.111148,0.256804,1.15439,2.68463,0.185,0.2
0.342623,0.695974,0.340648,0.685246,1.39195,0.681296,Paar Δ=0°,1.02787,2.08792,1.02194,0.514808,1.06351,0.500025,0.499126,0.341058,0.490412,0.490427,0.350937,0.480082,0.185568,120,0.304859,0.0128882,0.0131048,0.231339,120,3.1466e-16,0.0117044,0.011627,0.196953,120,0.257866,0.0114267,0.0114338,2,0.153608,0.111329,0.257866,1.15627,2.69587,0.186,0.2
0.343541,0.69754,0.341536,0.687081,1.39508,0.683072,Paar Δ=0°,1.03062,2.09262,1.02461,0.515672,1.066,0.500882,0.499015,0.341935,0.490257,0.489978,0.352697,0.480658,0.185814,120,0.304163,0.012918,0.0130823,0.231571,120,3.14954e-16,0.0117163,0.0116374,0.197038,120,0.258941,0.0114369,0.0114436,2,0.153667,0.111513,0.258941,1.15817,2.70577,0.187,0.2
0.344439,0.699107,0.342406,0.688878,1.39821,0.684812,Paar Δ=0°,1.03332,2.09732,1.02722,0.516502,1.06847,0.501702,0.498915,0.342775,0.490114,0.490617,0.354413,0.481248,0.187093,120,0.303525,0.0129472,0.0130548,0.231805,120,3.1525e-16,0.0117282,0.0116478,0.197122,120,0.260028,0.0114465,0.0114543,2,0.153726,0.111697,0.260028,1.16009,2.71427,0.188,0.2
0.345317,0.70068,0.343257,0.690633,1.40136,0.686513,Paar Δ=0°,1.03595,2.10204,1.02977,0.517294,1.07091,0.502486,0.498816,0.343581,0.489971,0.491305,0.356082,0.481855,0.18836,120,0.302944,0.0129757,0.0130229,0.232041,120,3.15548e-16,0.0117402,0.0116583,0.197206,120,0.261128,0.0114558,0.0114649,2,0.153785,0.111883,0.261128,1.16202,2.72132,0.189,0.2
0.346174,0.702253,0.344088,0.692348,1.40451,0.688175,Paar Δ=0°,1.03852,2.10676,1.03226,0.518049,1.07334,0.503238,0.498718,0.344355,0.489837,0.492002,0.357712,0.48247,0.189577,120,0.302425,0.0130036,0.0129866,0.232279,120,3.15849e-16,0.0117523,0.0116689,0.197289,120,0.262241,0.0114646,0.0114749,2,0.153845,0.112071,0.262241,1.16397,2.72685,0.19,0.2
0.347013,0.703829,0.3449,0.694025,1.40766,0.689801,Paar Δ=0°,1.04104,2.11149,1.0347,0.518769,1.07574,0.503958,0.498623,0.3451,0.489711,0.492705,0.359301,0.483088,0.190738,120,0.301967,0.0130305,0.0129461,0.232518,120,3.16151e-16,0.0117645,0.0116796,0.197371,120,0.263367,0.0114739,0.0114845,2,0.153905,0.11226,0.263367,1.16593,2.73082,0.191,0.2
0.347831,0.705406,0.345694,0.695662,1.41081,0.691387,Paar Δ=0°,1.04349,2.11622,1.03708,0.519458,1.07813,0.50465,0.49854,0.345818,0.489587,0.493412,0.360845,0.483708,0.191838,120,0.301574,0.0130556,0.0129016,0.23276,120,3.16456e-16,0.0117767,0.0116903,0.197458,120,0.264506,0.0114843,0.0114949,2,0.153966,0.11245,0.264506,1.16791,2.73318,0.192,0.2
0.348629,0.706982,0.346467,0.697257,1.41396,0.692933,Paar Δ=0°,1.04589,2.12095,1.0394,0.520124,1.08051,0.505316,0.49846,0.346512,0.489473,0.494123,0.362346,0.484334,0.192878,120,0.301245,0.0130785,0.0128531,0.233004,120,3.16764e-16,0.0117891,0.0117011,0.197543,120,0.265658,0.0114941,0.0115061,2,0.154027,0.112642,0.265659,1.16991,2.73392,0.193,0.2
0.349407,0.708561,0.347222,0.698813,1.41712,0.694444,Paar Δ=0°,1.04822,2.12568,1.04167,0.520766,1.08286,0.505957,0.498383,0.347185,0.489368,0.494834,0.363813,0.484954,0.193852,120,0.300981,0.0130994,0.0128008,0.233249,120,3.17073e-16,0.0118016,0.011712,0.197629,120,0.266824,0.0115034,0.0115168,2,0.154088,0.112836,0.266824,1.17192,2.733,0.194,0.2
0.350165,0.710138,0.347958,0.700331,1.42028,0.695915,Paar Δ=0°,1.0505,2.13041,1.04387,0.521384,1.0852,0.506576,0.498313,0.34784,0.48927,0.495539,0.365238,0.485566,0.194755,120,0.300783,0.0131185,0.0127451,0.233497,120,3.17385e-16,0.0118142,0.011723,0.197714,120,0.268004,0.0115122,0.0115271,2,0.154149,0.113031,0.268004,1.17395,2.73041,0.195,0.2
0.350905,0.711709,0.348674,0.701809,1.42342,0.697348,Paar Δ=0°,1.05271,2.13513,1.04602,0.521979,1.08753,0.507176,0.498249,0.348479,0.489179,0.496237,0.366622,0.486177,0.195585,120,0.300652,0.0131348,0.0126857,0.233746,120,3.17699e-16,0.0118269,0.0117341,0.197798,120,0.269197,0.0115226,0.0115367,2,0.154211,0.113228,0.269197,1.17599,2.72614,0.196,0.2
0.351624,0.71328,0.349372,0.703248,1.42656,0.698744,Paar Δ=0°,1.05487,2.13984,1.04812,0.522562,1.08984,0.507758,0.498198,0.349105,0.489104,0.496925,0.367967,0.48678,0.196339,120,0.300586,0.0131484,0.0126229,0.233998,120,3.18016e-16,0.0118397,0.0117452,0.197884,120,0.270405,0.0115329,0.0115484,2,0.154273,0.113426,0.270405,1.17805,2.72021,0.197,0.2
0.352324,0.714845,0.350051,0.704648,1.42969,0.700103,Paar Δ=0°,1.05697,2.14454,1.05015,0.523131,1.09214,0.508325,0.498157,0.34972,0.48904,0.497604,0.369281,0.487371,0.197019,120,0.300586,0.0131592,0.0125573,0.234251,120,3.18336e-16,0.0118526,0.0117564,0.197971,120,0.271626,0.0115426,0.0115598,2,0.154336,0.113626,0.271626,1.18012,2.71262,0.198,0.2
0.353006,0.716402,0.350713,0.706012,1.4328,0.701425,Paar Δ=0°,1.05902,2.14921,1.05214,0.523684,1.09442,0.508885,0.498127,0.350329,0.488987,0.49828,0.370559,0.487954,0.197629,120,0.30065,0.0131671,0.0124888,0.234507,120,3.18657e-16,0.0118656,0.0117677,0.198058,120,0.272861,0.0115517,0.0115706,2,0.154399,0.113827,0.272862,1.18222,2.7034,0.199,0.2
0.35367,0.717951,0.351356,0.70734,1.4359,0.702712,Paar Δ=0°,1.06101,2.15385,1.05407,0.524232,1.09668,0.509434,0.49811,0.350932,0.488949,0.498944,0.371801,0.488533,0.198164,120,0.30078,0.0131715,0.0124174,0.234765,120,3.18981e-16,0.0118787,0.011779,0.198144,120,0.274112,0.0115617,0.0115805,2,0.154462,0.11403,0.274112,1.18433,2.69258,0.2,0.2
0.354316,0.719493,0.351982,0.708632,1.43899,0.703964,Paar Δ=0°,1.06295,2.15848,1.05595,0.524775,1.09893,0.509976,0.498108,0.351532,0.488928,0.499598,0.37301,0.489099,0.198625,120,0.300973,0.0131731,0.012344,0.235024,120,3.19307e-16,0.0118919,0.0117905,0.198229,120,0.275377,0.0115723,0.0115922,2,0.154526,0.114235,0.275377,1.18645,2.6802,0.201,0.2
0.354945,0.721022,0.352592,0.70989,1.44204,0.705184,Paar Δ=0°,1.06484,2.16307,1.05778,0.52531,1.10116,0.510511,0.498124,0.352134,0.488929,0.500242,0.374191,0.489655,0.199013,120,0.301229,0.0131711,0.0122681,0.235286,120,3.19636e-16,0.0119053,0.011802,0.198317,120,0.276656,0.0115822,0.011604,2,0.15459,0.114441,0.276656,1.18859,2.66632,0.202,0.2
0.355558,0.722538,0.353185,0.711115,1.44508,0.706371,Paar Δ=0°,1.06667,2.16761,1.05956,0.525855,1.10337,0.51105,0.498159,0.352741,0.488952,0.500877,0.375347,0.490212,0.19933,120,0.301547,0.0131662,0.0121906,0.23555,120,3.19967e-16,0.0119187,0.0118136,0.198406,120,0.277951,0.0115914,0.0116151,2,0.154654,0.114649,0.277951,1.19075,2.65098,0.203,0.2
0.356154,0.724043,0.353763,0.712308,1.44809,0.707527,Paar Δ=0°,1.06846,2.17213,1.06129,0.526397,1.10557,0.511591,0.498217,0.353353,0.488996,0.501508,0.376475,0.490761,0.199581,120,0.301927,0.0131581,0.0121114,0.235816,120,3.20301e-16,0.0119322,0.0118253,0.198493,120,0.27926,0.0116017,0.0116253,2,0.154719,0.114859,0.279261,1.19293,2.63425,0.204,0.2
0.356736,0.725534,0.354326,0.713472,1.45107,0.708652,Paar Δ=0°,1.07021,2.1766,1.06298,0.526951,1.10774,0.512134,0.4983,0.353972,0.489067,0.502137,0.377579,0.491304,0.199771,120,0.302366,0.0131471,0.0120337,0.236084,120,3.20637e-16,0.0119459,0.0118371,0.198579,120,0.280585,0.0116124,0.0116376,2,0.154784,0.11507,0.280585,1.19512,2.6162,0.205,0.2
0.357303,0.727008,0.354875,0.714607,1.45402,0.70975,Paar Δ=0°,1.07191,2.18102,1.06463,0.527513,1.10989,0.512687,0.49841,0.354599,0.489165,0.502764,0.37866,0.49185,0.199899,120,0.302865,0.0131359,0.0119551,0.236354,120,3.20975e-16,0.0119596,0.0118489,0.198667,120,0.281926,0.0116222,0.0116495,2,0.15485,0.115283,0.281926,1.19733,2.5969,0.206,0.2
0.357858,0.728465,0.355411,0.715715,1.45693,0.710821,Paar Δ=0°,1.07357,2.18539,1.06623,0.528092,1.11201,0.513255,0.49855,0.355238,0.489294,0.503389,0.379722,0.492398,0.199967,120,0.303422,0.0131218,0.0118757,0.236626,120,3.21316e-16,0.0119735,0.0118609,0.198757,120,0.283282,0.0116311,0.0116607,2,0.154916,0.115498,0.283282,1.19956,2.57643,0.207,0.2
0.358399,0.729905,0.355934,0.716799,1.45981,0.711868,Paar Δ=0°,1.0752,2.18972,1.0678,0.528686,1.11412,0.513832,0.498724,0.355893,0.489457,0.504017,0.380766,0.492948,0.199981,120,0.304036,0.0131054,0.0117961,0.236901,120,3.21659e-16,0.0119874,0.0118729,0.198846,120,0.284654,0.0116425,0.0116716,2,0.154982,0.115714,0.284654,1.20181,2.55486,0.208,0.2
0.35893,0.73133,0.356446,0.71786,1.46266,0.712892,Paar Δ=0°,1.07679,2.19399,1.06934,0.529305,1.11621,0.514434,0.498932,0.356562,0.489655,0.504649,0.381794,0.493502,0.199944,120,0.304706,0.0130863,0.011716,0.237178,120,3.22005e-16,0.0120015,0.0118849,0.198933,120,0.286041,0.0116531,0.0116845,2,0.155049,0.115932,0.286042,1.20407,2.53229,0.209,0.2
0.35945,0.732735,0.356947,0.7189,1.46547,0.713895,Paar Δ=0°,1.07835,2.1982,1.07084,0.529943,1.11826,0.515053,0.499178,0.357244,0.489891,0.50529,0.38281,0.49407,0.19986,120,0.30543,0.0130654,0.0116363,0.237456,120,3.22353e-16,0.0120157,0.0118971,0.19902,120,0.287445,0.0116625,0.0116964,2,0.155115,0.116152,0.287446,1.20636,2.5088,0.21,0.2
0.35996,0.73412,0.357439,0.71992,1.46824,0.714878,Paar Δ=0°,1.07988,2.20236,1.07232,0.530619,1.12029,0.515699,0.499465,0.357946,0.490168,0.505946,0.383816,0.494651,0.199738,120,0.306208,0.0130422,0.011557,0.237738,120,3.22704e-16,0.01203,0.0119094,0.199111,120,0.288866,0.0116726,0.0117072,2,0.155183,0.116373,0.288866,1.20865,2.48446,0.211,0.2
0.360462,0.735486,0.357922,0.720924,1.47097,0.715844,Paar Δ=0°,1.08139,2.20646,1.07377,0.531322,1.12229,0.516372,0.499795,0.358667,0.490488,0.506617,0.384813,0.495244,0.199578,120,0.307039,0.0130177,0.0114815,0.238021,120,3.23058e-16,0.0120444,0.0119218,0.199201,120,0.290302,0.0116836,0.0117199,2,0.155251,0.116596,0.290303,1.21097,2.45937,0.212,0.2
0.360956,0.736834,0.358398,0.721912,1.47367,0.716795,Paar Δ=0°,1.08287,2.2105,1.07519,0.532059,1.12427,0.517077,0.50017,0.359404,0.490853,0.507306,0.385803,0.495855,0.199385,120,0.307921,0.0129928,0.0114065,0.238306,120,3.23414e-16,0.0120589,0.0119342,0.199288,120,0.291756,0.0116935,0.0117324,2,0.155319,0.116821,0.291756,1.21331,2.4336,0.213,0.2
0.361444,0.738163,0.358866,0.722887,1.47633,0.717733,Paar Δ=0°,1.08433,2.21449,1.0766,0.532842,1.12623,0.517816,0.500594,0.360162,0.491265,0.508016,0.386789,0.496488,0.199162,120,0.308854,0.0129684,0.0113329,0.238594,120,3.23773e-16,0.0120736,0.0119467,0.199377,120,0.293226,0.0117028,0.0117438,2,0.155387,0.117048,0.293226,1.21566,2.43346,0.214,0.2
0.361926,0.739472,0.359329,0.723853,1.47894,0.718658,Paar Δ=0°,1.08578,2.21842,1.07799,0.533663,1.12815,0.518595,0.501072,0.360942,0.491727,0.508749,0.387771,0.497147,0.198913,120,0.309836,0.0129426,0.0112601,0.238884,120,3.24135e-16,0.0120883,0.0119593,0.199469,120,0.294713,0.0117143,0.0117561,2,0.155456,0.117276,0.294713,1.21804,2.4511,0.215,0.2
0.362405,0.74076,0.359787,0.724809,1.48152,0.719573,Paar Δ=0°,1.08721,2.22228,1.07936,0.534529,1.13004,0.51941,0.501601,0.361739,0.49224,0.50951,0.388752,0.497833,0.198644,120,0.310866,0.0129164,0.0111892,0.239177,120,3.24499e-16,0.0121032,0.011972,0.199558,120,0.296218,0.0117245,0.0117692,2,0.155525,0.117506,0.296218,1.22043,2.46855,0.216,0.2
0.362878,0.742028,0.36024,0.725757,1.48406,0.72048,Paar Δ=0°,1.08864,2.22609,1.08072,0.535447,1.1319,0.520276,0.502185,0.362557,0.492805,0.510301,0.389734,0.498546,0.198357,120,0.311944,0.0128893,0.0111193,0.239471,120,3.24865e-16,0.0121182,0.0119848,0.199646,120,0.29774,0.0117335,0.011781,2,0.155595,0.117739,0.29774,1.22284,2.48576,0.217,0.2
0.36335,0.743279,0.360691,0.726701,1.48656,0.721381,Paar Δ=0°,1.09005,2.22984,1.08207,0.536419,1.13374,0.521185,0.502824,0.363397,0.493425,0.511125,0.390718,0.499291,0.198057,120,0.313068,0.0128622,0.0110535,0.239768,120,3.25235e-16,0.0121333,0.0119977,0.199737,120,0.299279,0.0117453,0.0117933,2,0.155665,0.117972,0.299279,1.22527,2.50271,0.218,0.2
0.363821,0.744512,0.361139,0.727642,1.48902,0.722279,Paar Δ=0°,1.09146,2.23354,1.08342,0.537444,1.13554,0.522141,0.503521,0.364254,0.4941,0.511985,0.391706,0.500069,0.197748,120,0.314237,0.012835,0.0109905,0.240068,120,3.25607e-16,0.0121485,0.0120106,0.199829,120,0.300836,0.0117555,0.0118067,2,0.155735,0.118208,0.300836,1.22771,2.51936,0.219,0.2
0.36429,0.745726,0.361586,0.728579,1.49145,0.723173,Paar Δ=0°,1.09287,2.23718,1.08476,0.538526,1.13731,0.523156,0.504285,0.365133,0.494833,0.512883,0.392698,0.500886,0.197432,120,0.315451,0.0128079,0.0109294,0.240369,120,3.25981e-16,0.0121639,0.0120237,0.199918,120,0.30241,0.0117647,0.0118187,2,0.155805,0.118446,0.302411,1.23018,2.53568,0.22,0.2
0.364759,0.746919,0.362032,0.729519,1.49384,0.724065,Paar Δ=0°,1.09428,2.24076,1.0861,0.539668,1.13905,0.524222,0.505108,0.366032,0.495628,0.513822,0.393696,0.501743,0.197114,120,0.316708,0.0127821,0.0108707,0.240673,120,3.26359e-16,0.0121794,0.0120368,0.200007,120,0.304003,0.0117764,0.0118315,2,0.155877,0.118685,0.304003,1.23267,2.55163,0.221,0.2
0.365229,0.748094,0.362479,0.730459,1.49619,0.724959,Paar Δ=0°,1.09569,2.24428,1.08744,0.540873,1.14076,0.525342,0.505993,0.366946,0.496483,0.514805,0.3947,0.502641,0.196796,120,0.318009,0.0127581,0.0108139,0.24098,120,3.26738e-16,0.012195,0.01205,0.2001,120,0.305614,0.0117865,0.0118451,2,0.155948,0.118926,0.305614,1.23517,2.56717,0.222,0.2
0.365701,0.749254,0.362927,0.731402,1.49851,0.725854,Paar Δ=0°,1.0971,2.24776,1.08878,0.542147,1.14244,0.526524,0.506942,0.367881,0.497398,0.515832,0.395711,0.503579,0.196481,120,0.319351,0.0127347,0.0107595,0.241289,120,3.27121e-16,0.0122107,0.0120633,0.20019,120,0.307243,0.0117962,0.011857,2,0.15602,0.119169,0.307243,1.2377,2.58227,0.223,0.2
0.366175,0.750397,0.363375,0.73235,1.50079,0.726751,Paar Δ=0°,1.09853,2.25119,1.09013,0.543486,1.14409,0.527768,0.507963,0.368834,0.498374,0.516907,0.396731,0.504562,0.196173,120,0.320734,0.0127123,0.0107076,0.2416,120,3.27507e-16,0.0122265,0.0120767,0.200279,120,0.308891,0.0118077,0.0118708,2,0.156092,0.119414,0.308891,1.24024,2.59688,0.224,0.2
0.366652,0.751522,0.363827,0.733304,1.50304,0.727654,Paar Δ=0°,1.09996,2.25457,1.09148,0.544894,1.1457,0.529072,0.50905,0.369799,0.499413,0.51803,0.397759,0.505589,0.195873,120,0.322157,0.012691,0.0106586,0.241914,120,3.27895e-16,0.0122425,0.0120902,0.200373,120,0.310557,0.0118171,0.0118841,2,0.156165,0.119661,0.310557,1.24281,2.61097,0.225,0.2
0.367132,0.75263,0.36428,0.734265,1.50526,0.728561,Paar Δ=0°,1.1014,2.25789,1.09284,0.546372,1.14728,0.530439,0.510202,0.370786,0.500514,0.519204,0.398799,0.506663,0.195582,120,0.323621,0.0126705,0.0106139,0.24223,120,3.28287e-16,0.0122586,0.0121038,0.200463,120,0.312242,0.0118278,0.0118957,2,0.156237,0.11991,0.312242,1.24539,2.62449,0.226,0.2
0.367616,0.753721,0.364738,0.735233,1.50744,0.729475,Paar Δ=0°,1.10285,2.26116,1.09421,0.547921,1.14884,0.531871,0.511429,0.371786,0.501681,0.520428,0.399851,0.507783,0.195305,120,0.325123,0.0126514,0.0105717,0.242549,120,3.28681e-16,0.0122748,0.0121175,0.200552,120,0.313946,0.0118385,0.0119105,2,0.156311,0.120161,0.313946,1.248,2.6374,0.227,0.2
0.368105,0.7548,0.365198,0.73621,1.5096,0.730396,Paar Δ=0°,1.10432,2.2644,1.09559,0.549542,1.15036,0.533373,0.512724,0.372798,0.502913,0.521706,0.400914,0.508956,0.195042,120,0.326664,0.0126338,0.0105323,0.24287,120,3.29078e-16,0.0122911,0.0121312,0.200646,120,0.315669,0.0118473,0.0119233,2,0.156385,0.120414,0.315669,1.25062,2.64968,0.228,0.2
0.368598,0.755864,0.365663,0.737197,1.51173,0.731325,Paar Δ=0°,1.1058,2.26759,1.09699,0.551235,1.15184,0.53494,0.514091,0.373829,0.504208,0.523037,0.401988,0.510177,0.194795,120,0.328242,0.0126177,0.0104955,0.243194,120,3.29478e-16,0.0123076,0.0121451,0.200737,120,0.317411,0.0118593,0.0119368,2,0.156459,0.120668,0.317411,1.25327,2.66126,0.229,0.2
0.369097,0.756912,0.366132,0.738193,1.51382,0.732263,Paar Δ=0°,1.10729,2.27074,1.09839,0.553002,1.15329,0.536573,0.515531,0.37487,0.505567,0.524421,0.403072,0.511447,0.194565,120,0.329857,0.0126032,0.0104615,0.24352,120,3.2988e-16,0.0123242,0.012159,0.200828,120,0.319172,0.0118688,0.011951,2,0.156533,0.120925,0.319172,1.25593,2.67213,0.23,0.2
0.369601,0.757945,0.366605,0.739201,1.51589,0.733209,Paar Δ=0°,1.1088,2.27383,1.09981,0.554842,1.15472,0.538272,0.517039,0.375922,0.50699,0.52586,0.404169,0.512766,0.194352,120,0.331508,0.0125904,0.0104303,0.243849,120,3.30286e-16,0.0123409,0.0121731,0.200921,120,0.320953,0.0118793,0.0119629,2,0.156608,0.121184,0.320953,1.25862,2.68223,0.231,0.2
0.370109,0.758968,0.367083,0.740219,1.51794,0.734166,Paar Δ=0°,1.11033,2.2769,1.10125,0.556754,1.15611,0.540037,0.518623,0.37699,0.508476,0.527354,0.405282,0.514135,0.194159,120,0.333195,0.0125792,0.0104019,0.24418,120,3.30694e-16,0.0123578,0.0121872,0.201012,120,0.322753,0.0118897,0.0119782,2,0.156683,0.121445,0.322753,1.26133,2.69153,0.232,0.2
0.370625,0.759978,0.367565,0.74125,1.51996,0.735131,Paar Δ=0°,1.11187,2.27993,1.1027,0.558739,1.15747,0.541871,0.520275,0.378067,0.510025,0.528902,0.406408,0.515552,0.193985,120,0.334917,0.0125697,0.0103762,0.244514,120,3.31105e-16,0.0123748,0.0122014,0.201104,120,0.324573,0.0118992,0.0119912,2,0.156759,0.121707,0.324573,1.26406,2.69999,0.233,0.2
0.371145,0.760975,0.368054,0.74229,1.52195,0.736107,Paar Δ=0°,1.11343,2.28292,1.10416,0.560795,1.1588,0.543772,0.521997,0.379152,0.51164,0.530505,0.407546,0.517018,0.193831,120,0.336674,0.012562,0.0103534,0.244851,120,3.31519e-16,0.0123919,0.0122158,0.201197,120,0.326413,0.0119103,0.0120056,2,0.156835,0.121972,0.326413,1.26681,2.70759,0.234,0.2
0.371672,0.761959,0.368546,0.743343,1.52392,0.737092,Paar Δ=0°,1.11501,2.28588,1.10564,0.562921,1.1601,0.545737,0.523792,0.380253,0.513317,0.532162,0.408696,0.518534,0.193697,120,0.338465,0.0125559,0.0103334,0.24519,120,3.31937e-16,0.0124092,0.0122302,0.201286,120,0.328272,0.0119187,0.0120193,2,0.156911,0.122239,0.328272,1.26958,2.71427,0.235,0.2
0.372203,0.762936,0.369044,0.744407,1.52587,0.738088,Paar Δ=0°,1.11661,2.28881,1.10713,0.565116,1.16138,0.547765,0.525653,0.38136,0.515055,0.533872,0.409863,0.5201,0.193583,120,0.340289,0.0125516,0.0103162,0.245532,120,3.32357e-16,0.0124265,0.0122447,0.201382,120,0.330151,0.0119306,0.0120334,2,0.156988,0.122508,0.330151,1.27237,2.72003,0.236,0.2
0.37274,0.763902,0.369546,0.745481,1.5278,0.739091,Paar Δ=0°,1.11822,2.29171,1.10864,0.567378,1.16262,0.549854,0.527583,0.382489,0.516852,0.535635,0.411046,0.521713,0.193488,120,0.342147,0.012549,0.0103019,0.245877,120,3.32781e-16,0.0124441,0.0122594,0.201473,120,0.33205,0.0119393,0.0120477,2,0.157065,0.122779,0.33205,1.27519,2.72482,0.237,0.2
0.373284,0.764858,0.370053,0.746567,1.52972,0.740106,Paar Δ=0°,1.11985,2.29457,1.11016,0.569706,1.16384,0.552003,0.529581,0.383661,0.518709,0.53745,0.412243,0.523371,0.193413,120,0.344037,0.012548,0.0102904,0.246224,120,3.33207e-16,0.0124617,0.0122741,0.201565,120,0.333969,0.0119505,0.0120613,2,0.157143,0.123052,0.33397,1.27802,2.72862,0.238,0.2
0.373831,0.765804,0.370564,0.747661,1.53161,0.741127,Paar Δ=0°,1.12149,2.29741,1.11169,0.572099,1.16504,0.554215,0.531644,0.384845,0.520623,0.539315,0.413453,0.525073,0.193357,120,0.345958,0.0125487,0.0102818,0.246574,120,3.33636e-16,0.0124796,0.0122889,0.201659,120,0.335909,0.0119595,0.0120763,2,0.157221,0.123327,0.335909,1.28088,2.73142,0.239,0.2
0.374384,0.766747,0.37108,0.748768,1.53349,0.74216,Paar Δ=0°,1.12315,2.30024,1.11324,0.574552,1.16621,0.556483,0.53377,0.386044,0.522594,0.54123,0.414682,0.526818,0.193319,120,0.347911,0.0125508,0.0102759,0.246927,120,3.34069e-16,0.0124975,0.0123038,0.201748,120,0.337868,0.0119701,0.0120896,2,0.157299,0.123605,0.337868,1.28376,2.73318,0.24,0.2
0.374941,0.76768,0.371598,0.749882,1.53536,0.743197,Paar Δ=0°,1.12482,2.30304,1.1148,0.577064,1.16735,0.558804,0.535957,0.387253,0.52462,0.543196,0.415928,0.528609,0.193299,120,0.349896,0.0125539,0.0102724,0.247282,120,3.34504e-16,0.0125156,0.0123188,0.201844,120,0.339848,0.0119792,0.0121051,2,0.157378,0.123884,0.339848,1.28666,2.7339,0.241,0.2
0.375503,0.768606,0.372122,0.751005,1.53721,0.744244,Paar Δ=0°,1.12651,2.30582,1.11637,0.579632,1.16848,0.561175,0.538208,0.38847,0.526699,0.545208,0.41719,0.530442,0.193297,120,0.351912,0.0125584,0.0102715,0.24764,120,3.34943e-16,0.0125338,0.0123339,0.201935,120,0.341847,0.0119897,0.0121185,2,0.157457,0.124166,0.341847,1.28959,2.73357,0.242,0.2
0.376068,0.76953,0.372648,0.752136,1.53906,0.745296,Paar Δ=0°,1.1282,2.30859,1.11794,0.582252,1.16959,0.563597,0.540517,0.389706,0.528829,0.547266,0.418467,0.532311,0.19331,120,0.353956,0.0125642,0.0102734,0.248002,120,3.35384e-16,0.0125522,0.0123491,0.20203,120,0.343867,0.0119984,0.0121341,2,0.157537,0.12445,0.343867,1.29254,2.73216,0.243,0.2
0.376637,0.770449,0.373177,0.753273,1.5409,0.746355,Paar Δ=0°,1.12991,2.31135,1.11953,0.584922,1.17068,0.566069,0.542883,0.390952,0.531009,0.549367,0.419768,0.534217,0.193335,120,0.356032,0.0125703,0.0102771,0.248365,120,3.35829e-16,0.0125707,0.0123644,0.202122,120,0.345906,0.012009,0.012148,2,0.157616,0.124736,0.345907,1.29551,2.72969,0.244,0.2
0.377209,0.771362,0.373709,0.754417,1.54272,0.747418,Paar Δ=0°,1.13163,2.31409,1.12113,0.587638,1.17176,0.568583,0.545303,0.392208,0.533237,0.551509,0.421086,0.536162,0.193374,120,0.358136,0.0125794,0.0102834,0.248732,120,3.36277e-16,0.0125894,0.0123798,0.202215,120,0.347966,0.0120171,0.0121633,2,0.157697,0.125024,0.347966,1.2985,2.72614,0.245,0.2
0.377783,0.772275,0.374243,0.755566,1.54455,0.748485,Paar Δ=0°,1.13335,2.31683,1.12273,0.590397,1.17282,0.571136,0.547775,0.39348,0.535509,0.553691,0.422421,0.538142,0.193422,120,0.360269,0.0125899,0.0102914,0.249102,120,3.36729e-16,0.0126082,0.0123954,0.202308,120,0.350046,0.0120279,0.0121777,2,0.157777,0.125315,0.350046,1.30152,2.72153,0.246,0.2
0.37836,0.773187,0.374778,0.75672,1.54637,0.749557,Paar Δ=0°,1.13508,2.31956,1.12434,0.5932,1.17388,0.573732,0.550298,0.394766,0.537825,0.555909,0.423778,0.540151,0.19348,120,0.362429,0.0126012,0.0103019,0.249474,120,3.37183e-16,0.0126271,0.012411,0.202402,120,0.352145,0.0120353,0.0121928,2,0.157859,0.125607,0.352146,1.30456,2.71585,0.247,0.2
0.378938,0.774095,0.375315,0.757877,1.54819,0.750629,Paar Δ=0°,1.13682,2.32228,1.12594,0.596043,1.17493,0.576364,0.552868,0.396063,0.540184,0.558162,0.425159,0.542191,0.193543,120,0.364618,0.0126125,0.0103164,0.24985,120,3.37641e-16,0.0126462,0.0124267,0.202495,120,0.354265,0.0120463,0.0122078,2,0.15794,0.125902,0.354265,1.30763,2.70913,0.248,0.2
0.379518,0.775006,0.375853,0.759037,1.55001,0.751706,Paar Δ=0°,1.13856,2.32502,1.12756,0.59892,1.17596,0.579026,0.555484,0.397375,0.542583,0.560454,0.426559,0.544263,0.19362,120,0.366834,0.0126242,0.010333,0.250228,120,3.38102e-16,0.0126655,0.0124425,0.202588,120,0.356404,0.0120543,0.012222,2,0.158022,0.1262,0.356404,1.31071,2.70136,0.249,0.2
0.380099,0.775918,0.376391,0.760198,1.55184,0.752782,Paar Δ=0°,1.1403,2.32775,1.12917,0.601828,1.17701,0.581721,0.558144,0.398706,0.545018,0.562777,0.42798,0.546356,0.1937,120,0.369077,0.0126352,0.0103508,0.25061,120,3.38566e-16,0.0126849,0.0124585,0.202683,120,0.358562,0.0120641,0.0122383,2,0.158104,0.126499,0.358563,1.31383,2.69258,0.25,0.2
0.38068,0.776828,0.376929,0.76136,1.55366,0.753858,Paar Δ=0°,1.14204,2.33048,1.13079,0.604764,1.17804,0.584446,0.560844,0.40005,0.547486,0.565128,0.429431,0.548477,0.193782,120,0.371346,0.0126502,0.01037,0.158187,120,1.82328e-16,0.00794925,0.00794925,0.202776,120,0.36074,0.0120729,0.0122516,1,0.158187,0.126801,0.360741,1.0665,2.6828,0.251,0.2
0.381262,0.777746,0.377467,0.762524,1.55549,0.754935,Paar Δ=0°,1.14379,2.33324,1.1324,0.60773,1.17908,0.587192,0.563582,0.401408,0.549986,0.567503,0.430904,0.550621,0.193863,120,0.37364,0.0126651,0.0103905,0.15827,120,1.82423e-16,0.00795342,0.00795342,0.20287,120,0.362938,0.0120806,0.0122682,1,0.15827,0.127106,0.362938,1.06706,2.67205,0.252,0.2
0.381842,0.778665,0.378004,0.763684,1.55733,0.756009,Paar Δ=0°,1.14553,2.336,1.13401,0.610722,1.18013,0.589966,0.566358,0.402787,0.55252,0.569908,0.432399,0.552781,0.193948,120,0.37596,0.0126791,0.0104136,0.158354,120,1.8252e-16,0.00795762,0.00795762,0.202964,120,0.365154,0.0120904,0.0122831,1,0.158354,0.127412,0.365154,1.06762,2.66035,0.253,0.2
0.382423,0.779587,0.37854,0.764846,1.55917,0.75708,Paar Δ=0°,1.14727,2.33876,1.13562,0.613733,1.18117,0.59276,0.569169,0.404183,0.55508,0.572337,0.433925,0.554967,0.194033,120,0.378304,0.0126917,0.0104398,0.158438,120,1.82616e-16,0.00796184,0.00796184,0.203057,120,0.367388,0.0120976,0.0122978,1,0.158438,0.127721,0.367388,1.06819,2.64774,0.254,0.2
0.383002,0.780518,0.379075,0.766003,1.56104,0.758151,Paar Δ=0°,1.149,2.34155,1.13723,0.616762,1.18224,0.59557,0.572011,0.405975,0.557662,0.574784,0.435477,0.557163,0.194112,120,0.380672,0.0127079,0.0104666,0.158522,120,1.82714e-16,0.00796608,0.00796607,0.203154,120,0.369641,0.0121065,0.0123142,1,0.158522,0.128033,0.369641,1.06876,2.63425,0.255,0.2
0.383579,0.78145,0.379608,0.767158,1.5629,0.759217,Paar Δ=0°,1.15074,2.34435,1.13883,0.619815,1.1833,0.598403,0.57488,0.407927,0.560274,0.577249,0.437053,0.559379,0.194186,120,0.383064,0.0127234,0.0104935,0.158607,120,1.82811e-16,0.00797033,0.00797033,0.203244,120,0.371912,0.0121151,0.0123285,1,0.158607,0.128347,0.371912,1.06933,2.61991,0.256,0.2
0.384155,0.782392,0.380139,0.76831,1.56478,0.760278,Paar Δ=0°,1.15247,2.34717,1.14042,0.622882,1.18439,0.601245,0.577778,0.409916,0.562903,0.579737,0.438661,0.561603,0.19426,120,0.385478,0.012737,0.0105228,0.158692,120,1.82909e-16,0.00797461,0.00797461,0.203343,120,0.374201,0.0121214,0.0123443,1,0.158692,0.128663,0.374201,1.0699,2.60476,0.257,0.2
0.384728,0.783339,0.380668,0.769456,1.56668,0.761335,Paar Δ=0°,1.15418,2.35002,1.142,0.625958,1.18549,0.604107,0.580702,0.411943,0.565552,0.582236,0.4403,0.563844,0.194322,120,0.387913,0.0127519,0.010555,0.158777,120,1.83008e-16,0.00797891,0.00797891,0.203436,120,0.376507,0.0121304,0.0123605,1,0.158777,0.128982,0.376507,1.07048,2.58884,0.258,0.2
0.3853,0.784292,0.381194,0.770599,1.56858,0.762387,Paar Δ=0°,1.1559,2.35288,1.14358,0.629054,1.1866,0.606977,0.583645,0.414013,0.568219,0.584747,0.441965,0.566087,0.194377,120,0.39037,0.0127677,0.0105866,0.158863,120,1.83107e-16,0.00798323,0.00798323,0.203532,120,0.37883,0.0121383,0.0123748,1,0.158863,0.129303,0.37883,1.07106,2.5722,0.259,0.2
0.385868,0.785257,0.381717,0.771737,1.57051,0.763433,Paar Δ=0°,1.15761,2.35577,1.14515,0.632159,1.18774,0.609862,0.586613,0.416119,0.570898,0.587274,0.44366,0.568345,0.194426,120,0.392848,0.0127806,0.0106184,0.15895,120,1.83207e-16,0.00798757,0.00798757,0.203628,120,0.381169,0.0121442,0.0123906,1,0.15895,0.129627,0.381169,1.07164,2.55486,0.26,0.2
0.386433,0.786225,0.382236,0.772867,1.57245,0.764472,Paar Δ=0°,1.1593,2.35868,1.14671,0.63527,1.1889,0.612754,0.589598,0.418267,0.573594,0.589803,0.44539,0.570601,0.194459,120,0.395344,0.0127955,0.0106546,0.159037,120,1.83307e-16,0.00799193,0.00799193,0.20372,120,0.383524,0.0121521,0.0124071,1,0.159037,0.129953,0.383524,1.07223,2.53688,0.261,0.2
0.386996,0.787206,0.382752,0.773992,1.57441,0.765504,Paar Δ=0°,1.16099,2.36162,1.14826,0.638399,1.19008,0.615659,0.5926,0.420456,0.576297,0.592348,0.447149,0.57287,0.194489,120,0.39786,0.0128099,0.0106893,0.159124,120,1.83407e-16,0.00799631,0.00799632,0.20382,120,0.385895,0.0121598,0.012422,1,0.159124,0.130282,0.385895,1.07281,2.5183,0.262,0.2
0.387555,0.788194,0.383265,0.775111,1.57639,0.766531,Paar Δ=0°,1.16267,2.36458,1.1498,0.641532,1.19128,0.618569,0.595618,0.422681,0.579012,0.594893,0.448937,0.575136,0.1945,120,0.400393,0.0128209,0.0107249,0.159211,120,1.83508e-16,0.00800072,0.00800072,0.203915,120,0.38828,0.0121659,0.0124366,1,0.159211,0.130613,0.38828,1.0734,2.49916,0.263,0.2
0.38811,0.789189,0.383774,0.776221,1.57838,0.767549,Paar Δ=0°,1.16433,2.36757,1.15132,0.644672,1.19251,0.62149,0.598648,0.424949,0.581732,0.597445,0.450763,0.577404,0.194502,120,0.402944,0.0128359,0.010763,0.159299,120,1.8361e-16,0.00800514,0.00800515,0.204011,120,0.390679,0.0121712,0.0124538,1,0.159299,0.130947,0.390679,1.074,2.4795,0.264,0.2
0.388661,0.790197,0.384279,0.777323,1.58039,0.768559,Paar Δ=0°,1.16598,2.37059,1.15284,0.647824,1.19376,0.624416,0.60169,0.427256,0.584458,0.599998,0.452618,0.579673,0.194488,120,0.40551,0.0128466,0.0107985,0.159388,120,1.83712e-16,0.00800959,0.00800959,0.20411,120,0.393092,0.0121788,0.0124695,1,0.159388,0.131283,0.393092,1.07459,2.45937,0.265,0.2
0.38921,0.79121,0.38478,0.77842,1.58242,0.76956,Paar Δ=0°,1.16763,2.37363,1.15434,0.650977,1.19505,0.627353,0.604743,0.429599,0.587189,0.602552,0.454503,0.581936,0.194461,120,0.408091,0.0128597,0.0108389,0.159477,120,1.83814e-16,0.00801406,0.00801406,0.204206,120,0.395517,0.0121851,0.0124844,1,0.159477,0.131622,0.395517,1.07519,2.4388,0.266,0.2
0.389754,0.792235,0.385276,0.779507,1.58447,0.770553,Paar Δ=0°,1.16926,2.37671,1.15583,0.654145,1.19636,0.630291,0.6078,0.431985,0.589917,0.605104,0.456423,0.5842,0.194418,120,0.410686,0.0128697,0.0108766,0.159566,120,1.83917e-16,0.00801854,0.00801854,0.204302,120,0.397954,0.0121905,0.0124992,1,0.159566,0.131964,0.397954,1.07579,2.41785,0.267,0.2
0.390293,0.793267,0.385768,0.780586,1.58653,0.771537,Paar Δ=0°,1.17088,2.3798,1.15731,0.657315,1.1977,0.633245,0.610865,0.434409,0.592651,0.607655,0.458376,0.586458,0.194362,120,0.413294,0.0128809,0.0109168,0.159656,120,1.8402e-16,0.00802305,0.00802305,0.204402,120,0.400402,0.0121943,0.012516,1,0.159656,0.132309,0.400402,1.0764,2.39655,0.268,0.2
0.390827,0.794308,0.386256,0.781654,1.58862,0.772513,Paar Δ=0°,1.17248,2.38292,1.15877,0.660495,1.19907,0.636198,0.613929,0.436867,0.595381,0.610199,0.460359,0.588705,0.194286,120,0.415913,0.0128897,0.010956,0.159746,120,1.84124e-16,0.00802758,0.00802758,0.204501,120,0.40286,0.0122005,0.0125323,1,0.159746,0.132656,0.40286,1.07701,2.37494,0.269,0.2
0.391358,0.795359,0.386739,0.782716,1.59072,0.773479,Paar Δ=0°,1.17407,2.38608,1.16022,0.663683,1.20047,0.639166,0.616995,0.439364,0.598104,0.612741,0.462371,0.590948,0.194199,120,0.418542,0.0128994,0.0109965,0.159836,120,1.84229e-16,0.00803213,0.00803213,0.204596,120,0.405327,0.0122061,0.0125477,1,0.159836,0.133005,0.405327,1.07762,2.35306,0.27,0.2
0.391884,0.796414,0.387218,0.783768,1.59283,0.774435,Paar Δ=0°,1.17565,2.38924,1.16165,0.666876,1.20191,0.642137,0.620056,0.4419,0.600827,0.615268,0.464418,0.593183,0.194087,120,0.42118,0.0129062,0.0110365,0.159927,120,1.84334e-16,0.0080367,0.0080367,0.204698,120,0.407802,0.0122108,0.0125627,1,0.159927,0.133358,0.407803,1.07823,2.33094,0.271,0.2
0.392405,0.797481,0.387691,0.784811,1.59496,0.775382,Paar Δ=0°,1.17722,2.39244,1.16307,0.670083,1.20336,0.645118,0.623118,0.444468,0.603543,0.617796,0.466497,0.595404,0.19397,120,0.423826,0.0129147,0.0110774,0.160019,120,1.84439e-16,0.0080413,0.0080413,0.2048,120,0.410284,0.0122147,0.012577,1,0.160019,0.133713,0.410284,1.07885,2.30863,0.272,0.2
0.392921,0.798553,0.388159,0.785843,1.59711,0.776318,Paar Δ=0°,1.17876,2.39566,1.16448,0.673291,1.20485,0.648108,0.626168,0.447068,0.606247,0.620306,0.468603,0.59761,0.193829,120,0.426477,0.012919,0.0111176,0.160111,120,1.84545e-16,0.00804591,0.00804591,0.2049,120,0.412772,0.012218,0.0125935,1,0.160111,0.134071,0.412772,1.07947,2.28616,0.273,0.2
0.393432,0.79963,0.388622,0.786864,1.59926,0.777243,Paar Δ=0°,1.1803,2.39889,1.16587,0.676518,1.20637,0.651103,0.629218,0.449706,0.60894,0.622805,0.470737,0.599806,0.193672,120,0.429133,0.0129268,0.0111596,0.160203,120,1.84651e-16,0.00805054,0.00805054,0.204998,120,0.415264,0.0122204,0.0126096,1,0.160203,0.134432,0.415264,1.08009,2.27932,0.274,0.2
0.393938,0.800716,0.389079,0.787875,1.60143,0.778158,Paar Δ=0°,1.18181,2.40215,1.16724,0.679747,1.20792,0.654115,0.632254,0.452376,0.611628,0.625293,0.4729,0.601988,0.193501,120,0.431792,0.01293,0.0111979,0.160295,120,1.84758e-16,0.0080552,0.0080552,0.205102,120,0.417759,0.0122238,0.0126256,1,0.160295,0.134795,0.417759,1.08071,2.29302,0.275,0.2
0.394439,0.801804,0.389531,0.788877,1.60361,0.779062,Paar Δ=0°,1.18332,2.40541,1.16859,0.682995,1.2095,0.657131,0.635279,0.455075,0.6143,0.627759,0.475094,0.60415,0.193307,120,0.434452,0.0129343,0.0112415,0.160389,120,1.84865e-16,0.00805988,0.00805988,0.205207,120,0.420256,0.0122274,0.0126413,1,0.160389,0.135162,0.420256,1.08134,2.30672,0.276,0.2
0.394934,0.8029,0.389977,0.789868,1.6058,0.779955,Paar Δ=0°,1.1848,2.4087,1.16993,0.686247,1.21109,0.660161,0.638295,0.457802,0.616956,0.630212,0.477313,0.606293,0.193101,120,0.437111,0.0129379,0.0112817,0.160482,120,1.84973e-16,0.00806458,0.00806458,0.20531,120,0.422753,0.0122301,0.0126565,1,0.160482,0.135531,0.422753,1.08197,2.32043,0.277,0.2
0.395424,0.803998,0.390418,0.790847,1.608,0.780835,Paar Δ=0°,1.18627,2.41199,1.17125,0.689517,1.21273,0.663203,0.641292,0.460559,0.619595,0.632646,0.479556,0.608414,0.192879,120,0.439767,0.0129376,0.0113223,0.160576,120,1.85081e-16,0.0080693,0.0080693,0.205414,120,0.425249,0.0122323,0.0126716,1,0.160576,0.135903,0.425249,1.0826,2.33413,0.278,0.2
0.395907,0.805096,0.390852,0.791815,1.61019,0.781704,Paar Δ=0°,1.18772,2.41529,1.17256,0.692794,1.21438,0.666251,0.644272,0.463345,0.622214,0.635055,0.481822,0.610515,0.192635,120,0.442419,0.0129403,0.0113645,0.16067,120,1.8519e-16,0.00807404,0.00807404,0.205517,120,0.427742,0.0122341,0.0126866,1,0.16067,0.136278,0.427742,1.08324,2.34781,0.279,0.2
0.396385,0.806201,0.391281,0.79277,1.6124,0.782561,Paar Δ=0°,1.18916,2.4186,1.17384,0.69609,1.21606,0.66932,0.647238,0.466155,0.624815,0.637441,0.48411,0.612595,0.192376,120,0.445065,0.0129408,0.011404,0.160765,120,1.85299e-16,0.00807881,0.0080788,0.205622,120,0.43023,0.0122353,0.0127016,1,0.160765,0.136656,0.430231,1.08388,2.36147,0.28,0.2
0.396856,0.807304,0.391702,0.793713,1.61461,0.783405,Paar Δ=0°,1.19057,2.42191,1.17511,0.699395,1.21777,0.672398,0.650179,0.468989,0.627395,0.639807,0.486419,0.614649,0.192106,120,0.447702,0.0129383,0.0114444,0.16086,120,1.85409e-16,0.00808359,0.00808359,0.205731,120,0.432712,0.0122361,0.0127166,1,0.16086,0.137037,0.432712,1.08452,2.37509,0.281,0.2
0.397321,0.808406,0.392118,0.794643,1.61681,0.784236,Paar Δ=0°,1.19196,2.42522,1.17635,0.70272,1.21949,0.675489,0.653095,0.471843,0.629952,0.642143,0.488751,0.616674,0.191816,120,0.450328,0.0129368,0.0114864,0.160956,120,1.85519e-16,0.0080884,0.0080884,0.205841,120,0.435186,0.0122364,0.0127314,1,0.160956,0.137421,0.435186,1.08517,2.38867,0.282,0.2
0.39778,0.80951,0.392526,0.795559,1.61902,0.785053,Paar Δ=0°,1.19334,2.42853,1.17758,0.706054,1.22124,0.678597,0.655992,0.474717,0.632482,0.644447,0.4911,0.618671,0.191507,120,0.45294,0.0129355,0.0115264,0.161052,120,1.8563e-16,0.00809323,0.00809323,0.205952,120,0.437649,0.0122361,0.0127462,1,0.161052,0.137807,0.437649,1.08581,2.40219,0.283,0.2
0.398231,0.81061,0.392928,0.796462,1.62122,0.785856,Paar Δ=0°,1.19469,2.43183,1.17878,0.70941,1.22301,0.681716,0.658861,0.477609,0.634984,0.646722,0.493465,0.620636,0.191184,120,0.455538,0.0129313,0.0115641,0.161149,120,1.85741e-16,0.00809808,0.00809808,0.206063,120,0.4401,0.0122354,0.012761,1,0.161149,0.138197,0.4401,1.08647,2.41565,0.284,0.2
0.398675,0.811705,0.393322,0.79735,1.62341,0.786644,Paar Δ=0°,1.19603,2.43512,1.17997,0.712775,1.22479,0.684853,0.6617,0.480517,0.637457,0.648968,0.495844,0.622567,0.190849,120,0.458118,0.012925,0.0116052,0.161246,120,1.85853e-16,0.00810295,0.00810295,0.206175,120,0.442537,0.0122342,0.0127757,1,0.161246,0.13859,0.442537,1.08712,2.42902,0.285,0.2
0.399112,0.8128,0.393708,0.798223,1.6256,0.787417,Paar Δ=0°,1.19734,2.4384,1.18112,0.716165,1.2266,0.688006,0.664505,0.48344,0.639897,0.651176,0.498235,0.624464,0.190498,120,0.460677,0.0129193,0.0116459,0.161343,120,1.85965e-16,0.00810785,0.00810784,0.206289,120,0.444957,0.0122324,0.0127904,1,0.161343,0.138986,0.444957,1.08778,2.4423,0.286,0.2
0.399541,0.813886,0.394087,0.799081,1.62777,0.788173,Paar Δ=0°,1.19862,2.44166,1.18226,0.719562,1.22841,0.691171,0.667275,0.486374,0.642304,0.653345,0.500636,0.626324,0.19013,120,0.463214,0.0129137,0.0116847,0.161441,120,1.86078e-16,0.00811276,0.00811276,0.206404,120,0.447358,0.0122301,0.012805,1,0.161441,0.139385,0.447359,1.08844,2.45548,0.287,0.2
0.399961,0.814964,0.394457,0.799923,1.62993,0.788913,Paar Δ=0°,1.19988,2.44489,1.18337,0.722987,1.23024,0.694356,0.670015,0.48932,0.644676,0.655472,0.503044,0.628145,0.189747,120,0.465725,0.0129069,0.0117229,0.161539,120,1.86191e-16,0.0081177,0.0081177,0.206521,120,0.449738,0.012227,0.0128192,1,0.161539,0.139787,0.449739,1.0891,2.46855,0.288,0.2
0.400374,0.816038,0.394818,0.800747,1.63208,0.789636,Paar Δ=0°,1.20112,2.44811,1.18445,0.726421,1.23208,0.697557,0.672716,0.492272,0.647009,0.657556,0.505459,0.629925,0.189348,120,0.468208,0.0128978,0.0117595,0.161638,120,1.86305e-16,0.00812266,0.00812266,0.206639,120,0.452095,0.0122229,0.0128331,1,0.161638,0.140192,0.452095,1.08976,2.48148,0.289,0.2
0.400777,0.8171,0.395171,0.801554,1.6342,0.790342,Paar Δ=0°,1.20233,2.4513,1.18551,0.729879,1.23393,0.700771,0.675375,0.495229,0.649302,0.6596,0.507876,0.631661,0.188941,120,0.470658,0.0128878,0.0117987,0.161737,120,1.86419e-16,0.00812764,0.00812765,0.20676,120,0.454425,0.0122182,0.0128467,1,0.161737,0.140601,0.454425,1.09043,2.49427,0.29,0.2
0.401171,0.81815,0.395515,0.802343,1.6363,0.79103,Paar Δ=0°,1.20351,2.45445,1.18654,0.733349,1.23579,0.704005,0.677989,0.49819,0.651552,0.661597,0.510295,0.633352,0.188521,120,0.473076,0.0128763,0.0118374,0.161837,120,1.86534e-16,0.00813265,0.00813265,0.206882,120,0.456726,0.0122145,0.0128598,1,0.161837,0.141012,0.456727,1.0911,2.5069,0.291,0.2
0.401556,0.819191,0.395849,0.803112,1.63838,0.791698,Paar Δ=0°,1.20467,2.45757,1.18755,0.73684,1.23766,0.707256,0.680557,0.50115,0.653757,0.663542,0.512712,0.634995,0.188087,120,0.475456,0.0128635,0.0118752,0.161937,120,1.8665e-16,0.00813768,0.00813768,0.207007,120,0.458996,0.0122104,0.0128721,1,0.161937,0.141427,0.458997,1.09178,2.51936,0.292,0.2
0.40193,0.820218,0.396172,0.80386,1.64044,0.792345,Paar Δ=0°,1.20579,2.46065,1.18852,0.740348,1.23953,0.71052,0.683076,0.504109,0.655915,0.665435,0.515125,0.636587,0.18764,120,0.477795,0.012851,0.0119124,0.162037,120,1.86766e-16,0.00814273,0.00814274,0.207134,120,0.461232,0.0122054,0.0128851,1,0.162037,0.141845,0.461232,1.09246,2.53163,0.293,0.2
0.402294,0.821229,0.396485,0.804588,1.64246,0.79297,Paar Δ=0°,1.20688,2.46369,1.18946,0.743871,1.2414,0.713801,0.685544,0.507062,0.658023,0.667273,0.517531,0.638126,0.187182,120,0.480091,0.0128383,0.0119491,0.162138,120,1.86882e-16,0.00814781,0.00814781,0.207263,120,0.463431,0.0121992,0.0128992,1,0.162138,0.142266,0.463431,1.09314,2.5437,0.294,0.2
0.402646,0.822223,0.396787,0.805293,1.64445,0.793573,Paar Δ=0°,1.20794,2.46667,1.19036,0.747416,1.24327,0.717102,0.687957,0.510006,0.660078,0.669052,0.519926,0.63961,0.186711,120,0.48234,0.0128244,0.0119853,0.16224,120,1.86999e-16,0.0081529,0.00815291,0.207394,120,0.46559,0.0121918,0.0129126,1,0.16224,0.142691,0.46559,1.09382,2.55556,0.295,0.2
0.402987,0.823203,0.397078,0.805975,1.64641,0.794156,Paar Δ=0°,1.20896,2.46961,1.19123,0.750971,1.24515,0.720415,0.690314,0.51294,0.662078,0.67077,0.522309,0.641035,0.18623,120,0.484541,0.0128091,0.0120209,0.162342,120,1.87116e-16,0.00815802,0.00815803,0.207528,120,0.467706,0.012183,0.0129252,1,0.162342,0.143119,0.467707,1.09451,2.56717,0.296,0.2
0.403316,0.824164,0.397357,0.806632,1.64833,0.794714,Paar Δ=0°,1.20995,2.47249,1.19207,0.754549,1.24702,0.723741,0.692611,0.515858,0.664019,0.672426,0.524681,0.6424,0.185738,120,0.486688,0.0127928,0.012056,0.162444,120,1.87234e-16,0.00816317,0.00816317,0.207664,120,0.469777,0.0121757,0.0129362,1,0.162444,0.14355,0.469777,1.0952,2.57854,0.297,0.2
0.403633,0.825103,0.397623,0.807267,1.65021,0.795246,Paar Δ=0°,1.2109,2.47531,1.19287,0.758139,1.24888,0.727089,0.694846,0.518759,0.665906,0.674015,0.527034,0.643702,0.185237,120,0.488778,0.0127754,0.0120908,0.162547,120,1.87353e-16,0.00816833,0.00816833,0.207803,120,0.471799,0.0121681,0.0129471,1,0.162547,0.143984,0.471799,1.09589,2.58964,0.298,0.2
0.403937,0.82602,0.397876,0.807875,1.65204,0.795752,Paar Δ=0°,1.21181,2.47806,1.19363,0.761743,1.25075,0.730448,0.697015,0.52164,0.667729,0.675535,0.529365,0.644937,0.184726,120,0.49081,0.0127569,0.0121252,0.16265,120,1.87472e-16,0.00817352,0.00817352,0.207944,120,0.473769,0.0121587,0.0129606,1,0.16265,0.144422,0.47377,1.09659,2.60045,0.299,0.2
0.404228,0.826916,0.398117,0.808455,1.65383,0.796233,Paar Δ=0°,1.21268,2.48075,1.19435,0.765367,1.2526,0.733819,0.699117,0.524503,0.669487,0.676985,0.53167,0.646105,0.184207,120,0.492778,0.0127372,0.012159,0.162754,120,1.87591e-16,0.00817873,0.00817873,0.208087,120,0.475685,0.0121472,0.0129724,1,0.162754,0.144864,0.475685,1.09729,2.61097,0.3,0.2
