V,kf,zeta,res_zus,res_pfl,dF,peak
V1,0.7,0.02,0.395721,0.735749,0.628234,120
V1,0.7,0.05,0.421069,0.748788,0.581712,120
V1,0.7,0.1,0.427487,0.752745,0.563566,120
V1,0.7,0.2,0.427716,0.755067,0.5617,120
V1,0.7025,0.02,0.396848,0.737794,0.627886,120
V1,0.7025,0.05,0.421238,0.749102,0.581932,120
V1,0.7025,0.1,0.42755,0.752798,0.563622,120
V1,0.7025,0.2,0.42772,0.755094,0.561709,120
V1,0.705,0.02,0.397967,0.739819,0.627647,120
V1,0.705,0.05,0.421415,0.74943,0.582024,120
V1,0.705,0.1,0.427614,0.752853,0.563663,120
V1,0.705,0.2,0.427724,0.755122,0.561717,120
V1,0.7075,0.02,0.399022,0.741776,0.627527,120
V1,0.7075,0.05,0.421598,0.749769,0.582,120
V1,0.7075,0.1,0.427679,0.752909,0.563689,120
V1,0.7075,0.2,0.427728,0.755147,0.561726,120
V1,0.71,0.02,0.400027,0.743653,0.6275,120
V1,0.71,0.05,0.421787,0.750117,0.58186,120
V1,0.71,0.1,0.427745,0.752967,0.563702,120
V1,0.71,0.2,0.427732,0.755172,0.561734,120
V1,0.7125,0.02,0.40097,0.745433,0.627513,120
V1,0.7125,0.05,0.421981,0.750469,0.581595,120
V1,0.7125,0.1,0.427811,0.753025,0.5637,120
V1,0.7125,0.2,0.427736,0.755197,0.561742,120
V1,0.715,0.02,0.401844,0.74712,0.627484,120
V1,0.715,0.05,0.42218,0.750822,0.581214,120
V1,0.715,0.1,0.427878,0.753085,0.563684,120
V1,0.715,0.2,0.42774,0.755223,0.561746,120
V1,0.7175,0.02,0.402649,0.748702,0.627319,120
V1,0.7175,0.05,0.422382,0.75117,0.58076,120
V1,0.7175,0.1,0.427945,0.753145,0.563674,120
V1,0.7175,0.2,0.427743,0.755248,0.561749,120
V1,0.72,0.02,0.403385,0.750171,0.626924,120
V1,0.72,0.05,0.422588,0.751512,0.58022,120
V1,0.72,0.1,0.428012,0.753205,0.563651,120
V1,0.72,0.2,0.427747,0.755273,0.561752,120
V1,0.7225,0.02,0.40406,0.75154,0.626189,120
V1,0.7225,0.05,0.422797,0.751849,0.579568,120
V1,0.7225,0.1,0.428079,0.753266,0.563615,120
V1,0.7225,0.2,0.427751,0.755298,0.561755,120
V1,0.725,0.02,0.40468,0.752471,0.625005,120
V1,0.725,0.05,0.423009,0.75218,0.578808,120
V1,0.725,0.1,0.428145,0.753326,0.563568,120
V1,0.725,0.2,0.427754,0.755323,0.561758,120
V1,0.7275,0.02,0.405257,0.75212,0.623334,120
V1,0.7275,0.05,0.423224,0.752501,0.577947,120
V1,0.7275,0.1,0.428211,0.753387,0.56351,120
V1,0.7275,0.2,0.427758,0.755348,0.561761,120
V1,0.73,0.02,0.405801,0.751749,0.621098,120
V1,0.73,0.05,0.42344,0.752812,0.57699,120
V1,0.73,0.1,0.428275,0.753447,0.563442,120
V1,0.73,0.2,0.427761,0.755373,0.561764,120
V1,0.7325,0.02,0.406326,0.751387,0.61813,120
V1,0.7325,0.05,0.423658,0.753112,0.575942,120
V1,0.7325,0.1,0.428336,0.753507,0.563364,120
V1,0.7325,0.2,0.427764,0.755398,0.561766,120
V1,0.735,0.02,0.406848,0.751047,0.614385,120
V1,0.735,0.05,0.423878,0.753399,0.57482,120
V1,0.735,0.1,0.428395,0.753565,0.563277,120
V1,0.735,0.2,0.427768,0.755423,0.561768,120
V1,0.7375,0.02,0.407384,0.750731,0.609946,120
V1,0.7375,0.05,0.424099,0.753673,0.573675,120
V1,0.7375,0.1,0.428449,0.753623,0.563182,120
V1,0.7375,0.2,0.427771,0.755448,0.561766,120
V1,0.74,0.02,0.407947,0.750495,0.604569,120
V1,0.74,0.05,0.42432,0.753928,0.572462,120
V1,0.74,0.1,0.428493,0.75368,0.56308,120
V1,0.74,0.2,0.427774,0.755473,0.561764,120
V1,0.7425,0.02,0.408553,0.75032,0.598519,120
V1,0.7425,0.05,0.424539,0.754168,0.571191,120
V1,0.7425,0.1,0.428506,0.753736,0.562967,120
V1,0.7425,0.2,0.427777,0.755498,0.561762,120
V1,0.745,0.02,0.409222,0.750268,0.591602,120
V1,0.745,0.05,0.424758,0.754393,0.569863,120
V1,0.745,0.1,0.428483,0.75379,0.562848,120
V1,0.745,0.2,0.42778,0.755522,0.561759,120
V1,0.7475,0.02,0.409648,0.750337,0.584042,120
V1,0.7475,0.05,0.424977,0.754604,0.568497,120
V1,0.7475,0.1,0.428452,0.753844,0.562724,120
V1,0.7475,0.2,0.427783,0.755547,0.561757,120
V1,0.75,0.02,0.410019,0.750544,0.575966,120
V1,0.75,0.05,0.425111,0.7548,0.567105,120
V1,0.75,0.1,0.428417,0.753895,0.562596,120
V1,0.75,0.2,0.427786,0.755572,0.561754,120
V1,0.7525,0.02,0.410472,0.750913,0.567435,120
V1,0.7525,0.05,0.425028,0.754982,0.565701,120
V1,0.7525,0.1,0.428378,0.753945,0.562465,120
V1,0.7525,0.2,0.427788,0.755596,0.561751,120
V1,0.755,0.02,0.411008,0.751413,0.558844,120
V1,0.755,0.05,0.424948,0.75515,0.564283,120
V1,0.755,0.1,0.428337,0.753994,0.562332,120
V1,0.755,0.2,0.427791,0.755621,0.561749,120
V1,0.7575,0.02,0.411611,0.752052,0.550282,120
V1,0.7575,0.05,0.424872,0.755301,0.562917,120
V1,0.7575,0.1,0.428295,0.75404,0.562197,120
V1,0.7575,0.2,0.427794,0.755645,0.561746,120
V1,0.76,0.02,0.412253,0.752802,0.542012,120
V1,0.76,0.05,0.424799,0.755431,0.561577,120
V1,0.76,0.1,0.428253,0.754085,0.562062,120
V1,0.76,0.2,0.427796,0.755669,0.561744,120
V1,0.7625,0.02,0.412926,0.75363,0.534257,120
V1,0.7625,0.05,0.42473,0.755549,0.560251,120
V1,0.7625,0.1,0.42821,0.754128,0.561924,120
V1,0.7625,0.2,0.427799,0.755694,0.561749,120
V1,0.765,0.02,0.413608,0.754504,0.527165,120
V1,0.765,0.05,0.424662,0.755653,0.558966,120
V1,0.765,0.1,0.428168,0.754169,0.561784,120
V1,0.765,0.2,0.427801,0.755718,0.561755,120
V1,0.7675,0.02,0.414276,0.7554,0.520813,120
V1,0.7675,0.05,0.424597,0.755745,0.557725,120
V1,0.7675,0.1,0.428126,0.754209,0.561646,120
V1,0.7675,0.2,0.427803,0.755742,0.56176,120
V1,0.77,0.02,0.414897,0.75628,0.515319,120
V1,0.77,0.05,0.424534,0.755824,0.556532,120
V1,0.77,0.1,0.428084,0.754246,0.56152,120
V1,0.77,0.2,0.427806,0.755766,0.561765,120
V1,0.7725,0.02,0.415471,0.757115,0.510749,120
V1,0.7725,0.05,0.424473,0.755882,0.555406,120
V1,0.7725,0.1,0.428043,0.754281,0.561403,120
V1,0.7725,0.2,0.427808,0.75579,0.56177,120
V1,0.775,0.02,0.41598,0.757886,0.5071,120
V1,0.775,0.05,0.424411,0.755927,0.554334,120
V1,0.775,0.1,0.428002,0.754314,0.561289,120
V1,0.775,0.2,0.42781,0.755813,0.561775,120
V1,0.7775,0.02,0.416407,0.758576,0.504345,120
V1,0.7775,0.05,0.424349,0.75596,0.553342,120
V1,0.7775,0.1,0.427963,0.754345,0.561179,120
V1,0.7775,0.2,0.427812,0.755835,0.56178,120
V1,0.78,0.02,0.416747,0.759181,0.502429,120
V1,0.78,0.05,0.424288,0.755981,0.552414,120
V1,0.78,0.1,0.427925,0.754375,0.561074,120
V1,0.78,0.2,0.427815,0.755857,0.561785,120
V1,0.7825,0.02,0.416999,0.759697,0.501277,120
V1,0.7825,0.05,0.424227,0.755992,0.551568,120
V1,0.7825,0.1,0.427887,0.754402,0.560968,120
V1,0.7825,0.2,0.427817,0.755879,0.56179,120
V1,0.785,0.02,0.417156,0.76012,0.500864,120
V1,0.785,0.05,0.424167,0.755987,0.550797,120
V1,0.785,0.1,0.427851,0.754428,0.560867,120
V1,0.785,0.2,0.427819,0.755901,0.561792,120
V1,0.7875,0.02,0.417208,0.760443,0.501166,120
V1,0.7875,0.05,0.424108,0.755966,0.550102,120
V1,0.7875,0.1,0.427816,0.754451,0.560771,120
V1,0.7875,0.2,0.427821,0.755923,0.561793,120
V1,0.79,0.02,0.417165,0.760688,0.501995,120
V1,0.79,0.05,0.424047,0.755934,0.549489,120
V1,0.79,0.1,0.427782,0.754473,0.560681,120
V1,0.79,0.2,0.427823,0.755944,0.561794,120
V1,0.7925,0.02,0.417025,0.760755,0.503366,120
V1,0.7925,0.05,0.423984,0.755892,0.548943,120
V1,0.7925,0.1,0.427749,0.754494,0.560598,120
V1,0.7925,0.2,0.427824,0.755966,0.561795,120
V1,0.795,0.02,0.416793,0.760529,0.505157,120
V1,0.795,0.05,0.423922,0.755841,0.54848,120
V1,0.795,0.1,0.427718,0.754512,0.560522,120
V1,0.795,0.2,0.427826,0.755987,0.561796,120
V1,0.7975,0.02,0.416472,0.760261,0.508501,120
V1,0.7975,0.05,0.42386,0.755779,0.548081,120
V1,0.7975,0.1,0.427688,0.754529,0.560453,120
V1,0.7975,0.2,0.427828,0.756009,0.561797,120
V1,0.8,0.02,0.416053,0.759948,0.512783,120
V1,0.8,0.05,0.423799,0.755708,0.547752,120
V1,0.8,0.1,0.427659,0.754545,0.560388,120
V1,0.8,0.2,0.42783,0.75603,0.561798,120
V1,0.8025,0.02,0.415556,0.75959,0.51736,120
V1,0.8025,0.05,0.423737,0.755621,0.547495,120
V1,0.8025,0.1,0.427631,0.754559,0.560327,120
V1,0.8025,0.2,0.427832,0.756052,0.561799,120
V1,0.805,0.02,0.414986,0.759198,0.522149,120
V1,0.805,0.05,0.423672,0.755525,0.547289,120
V1,0.805,0.1,0.427605,0.754571,0.560274,120
V1,0.805,0.2,0.427834,0.756073,0.561801,120
V1,0.8075,0.02,0.414342,0.758765,0.527079,120
V1,0.8075,0.05,0.423609,0.755421,0.547148,120
V1,0.8075,0.1,0.42758,0.754583,0.560228,120
V1,0.8075,0.2,0.427835,0.756094,0.561802,120
V1,0.81,0.02,0.413643,0.758298,0.532057,120
V1,0.81,0.05,0.423547,0.755309,0.547069,120
V1,0.81,0.1,0.427557,0.754593,0.560191,120
V1,0.81,0.2,0.427837,0.756115,0.5618,120
V1,0.8125,0.02,0.412905,0.757808,0.536993,120
V1,0.8125,0.05,0.423486,0.75519,0.547033,120
V1,0.8125,0.1,0.427534,0.754602,0.56016,120
V1,0.8125,0.2,0.427839,0.756137,0.561798,120
V1,0.815,0.02,0.41213,0.757295,0.541778,120
V1,0.815,0.05,0.423426,0.755064,0.547191,120
V1,0.815,0.1,0.427514,0.75461,0.560138,120
V1,0.815,0.2,0.42784,0.756158,0.561795,120
V1,0.8175,0.02,0.411339,0.756758,0.546288,120
V1,0.8175,0.05,0.423365,0.754931,0.547709,120
V1,0.8175,0.1,0.427495,0.754617,0.560123,120
V1,0.8175,0.2,0.427842,0.756179,0.561793,120
V1,0.82,0.02,0.410555,0.756211,0.550558,120
V1,0.82,0.05,0.423305,0.754792,0.548228,120
V1,0.82,0.1,0.427476,0.754623,0.56011,120
V1,0.82,0.2,0.427844,0.7562,0.561791,120
V1,0.8225,0.02,0.409797,0.755659,0.554394,120
V1,0.8225,0.05,0.423248,0.754648,0.54875,120
V1,0.8225,0.1,0.42746,0.754628,0.560104,120
V1,0.8225,0.2,0.427846,0.75622,0.561789,120
V1,0.825,0.02,0.409083,0.755108,0.557685,120
V1,0.825,0.05,0.423193,0.754499,0.549272,120
V1,0.825,0.1,0.427445,0.754632,0.560105,120
V1,0.825,0.2,0.427847,0.756241,0.561787,120
V1,0.8275,0.02,0.408415,0.754562,0.560524,120
V1,0.8275,0.05,0.42314,0.754345,0.549789,120
V1,0.8275,0.1,0.427431,0.754637,0.560114,120
V1,0.8275,0.2,0.427849,0.756262,0.561784,120
V1,0.83,0.02,0.407819,0.754025,0.562857,120
V1,0.83,0.05,0.423091,0.754188,0.550292,120
V1,0.83,0.1,0.427419,0.75464,0.560129,120
V1,0.83,0.2,0.427851,0.756283,0.561783,120
V1,0.8325,0.02,0.407302,0.75349,0.56463,120
V1,0.8325,0.05,0.423042,0.754027,0.55078,120
V1,0.8325,0.1,0.427407,0.754643,0.56015,120
V1,0.8325,0.2,0.427852,0.756304,0.561781,120
V1,0.835,0.02,0.406868,0.752963,0.566031,120
V1,0.835,0.05,0.422995,0.753864,0.551292,120
V1,0.835,0.1,0.427398,0.754646,0.560178,120
V1,0.835,0.2,0.427854,0.756324,0.561779,120
V1,0.8375,0.02,0.406514,0.75244,0.567086,120
V1,0.8375,0.05,0.422952,0.753699,0.551785,120
V1,0.8375,0.1,0.427389,0.754649,0.560211,120
V1,0.8375,0.2,0.427856,0.756345,0.561773,120
V1,0.84,0.02,0.406211,0.751919,0.567835,120
V1,0.84,0.05,0.422912,0.753533,0.552256,120
V1,0.84,0.1,0.427383,0.754651,0.560249,120
V1,0.84,0.2,0.427858,0.756365,0.561768,120
V1,0.8425,0.02,0.405967,0.751394,0.568392,120
V1,0.8425,0.05,0.422877,0.753367,0.552701,120
V1,0.8425,0.1,0.427377,0.754654,0.560288,120
V1,0.8425,0.2,0.427859,0.756386,0.561771,120
V1,0.845,0.02,0.405772,0.750859,0.568952,120
V1,0.845,0.05,0.422845,0.753201,0.553111,120
V1,0.845,0.1,0.427373,0.754657,0.560332,120
V1,0.845,0.2,0.427861,0.756406,0.561777,120
V1,0.8475,0.02,0.405611,0.75031,0.569522,120
V1,0.8475,0.05,0.422817,0.753036,0.553491,120
V1,0.8475,0.1,0.42737,0.75466,0.560381,120
V1,0.8475,0.2,0.427863,0.756427,0.561783,120
V1,0.85,0.02,0.405472,0.749735,0.570154,120
V1,0.85,0.05,0.422792,0.752873,0.553838,120
V1,0.85,0.1,0.427368,0.754663,0.560435,120
V1,0.85,0.2,0.427865,0.756447,0.561789,120
V1,0.8525,0.02,0.405344,0.749128,0.570907,120
V1,0.8525,0.05,0.422768,0.752714,0.554152,120
V1,0.8525,0.1,0.427368,0.754667,0.560492,120
V1,0.8525,0.2,0.427866,0.756468,0.561796,120
V1,0.855,0.02,0.405215,0.748493,0.571823,120
V1,0.855,0.05,0.42275,0.752558,0.55443,120
V1,0.855,0.1,0.427369,0.754671,0.560553,120
V1,0.855,0.2,0.427868,0.756487,0.561802,120
V1,0.8575,0.02,0.405078,0.747829,0.572923,120
V1,0.8575,0.05,0.422735,0.752406,0.55467,120
V1,0.8575,0.1,0.427372,0.754675,0.560617,120
V1,0.8575,0.2,0.42787,0.756506,0.561808,120
V1,0.86,0.02,0.404927,0.747134,0.57422,120
V1,0.86,0.05,0.422725,0.752251,0.555325,120
V1,0.86,0.1,0.427376,0.75468,0.560683,120
V1,0.86,0.2,0.427872,0.756524,0.561814,120
V1,0.8625,0.02,0.404756,0.746403,0.575709,120
V1,0.8625,0.05,0.42272,0.752103,0.556172,120
V1,0.8625,0.1,0.42738,0.754686,0.560763,120
V1,0.8625,0.2,0.427873,0.756543,0.561821,120
V1,0.865,0.02,0.404563,0.745621,0.577382,120
V1,0.865,0.05,0.422719,0.751961,0.557044,120
V1,0.865,0.1,0.427387,0.754693,0.560843,120
V1,0.865,0.2,0.427875,0.756561,0.561824,120
V1,0.8675,0.02,0.404346,0.744813,0.579283,120
V1,0.8675,0.05,0.422723,0.751828,0.557935,120
V1,0.8675,0.1,0.427394,0.7547,0.560921,120
V1,0.8675,0.2,0.427877,0.756579,0.561827,120
V1,0.87,0.02,0.404104,0.743984,0.581315,120
V1,0.87,0.05,0.42273,0.751705,0.558843,120
V1,0.87,0.1,0.427402,0.754709,0.561002,120
V1,0.87,0.2,0.427879,0.756598,0.56183,120
V1,0.8725,0.02,0.403838,0.743102,0.58343,120
V1,0.8725,0.05,0.42274,0.751592,0.55976,120
V1,0.8725,0.1,0.427412,0.754718,0.561083,120
V1,0.8725,0.2,0.427881,0.756616,0.561833,120
V1,0.875,0.02,0.403551,0.742209,0.585571,120
V1,0.875,0.05,0.422754,0.751485,0.560682,120
V1,0.875,0.1,0.427423,0.754727,0.561164,120
V1,0.875,0.2,0.427883,0.756634,0.561836,120
V1,0.8775,0.02,0.403247,0.7413,0.587667,120
V1,0.8775,0.05,0.422774,0.751381,0.561602,120
V1,0.8775,0.1,0.427435,0.754735,0.561246,120
V1,0.8775,0.2,0.427884,0.756653,0.561839,120
V1,0.88,0.02,0.402933,0.740377,0.589826,120
V1,0.88,0.05,0.422798,0.75129,0.562515,120
V1,0.88,0.1,0.427448,0.754745,0.561327,120
V1,0.88,0.2,0.427886,0.756671,0.561842,120
V1,0.8825,0.02,0.402618,0.739468,0.591799,120
V1,0.8825,0.05,0.422827,0.751213,0.563416,120
V1,0.8825,0.1,0.427462,0.754755,0.561408,120
V1,0.8825,0.2,0.427888,0.756689,0.561845,120
V1,0.885,0.02,0.402298,0.738578,0.593479,120
V1,0.885,0.05,0.422861,0.751151,0.564297,120
V1,0.885,0.1,0.427478,0.754766,0.561488,120
V1,0.885,0.2,0.42789,0.756707,0.561848,120
V1,0.8875,0.02,0.401994,0.737719,0.595013,120
V1,0.8875,0.05,0.4229,0.751105,0.565153,120
V1,0.8875,0.1,0.427494,0.754779,0.561566,120
V1,0.8875,0.2,0.427892,0.756725,0.561851,120
V1,0.89,0.02,0.401724,0.736939,0.596658,120
V1,0.89,0.05,0.422942,0.751059,0.565978,120
V1,0.89,0.1,0.427511,0.754792,0.561643,120
V1,0.89,0.2,0.427894,0.756743,0.561854,120
V1,0.8925,0.02,0.401502,0.736224,0.602022,120
V1,0.8925,0.05,0.422988,0.751028,0.566767,120
V1,0.8925,0.1,0.42753,0.754807,0.561718,120
V1,0.8925,0.2,0.427896,0.756762,0.561857,120
V1,0.895,0.02,0.401345,0.735611,0.607055,120
V1,0.895,0.05,0.423038,0.751015,0.567515,120
V1,0.895,0.1,0.427549,0.754823,0.561791,120
V1,0.895,0.2,0.427898,0.75678,0.561858,120
V1,0.8975,0.02,0.401259,0.735136,0.611451,120
V1,0.8975,0.05,0.423093,0.751018,0.568217,120
V1,0.8975,0.1,0.427569,0.75484,0.561858,120
V1,0.8975,0.2,0.4279,0.756798,0.561857,120
V1,0.9,0.02,0.401241,0.734815,0.615383,120
V1,0.9,0.05,0.423153,0.75104,0.56887,120
V1,0.9,0.1,0.42759,0.754858,0.561922,120
V1,0.9,0.2,0.427902,0.756816,0.561857,120
V1,0.9025,0.02,0.401325,0.734654,0.618519,120
V1,0.9025,0.05,0.423218,0.751064,0.569493,120
V1,0.9025,0.1,0.427612,0.754877,0.561983,120
V1,0.9025,0.2,0.427904,0.756834,0.561857,120
V1,0.905,0.02,0.401514,0.734646,0.621034,120
V1,0.905,0.05,0.423288,0.751102,0.570074,120
V1,0.905,0.1,0.427634,0.754898,0.562041,120
V1,0.905,0.2,0.427906,0.756852,0.561856,120
V1,0.9075,0.02,0.401797,0.734817,0.622776,120
V1,0.9075,0.05,0.423359,0.751159,0.570598,120
V1,0.9075,0.1,0.427658,0.754919,0.562096,120
V1,0.9075,0.2,0.427907,0.75687,0.561856,120
V1,0.91,0.02,0.402158,0.735162,0.623793,120
V1,0.91,0.05,0.423434,0.751232,0.571062,120
V1,0.91,0.1,0.427682,0.754942,0.562147,120
V1,0.91,0.2,0.427909,0.756888,0.561856,120
V1,0.9125,0.02,0.402609,0.735672,0.624198,120
V1,0.9125,0.05,0.423513,0.751322,0.571464,120
V1,0.9125,0.1,0.427707,0.754965,0.562195,120
V1,0.9125,0.2,0.427911,0.756906,0.561856,120
V1,0.915,0.02,0.403136,0.736326,0.62392,120
V1,0.915,0.05,0.423597,0.751417,0.571804,120
V1,0.915,0.1,0.427732,0.75499,0.562239,120
V1,0.915,0.2,0.427913,0.756924,0.561855,120
V1,0.9175,0.02,0.403722,0.737074,0.623225,120
V1,0.9175,0.05,0.423686,0.751521,0.57208,120
V1,0.9175,0.1,0.427758,0.755016,0.562279,120
V1,0.9175,0.2,0.427915,0.756941,0.561855,120
V1,0.92,0.02,0.40435,0.737933,0.622033,120
V1,0.92,0.05,0.423778,0.75164,0.572293,120
V1,0.92,0.1,0.427785,0.755042,0.562315,120
V1,0.92,0.2,0.427917,0.756959,0.561855,120
V1,0.9225,0.02,0.405004,0.738887,0.620524,120
V1,0.9225,0.05,0.423869,0.751772,0.572439,120
V1,0.9225,0.1,0.427812,0.755069,0.562347,120
V1,0.9225,0.2,0.427919,0.756977,0.561855,120
V1,0.925,0.02,0.405669,0.739864,0.618811,120
V1,0.925,0.05,0.423965,0.751917,0.572523,120
V1,0.925,0.1,0.427838,0.755098,0.562374,120
V1,0.925,0.2,0.427921,0.756995,0.561853,120
V1,0.9275,0.02,0.406336,0.740897,0.616857,120
V1,0.9275,0.05,0.424065,0.752074,0.572546,120
V1,0.9275,0.1,0.427866,0.755127,0.562398,120
V1,0.9275,0.2,0.427923,0.757013,0.56185,120
V1,0.93,0.02,0.406993,0.741944,0.614795,120
V1,0.93,0.05,0.424169,0.752234,0.572511,120
V1,0.93,0.1,0.427894,0.755156,0.562418,120
V1,0.93,0.2,0.427925,0.757031,0.561846,120
V1,0.9325,0.02,0.407634,0.743002,0.612759,120
V1,0.9325,0.05,0.424272,0.752397,0.572445,120
V1,0.9325,0.1,0.427921,0.755186,0.562433,120
V1,0.9325,0.2,0.427927,0.757048,0.561842,120
V1,0.935,0.02,0.408256,0.744051,0.610676,120
V1,0.935,0.05,0.424377,0.75257,0.57234,120
V1,0.935,0.1,0.427949,0.755214,0.562442,120
V1,0.935,0.2,0.427929,0.757066,0.561839,120
V1,0.9375,0.02,0.408855,0.745103,0.608581,120
V1,0.9375,0.05,0.424485,0.752749,0.572181,120
V1,0.9375,0.1,0.427977,0.755243,0.562446,120
V1,0.9375,0.2,0.42793,0.757084,0.561842,120
V1,0.94,0.02,0.409432,0.746116,0.606493,120
V1,0.94,0.05,0.424598,0.752935,0.571973,120
V1,0.94,0.1,0.428005,0.755273,0.562447,120
V1,0.94,0.2,0.427932,0.757102,0.561848,120
V1,0.9425,0.02,0.409987,0.747125,0.604415,120
V1,0.9425,0.05,0.424708,0.753125,0.571716,120
V1,0.9425,0.1,0.428033,0.755302,0.562444,120
V1,0.9425,0.2,0.427934,0.757119,0.561855,120
V1,0.945,0.02,0.410512,0.748111,0.602343,120
V1,0.945,0.05,0.42482,0.753319,0.571414,120
V1,0.945,0.1,0.42806,0.755333,0.562437,120
V1,0.945,0.2,0.427936,0.757137,0.561861,120
V1,0.9475,0.02,0.411,0.749059,0.600259,120
V1,0.9475,0.05,0.424936,0.753516,0.57107,120
V1,0.9475,0.1,0.428087,0.755363,0.562427,120
V1,0.9475,0.2,0.427938,0.757153,0.561868,120
V1,0.95,0.02,0.411471,0.74999,0.598137,120
V1,0.95,0.05,0.425053,0.753714,0.570688,120
V1,0.95,0.1,0.428114,0.755394,0.562414,120
V1,0.95,0.2,0.42794,0.757169,0.561874,120
V1,0.9525,0.02,0.411927,0.750901,0.595947,120
V1,0.9525,0.05,0.425168,0.753912,0.570269,120
V1,0.9525,0.1,0.428139,0.755425,0.562411,120
V1,0.9525,0.2,0.427941,0.757185,0.56188,120
V1,0.955,0.02,0.412363,0.751792,0.593654,120
V1,0.955,0.05,0.425285,0.754109,0.569818,120
V1,0.955,0.1,0.428164,0.755456,0.562405,120
V1,0.955,0.2,0.427943,0.757201,0.561887,120
V1,0.9575,0.02,0.412775,0.752647,0.591225,120
V1,0.9575,0.05,0.425406,0.754304,0.569337,120
V1,0.9575,0.1,0.428187,0.755488,0.562395,120
V1,0.9575,0.2,0.427945,0.757217,0.561892,120
V1,0.96,0.02,0.413184,0.753483,0.588629,120
V1,0.96,0.05,0.425522,0.754495,0.56883,120
V1,0.96,0.1,0.428209,0.755519,0.562383,120
V1,0.96,0.2,0.427947,0.757233,0.561895,120
V1,0.9625,0.02,0.413595,0.7543,0.585841,120
V1,0.9625,0.05,0.425641,0.754684,0.568303,120
V1,0.9625,0.1,0.42823,0.755551,0.562368,120
V1,0.9625,0.2,0.427948,0.757249,0.561898,120
V1,0.965,0.02,0.413991,0.755097,0.582835,120
V1,0.965,0.05,0.425764,0.75487,0.567757,120
V1,0.965,0.1,0.428248,0.755582,0.56235,120
V1,0.965,0.2,0.42795,0.757265,0.561901,120
V1,0.9675,0.02,0.41439,0.755874,0.579608,120
V1,0.9675,0.05,0.425881,0.755051,0.567196,120
V1,0.9675,0.1,0.428264,0.755613,0.56233,120
V1,0.9675,0.2,0.427952,0.757281,0.561904,120
V1,0.97,0.02,0.414804,0.756629,0.576177,120
V1,0.97,0.05,0.426,0.755228,0.566623,120
V1,0.97,0.1,0.428277,0.755644,0.562307,120
V1,0.97,0.2,0.427953,0.757297,0.561907,120
V1,0.9725,0.02,0.415226,0.757362,0.572536,120
V1,0.9725,0.05,0.426122,0.755397,0.56606,120
V1,0.9725,0.1,0.428287,0.755675,0.562279,120
V1,0.9725,0.2,0.427955,0.757313,0.56191,120
V1,0.975,0.02,0.415649,0.758069,0.568707,120
V1,0.975,0.05,0.426239,0.75556,0.565495,120
V1,0.975,0.1,0.428294,0.755705,0.56225,120
V1,0.975,0.2,0.427957,0.757328,0.561913,120
V1,0.9775,0.02,0.416093,0.758745,0.564728,120
V1,0.9775,0.05,0.42636,0.755716,0.564928,120
V1,0.9775,0.1,0.428298,0.755735,0.562219,120
V1,0.9775,0.2,0.427958,0.757344,0.561916,120
V1,0.98,0.02,0.416552,0.758955,0.560642,120
V1,0.98,0.05,0.426479,0.755865,0.564362,120
V1,0.98,0.1,0.428299,0.755765,0.562186,120
V1,0.98,0.2,0.42796,0.75736,0.561918,120
V1,0.9825,0.02,0.416822,0.759135,0.556529,120
V1,0.9825,0.05,0.426597,0.756006,0.563801,120
V1,0.9825,0.1,0.428296,0.755794,0.562153,120
V1,0.9825,0.2,0.427962,0.757376,0.561921,120
V1,0.985,0.02,0.417064,0.759336,0.552453,120
V1,0.985,0.05,0.426711,0.75614,0.563247,120
V1,0.985,0.1,0.428291,0.755823,0.562118,120
V1,0.985,0.2,0.427963,0.757391,0.561924,120
V1,0.9875,0.02,0.417315,0.759556,0.548484,120
V1,0.9875,0.05,0.426641,0.756266,0.562705,120
V1,0.9875,0.1,0.428284,0.755851,0.562083,120
V1,0.9875,0.2,0.427965,0.757407,0.561927,120
V1,0.99,0.02,0.417561,0.759789,0.544708,120
V1,0.99,0.05,0.426572,0.756383,0.562176,120
V1,0.99,0.1,0.428275,0.755879,0.562046,120
V1,0.99,0.2,0.427966,0.757423,0.561929,120
V1,0.9925,0.02,0.417813,0.76003,0.541195,120
V1,0.9925,0.05,0.426507,0.756493,0.561664,120
V1,0.9925,0.1,0.428264,0.755906,0.56201,120
V1,0.9925,0.2,0.427968,0.757438,0.561931,120
V1,0.995,0.02,0.41806,0.760271,0.538006,120
V1,0.995,0.05,0.426443,0.756594,0.561167,120
V1,0.995,0.1,0.428252,0.755933,0.561973,120
V1,0.995,0.2,0.427969,0.757454,0.561931,120
V1,0.9975,0.02,0.418284,0.760505,0.53519,120
V1,0.9975,0.05,0.426379,0.756687,0.560686,120
V1,0.9975,0.1,0.428239,0.755959,0.561936,120
V1,0.9975,0.2,0.427971,0.75747,0.56193,120
V1,1,0.02,0.418499,0.760726,0.532782,120
V1,1,0.05,0.426317,0.756772,0.560227,120
V1,1,0.1,0.428225,0.755985,0.561899,120
V1,1,0.2,0.427972,0.757485,0.56193,120
V1,1.0025,0.02,0.418677,0.760928,0.530802,120
V1,1.0025,0.05,0.426257,0.756848,0.559793,120
V1,1.0025,0.1,0.42821,0.756009,0.561863,120
V1,1.0025,0.2,0.427974,0.757501,0.561929,120
V1,1.005,0.02,0.418832,0.761104,0.529258,120
V1,1.005,0.05,0.426196,0.756909,0.559384,120
V1,1.005,0.1,0.428194,0.756033,0.561824,120
V1,1.005,0.2,0.427975,0.757516,0.561929,120
V1,1.0075,0.02,0.418949,0.761252,0.528147,120
V1,1.0075,0.05,0.426138,0.756961,0.559001,120
V1,1.0075,0.1,0.428179,0.756057,0.561784,120
V1,1.0075,0.2,0.427976,0.757532,0.561928,120
V1,1.01,0.02,0.419025,0.761358,0.527515,120
V1,1.01,0.05,0.42608,0.757005,0.558642,120
V1,1.01,0.1,0.428163,0.75608,0.561745,120
V1,1.01,0.2,0.427978,0.757547,0.561928,120
V1,1.0125,0.02,0.419068,0.761425,0.527323,120
V1,1.0125,0.05,0.426022,0.757042,0.558303,120
V1,1.0125,0.1,0.428146,0.756102,0.561706,120
V1,1.0125,0.2,0.427979,0.757563,0.561927,120
V1,1.015,0.02,0.419064,0.761457,0.527516,120
V1,1.015,0.05,0.425967,0.75707,0.557992,120
V1,1.015,0.1,0.42813,0.756123,0.561669,120
V1,1.015,0.2,0.427981,0.757578,0.561927,120
V1,1.0175,0.02,0.419015,0.761454,0.528056,120
V1,1.0175,0.05,0.425911,0.757091,0.557709,120
V1,1.0175,0.1,0.428114,0.756144,0.561632,120
V1,1.0175,0.2,0.427982,0.757593,0.561927,120
V1,1.02,0.02,0.418929,0.761417,0.528913,120
V1,1.02,0.05,0.425856,0.757105,0.557452,120
V1,1.02,0.1,0.428097,0.756164,0.561597,120
V1,1.02,0.2,0.427983,0.757609,0.561926,120
V1,1.0225,0.02,0.4188,0.761345,0.53009,120
V1,1.0225,0.05,0.425804,0.757111,0.557221,120
V1,1.0225,0.1,0.428081,0.756183,0.561563,120
V1,1.0225,0.2,0.427985,0.757624,0.561926,120
V1,1.025,0.02,0.418622,0.761234,0.531574,120
V1,1.025,0.05,0.425749,0.757111,0.557005,120
V1,1.025,0.1,0.428065,0.756202,0.561531,120
V1,1.025,0.2,0.427986,0.757639,0.561925,120
V1,1.0275,0.02,0.418412,0.761097,0.533267,120
V1,1.0275,0.05,0.425696,0.757097,0.556814,120
V1,1.0275,0.1,0.428049,0.75622,0.561499,120
V1,1.0275,0.2,0.427987,0.757655,0.561925,120
V1,1.03,0.02,0.41816,0.760938,0.535149,120
V1,1.03,0.05,0.425646,0.757077,0.556645,120
V1,1.03,0.1,0.428033,0.756237,0.56147,120
V1,1.03,0.2,0.427989,0.75767,0.561922,120
V1,1.0325,0.02,0.417867,0.760761,0.537161,120
V1,1.0325,0.05,0.425593,0.757051,0.556499,120
V1,1.0325,0.1,0.428018,0.756254,0.561441,120
V1,1.0325,0.2,0.42799,0.757685,0.561919,120
V1,1.035,0.02,0.41755,0.760571,0.539283,120
V1,1.035,0.05,0.425543,0.757019,0.556373,120
V1,1.035,0.1,0.428003,0.75627,0.561415,120
V1,1.035,0.2,0.427991,0.7577,0.561915,120
V1,1.0375,0.02,0.417183,0.760372,0.541458,120
V1,1.0375,0.05,0.425494,0.756982,0.55626,120
V1,1.0375,0.1,0.427988,0.756285,0.561387,120
V1,1.0375,0.2,0.427993,0.757716,0.561912,120
V1,1.04,0.02,0.416803,0.76011,0.543645,120
V1,1.04,0.05,0.425444,0.75694,0.556161,120
V1,1.04,0.1,0.427974,0.7563,0.561359,120
V1,1.04,0.2,0.427994,0.757731,0.561908,120
V1,1.0425,0.02,0.416378,0.759706,0.5458,120
V1,1.0425,0.05,0.425397,0.756893,0.556079,120
V1,1.0425,0.1,0.427961,0.756315,0.561334,120
V1,1.0425,0.2,0.427995,0.757746,0.561905,120
V1,1.045,0.02,0.415943,0.759283,0.549474,120
V1,1.045,0.05,0.42535,0.756842,0.556012,120
V1,1.045,0.1,0.427947,0.756329,0.56131,120
V1,1.045,0.2,0.427996,0.757761,0.561901,120
V1,1.0475,0.02,0.415485,0.758853,0.553725,120
V1,1.0475,0.05,0.425304,0.756786,0.55596,120
V1,1.0475,0.1,0.427935,0.756342,0.561289,120
V1,1.0475,0.2,0.427997,0.757776,0.561898,120
V1,1.05,0.02,0.415009,0.758418,0.557902,120
V1,1.05,0.05,0.425261,0.756727,0.555921,120
V1,1.05,0.1,0.427922,0.756355,0.561269,120
V1,1.05,0.2,0.427999,0.757791,0.561903,120
V1,1.0525,0.02,0.414532,0.757982,0.561968,120
V1,1.0525,0.05,0.425216,0.756664,0.555886,120
V1,1.0525,0.1,0.42791,0.756367,0.561254,120
V1,1.0525,0.2,0.428,0.757806,0.561908,120
V1,1.055,0.02,0.414058,0.757504,0.565994,120
V1,1.055,0.05,0.425174,0.756598,0.555862,120
V1,1.055,0.1,0.427899,0.756379,0.561248,120
V1,1.055,0.2,0.428001,0.75782,0.561914,120
V1,1.0575,0.02,0.413574,0.757045,0.569765,120
V1,1.0575,0.05,0.425135,0.75653,0.555849,120
V1,1.0575,0.1,0.427888,0.75639,0.561243,120
V1,1.0575,0.2,0.428002,0.757834,0.561919,120
V1,1.06,0.02,0.413105,0.75663,0.573242,120
V1,1.06,0.05,0.425094,0.756458,0.555848,120
V1,1.06,0.1,0.427878,0.7564,0.56124,120
V1,1.06,0.2,0.428004,0.757847,0.561925,120
V1,1.0625,0.02,0.412657,0.756235,0.576575,120
V1,1.0625,0.05,0.425056,0.756384,0.555856,120
V1,1.0625,0.1,0.427868,0.75641,0.56124,120
V1,1.0625,0.2,0.428005,0.757861,0.561931,120
V1,1.065,0.02,0.412236,0.755904,0.579481,120
V1,1.065,0.05,0.425022,0.756309,0.555876,120
V1,1.065,0.1,0.427858,0.756419,0.56124,120
V1,1.065,0.2,0.428006,0.757874,0.561936,120
V1,1.0675,0.02,0.411845,0.755622,0.582058,120
V1,1.0675,0.05,0.424985,0.756231,0.555905,120
V1,1.0675,0.1,0.42785,0.756427,0.561243,120
V1,1.0675,0.2,0.428007,0.757888,0.561941,120
V1,1.07,0.02,0.411488,0.755314,0.584336,120
V1,1.07,0.05,0.424952,0.756152,0.555939,120
V1,1.07,0.1,0.427842,0.756436,0.561245,120
V1,1.07,0.2,0.428008,0.757901,0.561944,120
V1,1.0725,0.02,0.411169,0.755037,0.586133,120
V1,1.0725,0.05,0.424923,0.756072,0.555984,120
V1,1.0725,0.1,0.427835,0.756444,0.561247,120
V1,1.0725,0.2,0.428009,0.757915,0.561947,120
V1,1.075,0.02,0.410889,0.754783,0.587717,120
V1,1.075,0.05,0.424891,0.755991,0.556041,120
V1,1.075,0.1,0.427828,0.756452,0.561251,120
V1,1.075,0.2,0.428011,0.757928,0.561949,120
V1,1.0775,0.02,0.410648,0.754551,0.588918,120
V1,1.0775,0.05,0.424865,0.75591,0.55611,120
V1,1.0775,0.1,0.427821,0.75646,0.561256,120
V1,1.0775,0.2,0.428012,0.757942,0.561952,120
V1,1.08,0.02,0.410441,0.754344,0.58972,120
V1,1.08,0.05,0.424841,0.755827,0.556193,120
V1,1.08,0.1,0.427816,0.756467,0.561264,120
V1,1.08,0.2,0.428013,0.757955,0.561955,120
V1,1.0825,0.02,0.410264,0.754157,0.590464,120
V1,1.0825,0.05,0.424815,0.755745,0.556291,120
V1,1.0825,0.1,0.427811,0.756475,0.561272,120
V1,1.0825,0.2,0.428014,0.757968,0.561957,120
V1,1.085,0.02,0.410117,0.753986,0.590918,120
V1,1.085,0.05,0.424795,0.755663,0.556402,120
V1,1.085,0.1,0.427806,0.756482,0.561282,120
V1,1.085,0.2,0.428015,0.757982,0.56196,120
V1,1.0875,0.02,0.409997,0.753824,0.59115,120
V1,1.0875,0.05,0.424777,0.755581,0.55653,120
V1,1.0875,0.1,0.427802,0.75649,0.561294,120
V1,1.0875,0.2,0.428016,0.757995,0.561963,120
V1,1.09,0.02,0.409899,0.753665,0.591367,120
V1,1.09,0.05,0.424758,0.7555,0.556671,120
V1,1.09,0.1,0.427799,0.756497,0.561307,120
V1,1.09,0.2,0.428017,0.758008,0.561966,120
V1,1.0925,0.02,0.409818,0.753499,0.591548,120
V1,1.0925,0.05,0.424744,0.75542,0.556825,120
V1,1.0925,0.1,0.427796,0.756504,0.561322,120
V1,1.0925,0.2,0.428019,0.758021,0.561968,120
V1,1.095,0.02,0.409752,0.753321,0.591669,120
V1,1.095,0.05,0.424732,0.75534,0.556996,120
V1,1.095,0.1,0.427794,0.756511,0.561337,120
V1,1.095,0.2,0.42802,0.758035,0.561971,120
V1,1.0975,0.02,0.409697,0.75313,0.591778,120
V1,1.0975,0.05,0.42472,0.755263,0.557185,120
V1,1.0975,0.1,0.427792,0.756518,0.561354,120
V1,1.0975,0.2,0.428021,0.758048,0.561974,120
V1,1.1,0.02,0.409649,0.752922,0.591933,120
V1,1.1,0.05,0.424712,0.755186,0.557392,120
V1,1.1,0.1,0.427791,0.756525,0.561372,120
V1,1.1,0.2,0.428022,0.758061,0.561977,120
V1,1.1025,0.02,0.40959,0.752693,0.592282,120
V1,1.1025,0.05,0.424708,0.755112,0.557616,120
V1,1.1025,0.1,0.427791,0.756533,0.561391,120
V1,1.1025,0.2,0.428023,0.758074,0.561979,120
V1,1.105,0.02,0.409527,0.75244,0.592706,120
V1,1.105,0.05,0.424702,0.755039,0.557858,120
V1,1.105,0.1,0.427791,0.75654,0.561409,120
V1,1.105,0.2,0.428024,0.758087,0.561982,120
V1,1.1075,0.02,0.409465,0.752161,0.593221,120
V1,1.1075,0.05,0.424701,0.754969,0.558116,120
V1,1.1075,0.1,0.427791,0.756548,0.561427,120
V1,1.1075,0.2,0.428025,0.7581,0.561985,120
V1,1.11,0.02,0.409402,0.751854,0.593836,120
V1,1.11,0.05,0.424704,0.754902,0.558391,120
V1,1.11,0.1,0.427793,0.756555,0.561445,120
V1,1.11,0.2,0.428027,0.758114,0.561986,120
V1,1.1125,0.02,0.409337,0.751519,0.594551,120
V1,1.1125,0.05,0.424705,0.754837,0.558682,120
V1,1.1125,0.1,0.427795,0.756563,0.561464,120
V1,1.1125,0.2,0.428028,0.758127,0.561986,120
V1,1.115,0.02,0.409259,0.751156,0.595388,120
V1,1.115,0.05,0.424711,0.754776,0.558987,120
V1,1.115,0.1,0.427797,0.756571,0.561483,120
V1,1.115,0.2,0.428029,0.75814,0.561986,120
V1,1.1175,0.02,0.409167,0.750767,0.596438,120
V1,1.1175,0.05,0.424721,0.754718,0.559305,120
V1,1.1175,0.1,0.4278,0.75658,0.561503,120
V1,1.1175,0.2,0.42803,0.758153,0.561986,120
V1,1.12,0.02,0.409073,0.750354,0.59756,120
V1,1.12,0.05,0.424729,0.754664,0.559636,120
V1,1.12,0.1,0.427803,0.756588,0.561524,120
V1,1.12,0.2,0.428031,0.758166,0.561986,120
V1,1.1225,0.02,0.408979,0.749921,0.598727,120
V1,1.1225,0.05,0.424742,0.754611,0.559976,120
V1,1.1225,0.1,0.427807,0.756597,0.561545,120
V1,1.1225,0.2,0.428032,0.758179,0.561986,120
V1,1.125,0.02,0.408887,0.749455,0.599905,120
V1,1.125,0.05,0.424758,0.754557,0.560326,120
V1,1.125,0.1,0.427812,0.756606,0.561566,120
V1,1.125,0.2,0.428033,0.758192,0.561986,120
V1,1.1275,0.02,0.408799,0.748971,0.601108,120
V1,1.1275,0.05,0.424773,0.754508,0.56068,120
V1,1.1275,0.1,0.427817,0.756615,0.561588,120
V1,1.1275,0.2,0.428034,0.758205,0.561986,120
V1,1.13,0.02,0.408696,0.748481,0.602414,120
V1,1.13,0.05,0.424793,0.754463,0.561038,120
V1,1.13,0.1,0.427822,0.756625,0.56161,120
V1,1.13,0.2,0.428036,0.758218,0.561986,120
V1,1.1325,0.02,0.408605,0.747995,0.603607,120
V1,1.1325,0.05,0.424816,0.754423,0.561399,120
V1,1.1325,0.1,0.427828,0.756635,0.561631,120
V1,1.1325,0.2,0.428037,0.758231,0.561986,120
V1,1.135,0.02,0.408527,0.747506,0.604628,120
V1,1.135,0.05,0.424838,0.754388,0.561761,120
V1,1.135,0.1,0.427835,0.756645,0.561653,120
V1,1.135,0.2,0.428038,0.758244,0.561986,120
V1,1.1375,0.02,0.408467,0.747014,0.605621,120
V1,1.1375,0.05,0.424865,0.754359,0.562121,120
V1,1.1375,0.1,0.427842,0.756656,0.561675,120
V1,1.1375,0.2,0.428039,0.758257,0.561986,120
V1,1.14,0.02,0.408429,0.746554,0.606426,120
V1,1.14,0.05,0.424893,0.754335,0.562477,120
V1,1.14,0.1,0.427849,0.756667,0.561697,120
V1,1.14,0.2,0.42804,0.758269,0.561986,120
V1,1.1425,0.02,0.408417,0.74612,0.606881,120
V1,1.1425,0.05,0.424922,0.754317,0.562827,120
V1,1.1425,0.1,0.427856,0.756678,0.561719,120
V1,1.1425,0.2,0.428041,0.758282,0.561986,120
V1,1.145,0.02,0.408435,0.745707,0.607218,120
V1,1.145,0.05,0.424957,0.754305,0.563168,120
V1,1.145,0.1,0.427864,0.756689,0.561739,120
V1,1.145,0.2,0.428042,0.758295,0.561986,120
V1,1.1475,0.02,0.408488,0.745363,0.607167,120
V1,1.1475,0.05,0.42499,0.754299,0.563499,120
V1,1.1475,0.1,0.427873,0.756701,0.561757,120
V1,1.1475,0.2,0.428043,0.758308,0.561987,120
V1,1.15,0.02,0.408574,0.745039,0.606726,120
V1,1.15,0.05,0.425026,0.754291,0.563818,120
V1,1.15,0.1,0.427882,0.756714,0.561774,120
V1,1.15,0.2,0.428044,0.758321,0.561987,120
V1,1.1525,0.02,0.408693,0.744798,0.606032,120
V1,1.1525,0.05,0.425067,0.754288,0.564121,120
V1,1.1525,0.1,0.427892,0.756726,0.561791,120
V1,1.1525,0.2,0.428046,0.758334,0.561986,120
V1,1.155,0.02,0.408853,0.744605,0.604787,120
V1,1.155,0.05,0.425105,0.754291,0.564409,120
V1,1.155,0.1,0.427901,0.756739,0.561807,120
V1,1.155,0.2,0.428047,0.758347,0.561983,120
V1,1.1575,0.02,0.409054,0.74449,0.603341,120
V1,1.1575,0.05,0.425148,0.754301,0.564678,120
V1,1.1575,0.1,0.427911,0.756753,0.561823,120
V1,1.1575,0.2,0.428048,0.758359,0.561981,120
V1,1.16,0.02,0.409296,0.744441,0.601387,120
V1,1.16,0.05,0.425193,0.754316,0.564928,120
V1,1.16,0.1,0.427921,0.756766,0.561839,120
V1,1.16,0.2,0.428049,0.758372,0.561978,120
V1,1.1625,0.02,0.409576,0.744461,0.600682,120
V1,1.1625,0.05,0.425238,0.754339,0.565157,120
V1,1.1625,0.1,0.427931,0.756781,0.561853,120
V1,1.1625,0.2,0.42805,0.758385,0.561976,120
V1,1.165,0.02,0.409891,0.744555,0.601902,120
V1,1.165,0.05,0.425288,0.754367,0.565365,120
V1,1.165,0.1,0.427942,0.756795,0.561867,120
V1,1.165,0.2,0.428051,0.758398,0.561973,120
V1,1.1675,0.02,0.410238,0.744702,0.602702,120
V1,1.1675,0.05,0.425335,0.754402,0.565573,120
V1,1.1675,0.1,0.427953,0.75681,0.56188,120
V1,1.1675,0.2,0.428052,0.75841,0.561971,120
V1,1.17,0.02,0.410613,0.744929,0.603053,120
V1,1.17,0.05,0.425387,0.754443,0.565759,120
V1,1.17,0.1,0.427965,0.756823,0.561893,120
V1,1.17,0.2,0.428053,0.758423,0.561968,120
V1,1.1725,0.02,0.411,0.745184,0.60319,120
V1,1.1725,0.05,0.42544,0.75449,0.565923,120
V1,1.1725,0.1,0.427976,0.756836,0.561904,120
V1,1.1725,0.2,0.428054,0.758436,0.561966,120
V1,1.175,0.02,0.411394,0.745517,0.602901,120
V1,1.175,0.05,0.425492,0.754535,0.566062,120
V1,1.175,0.1,0.427988,0.75685,0.561915,120
V1,1.175,0.2,0.428055,0.758448,0.561963,120
V1,1.1775,0.02,0.411804,0.745863,0.602352,120
V1,1.1775,0.05,0.42555,0.754584,0.566177,120
V1,1.1775,0.1,0.428,0.756864,0.561925,120
V1,1.1775,0.2,0.428057,0.758461,0.561961,120
V1,1.18,0.02,0.412226,0.74626,0.601627,120
V1,1.18,0.05,0.425604,0.754639,0.566268,120
V1,1.18,0.1,0.428011,0.756878,0.561934,120
V1,1.18,0.2,0.428058,0.758474,0.561958,120
V1,1.1825,0.02,0.412649,0.746693,0.600619,120
V1,1.1825,0.05,0.425663,0.754699,0.566334,120
V1,1.1825,0.1,0.428023,0.756893,0.561942,120
V1,1.1825,0.2,0.428059,0.758486,0.561961,120
V1,1.185,0.02,0.413054,0.747127,0.599404,120
V1,1.185,0.05,0.425722,0.754764,0.566377,120
V1,1.185,0.1,0.428035,0.756908,0.561955,120
V1,1.185,0.2,0.42806,0.758497,0.561966,120
V1,1.1875,0.02,0.413465,0.747598,0.598159,120
V1,1.1875,0.05,0.425782,0.754833,0.566396,120
V1,1.1875,0.1,0.428047,0.756923,0.561972,120
V1,1.1875,0.2,0.428061,0.758508,0.561972,120
V1,1.19,0.02,0.413875,0.748085,0.596748,120
V1,1.19,0.05,0.425844,0.754907,0.566392,120
V1,1.19,0.1,0.428059,0.756938,0.561987,120
V1,1.19,0.2,0.428062,0.75852,0.561977,120
V1,1.1925,0.02,0.414255,0.748563,0.595207,120
V1,1.1925,0.05,0.425905,0.754985,0.566367,120
V1,1.1925,0.1,0.428071,0.756954,0.561999,120
V1,1.1925,0.2,0.428063,0.758531,0.561983,120
V1,1.195,0.02,0.414639,0.749058,0.593569,120
V1,1.195,0.05,0.42597,0.755066,0.56632,120
V1,1.195,0.1,0.428083,0.75697,0.56201,120
V1,1.195,0.2,0.428064,0.758542,0.561988,120
V1,1.1975,0.02,0.415007,0.749567,0.5919,120
V1,1.1975,0.05,0.426031,0.755151,0.566253,120
V1,1.1975,0.1,0.428095,0.756986,0.562019,120
V1,1.1975,0.2,0.428065,0.758553,0.561994,120
V1,1.2,0.02,0.415357,0.750067,0.590222,120
V1,1.2,0.05,0.426098,0.755238,0.566167,120
V1,1.2,0.1,0.428107,0.757002,0.562028,120
V1,1.2,0.2,0.428066,0.758565,0.561997,120
V1,1.2025,0.02,0.415708,0.750561,0.588489,120
V1,1.2025,0.05,0.426162,0.755328,0.566063,120
V1,1.2025,0.1,0.428119,0.757019,0.562036,120
V1,1.2025,0.2,0.428067,0.758576,0.562,120
V1,1.205,0.02,0.416025,0.75106,0.586707,120
V1,1.205,0.05,0.426228,0.75542,0.565942,120
V1,1.205,0.1,0.42813,0.757036,0.562043,120
V1,1.205,0.2,0.428068,0.758587,0.562003,120
V1,1.2075,0.02,0.41635,0.751562,0.584879,120
V1,1.2075,0.05,0.426294,0.755512,0.565806,120
V1,1.2075,0.1,0.428141,0.757052,0.562049,120
V1,1.2075,0.2,0.428069,0.758598,0.562005,120
V1,1.21,0.02,0.416644,0.752065,0.583021,120
V1,1.21,0.05,0.426362,0.755603,0.565656,120
V1,1.21,0.1,0.428152,0.757069,0.562055,120
V1,1.21,0.2,0.42807,0.75861,0.562008,120
V1,1.2125,0.02,0.416942,0.752557,0.581132,120
V1,1.2125,0.05,0.426429,0.755695,0.565493,120
V1,1.2125,0.1,0.428162,0.757087,0.562059,120
V1,1.2125,0.2,0.428071,0.758621,0.562011,120
V1,1.215,0.02,0.417217,0.753041,0.579201,120
V1,1.215,0.05,0.426497,0.755789,0.56532,120
V1,1.215,0.1,0.428172,0.757104,0.562063,120
V1,1.215,0.2,0.428072,0.758632,0.562014,120
V1,1.2175,0.02,0.417493,0.753526,0.577242,120
V1,1.2175,0.05,0.426566,0.755883,0.565136,120
V1,1.2175,0.1,0.428181,0.757121,0.562066,120
V1,1.2175,0.2,0.428073,0.758643,0.562017,120
V1,1.22,0.02,0.41775,0.754009,0.575253,120
V1,1.22,0.05,0.426634,0.755978,0.564944,120
V1,1.22,0.1,0.42819,0.757138,0.562068,120
V1,1.22,0.2,0.428074,0.758654,0.56202,120
V1,1.2225,0.02,0.41801,0.754492,0.573221,120
V1,1.2225,0.05,0.426704,0.756073,0.564746,120
V1,1.2225,0.1,0.428199,0.757156,0.56207,120
V1,1.2225,0.2,0.428075,0.758666,0.562023,120
V1,1.225,0.02,0.418249,0.754971,0.571156,120
V1,1.225,0.05,0.426773,0.756168,0.564542,120
V1,1.225,0.1,0.428207,0.757173,0.56207,120
V1,1.225,0.2,0.428076,0.758677,0.562026,120
V1,1.2275,0.02,0.418497,0.755448,0.569064,120
V1,1.2275,0.05,0.426843,0.756262,0.564333,120
V1,1.2275,0.1,0.428214,0.757191,0.56207,120
V1,1.2275,0.2,0.428077,0.758688,0.562028,120
V1,1.23,0.02,0.418722,0.75592,0.566948,120
V1,1.23,0.05,0.426912,0.756355,0.564122,120
V1,1.23,0.1,0.428221,0.757208,0.56207,120
V1,1.23,0.2,0.428078,0.758699,0.562031,120
V1,1.2325,0.02,0.418958,0.756387,0.564814,120
V1,1.2325,0.05,0.426983,0.756448,0.563922,120
V1,1.2325,0.1,0.428226,0.757226,0.562069,120
V1,1.2325,0.2,0.428079,0.75871,0.562034,120
V1,1.235,0.02,0.419172,0.756848,0.562669,120
V1,1.235,0.05,0.427053,0.756538,0.563721,120
V1,1.235,0.1,0.428231,0.757243,0.562067,120
V1,1.235,0.2,0.42808,0.758721,0.562037,120
V1,1.2375,0.02,0.419391,0.757301,0.560534,120
V1,1.2375,0.05,0.427124,0.756628,0.56352,120
V1,1.2375,0.1,0.428236,0.757261,0.562065,120
V1,1.2375,0.2,0.428081,0.758732,0.56204,120
V1,1.24,0.02,0.419599,0.757745,0.558425,120
V1,1.24,0.05,0.427194,0.756715,0.563321,120
V1,1.24,0.1,0.428239,0.757278,0.562061,120
V1,1.24,0.2,0.428082,0.758743,0.562043,120
V1,1.2425,0.02,0.419799,0.758179,0.556362,120
V1,1.2425,0.05,0.427266,0.7568,0.563124,120
V1,1.2425,0.1,0.428242,0.757295,0.562055,120
V1,1.2425,0.2,0.428083,0.758754,0.562045,120
V1,1.245,0.02,0.42,0.7586,0.554367,120
V1,1.245,0.05,0.427336,0.756883,0.562931,120
V1,1.245,0.1,0.428244,0.757312,0.562048,120
V1,1.245,0.2,0.428084,0.758765,0.562048,120
V1,1.2475,0.02,0.420177,0.759008,0.552453,120
V1,1.2475,0.05,0.427408,0.756963,0.562742,120
V1,1.2475,0.1,0.428245,0.757329,0.562041,120
V1,1.2475,0.2,0.428085,0.758776,0.56205,120
V1,1.25,0.02,0.420354,0.759401,0.55065,120
V1,1.25,0.05,0.427479,0.757041,0.562559,120
V1,1.25,0.1,0.428246,0.757346,0.562034,120
V1,1.25,0.2,0.428086,0.758787,0.56205,120
V1,1.2525,0.02,0.420516,0.759779,0.549042,120
V1,1.2525,0.05,0.427551,0.757116,0.562383,120
V1,1.2525,0.1,0.428246,0.757363,0.562026,120
V1,1.2525,0.2,0.428087,0.758798,0.562051,120
V1,1.255,0.02,0.420659,0.760138,0.547606,120
V1,1.255,0.05,0.427517,0.757188,0.562212,120
V1,1.255,0.1,0.428245,0.75738,0.562019,120
V1,1.255,0.2,0.428088,0.758809,0.562051,120
V1,1.2575,0.02,0.420735,0.760465,0.546336,120
V1,1.2575,0.05,0.427466,0.757257,0.562047,120
V1,1.2575,0.1,0.428243,0.757397,0.56201,120
V1,1.2575,0.2,0.428089,0.75882,0.562051,120
V1,1.26,0.02,0.420759,0.760774,0.545241,120
V1,1.26,0.05,0.427411,0.757322,0.561889,120
V1,1.26,0.1,0.428241,0.757413,0.562002,120
V1,1.26,0.2,0.42809,0.758831,0.562051,120
V1,1.2625,0.02,0.420764,0.761065,0.544343,120
V1,1.2625,0.05,0.427362,0.757384,0.56174,120
V1,1.2625,0.1,0.428238,0.757429,0.561993,120
V1,1.2625,0.2,0.428091,0.758842,0.562052,120
V1,1.265,0.02,0.420756,0.76132,0.543639,120
V1,1.265,0.05,0.42731,0.757443,0.5616,120
V1,1.265,0.1,0.428235,0.757445,0.561985,120
V1,1.265,0.2,0.428092,0.758853,0.562052,120
V1,1.2675,0.02,0.420741,0.761554,0.543209,120
V1,1.2675,0.05,0.427262,0.757498,0.561469,120
V1,1.2675,0.1,0.428231,0.757461,0.561976,120
V1,1.2675,0.2,0.428093,0.758864,0.562052,120
V1,1.27,0.02,0.420696,0.76176,0.542996,120
V1,1.27,0.05,0.427211,0.757546,0.561347,120
V1,1.27,0.1,0.428227,0.757477,0.561967,120
V1,1.27,0.2,0.428094,0.758875,0.562053,120
V1,1.2725,0.02,0.420644,0.761937,0.542974,120
V1,1.2725,0.05,0.427165,0.757591,0.561234,120
V1,1.2725,0.1,0.428223,0.757493,0.561958,120
V1,1.2725,0.2,0.428095,0.758886,0.562053,120
V1,1.275,0.02,0.420577,0.762088,0.543134,120
V1,1.275,0.05,0.427116,0.757631,0.561131,120
V1,1.275,0.1,0.428218,0.757508,0.561949,120
V1,1.275,0.2,0.428095,0.758897,0.562053,120
V1,1.2775,0.02,0.420485,0.762208,0.543486,120
V1,1.2775,0.05,0.427072,0.757668,0.561037,120
V1,1.2775,0.1,0.428212,0.757523,0.56194,120
V1,1.2775,0.2,0.428096,0.758908,0.562054,120
V1,1.28,0.02,0.420384,0.7623,0.544012,120
V1,1.28,0.05,0.427024,0.757701,0.560953,120
V1,1.28,0.1,0.428207,0.757538,0.561931,120
V1,1.28,0.2,0.428097,0.758919,0.562054,120
V1,1.2825,0.02,0.420262,0.762362,0.54477,120
V1,1.2825,0.05,0.426981,0.757731,0.560876,120
V1,1.2825,0.1,0.428201,0.757553,0.561922,120
V1,1.2825,0.2,0.428098,0.75893,0.562054,120
V1,1.285,0.02,0.420121,0.762392,0.545684,120
V1,1.285,0.05,0.426935,0.757756,0.560809,120
V1,1.285,0.1,0.428195,0.757567,0.561913,120
V1,1.285,0.2,0.428099,0.75894,0.562055,120
V1,1.2875,0.02,0.419974,0.762397,0.546741,120
V1,1.2875,0.05,0.426894,0.757778,0.560749,120
V1,1.2875,0.1,0.428189,0.757582,0.561904,120
V1,1.2875,0.2,0.4281,0.758951,0.562055,120
V1,1.29,0.02,0.419794,0.762363,0.547914,120
V1,1.29,0.05,0.426849,0.757797,0.560697,120
V1,1.29,0.1,0.428183,0.757596,0.561894,120
V1,1.29,0.2,0.428101,0.758962,0.562055,120
V1,1.2925,0.02,0.419609,0.762309,0.549207,120
V1,1.2925,0.05,0.426809,0.757811,0.560648,120
V1,1.2925,0.1,0.428176,0.75761,0.561882,120
V1,1.2925,0.2,0.428102,0.758973,0.562056,120
V1,1.295,0.02,0.419405,0.762161,0.550607,120
V1,1.295,0.05,0.426766,0.757823,0.560604,120
V1,1.295,0.1,0.42817,0.757623,0.561871,120
V1,1.295,0.2,0.428102,0.758984,0.562056,120
V1,1.2975,0.02,0.419186,0.761961,0.552095,120
V1,1.2975,0.05,0.426728,0.757831,0.560567,120
V1,1.2975,0.1,0.428163,0.757637,0.56186,120
V1,1.2975,0.2,0.428103,0.758994,0.562056,120
V1,1.3,0.02,0.418958,0.761754,0.553643,120
V1,1.3,0.05,0.426687,0.757835,0.560534,120
V1,1.3,0.1,0.428157,0.75765,0.561849,120
V1,1.3,0.2,0.428104,0.759005,0.562055,120
V2,0.7,0.02,0.296248,0.709891,0.638963,120
V2,0.7,0.05,0.308193,0.706336,0.656532,120
V2,0.7,0.1,0.313009,0.705488,0.672282,120
V2,0.7,0.2,0.313347,0.707316,0.674216,120
V2,0.7025,0.02,0.295209,0.709205,0.645797,120
V2,0.7025,0.05,0.308107,0.706169,0.656494,120
V2,0.7025,0.1,0.312978,0.7055,0.672242,120
V2,0.7025,0.2,0.31335,0.707345,0.674213,120
V2,0.705,0.02,0.294124,0.708481,0.652338,120
V2,0.705,0.05,0.308023,0.705991,0.656924,120
V2,0.705,0.1,0.31295,0.70551,0.672214,120
V2,0.705,0.2,0.313352,0.707375,0.67421,120
V2,0.7075,0.02,0.293027,0.707728,0.658448,120
V2,0.7075,0.05,0.307941,0.705803,0.657647,120
V2,0.7075,0.1,0.312924,0.705519,0.672195,120
V2,0.7075,0.2,0.313355,0.707404,0.674206,120
V2,0.71,0.02,0.291955,0.706963,0.664032,120
V2,0.71,0.05,0.307861,0.705605,0.658369,120
V2,0.71,0.1,0.3129,0.705527,0.672182,120
V2,0.71,0.2,0.313357,0.707433,0.674203,120
V2,0.7125,0.02,0.290949,0.706196,0.66877,120
V2,0.7125,0.05,0.307783,0.705399,0.659094,120
V2,0.7125,0.1,0.312879,0.705534,0.672182,120
V2,0.7125,0.2,0.313359,0.707462,0.6742,120
V2,0.715,0.02,0.290024,0.705438,0.672743,120
V2,0.715,0.05,0.30771,0.705186,0.659814,120
V2,0.715,0.1,0.31286,0.705539,0.672193,120
V2,0.715,0.2,0.313362,0.707491,0.674198,120
V2,0.7175,0.02,0.289207,0.704692,0.675906,120
V2,0.7175,0.05,0.307639,0.704967,0.660509,120
V2,0.7175,0.1,0.312843,0.705544,0.672214,120
V2,0.7175,0.2,0.313364,0.707519,0.674195,120
V2,0.72,0.02,0.288532,0.703952,0.678183,120
V2,0.72,0.05,0.307573,0.704743,0.661198,120
V2,0.72,0.1,0.312828,0.705549,0.672246,120
V2,0.72,0.2,0.313366,0.707548,0.674192,120
V2,0.7225,0.02,0.287954,0.703222,0.679969,120
V2,0.7225,0.05,0.307512,0.704516,0.661899,120
V2,0.7225,0.1,0.312815,0.705552,0.672288,120
V2,0.7225,0.2,0.313369,0.707577,0.674188,120
V2,0.725,0.02,0.287507,0.702498,0.681176,120
V2,0.725,0.05,0.307455,0.704285,0.662567,120
V2,0.725,0.1,0.312804,0.705556,0.672339,120
V2,0.725,0.2,0.313371,0.707605,0.67418,120
V2,0.7275,0.02,0.287161,0.701771,0.682009,120
V2,0.7275,0.05,0.307404,0.704054,0.663195,120
V2,0.7275,0.1,0.312797,0.70556,0.672392,120
V2,0.7275,0.2,0.313374,0.707634,0.67418,120
V2,0.73,0.02,0.286875,0.70103,0.682775,120
V2,0.73,0.05,0.307358,0.703823,0.663771,120
V2,0.73,0.1,0.31279,0.705563,0.672453,120
V2,0.73,0.2,0.313376,0.707662,0.674189,120
V2,0.7325,0.02,0.286656,0.700266,0.683569,120
V2,0.7325,0.05,0.307317,0.703595,0.664296,120
V2,0.7325,0.1,0.312787,0.705568,0.672521,120
V2,0.7325,0.2,0.313378,0.707691,0.674197,120
V2,0.735,0.02,0.286477,0.699458,0.684476,120
V2,0.735,0.05,0.307283,0.70337,0.66477,120
V2,0.735,0.1,0.312784,0.705572,0.672596,120
V2,0.735,0.2,0.313381,0.707719,0.674206,120
V2,0.7375,0.02,0.286288,0.698601,0.685598,120
V2,0.7375,0.05,0.307254,0.70315,0.665188,120
V2,0.7375,0.1,0.312785,0.705577,0.672678,120
V2,0.7375,0.2,0.313383,0.707747,0.674214,120
V2,0.74,0.02,0.286098,0.697698,0.687,120
V2,0.74,0.05,0.307232,0.702937,0.665547,120
V2,0.74,0.1,0.312787,0.705583,0.672764,120
V2,0.74,0.2,0.313386,0.707773,0.674223,120
V2,0.7425,0.02,0.285894,0.696747,0.68871,120
V2,0.7425,0.05,0.307216,0.702722,0.666196,120
V2,0.7425,0.1,0.312792,0.70559,0.672856,120
V2,0.7425,0.2,0.313388,0.707799,0.674232,120
V2,0.745,0.02,0.285665,0.695743,0.690733,120
V2,0.745,0.05,0.307207,0.702514,0.667366,120
V2,0.745,0.1,0.312798,0.705598,0.672963,120
V2,0.745,0.2,0.313391,0.707825,0.67424,120
V2,0.7475,0.02,0.285403,0.694658,0.693058,120
V2,0.7475,0.05,0.307205,0.702318,0.668577,120
V2,0.7475,0.1,0.312807,0.705608,0.673073,120
V2,0.7475,0.2,0.313393,0.70785,0.674246,120
V2,0.75,0.02,0.285105,0.69353,0.695728,120
V2,0.75,0.05,0.307209,0.702135,0.669819,120
V2,0.75,0.1,0.312817,0.705618,0.673183,120
V2,0.75,0.2,0.313396,0.707876,0.67425,120
V2,0.7525,0.02,0.284749,0.692359,0.698591,120
V2,0.7525,0.05,0.30722,0.701968,0.671084,120
V2,0.7525,0.1,0.31283,0.70563,0.673295,120
V2,0.7525,0.2,0.313398,0.707901,0.674254,120
V2,0.755,0.02,0.284359,0.69112,0.701555,120
V2,0.755,0.05,0.307238,0.701818,0.672362,120
V2,0.755,0.1,0.312844,0.705644,0.673408,120
V2,0.755,0.2,0.313401,0.707927,0.674258,120
V2,0.7575,0.02,0.283941,0.689879,0.704503,120
V2,0.7575,0.05,0.307263,0.701669,0.673642,120
V2,0.7575,0.1,0.31286,0.705655,0.673521,120
V2,0.7575,0.2,0.313403,0.707952,0.674262,120
V2,0.76,0.02,0.283509,0.688588,0.707477,120
V2,0.76,0.05,0.307295,0.701538,0.674913,120
V2,0.76,0.1,0.312878,0.705667,0.673634,120
V2,0.76,0.2,0.313406,0.707977,0.674266,120
V2,0.7625,0.02,0.283079,0.687325,0.710238,120
V2,0.7625,0.05,0.307335,0.70143,0.676165,120
V2,0.7625,0.1,0.312898,0.705681,0.673747,120
V2,0.7625,0.2,0.313409,0.708003,0.67427,120
V2,0.765,0.02,0.282627,0.686099,0.712578,120
V2,0.765,0.05,0.307382,0.701346,0.677386,120
V2,0.765,0.1,0.31292,0.705697,0.673857,120
V2,0.765,0.2,0.313411,0.708028,0.674274,120
V2,0.7675,0.02,0.282221,0.68492,0.714544,120
V2,0.7675,0.05,0.307435,0.701282,0.678565,120
V2,0.7675,0.1,0.312942,0.705715,0.673966,120
V2,0.7675,0.2,0.313414,0.708053,0.674279,120
V2,0.77,0.02,0.281892,0.683861,0.719227,120
V2,0.77,0.05,0.307496,0.701226,0.679692,120
V2,0.77,0.1,0.312967,0.705734,0.674072,120
V2,0.77,0.2,0.313417,0.708078,0.674283,120
V2,0.7725,0.02,0.281608,0.682958,0.726405,120
V2,0.7725,0.05,0.307565,0.701196,0.680757,120
V2,0.7725,0.1,0.312993,0.705756,0.674175,120
V2,0.7725,0.2,0.313419,0.708103,0.674285,120
V2,0.775,0.02,0.281459,0.682248,0.732804,120
V2,0.775,0.05,0.30764,0.701195,0.681751,120
V2,0.775,0.1,0.313021,0.705779,0.67427,120
V2,0.775,0.2,0.313422,0.708129,0.674285,120
V2,0.7775,0.02,0.28143,0.681769,0.738324,120
V2,0.7775,0.05,0.307723,0.701221,0.682666,120
V2,0.7775,0.1,0.31305,0.705804,0.674359,120
V2,0.7775,0.2,0.313425,0.708154,0.674284,120
V2,0.78,0.02,0.281552,0.681548,0.742678,120
V2,0.78,0.05,0.307812,0.701256,0.683529,120
V2,0.78,0.1,0.31308,0.705831,0.674444,120
V2,0.78,0.2,0.313427,0.708179,0.674284,120
V2,0.7825,0.02,0.281835,0.681604,0.745913,120
V2,0.7825,0.05,0.307908,0.701314,0.684322,120
V2,0.7825,0.1,0.313112,0.705859,0.674524,120
V2,0.7825,0.2,0.31343,0.708204,0.674284,120
V2,0.785,0.02,0.28226,0.681926,0.74805,120
V2,0.785,0.05,0.308011,0.7014,0.685021,120
V2,0.785,0.1,0.313145,0.70589,0.674598,120
V2,0.785,0.2,0.313433,0.708229,0.674283,120
V2,0.7875,0.02,0.282853,0.682512,0.748963,120
V2,0.7875,0.05,0.30812,0.701514,0.685622,120
V2,0.7875,0.1,0.313179,0.705922,0.674667,120
V2,0.7875,0.2,0.313435,0.708254,0.674283,120
V2,0.79,0.02,0.283531,0.683335,0.748937,120
V2,0.79,0.05,0.308235,0.701645,0.686123,120
V2,0.79,0.1,0.313213,0.705956,0.674729,120
V2,0.79,0.2,0.313438,0.708278,0.674283,120
V2,0.7925,0.02,0.284328,0.684361,0.748043,120
V2,0.7925,0.05,0.308356,0.701787,0.686523,120
V2,0.7925,0.1,0.313249,0.705991,0.674786,120
V2,0.7925,0.2,0.313441,0.708303,0.674282,120
V2,0.795,0.02,0.285208,0.685553,0.746406,120
V2,0.795,0.05,0.308482,0.701951,0.686821,120
V2,0.795,0.1,0.313286,0.706028,0.674836,120
V2,0.795,0.2,0.313443,0.708328,0.674282,120
V2,0.7975,0.02,0.286102,0.686877,0.744283,120
V2,0.7975,0.05,0.308612,0.702138,0.687012,120
V2,0.7975,0.1,0.313323,0.706066,0.67488,120
V2,0.7975,0.2,0.313446,0.708353,0.674282,120
V2,0.8,0.02,0.287023,0.688274,0.741791,120
V2,0.8,0.05,0.308746,0.702344,0.687104,120
V2,0.8,0.1,0.313361,0.706105,0.674917,120
V2,0.8,0.2,0.313449,0.708378,0.674279,120
V2,0.8025,0.02,0.287946,0.689706,0.738975,120
V2,0.8025,0.05,0.308884,0.702567,0.687099,120
V2,0.8025,0.1,0.313399,0.706146,0.674947,120
V2,0.8025,0.2,0.313451,0.708402,0.674274,120
V2,0.805,0.02,0.288852,0.691186,0.736155,120
V2,0.805,0.05,0.309027,0.702789,0.687017,120
V2,0.805,0.1,0.313438,0.706188,0.674972,120
V2,0.805,0.2,0.313454,0.708427,0.674269,120
V2,0.8075,0.02,0.289729,0.692636,0.73327,120
V2,0.8075,0.05,0.309174,0.703026,0.686889,120
V2,0.8075,0.1,0.313477,0.706227,0.674985,120
V2,0.8075,0.2,0.313457,0.708452,0.674263,120
V2,0.81,0.02,0.290567,0.694098,0.730358,120
V2,0.81,0.05,0.309325,0.703274,0.686675,120
V2,0.81,0.1,0.313516,0.706267,0.674992,120
V2,0.81,0.2,0.313459,0.708476,0.674267,120
V2,0.8125,0.02,0.291364,0.695505,0.727455,120
V2,0.8125,0.05,0.309479,0.703533,0.68638,120
V2,0.8125,0.1,0.313554,0.706308,0.674992,120
V2,0.8125,0.2,0.313462,0.708501,0.674276,120
V2,0.815,0.02,0.292118,0.696903,0.724572,120
V2,0.815,0.05,0.309637,0.703799,0.686008,120
V2,0.815,0.1,0.313593,0.70635,0.674987,120
V2,0.815,0.2,0.313464,0.708526,0.674285,120
V2,0.8175,0.02,0.292831,0.698247,0.721689,120
V2,0.8175,0.05,0.309794,0.70407,0.685566,120
V2,0.8175,0.1,0.313631,0.706392,0.674975,120
V2,0.8175,0.2,0.313467,0.70855,0.674293,120
V2,0.82,0.02,0.293506,0.699551,0.718769,120
V2,0.82,0.05,0.309952,0.704344,0.685058,120
V2,0.82,0.1,0.313668,0.706435,0.674958,120
V2,0.82,0.2,0.313469,0.708572,0.674302,120
V2,0.8225,0.02,0.294149,0.700826,0.71576,120
V2,0.8225,0.05,0.310113,0.704619,0.684491,120
V2,0.8225,0.1,0.313704,0.706478,0.674951,120
V2,0.8225,0.2,0.313472,0.708594,0.674311,120
V2,0.825,0.02,0.294747,0.702066,0.712599,120
V2,0.825,0.05,0.310277,0.704893,0.683869,120
V2,0.825,0.1,0.313738,0.706521,0.674942,120
V2,0.825,0.2,0.313474,0.708616,0.67432,120
V2,0.8275,0.02,0.295323,0.703255,0.709223,120
V2,0.8275,0.05,0.310444,0.705164,0.6832,120
V2,0.8275,0.1,0.31377,0.706565,0.674929,120
V2,0.8275,0.2,0.313477,0.708639,0.674327,120
V2,0.83,0.02,0.295887,0.704412,0.705571,120
V2,0.83,0.05,0.310608,0.705429,0.682492,120
V2,0.83,0.1,0.3138,0.706608,0.674911,120
V2,0.83,0.2,0.313479,0.708661,0.674332,120
V2,0.8325,0.02,0.296446,0.705537,0.701595,120
V2,0.8325,0.05,0.310772,0.70569,0.681749,120
V2,0.8325,0.1,0.313828,0.706652,0.674889,120
V2,0.8325,0.2,0.313482,0.708683,0.674336,120
V2,0.835,0.02,0.297008,0.70663,0.69727,120
V2,0.835,0.05,0.310938,0.705945,0.680981,120
V2,0.835,0.1,0.313852,0.706695,0.674863,120
V2,0.835,0.2,0.313484,0.708705,0.67434,120
V2,0.8375,0.02,0.297582,0.70769,0.692601,120
V2,0.8375,0.05,0.311106,0.706193,0.68019,120
V2,0.8375,0.1,0.313871,0.706738,0.674833,120
V2,0.8375,0.2,0.313486,0.708727,0.674344,120
V2,0.84,0.02,0.298153,0.708713,0.687597,120
V2,0.84,0.05,0.311272,0.70643,0.679403,120
V2,0.84,0.1,0.313886,0.706781,0.674795,120
V2,0.84,0.2,0.313489,0.708749,0.674348,120
V2,0.8425,0.02,0.298745,0.709697,0.682287,120
V2,0.8425,0.05,0.311437,0.706656,0.678619,120
V2,0.8425,0.1,0.313896,0.706823,0.674754,120
V2,0.8425,0.2,0.313491,0.708771,0.674352,120
V2,0.845,0.02,0.299361,0.710568,0.676738,120
V2,0.845,0.05,0.311603,0.706872,0.677832,120
V2,0.845,0.1,0.313901,0.706865,0.674711,120
V2,0.845,0.2,0.313493,0.708793,0.674356,120
V2,0.8475,0.02,0.299961,0.710796,0.671046,120
V2,0.8475,0.05,0.311771,0.707075,0.677047,120
V2,0.8475,0.1,0.3139,0.706906,0.674665,120
V2,0.8475,0.2,0.313495,0.708815,0.674359,120
V2,0.85,0.02,0.30028,0.71106,0.665337,120
V2,0.85,0.05,0.311934,0.707267,0.676272,120
V2,0.85,0.1,0.313896,0.706947,0.674618,120
V2,0.85,0.2,0.313498,0.708836,0.674363,120
V2,0.8525,0.02,0.300616,0.711355,0.659754,120
V2,0.8525,0.05,0.311938,0.707446,0.675511,120
V2,0.8525,0.1,0.313887,0.706986,0.674569,120
V2,0.8525,0.2,0.3135,0.708858,0.674367,120
V2,0.855,0.02,0.300964,0.711675,0.654438,120
V2,0.855,0.05,0.311843,0.707613,0.674772,120
V2,0.855,0.1,0.313874,0.707025,0.674519,120
V2,0.855,0.2,0.313502,0.70888,0.674371,120
V2,0.8575,0.02,0.301315,0.712009,0.649526,120
V2,0.8575,0.05,0.311752,0.707766,0.674058,120
V2,0.8575,0.1,0.31386,0.707063,0.674469,120
V2,0.8575,0.2,0.313504,0.708902,0.674374,120
V2,0.86,0.02,0.301658,0.712343,0.645135,120
V2,0.86,0.05,0.311664,0.707906,0.673369,120
V2,0.86,0.1,0.313843,0.7071,0.674417,120
V2,0.86,0.2,0.313506,0.708923,0.674373,120
V2,0.8625,0.02,0.301963,0.712666,0.641354,120
V2,0.8625,0.05,0.311575,0.708032,0.672708,120
V2,0.8625,0.1,0.313824,0.707136,0.674366,120
V2,0.8625,0.2,0.313508,0.708945,0.674372,120
V2,0.865,0.02,0.302245,0.712963,0.638229,120
V2,0.865,0.05,0.311488,0.708146,0.672083,120
V2,0.865,0.1,0.313804,0.707171,0.674315,120
V2,0.865,0.2,0.31351,0.708967,0.674372,120
V2,0.8675,0.02,0.302473,0.713225,0.635804,120
V2,0.8675,0.05,0.311405,0.70824,0.671499,120
V2,0.8675,0.1,0.313783,0.707205,0.674263,120
V2,0.8675,0.2,0.313512,0.708988,0.674371,120
V2,0.87,0.02,0.302655,0.713442,0.634081,120
V2,0.87,0.05,0.311325,0.708316,0.670957,120
V2,0.87,0.1,0.313761,0.707238,0.674207,120
V2,0.87,0.2,0.313514,0.70901,0.67437,120
V2,0.8725,0.02,0.302767,0.713599,0.633102,120
V2,0.8725,0.05,0.311243,0.708379,0.670453,120
V2,0.8725,0.1,0.313739,0.707269,0.674153,120
V2,0.8725,0.2,0.313516,0.709031,0.67437,120
V2,0.875,0.02,0.302826,0.713692,0.632842,120
V2,0.875,0.05,0.311163,0.708429,0.669984,120
V2,0.875,0.1,0.313717,0.7073,0.6741,120
V2,0.875,0.2,0.313518,0.709053,0.674369,120
V2,0.8775,0.02,0.302808,0.713728,0.633191,120
V2,0.8775,0.05,0.311085,0.708467,0.669559,120
V2,0.8775,0.1,0.313694,0.70733,0.674048,120
V2,0.8775,0.2,0.31352,0.709074,0.674368,120
V2,0.88,0.02,0.302723,0.713708,0.634096,120
V2,0.88,0.05,0.311011,0.708493,0.669177,120
V2,0.88,0.1,0.313671,0.707358,0.673998,120
V2,0.88,0.2,0.313522,0.709095,0.674368,120
V2,0.8825,0.02,0.302579,0.713635,0.635499,120
V2,0.8825,0.05,0.310933,0.708507,0.668839,120
V2,0.8825,0.1,0.313649,0.707385,0.67395,120
V2,0.8825,0.2,0.313524,0.709117,0.674367,120
V2,0.885,0.02,0.302352,0.713497,0.637417,120
V2,0.885,0.05,0.310858,0.70851,0.668531,120
V2,0.885,0.1,0.313626,0.707412,0.673904,120
V2,0.885,0.2,0.313526,0.709138,0.674366,120
V2,0.8875,0.02,0.302069,0.713314,0.639718,120
V2,0.8875,0.05,0.310786,0.708495,0.668258,120
V2,0.8875,0.1,0.313604,0.707437,0.67386,120
V2,0.8875,0.2,0.313527,0.709159,0.674366,120
V2,0.89,0.02,0.301722,0.713095,0.64232,120
V2,0.89,0.05,0.310716,0.708467,0.668023,120
V2,0.89,0.1,0.313582,0.707461,0.673818,120
V2,0.89,0.2,0.313529,0.70918,0.674363,120
V2,0.8925,0.02,0.30131,0.712846,0.645132,120
V2,0.8925,0.05,0.310642,0.70843,0.667823,120
V2,0.8925,0.1,0.313561,0.707484,0.67378,120
V2,0.8925,0.2,0.313531,0.709202,0.674358,120
V2,0.895,0.02,0.300849,0.712578,0.648113,120
V2,0.895,0.05,0.310572,0.708384,0.667656,120
V2,0.895,0.1,0.31354,0.707506,0.673743,120
V2,0.895,0.2,0.313533,0.709223,0.674353,120
V2,0.8975,0.02,0.300331,0.7123,0.65114,120
V2,0.8975,0.05,0.310505,0.708329,0.667504,120
V2,0.8975,0.1,0.31352,0.707527,0.673703,120
V2,0.8975,0.2,0.313535,0.709244,0.674348,120
V2,0.9,0.02,0.299766,0.711788,0.654162,120
V2,0.9,0.05,0.310439,0.708267,0.667381,120
V2,0.9,0.1,0.313501,0.707548,0.673667,120
V2,0.9,0.2,0.313536,0.709265,0.674343,120
V2,0.9025,0.02,0.299172,0.711206,0.658523,120
V2,0.9025,0.05,0.310372,0.708197,0.667283,120
V2,0.9025,0.1,0.313482,0.707567,0.673633,120
V2,0.9025,0.2,0.313538,0.709286,0.674339,120
V2,0.905,0.02,0.298533,0.710609,0.664431,120
V2,0.905,0.05,0.310308,0.708121,0.667208,120
V2,0.905,0.1,0.313465,0.707586,0.673603,120
V2,0.905,0.2,0.31354,0.709307,0.674334,120
V2,0.9075,0.02,0.297873,0.710004,0.670223,120
V2,0.9075,0.05,0.310248,0.708038,0.667155,120
V2,0.9075,0.1,0.313447,0.707603,0.673575,120
V2,0.9075,0.2,0.313541,0.709328,0.67434,120
V2,0.91,0.02,0.297204,0.709396,0.675876,120
V2,0.91,0.05,0.310188,0.70795,0.667109,120
V2,0.91,0.1,0.313431,0.70762,0.673558,120
V2,0.91,0.2,0.313543,0.709349,0.674348,120
V2,0.9125,0.02,0.296538,0.708724,0.681346,120
V2,0.9125,0.05,0.310129,0.707857,0.667082,120
V2,0.9125,0.1,0.313415,0.707636,0.67355,120
V2,0.9125,0.2,0.313545,0.709368,0.674356,120
V2,0.915,0.02,0.295884,0.708121,0.686354,120
V2,0.915,0.05,0.310073,0.707759,0.667072,120
V2,0.915,0.1,0.313401,0.707651,0.673546,120
V2,0.915,0.2,0.313546,0.709386,0.674364,120
V2,0.9175,0.02,0.295254,0.707561,0.691067,120
V2,0.9175,0.05,0.310021,0.707658,0.66708,120
V2,0.9175,0.1,0.313387,0.707664,0.673544,120
V2,0.9175,0.2,0.313548,0.709405,0.674371,120
V2,0.92,0.02,0.294661,0.707086,0.695195,120
V2,0.92,0.05,0.309971,0.707553,0.667105,120
V2,0.92,0.1,0.313374,0.707677,0.673545,120
V2,0.92,0.2,0.31355,0.709424,0.674379,120
V2,0.9225,0.02,0.294116,0.706692,0.698778,120
V2,0.9225,0.05,0.309921,0.707445,0.667145,120
V2,0.9225,0.1,0.313362,0.707689,0.673548,120
V2,0.9225,0.2,0.313551,0.709443,0.674386,120
V2,0.925,0.02,0.293626,0.706269,0.701833,120
V2,0.925,0.05,0.309875,0.707335,0.667194,120
V2,0.925,0.1,0.313351,0.707701,0.67355,120
V2,0.925,0.2,0.313553,0.709461,0.67439,120
V2,0.9275,0.02,0.293196,0.705898,0.704197,120
V2,0.9275,0.05,0.309834,0.707224,0.667261,120
V2,0.9275,0.1,0.313341,0.707712,0.673554,120
V2,0.9275,0.2,0.313555,0.70948,0.674393,120
V2,0.93,0.02,0.29283,0.705556,0.706184,120
V2,0.93,0.05,0.309796,0.707111,0.667349,120
V2,0.93,0.1,0.313331,0.707723,0.673561,120
V2,0.93,0.2,0.313556,0.709498,0.674397,120
V2,0.9325,0.02,0.292525,0.705256,0.707491,120
V2,0.9325,0.05,0.309758,0.706997,0.667457,120
V2,0.9325,0.1,0.313323,0.707734,0.67357,120
V2,0.9325,0.2,0.313558,0.709517,0.674401,120
V2,0.935,0.02,0.292277,0.704992,0.708521,120
V2,0.935,0.05,0.309724,0.706883,0.667588,120
V2,0.935,0.1,0.313317,0.707744,0.673581,120
V2,0.935,0.2,0.313559,0.709536,0.674405,120
V2,0.9375,0.02,0.292079,0.704753,0.709172,120
V2,0.9375,0.05,0.309695,0.706769,0.667743,120
V2,0.9375,0.1,0.31331,0.707755,0.673595,120
V2,0.9375,0.2,0.313561,0.709554,0.674408,120
V2,0.94,0.02,0.291921,0.704529,0.709467,120
V2,0.94,0.05,0.309671,0.706655,0.667922,120
V2,0.94,0.1,0.313304,0.707765,0.673612,120
V2,0.94,0.2,0.313563,0.709572,0.674412,120
V2,0.9425,0.02,0.291796,0.704307,0.709786,120
V2,0.9425,0.05,0.309647,0.706543,0.668122,120
V2,0.9425,0.1,0.3133,0.707775,0.673631,120
V2,0.9425,0.2,0.313564,0.709591,0.674416,120
V2,0.945,0.02,0.291693,0.704068,0.709995,120
V2,0.945,0.05,0.309626,0.706432,0.668346,120
V2,0.945,0.1,0.313297,0.707785,0.673651,120
V2,0.945,0.2,0.313566,0.709609,0.67442,120
V2,0.9475,0.02,0.291606,0.703811,0.710147,120
V2,0.9475,0.05,0.30961,0.706322,0.668598,120
V2,0.9475,0.1,0.313294,0.707795,0.673674,120
V2,0.9475,0.2,0.313567,0.709628,0.674424,120
V2,0.95,0.02,0.291527,0.703529,0.710323,120
V2,0.95,0.05,0.3096,0.706216,0.668879,120
V2,0.95,0.1,0.313292,0.707805,0.673699,120
V2,0.95,0.2,0.313569,0.709646,0.674427,120
V2,0.9525,0.02,0.291449,0.703214,0.710785,120
V2,0.9525,0.05,0.309592,0.706112,0.669187,120
V2,0.9525,0.1,0.313292,0.707815,0.673725,120
V2,0.9525,0.2,0.313571,0.709664,0.674431,120
V2,0.955,0.02,0.291368,0.702861,0.71138,120
V2,0.955,0.05,0.309585,0.706012,0.669524,120
V2,0.955,0.1,0.313292,0.707825,0.67375,120
V2,0.955,0.2,0.313572,0.709683,0.674435,120
V2,0.9575,0.02,0.291281,0.702466,0.712124,120
V2,0.9575,0.05,0.309583,0.705915,0.669888,120
V2,0.9575,0.1,0.313293,0.707836,0.673774,120
V2,0.9575,0.2,0.313574,0.709701,0.674439,120
V2,0.96,0.02,0.291185,0.702025,0.713029,120
V2,0.96,0.05,0.309587,0.705823,0.670278,120
V2,0.96,0.1,0.313295,0.707846,0.6738,120
V2,0.96,0.2,0.313575,0.709719,0.674439,120
V2,0.9625,0.02,0.291079,0.70154,0.714094,120
V2,0.9625,0.05,0.309596,0.705735,0.670692,120
V2,0.9625,0.1,0.313298,0.707857,0.673826,120
V2,0.9625,0.2,0.313577,0.709737,0.674439,120
V2,0.965,0.02,0.290963,0.701011,0.715474,120
V2,0.965,0.05,0.309603,0.705654,0.671129,120
V2,0.965,0.1,0.313302,0.707869,0.673854,120
V2,0.965,0.2,0.313578,0.709755,0.674439,120
V2,0.9675,0.02,0.290838,0.700442,0.717017,120
V2,0.9675,0.05,0.309616,0.705578,0.671585,120
V2,0.9675,0.1,0.313306,0.707881,0.673883,120
V2,0.9675,0.2,0.31358,0.709773,0.674439,120
V2,0.97,0.02,0.290706,0.699841,0.718637,120
V2,0.97,0.05,0.309634,0.705504,0.672058,120
V2,0.97,0.1,0.313312,0.707893,0.673912,120
V2,0.97,0.2,0.313581,0.709792,0.674439,120
V2,0.9725,0.02,0.290571,0.699188,0.72027,120
V2,0.9725,0.05,0.309657,0.70543,0.672545,120
V2,0.9725,0.1,0.313319,0.707905,0.673941,120
V2,0.9725,0.2,0.313583,0.70981,0.674439,120
V2,0.975,0.02,0.290438,0.698512,0.722011,120
V2,0.975,0.05,0.30968,0.705363,0.673039,120
V2,0.975,0.1,0.313325,0.707918,0.673972,120
V2,0.975,0.2,0.313585,0.709828,0.674439,120
V2,0.9775,0.02,0.290312,0.697832,0.72376,120
V2,0.9775,0.05,0.309707,0.705304,0.673539,120
V2,0.9775,0.1,0.313333,0.707932,0.674002,120
V2,0.9775,0.2,0.313586,0.709846,0.674439,120
V2,0.98,0.02,0.290201,0.697163,0.725277,120
V2,0.98,0.05,0.30974,0.705253,0.674041,120
V2,0.98,0.1,0.313342,0.707946,0.674032,120
V2,0.98,0.2,0.313588,0.709864,0.674439,120
V2,0.9825,0.02,0.290112,0.696471,0.726644,120
V2,0.9825,0.05,0.309777,0.705211,0.674542,120
V2,0.9825,0.1,0.313352,0.707961,0.674063,120
V2,0.9825,0.2,0.313589,0.709882,0.674439,120
V2,0.985,0.02,0.290054,0.69583,0.727786,120
V2,0.985,0.05,0.309815,0.705177,0.675037,120
V2,0.985,0.1,0.313362,0.707976,0.674093,120
V2,0.985,0.2,0.313591,0.709899,0.67444,120
V2,0.9875,0.02,0.290036,0.695226,0.728364,120
V2,0.9875,0.05,0.309856,0.705153,0.675521,120
V2,0.9875,0.1,0.313372,0.707991,0.674123,120
V2,0.9875,0.2,0.313592,0.709917,0.67444,120
V2,0.99,0.02,0.290067,0.694675,0.728766,120
V2,0.99,0.05,0.309903,0.705138,0.675992,120
V2,0.99,0.1,0.313383,0.708008,0.67415,120
V2,0.99,0.2,0.313594,0.709935,0.67444,120
V2,0.9925,0.02,0.290154,0.694211,0.728415,120
V2,0.9925,0.05,0.309954,0.70513,0.676445,120
V2,0.9925,0.1,0.313396,0.708024,0.674175,120
V2,0.9925,0.2,0.313595,0.709953,0.67444,120
V2,0.995,0.02,0.290303,0.693821,0.727667,120
V2,0.995,0.05,0.310004,0.705122,0.676876,120
V2,0.995,0.1,0.313409,0.708042,0.674198,120
V2,0.995,0.2,0.313597,0.709971,0.67444,120
V2,0.9975,0.02,0.290516,0.693542,0.726147,120
V2,0.9975,0.05,0.310059,0.705123,0.677282,120
V2,0.9975,0.1,0.313422,0.70806,0.674221,120
V2,0.9975,0.2,0.313599,0.709989,0.674437,120
V2,1,0.02,0.290795,0.693365,0.724144,120
V2,1,0.05,0.310119,0.705136,0.677659,120
V2,1,0.1,0.313435,0.708078,0.674243,120
V2,1,0.2,0.3136,0.710006,0.674433,120
V2,1.0025,0.02,0.291137,0.6933,0.721399,120
V2,1.0025,0.05,0.310182,0.705158,0.678005,120
V2,1.0025,0.1,0.313449,0.708097,0.674265,120
V2,1.0025,0.2,0.313602,0.710024,0.67443,120
V2,1.005,0.02,0.291538,0.693356,0.721279,120
V2,1.005,0.05,0.310244,0.705191,0.678317,120
V2,1.005,0.1,0.313464,0.708117,0.674285,120
V2,1.005,0.2,0.313603,0.710042,0.674426,120
V2,1.0075,0.02,0.29199,0.693503,0.722838,120
V2,1.0075,0.05,0.310311,0.705234,0.678605,120
V2,1.0075,0.1,0.313479,0.708137,0.674304,120
V2,1.0075,0.2,0.313605,0.71006,0.674423,120
V2,1.01,0.02,0.292485,0.693776,0.723585,120
V2,1.01,0.05,0.310384,0.705286,0.67888,120
V2,1.01,0.1,0.313495,0.708156,0.674321,120
V2,1.01,0.2,0.313606,0.710077,0.674419,120
V2,1.0125,0.02,0.293014,0.69411,0.723898,120
V2,1.0125,0.05,0.310453,0.705349,0.679117,120
V2,1.0125,0.1,0.313511,0.708175,0.674338,120
V2,1.0125,0.2,0.313608,0.710095,0.674416,120
V2,1.015,0.02,0.293567,0.694554,0.723593,120
V2,1.015,0.05,0.310527,0.705412,0.679317,120
V2,1.015,0.1,0.313527,0.708194,0.674353,120
V2,1.015,0.2,0.313609,0.710113,0.674412,120
V2,1.0175,0.02,0.294138,0.695039,0.722837,120
V2,1.0175,0.05,0.310607,0.705481,0.679477,120
V2,1.0175,0.1,0.313543,0.708213,0.674367,120
V2,1.0175,0.2,0.313611,0.71013,0.674409,120
V2,1.02,0.02,0.294719,0.6956,0.72177,120
V2,1.02,0.05,0.310684,0.705558,0.679598,120
V2,1.02,0.1,0.31356,0.708233,0.674379,120
V2,1.02,0.2,0.313612,0.710148,0.674405,120
V2,1.0225,0.02,0.295304,0.696198,0.720267,120
V2,1.0225,0.05,0.310764,0.705643,0.67968,120
V2,1.0225,0.1,0.313576,0.708254,0.67439,120
V2,1.0225,0.2,0.313614,0.710164,0.674412,120
V2,1.025,0.02,0.295887,0.696826,0.71857,120
V2,1.025,0.05,0.310849,0.705736,0.679724,120
V2,1.025,0.1,0.313593,0.708275,0.674413,120
V2,1.025,0.2,0.313615,0.710179,0.674419,120
V2,1.0275,0.02,0.296437,0.697504,0.716693,120
V2,1.0275,0.05,0.310932,0.705836,0.679732,120
V2,1.0275,0.1,0.31361,0.708296,0.674435,120
V2,1.0275,0.2,0.313617,0.710195,0.674427,120
V2,1.03,0.02,0.296979,0.698164,0.714591,120
V2,1.03,0.05,0.311017,0.705943,0.679703,120
V2,1.03,0.1,0.313626,0.708318,0.674453,120
V2,1.03,0.2,0.313618,0.710211,0.674435,120
V2,1.0325,0.02,0.297512,0.69885,0.712323,120
V2,1.0325,0.05,0.311107,0.706056,0.67964,120
V2,1.0325,0.1,0.313643,0.70834,0.674468,120
V2,1.0325,0.2,0.31362,0.710227,0.674442,120
V2,1.035,0.02,0.298026,0.699558,0.710008,120
V2,1.035,0.05,0.311194,0.706174,0.679544,120
V2,1.035,0.1,0.313659,0.708362,0.674481,120
V2,1.035,0.2,0.313621,0.710242,0.67445,120
V2,1.0375,0.02,0.298504,0.700246,0.707657,120
V2,1.0375,0.05,0.311284,0.706296,0.679418,120
V2,1.0375,0.1,0.313676,0.708385,0.674493,120
V2,1.0375,0.2,0.313623,0.710258,0.674454,120
V2,1.04,0.02,0.298974,0.700936,0.705225,120
V2,1.04,0.05,0.311377,0.706422,0.679264,120
V2,1.04,0.1,0.313692,0.708408,0.674504,120
V2,1.04,0.2,0.313624,0.710273,0.674458,120
V2,1.0425,0.02,0.299423,0.701632,0.70271,120
V2,1.0425,0.05,0.311466,0.706551,0.679085,120
V2,1.0425,0.1,0.313707,0.708431,0.674513,120
V2,1.0425,0.2,0.313626,0.710289,0.674462,120
V2,1.045,0.02,0.299841,0.702331,0.70014,120
V2,1.045,0.05,0.311561,0.706677,0.678882,120
V2,1.045,0.1,0.313722,0.708455,0.674521,120
V2,1.045,0.2,0.313627,0.710305,0.674466,120
V2,1.0475,0.02,0.300258,0.703016,0.697523,120
V2,1.0475,0.05,0.311654,0.706805,0.678658,120
V2,1.0475,0.1,0.313736,0.708479,0.674527,120
V2,1.0475,0.2,0.313628,0.71032,0.674469,120
V2,1.05,0.02,0.300639,0.703689,0.694839,120
V2,1.05,0.05,0.311748,0.706935,0.678416,120
V2,1.05,0.1,0.31375,0.708503,0.674532,120
V2,1.05,0.2,0.31363,0.710336,0.674473,120
V2,1.0525,0.02,0.301015,0.704362,0.692111,120
V2,1.0525,0.05,0.311845,0.707066,0.678159,120
V2,1.0525,0.1,0.313763,0.708527,0.674536,120
V2,1.0525,0.2,0.313631,0.710351,0.674477,120
V2,1.055,0.02,0.301377,0.705033,0.689328,120
V2,1.055,0.05,0.311938,0.707198,0.677889,120
V2,1.055,0.1,0.313776,0.708551,0.674539,120
V2,1.055,0.2,0.313633,0.710367,0.674481,120
V2,1.0575,0.02,0.301719,0.705702,0.686481,120
V2,1.0575,0.05,0.312036,0.70733,0.677609,120
V2,1.0575,0.1,0.313787,0.708575,0.67454,120
V2,1.0575,0.2,0.313634,0.710382,0.674485,120
V2,1.06,0.02,0.302064,0.706365,0.683588,120
V2,1.06,0.05,0.312132,0.707461,0.677322,120
V2,1.06,0.1,0.313797,0.708599,0.674541,120
V2,1.06,0.2,0.313635,0.710398,0.674489,120
V2,1.0625,0.02,0.30238,0.707022,0.680655,120
V2,1.0625,0.05,0.312229,0.707591,0.677029,120
V2,1.0625,0.1,0.313807,0.708623,0.67454,120
V2,1.0625,0.2,0.313637,0.710413,0.674493,120
V2,1.065,0.02,0.302708,0.707672,0.677691,120
V2,1.065,0.05,0.312328,0.707719,0.67675,120
V2,1.065,0.1,0.313815,0.708648,0.674539,120
V2,1.065,0.2,0.313638,0.710429,0.674497,120
V2,1.0675,0.02,0.303003,0.70831,0.674712,120
V2,1.0675,0.05,0.312424,0.707845,0.67647,120
V2,1.0675,0.1,0.313822,0.708672,0.674536,120
V2,1.0675,0.2,0.31364,0.710444,0.674501,120
V2,1.07,0.02,0.303312,0.708936,0.671754,120
V2,1.07,0.05,0.312525,0.707968,0.676192,120
V2,1.07,0.1,0.313828,0.708696,0.674533,120
V2,1.07,0.2,0.313641,0.710459,0.674505,120
V2,1.0725,0.02,0.303586,0.709546,0.66885,120
V2,1.0725,0.05,0.31262,0.708088,0.675916,120
V2,1.0725,0.1,0.313832,0.70872,0.674526,120
V2,1.0725,0.2,0.313642,0.710475,0.674509,120
V2,1.075,0.02,0.303869,0.710139,0.666039,120
V2,1.075,0.05,0.31272,0.708204,0.675646,120
V2,1.075,0.1,0.313836,0.708744,0.674517,120
V2,1.075,0.2,0.313644,0.71049,0.674513,120
V2,1.0775,0.02,0.30412,0.71071,0.663352,120
V2,1.0775,0.05,0.312818,0.708317,0.675382,120
V2,1.0775,0.1,0.313837,0.708768,0.674507,120
V2,1.0775,0.2,0.313645,0.710506,0.674516,120
V2,1.08,0.02,0.304366,0.711258,0.660835,120
V2,1.08,0.05,0.312918,0.708425,0.675128,120
V2,1.08,0.1,0.313838,0.708791,0.674497,120
V2,1.08,0.2,0.313646,0.710521,0.674517,120
V2,1.0825,0.02,0.304589,0.71178,0.658621,120
V2,1.0825,0.05,0.313017,0.708529,0.674883,120
V2,1.0825,0.1,0.313838,0.708815,0.674487,120
V2,1.0825,0.2,0.313648,0.710536,0.674517,120
V2,1.085,0.02,0.304786,0.712268,0.656683,120
V2,1.085,0.05,0.312943,0.708628,0.674647,120
V2,1.085,0.1,0.313836,0.708838,0.674475,120
V2,1.085,0.2,0.313649,0.710551,0.674517,120
V2,1.0875,0.02,0.304838,0.712712,0.655009,120
V2,1.0875,0.05,0.31287,0.708721,0.674422,120
V2,1.0875,0.1,0.313834,0.708861,0.674464,120
V2,1.0875,0.2,0.31365,0.710567,0.674518,120
V2,1.09,0.02,0.304861,0.713128,0.653637,120
V2,1.09,0.05,0.312799,0.70881,0.674209,120
V2,1.09,0.1,0.31383,0.708884,0.674452,120
V2,1.09,0.2,0.313651,0.710582,0.674518,120
V2,1.0925,0.02,0.304851,0.713497,0.652584,120
V2,1.0925,0.05,0.312727,0.708893,0.674011,120
V2,1.0925,0.1,0.313826,0.708906,0.67444,120
V2,1.0925,0.2,0.313653,0.710597,0.674519,120
V2,1.095,0.02,0.304834,0.713826,0.651927,120
V2,1.095,0.05,0.312661,0.70897,0.673827,120
V2,1.095,0.1,0.313821,0.708928,0.674428,120
V2,1.095,0.2,0.313654,0.710612,0.674519,120
V2,1.0975,0.02,0.304772,0.714111,0.651637,120
V2,1.0975,0.05,0.31259,0.709037,0.673658,120
V2,1.0975,0.1,0.313815,0.70895,0.674415,120
V2,1.0975,0.2,0.313655,0.710627,0.674519,120
V2,1.1,0.02,0.304698,0.714352,0.65165,120
V2,1.1,0.05,0.312525,0.709098,0.673504,120
V2,1.1,0.1,0.313808,0.708972,0.674403,120
V2,1.1,0.2,0.313657,0.710643,0.67452,120
V2,1.1025,0.02,0.30459,0.714544,0.651964,120
V2,1.1025,0.05,0.312459,0.709152,0.673365,120
V2,1.1025,0.1,0.313801,0.708993,0.67439,120
V2,1.1025,0.2,0.313658,0.710658,0.67452,120
V2,1.105,0.02,0.304456,0.714699,0.652578,120
V2,1.105,0.05,0.312395,0.709201,0.673241,120
V2,1.105,0.1,0.313794,0.709014,0.674378,120
V2,1.105,0.2,0.313659,0.710673,0.674521,120
V2,1.1075,0.02,0.3043,0.714792,0.653515,120
V2,1.1075,0.05,0.312334,0.709243,0.673131,120
V2,1.1075,0.1,0.313786,0.709034,0.674365,120
V2,1.1075,0.2,0.31366,0.710688,0.674521,120
V2,1.11,0.02,0.304106,0.714845,0.654745,120
V2,1.11,0.05,0.312271,0.70928,0.673035,120
V2,1.11,0.1,0.313778,0.709055,0.674353,120
V2,1.11,0.2,0.313661,0.710703,0.674522,120
V2,1.1125,0.02,0.303901,0.714852,0.656206,120
V2,1.1125,0.05,0.312212,0.709311,0.672952,120
V2,1.1125,0.1,0.313769,0.709075,0.674341,120
V2,1.1125,0.2,0.313663,0.710718,0.674522,120
V2,1.115,0.02,0.30365,0.7148,0.657856,120
V2,1.115,0.05,0.312152,0.709336,0.672881,120
V2,1.115,0.1,0.313761,0.709094,0.674326,120
V2,1.115,0.2,0.313664,0.710733,0.674523,120
V2,1.1175,0.02,0.303392,0.714708,0.659697,120
V2,1.1175,0.05,0.312094,0.709355,0.672814,120
V2,1.1175,0.1,0.313752,0.709113,0.67431,120
V2,1.1175,0.2,0.313665,0.710748,0.674523,120
V2,1.12,0.02,0.303092,0.714447,0.661699,120
V2,1.12,0.05,0.312038,0.709368,0.672757,120
V2,1.12,0.1,0.313743,0.709132,0.674294,120
V2,1.12,0.2,0.313666,0.710763,0.674523,120
V2,1.1225,0.02,0.302788,0.714162,0.663817,120
V2,1.1225,0.05,0.311982,0.709377,0.672709,120
V2,1.1225,0.1,0.313734,0.709151,0.674279,120
V2,1.1225,0.2,0.313667,0.710778,0.674523,120
V2,1.125,0.02,0.302441,0.713867,0.666029,120
V2,1.125,0.05,0.311931,0.70938,0.672669,120
V2,1.125,0.1,0.313725,0.709169,0.674264,120
V2,1.125,0.2,0.313669,0.710793,0.67452,120
V2,1.1275,0.02,0.302093,0.713566,0.668305,120
V2,1.1275,0.05,0.311876,0.709378,0.672636,120
V2,1.1275,0.1,0.313716,0.709187,0.674249,120
V2,1.1275,0.2,0.31367,0.710808,0.674517,120
V2,1.13,0.02,0.301715,0.713265,0.670601,120
V2,1.13,0.05,0.311826,0.709371,0.672608,120
V2,1.13,0.1,0.313707,0.709203,0.674235,120
V2,1.13,0.2,0.313671,0.710823,0.674514,120
V2,1.1325,0.02,0.301327,0.71297,0.672862,120
V2,1.1325,0.05,0.311776,0.70936,0.672585,120
V2,1.1325,0.1,0.313698,0.709219,0.674221,120
V2,1.1325,0.2,0.313672,0.710838,0.674511,120
V2,1.135,0.02,0.30094,0.712689,0.675037,120
V2,1.135,0.05,0.311727,0.709344,0.672565,120
V2,1.135,0.1,0.313689,0.709234,0.674208,120
V2,1.135,0.2,0.313673,0.710853,0.674508,120
V2,1.1375,0.02,0.300522,0.71238,0.677086,120
V2,1.1375,0.05,0.311682,0.709324,0.672548,120
V2,1.1375,0.1,0.31368,0.709249,0.674195,120
V2,1.1375,0.2,0.313674,0.710867,0.674505,120
V2,1.14,0.02,0.300111,0.711947,0.679102,120
V2,1.14,0.05,0.311635,0.709301,0.672532,120
V2,1.14,0.1,0.313672,0.709264,0.674182,120
V2,1.14,0.2,0.313676,0.710882,0.674502,120
V2,1.1425,0.02,0.299709,0.711498,0.680892,120
V2,1.1425,0.05,0.311593,0.709274,0.672517,120
V2,1.1425,0.1,0.313663,0.709278,0.67417,120
V2,1.1425,0.2,0.313677,0.710897,0.6745,120
V2,1.145,0.02,0.299306,0.711039,0.682393,120
V2,1.145,0.05,0.31155,0.709243,0.672495,120
V2,1.145,0.1,0.313655,0.709293,0.674159,120
V2,1.145,0.2,0.313678,0.710912,0.674497,120
V2,1.1475,0.02,0.298906,0.710576,0.68354,120
V2,1.1475,0.05,0.31151,0.70921,0.672473,120
V2,1.1475,0.1,0.313648,0.709307,0.674148,120
V2,1.1475,0.2,0.313679,0.710926,0.674494,120
V2,1.15,0.02,0.298526,0.710115,0.684482,120
V2,1.15,0.05,0.311472,0.709174,0.672449,120
V2,1.15,0.1,0.31364,0.70932,0.674144,120
V2,1.15,0.2,0.31368,0.710941,0.674491,120
V2,1.1525,0.02,0.298171,0.709664,0.68505,120
V2,1.1525,0.05,0.311434,0.709135,0.672425,120
V2,1.1525,0.1,0.313633,0.709334,0.674145,120
V2,1.1525,0.2,0.313681,0.710955,0.674488,120
V2,1.155,0.02,0.297843,0.70923,0.685162,120
V2,1.155,0.05,0.311402,0.709094,0.6724,120
V2,1.155,0.1,0.313627,0.709347,0.674148,120
V2,1.155,0.2,0.313682,0.710968,0.674485,120
V2,1.1575,0.02,0.297542,0.708818,0.686261,120
V2,1.1575,0.05,0.311366,0.709051,0.672374,120
V2,1.1575,0.1,0.31362,0.70936,0.674149,120
V2,1.1575,0.2,0.313683,0.710981,0.674483,120
V2,1.16,0.02,0.297258,0.708435,0.688966,120
V2,1.16,0.05,0.311336,0.709006,0.672346,120
V2,1.16,0.1,0.313615,0.709373,0.674148,120
V2,1.16,0.2,0.313684,0.710994,0.674486,120
V2,1.1625,0.02,0.297009,0.708085,0.691454,120
V2,1.1625,0.05,0.311307,0.70896,0.672318,120
V2,1.1625,0.1,0.313609,0.709385,0.674148,120
V2,1.1625,0.2,0.313685,0.711007,0.674493,120
V2,1.165,0.02,0.296794,0.707771,0.693478,120
V2,1.165,0.05,0.311278,0.708914,0.67229,120
V2,1.165,0.1,0.313603,0.709397,0.674148,120
V2,1.165,0.2,0.313687,0.71102,0.6745,120
V2,1.1675,0.02,0.296614,0.707479,0.695244,120
V2,1.1675,0.05,0.311256,0.708867,0.672262,120
V2,1.1675,0.1,0.313598,0.70941,0.674149,120
V2,1.1675,0.2,0.313688,0.711033,0.674507,120
V2,1.17,0.02,0.296467,0.707217,0.696758,120
V2,1.17,0.05,0.31123,0.708819,0.672235,120
V2,1.17,0.1,0.313593,0.709422,0.67415,120
V2,1.17,0.2,0.313689,0.711046,0.674513,120
V2,1.1725,0.02,0.296352,0.70699,0.697882,120
V2,1.1725,0.05,0.311209,0.708772,0.67221,120
V2,1.1725,0.1,0.313589,0.709433,0.674152,120
V2,1.1725,0.2,0.31369,0.711059,0.674517,120
V2,1.175,0.02,0.296259,0.706796,0.69882,120
V2,1.175,0.05,0.31119,0.708723,0.672182,120
V2,1.175,0.1,0.313585,0.709445,0.674154,120
V2,1.175,0.2,0.313691,0.711072,0.67452,120
V2,1.1775,0.02,0.296175,0.706631,0.699636,120
V2,1.1775,0.05,0.311172,0.708675,0.672157,120
V2,1.1775,0.1,0.313582,0.709457,0.674157,120
V2,1.1775,0.2,0.313692,0.711085,0.674524,120
V2,1.18,0.02,0.296114,0.70649,0.700203,120
V2,1.18,0.05,0.31116,0.708627,0.672136,120
V2,1.18,0.1,0.313579,0.709468,0.674161,120
V2,1.18,0.2,0.313693,0.711098,0.674528,120
V2,1.1825,0.02,0.296072,0.706351,0.700573,120
V2,1.1825,0.05,0.311144,0.708579,0.672121,120
V2,1.1825,0.1,0.313576,0.70948,0.674165,120
V2,1.1825,0.2,0.313694,0.711111,0.674532,120
V2,1.185,0.02,0.296048,0.706228,0.701026,120
V2,1.185,0.05,0.311134,0.708533,0.672111,120
V2,1.185,0.1,0.313574,0.709491,0.674169,120
V2,1.185,0.2,0.313695,0.711124,0.674535,120
V2,1.1875,0.02,0.296039,0.706116,0.701408,120
V2,1.1875,0.05,0.311126,0.708487,0.672108,120
V2,1.1875,0.1,0.313572,0.709503,0.674174,120
V2,1.1875,0.2,0.313696,0.711137,0.674539,120
V2,1.19,0.02,0.296014,0.706011,0.701718,120
V2,1.19,0.05,0.311118,0.708442,0.672112,120
V2,1.19,0.1,0.31357,0.709514,0.67418,120
V2,1.19,0.2,0.313697,0.71115,0.674543,120
V2,1.1925,0.02,0.295997,0.705908,0.701993,120
V2,1.1925,0.05,0.311117,0.708399,0.672124,120
V2,1.1925,0.1,0.313569,0.709525,0.674185,120
V2,1.1925,0.2,0.313698,0.711163,0.674546,120
V2,1.195,0.02,0.295989,0.705804,0.702303,120
V2,1.195,0.05,0.311111,0.708357,0.672145,120
V2,1.195,0.1,0.313569,0.709536,0.674192,120
V2,1.195,0.2,0.313699,0.711176,0.67455,120
V2,1.1975,0.02,0.29599,0.705694,0.702798,120
V2,1.1975,0.05,0.311112,0.708316,0.672175,120
V2,1.1975,0.1,0.313569,0.709548,0.674199,120
V2,1.1975,0.2,0.3137,0.711188,0.674554,120
V2,1.2,0.02,0.29598,0.705577,0.703318,120
V2,1.2,0.05,0.311114,0.708277,0.672214,120
V2,1.2,0.1,0.313569,0.709559,0.674206,120
V2,1.2,0.2,0.313701,0.711201,0.674558,120
V2,1.2025,0.02,0.295962,0.70545,0.703872,120
V2,1.2025,0.05,0.311117,0.708241,0.672263,120
V2,1.2025,0.1,0.313569,0.70957,0.674213,120
V2,1.2025,0.2,0.313702,0.711214,0.674561,120
V2,1.205,0.02,0.295951,0.705306,0.704462,120
V2,1.205,0.05,0.311126,0.708206,0.672321,120
V2,1.205,0.1,0.31357,0.709581,0.674217,120
V2,1.205,0.2,0.313703,0.711227,0.674565,120
V2,1.2075,0.02,0.295949,0.705144,0.705084,120
V2,1.2075,0.05,0.311131,0.708173,0.672389,120
V2,1.2075,0.1,0.313571,0.709593,0.674222,120
V2,1.2075,0.2,0.313704,0.71124,0.674569,120
V2,1.21,0.02,0.295943,0.704968,0.705882,120
V2,1.21,0.05,0.311143,0.708142,0.672466,120
V2,1.21,0.1,0.313573,0.709604,0.674226,120
V2,1.21,0.2,0.313705,0.711252,0.674573,120
V2,1.2125,0.02,0.295926,0.70478,0.706751,120
V2,1.2125,0.05,0.311154,0.708114,0.67255,120
V2,1.2125,0.1,0.313575,0.709616,0.674232,120
V2,1.2125,0.2,0.313706,0.711265,0.674576,120
V2,1.215,0.02,0.295922,0.70458,0.707603,120
V2,1.215,0.05,0.311168,0.708089,0.672641,120
V2,1.215,0.1,0.313578,0.709627,0.674237,120
V2,1.215,0.2,0.313707,0.711278,0.67458,120
V2,1.2175,0.02,0.295932,0.704371,0.70841,120
V2,1.2175,0.05,0.311186,0.708066,0.672739,120
V2,1.2175,0.1,0.313581,0.709639,0.674243,120
V2,1.2175,0.2,0.313708,0.71129,0.674584,120
V2,1.22,0.02,0.295959,0.704156,0.709135,120
V2,1.22,0.05,0.311202,0.708046,0.672845,120
V2,1.22,0.1,0.313583,0.709651,0.674249,120
V2,1.22,0.2,0.313709,0.711303,0.674588,120
V2,1.2225,0.02,0.295972,0.703938,0.709981,120
V2,1.2225,0.05,0.311224,0.708028,0.672958,120
V2,1.2225,0.1,0.313587,0.709663,0.674255,120
V2,1.2225,0.2,0.31371,0.711316,0.674588,120
V2,1.225,0.02,0.296008,0.703722,0.710717,120
V2,1.225,0.05,0.311244,0.708014,0.673076,120
V2,1.225,0.1,0.313591,0.709675,0.674262,120
V2,1.225,0.2,0.313711,0.711328,0.674589,120
V2,1.2275,0.02,0.296069,0.703505,0.711799,120
V2,1.2275,0.05,0.311269,0.708002,0.673199,120
V2,1.2275,0.1,0.313595,0.709687,0.674269,120
V2,1.2275,0.2,0.313712,0.711341,0.67459,120
V2,1.23,0.02,0.296157,0.703282,0.712884,120
V2,1.23,0.05,0.311294,0.707993,0.673326,120
V2,1.23,0.1,0.313599,0.709699,0.674276,120
V2,1.23,0.2,0.313713,0.711354,0.67459,120
V2,1.2325,0.02,0.29627,0.703076,0.713697,120
V2,1.2325,0.05,0.311321,0.707988,0.673456,120
V2,1.2325,0.1,0.313604,0.709711,0.674283,120
V2,1.2325,0.2,0.313714,0.711366,0.674591,120
V2,1.235,0.02,0.296389,0.702894,0.714477,120
V2,1.235,0.05,0.311351,0.707986,0.673588,120
V2,1.235,0.1,0.313609,0.709724,0.67429,120
V2,1.235,0.2,0.313715,0.711379,0.674592,120
V2,1.2375,0.02,0.296542,0.702741,0.715028,120
V2,1.2375,0.05,0.31138,0.707982,0.67372,120
V2,1.2375,0.1,0.313615,0.709736,0.674298,120
V2,1.2375,0.2,0.313716,0.711392,0.674592,120
V2,1.24,0.02,0.296728,0.702609,0.7152,120
V2,1.24,0.05,0.311415,0.707979,0.673852,120
V2,1.24,0.1,0.31362,0.709749,0.674306,120
V2,1.24,0.2,0.313717,0.711404,0.674593,120
V2,1.2425,0.02,0.296949,0.70249,0.714989,120
V2,1.2425,0.05,0.311447,0.707979,0.673983,120
V2,1.2425,0.1,0.313626,0.709762,0.674313,120
V2,1.2425,0.2,0.313718,0.711417,0.674594,120
V2,1.245,0.02,0.297197,0.702413,0.714766,120
V2,1.245,0.05,0.311484,0.707983,0.674111,120
V2,1.245,0.1,0.313632,0.709775,0.674321,120
V2,1.245,0.2,0.313719,0.711429,0.674594,120
V2,1.2475,0.02,0.297454,0.70238,0.714121,120
V2,1.2475,0.05,0.311519,0.70799,0.674236,120
V2,1.2475,0.1,0.313638,0.709788,0.674329,120
V2,1.2475,0.2,0.31372,0.711442,0.674595,120
V2,1.25,0.02,0.297742,0.702382,0.713062,120
V2,1.25,0.05,0.311559,0.708,0.67437,120
V2,1.25,0.1,0.313644,0.709801,0.674337,120
V2,1.25,0.2,0.313721,0.711454,0.674596,120
V2,1.2525,0.02,0.29806,0.702397,0.711859,120
V2,1.2525,0.05,0.311598,0.708013,0.6745,120
V2,1.2525,0.1,0.313651,0.709815,0.674343,120
V2,1.2525,0.2,0.313722,0.711467,0.674597,120
V2,1.255,0.02,0.298401,0.702456,0.710428,120
V2,1.255,0.05,0.31164,0.708029,0.674626,120
V2,1.255,0.1,0.313658,0.709829,0.674347,120
V2,1.255,0.2,0.313723,0.711479,0.674597,120
V2,1.2575,0.02,0.298734,0.702558,0.708649,120
V2,1.2575,0.05,0.311682,0.708048,0.674745,120
V2,1.2575,0.1,0.313665,0.709842,0.674351,120
V2,1.2575,0.2,0.313724,0.711492,0.674598,120
V2,1.26,0.02,0.29909,0.702694,0.706604,120
V2,1.26,0.05,0.311726,0.708071,0.674858,120
V2,1.26,0.1,0.313672,0.709856,0.674356,120
V2,1.26,0.2,0.313725,0.711504,0.674599,120
V2,1.2625,0.02,0.299465,0.702832,0.704588,120
V2,1.2625,0.05,0.311772,0.708096,0.674964,120
V2,1.2625,0.1,0.313679,0.70987,0.67436,120
V2,1.2625,0.2,0.313726,0.711516,0.674599,120
V2,1.265,0.02,0.299822,0.703003,0.702327,120
V2,1.265,0.05,0.311817,0.708124,0.675059,120
V2,1.265,0.1,0.313687,0.709884,0.674364,120
V2,1.265,0.2,0.313727,0.711529,0.6746,120
V2,1.2675,0.02,0.300189,0.703202,0.699864,120
V2,1.2675,0.05,0.311865,0.708155,0.675146,120
V2,1.2675,0.1,0.313694,0.709899,0.674368,120
V2,1.2675,0.2,0.313728,0.711541,0.674601,120
V2,1.27,0.02,0.300565,0.703426,0.697308,120
V2,1.27,0.05,0.311912,0.708188,0.675225,120
V2,1.27,0.1,0.313702,0.709913,0.674371,120
V2,1.27,0.2,0.313729,0.711554,0.674602,120
V2,1.2725,0.02,0.300913,0.703661,0.694818,120
V2,1.2725,0.05,0.311963,0.708224,0.675296,120
V2,1.2725,0.1,0.313709,0.709928,0.674375,120
V2,1.2725,0.2,0.31373,0.711566,0.674602,120
V2,1.275,0.02,0.301275,0.703893,0.692425,120
V2,1.275,0.05,0.312012,0.708262,0.675359,120
V2,1.275,0.1,0.313716,0.709941,0.674379,120
V2,1.275,0.2,0.313731,0.711578,0.674602,120
V2,1.2775,0.02,0.301611,0.704141,0.691684,120
V2,1.2775,0.05,0.312065,0.708303,0.675414,120
V2,1.2775,0.1,0.313724,0.709954,0.674382,120
V2,1.2775,0.2,0.313732,0.711591,0.6746,120
V2,1.28,0.02,0.301947,0.7044,0.690806,120
V2,1.28,0.05,0.312115,0.708345,0.67546,120
V2,1.28,0.1,0.313731,0.709967,0.674385,120
V2,1.28,0.2,0.313732,0.711603,0.674598,120
V2,1.2825,0.02,0.302265,0.704667,0.689819,120
V2,1.2825,0.05,0.312169,0.70839,0.675499,120
V2,1.2825,0.1,0.313739,0.70998,0.674388,120
V2,1.2825,0.2,0.313733,0.711615,0.674596,120
V2,1.285,0.02,0.302575,0.704941,0.688747,120
V2,1.285,0.05,0.312222,0.708436,0.675529,120
V2,1.285,0.1,0.313746,0.709994,0.674391,120
V2,1.285,0.2,0.313734,0.711628,0.674593,120
V2,1.2875,0.02,0.302867,0.705217,0.687612,120
V2,1.2875,0.05,0.312277,0.708479,0.675553,120
V2,1.2875,0.1,0.313753,0.710007,0.674394,120
V2,1.2875,0.2,0.313735,0.71164,0.674591,120
V2,1.29,0.02,0.303151,0.705489,0.686519,120
V2,1.29,0.05,0.312331,0.708524,0.675569,120
V2,1.29,0.1,0.31376,0.710021,0.674397,120
V2,1.29,0.2,0.313736,0.711652,0.674589,120
V2,1.2925,0.02,0.303412,0.705753,0.685392,120
V2,1.2925,0.05,0.312388,0.708571,0.675579,120
V2,1.2925,0.1,0.313767,0.710034,0.674399,120
V2,1.2925,0.2,0.313737,0.711665,0.674587,120
V2,1.295,0.02,0.303673,0.706018,0.684241,120
V2,1.295,0.05,0.312444,0.708618,0.675583,120
V2,1.295,0.1,0.313774,0.710048,0.674401,120
V2,1.295,0.2,0.313738,0.711677,0.674585,120
V2,1.2975,0.02,0.3039,0.706282,0.68308,120
V2,1.2975,0.05,0.312501,0.708667,0.675582,120
V2,1.2975,0.1,0.313781,0.710061,0.674403,120
V2,1.2975,0.2,0.313739,0.711689,0.674583,120
V2,1.3,0.02,0.304131,0.706544,0.681919,120
V2,1.3,0.05,0.312559,0.708717,0.675575,120
V2,1.3,0.1,0.313787,0.710075,0.674405,120
V2,1.3,0.2,0.31374,0.711701,0.67458,120
V3,0.7,0.02,0.413444,0.751661,0.615083,120
V3,0.7,0.05,0.433558,0.755654,0.569831,120
V3,0.7,0.1,0.43918,0.757954,0.552535,120
V3,0.7,0.2,0.439062,0.760059,0.550629,120
V3,0.7025,0.02,0.414265,0.753275,0.614969,120
V3,0.7025,0.05,0.433759,0.756004,0.56939,120
V3,0.7025,0.1,0.439247,0.758014,0.552524,120
V3,0.7025,0.2,0.439066,0.760084,0.550632,120
V3,0.705,0.02,0.415018,0.754771,0.61464,120
V3,0.705,0.05,0.433965,0.756347,0.568878,120
V3,0.705,0.1,0.439314,0.758074,0.552504,120
V3,0.705,0.2,0.43907,0.76011,0.550636,120
V3,0.7075,0.02,0.415706,0.756164,0.613992,120
V3,0.7075,0.05,0.434173,0.756686,0.568253,120
V3,0.7075,0.1,0.439381,0.758135,0.552472,120
V3,0.7075,0.2,0.439073,0.760135,0.550639,120
V3,0.71,0.02,0.416337,0.757435,0.612913,120
V3,0.71,0.05,0.434385,0.757018,0.567515,120
V3,0.71,0.1,0.439448,0.758195,0.552427,120
V3,0.71,0.2,0.439077,0.76016,0.550642,120
V3,0.7125,0.02,0.416921,0.757091,0.611334,120
V3,0.7125,0.05,0.434599,0.757341,0.566673,120
V3,0.7125,0.1,0.439513,0.758256,0.552371,120
V3,0.7125,0.2,0.43908,0.760185,0.550645,120
V3,0.715,0.02,0.41747,0.756721,0.609211,120
V3,0.715,0.05,0.434815,0.757654,0.565732,120
V3,0.715,0.1,0.439578,0.758316,0.552304,120
V3,0.715,0.2,0.439084,0.76021,0.550647,120
V3,0.7175,0.02,0.417997,0.756355,0.606361,120
V3,0.7175,0.05,0.435033,0.757956,0.564697,120
V3,0.7175,0.1,0.43964,0.758376,0.552228,120
V3,0.7175,0.2,0.439087,0.760235,0.55065,120
V3,0.72,0.02,0.418518,0.756016,0.6027,120
V3,0.72,0.05,0.435253,0.758245,0.563578,120
V3,0.72,0.1,0.439699,0.758435,0.552142,120
V3,0.72,0.2,0.43909,0.76026,0.550652,120
V3,0.7225,0.02,0.419051,0.755692,0.598362,120
V3,0.7225,0.05,0.435474,0.75852,0.562441,120
V3,0.7225,0.1,0.439753,0.758493,0.552048,120
V3,0.7225,0.2,0.439094,0.760285,0.55065,120
V3,0.725,0.02,0.419615,0.75545,0.593057,120
V3,0.725,0.05,0.435693,0.758777,0.561234,120
V3,0.725,0.1,0.439799,0.75855,0.551947,120
V3,0.725,0.2,0.439097,0.760309,0.550648,120
V3,0.7275,0.02,0.42022,0.755268,0.587066,120
V3,0.7275,0.05,0.435912,0.759018,0.559966,120
V3,0.7275,0.1,0.439815,0.758606,0.551834,120
V3,0.7275,0.2,0.4391,0.760334,0.550646,120
V3,0.73,0.02,0.420885,0.755211,0.580178,120
V3,0.73,0.05,0.436132,0.759244,0.55864,120
V3,0.73,0.1,0.439794,0.75866,0.551716,120
V3,0.73,0.2,0.439103,0.760359,0.550643,120
V3,0.7325,0.02,0.421322,0.755274,0.572646,120
V3,0.7325,0.05,0.436351,0.759456,0.557275,120
V3,0.7325,0.1,0.439763,0.758713,0.551592,120
V3,0.7325,0.2,0.439106,0.760384,0.550641,120
V3,0.735,0.02,0.421693,0.75548,0.564569,120
V3,0.735,0.05,0.436487,0.759652,0.555883,120
V3,0.735,0.1,0.439727,0.758765,0.551464,120
V3,0.735,0.2,0.439108,0.760408,0.550638,120
V3,0.7375,0.02,0.422148,0.75585,0.556037,120
V3,0.7375,0.05,0.436403,0.759834,0.554479,120
V3,0.7375,0.1,0.439688,0.758815,0.551333,120
V3,0.7375,0.2,0.439111,0.760433,0.550636,120
V3,0.74,0.02,0.422687,0.756355,0.547436,120
V3,0.74,0.05,0.436324,0.760001,0.55306,120
V3,0.74,0.1,0.439647,0.758863,0.551199,120
V3,0.74,0.2,0.439114,0.760457,0.550633,120
V3,0.7425,0.02,0.423289,0.756999,0.538892,120
V3,0.7425,0.05,0.436248,0.760151,0.551697,120
V3,0.7425,0.1,0.439605,0.75891,0.551065,120
V3,0.7425,0.2,0.439116,0.760482,0.55063,120
V3,0.745,0.02,0.423934,0.757758,0.530643,120
V3,0.745,0.05,0.436176,0.760281,0.550358,120
V3,0.745,0.1,0.439563,0.758955,0.550929,120
V3,0.745,0.2,0.439119,0.760506,0.550629,120
V3,0.7475,0.02,0.424609,0.75859,0.522944,120
V3,0.7475,0.05,0.436106,0.760397,0.549034,120
V3,0.7475,0.1,0.439521,0.758998,0.550791,120
V3,0.7475,0.2,0.439121,0.76053,0.550634,120
V3,0.75,0.02,0.42529,0.759469,0.515929,120
V3,0.75,0.05,0.436039,0.7605,0.547755,120
V3,0.75,0.1,0.439478,0.759039,0.550651,120
V3,0.75,0.2,0.439124,0.760555,0.550639,120
V3,0.7525,0.02,0.425954,0.760365,0.509687,120
V3,0.7525,0.05,0.435974,0.76059,0.546518,120
V3,0.7525,0.1,0.439436,0.759078,0.550513,120
V3,0.7525,0.2,0.439126,0.760579,0.550645,120
V3,0.755,0.02,0.426573,0.76124,0.504332,120
V3,0.755,0.05,0.43591,0.760667,0.545335,120
V3,0.755,0.1,0.439394,0.759115,0.55039,120
V3,0.755,0.2,0.439129,0.760603,0.55065,120
V3,0.7575,0.02,0.427133,0.762066,0.499917,120
V3,0.7575,0.05,0.435849,0.760722,0.544217,120
V3,0.7575,0.1,0.439353,0.75915,0.550274,120
V3,0.7575,0.2,0.439131,0.760627,0.550655,120
V3,0.76,0.02,0.427631,0.762821,0.49644,120
V3,0.76,0.05,0.435788,0.760764,0.54316,120
V3,0.76,0.1,0.439313,0.759182,0.55016,120
V3,0.76,0.2,0.439133,0.76065,0.55066,120
V3,0.7625,0.02,0.428037,0.763494,0.493877,120
V3,0.7625,0.05,0.435728,0.760794,0.542184,120
V3,0.7625,0.1,0.439274,0.759213,0.550051,120
V3,0.7625,0.2,0.439135,0.760672,0.550665,120
V3,0.765,0.02,0.428357,0.764078,0.492142,120
V3,0.765,0.05,0.435666,0.760814,0.541272,120
V3,0.765,0.1,0.439236,0.759242,0.549947,120
V3,0.765,0.2,0.439137,0.760693,0.55067,120
V3,0.7675,0.02,0.428585,0.764572,0.491182,120
V3,0.7675,0.05,0.435605,0.760821,0.540448,120
V3,0.7675,0.1,0.439199,0.759269,0.549841,120
V3,0.7675,0.2,0.439139,0.760715,0.550674,120
V3,0.77,0.02,0.428714,0.764965,0.49098,120
V3,0.77,0.05,0.435544,0.76081,0.539694,120
V3,0.77,0.1,0.439162,0.759294,0.549741,120
V3,0.77,0.2,0.439141,0.760737,0.550675,120
V3,0.7725,0.02,0.428737,0.765264,0.491441,120
V3,0.7725,0.05,0.435484,0.760786,0.539025,120
V3,0.7725,0.1,0.439128,0.759317,0.549647,120
V3,0.7725,0.2,0.439143,0.760759,0.550676,120
V3,0.775,0.02,0.428663,0.765487,0.492422,120
V3,0.775,0.05,0.435424,0.760751,0.538432,120
V3,0.775,0.1,0.439094,0.759338,0.549559,120
V3,0.775,0.2,0.439145,0.76078,0.550677,120
V3,0.7775,0.02,0.428492,0.765418,0.493978,120
V3,0.7775,0.05,0.435364,0.760706,0.537914,120
V3,0.7775,0.1,0.439062,0.759358,0.549479,120
V3,0.7775,0.2,0.439147,0.760802,0.550679,120
V3,0.78,0.02,0.428227,0.765178,0.496029,120
V3,0.78,0.05,0.4353,0.760651,0.537478,120
V3,0.78,0.1,0.439031,0.759376,0.549405,120
V3,0.78,0.2,0.439149,0.760824,0.55068,120
V3,0.7825,0.02,0.42787,0.764889,0.500014,120
V3,0.7825,0.05,0.435237,0.760586,0.537102,120
V3,0.7825,0.1,0.439001,0.759393,0.549339,120
V3,0.7825,0.2,0.439151,0.760845,0.550681,120
V3,0.785,0.02,0.427417,0.764562,0.504435,120
V3,0.785,0.05,0.435174,0.760508,0.536802,120
V3,0.785,0.1,0.438973,0.759407,0.549274,120
V3,0.785,0.2,0.439153,0.760866,0.550682,120
V3,0.7875,0.02,0.426892,0.764186,0.50912,120
V3,0.7875,0.05,0.435111,0.760417,0.536567,120
V3,0.7875,0.1,0.438946,0.759421,0.549216,120
V3,0.7875,0.2,0.439154,0.760888,0.550683,120
V3,0.79,0.02,0.426284,0.763779,0.513973,120
V3,0.79,0.05,0.43505,0.760318,0.53639,120
V3,0.79,0.1,0.43892,0.759433,0.549167,120
V3,0.79,0.2,0.439156,0.760909,0.550684,120
V3,0.7925,0.02,0.425623,0.763327,0.518943,120
V3,0.7925,0.05,0.434988,0.76021,0.536278,120
V3,0.7925,0.1,0.438896,0.759444,0.549124,120
V3,0.7925,0.2,0.439158,0.76093,0.550685,120
V3,0.795,0.02,0.424894,0.762848,0.523909,120
V3,0.795,0.05,0.434924,0.760094,0.53622,120
V3,0.795,0.1,0.438873,0.759453,0.54909,120
V3,0.795,0.2,0.43916,0.760951,0.550682,120
V3,0.7975,0.02,0.424131,0.762346,0.528789,120
V3,0.7975,0.05,0.434862,0.759972,0.536212,120
V3,0.7975,0.1,0.438852,0.759462,0.549064,120
V3,0.7975,0.2,0.439161,0.760973,0.55068,120
V3,0.8,0.02,0.423347,0.76182,0.533442,120
V3,0.8,0.05,0.434801,0.759842,0.536631,120
V3,0.8,0.1,0.438832,0.759469,0.549045,120
V3,0.8,0.2,0.439163,0.760994,0.550678,120
V3,0.8025,0.02,0.422558,0.761277,0.537824,120
V3,0.8025,0.05,0.434742,0.759706,0.537153,120
V3,0.8025,0.1,0.438813,0.759475,0.549032,120
V3,0.8025,0.2,0.439165,0.761015,0.550675,120
V3,0.805,0.02,0.421785,0.760726,0.541875,120
V3,0.805,0.05,0.434686,0.759564,0.537672,120
V3,0.805,0.1,0.438796,0.759481,0.549023,120
V3,0.805,0.2,0.439166,0.761036,0.550673,120
V3,0.8075,0.02,0.421046,0.760174,0.5454,120
V3,0.8075,0.05,0.434631,0.759417,0.538194,120
V3,0.8075,0.1,0.43878,0.759486,0.549021,120
V3,0.8075,0.2,0.439168,0.761056,0.550671,120
V3,0.81,0.02,0.420362,0.759625,0.548392,120
V3,0.81,0.05,0.434576,0.759265,0.538714,120
V3,0.81,0.1,0.438766,0.75949,0.549026,120
V3,0.81,0.2,0.43917,0.761077,0.550669,120
V3,0.8125,0.02,0.419749,0.759085,0.550945,120
V3,0.8125,0.05,0.434523,0.759109,0.539225,120
V3,0.8125,0.1,0.438753,0.759494,0.549039,120
V3,0.8125,0.2,0.439172,0.761098,0.550667,120
V3,0.815,0.02,0.419203,0.758549,0.552913,120
V3,0.815,0.05,0.434473,0.75895,0.539714,120
V3,0.815,0.1,0.438741,0.759497,0.549058,120
V3,0.815,0.2,0.439173,0.761119,0.550665,120
V3,0.8175,0.02,0.418734,0.758019,0.554411,120
V3,0.8175,0.05,0.434426,0.758787,0.540221,120
V3,0.8175,0.1,0.438731,0.7595,0.549084,120
V3,0.8175,0.2,0.439175,0.761139,0.550663,120
V3,0.82,0.02,0.418347,0.757495,0.555585,120
V3,0.82,0.05,0.434383,0.758623,0.540721,120
V3,0.82,0.1,0.438723,0.759503,0.549116,120
V3,0.82,0.2,0.439177,0.76116,0.550659,120
V3,0.8225,0.02,0.418037,0.756974,0.556413,120
V3,0.8225,0.05,0.434343,0.758457,0.541199,120
V3,0.8225,0.1,0.438715,0.759506,0.549153,120
V3,0.8225,0.2,0.439178,0.761181,0.550653,120
V3,0.825,0.02,0.41779,0.75645,0.557012,120
V3,0.825,0.05,0.434307,0.75829,0.541651,120
V3,0.825,0.1,0.43871,0.759508,0.54919,120
V3,0.825,0.2,0.43918,0.761201,0.550654,120
V3,0.8275,0.02,0.417578,0.755918,0.557559,120
V3,0.8275,0.05,0.434275,0.758124,0.54207,120
V3,0.8275,0.1,0.438705,0.759511,0.549234,120
V3,0.8275,0.2,0.439182,0.761222,0.55066,120
V3,0.83,0.02,0.417407,0.755373,0.558124,120
V3,0.83,0.05,0.434244,0.757959,0.542457,120
V3,0.83,0.1,0.438702,0.759514,0.549282,120
V3,0.83,0.2,0.439184,0.761242,0.550666,120
V3,0.8325,0.02,0.417262,0.754805,0.558737,120
V3,0.8325,0.05,0.434216,0.757796,0.542812,120
V3,0.8325,0.1,0.4387,0.759517,0.549334,120
V3,0.8325,0.2,0.439185,0.761262,0.550672,120
V3,0.835,0.02,0.41713,0.754203,0.559464,120
V3,0.835,0.05,0.434193,0.757635,0.543133,120
V3,0.835,0.1,0.438699,0.75952,0.549391,120
V3,0.835,0.2,0.439187,0.761283,0.550678,120
V3,0.8375,0.02,0.417002,0.753573,0.560349,120
V3,0.8375,0.05,0.434174,0.757479,0.543417,120
V3,0.8375,0.1,0.4387,0.759524,0.549451,120
V3,0.8375,0.2,0.439189,0.761303,0.550684,120
V3,0.84,0.02,0.416866,0.752913,0.561421,120
V3,0.84,0.05,0.43416,0.757327,0.543663,120
V3,0.84,0.1,0.438702,0.759529,0.549514,120
V3,0.84,0.2,0.439191,0.761321,0.55069,120
V3,0.8425,0.02,0.416718,0.752222,0.562691,120
V3,0.8425,0.05,0.43415,0.757172,0.544236,120
V3,0.8425,0.1,0.438706,0.759534,0.54958,120
V3,0.8425,0.2,0.439192,0.76134,0.550697,120
V3,0.845,0.02,0.41655,0.751497,0.564159,120
V3,0.845,0.05,0.434144,0.757022,0.54508,120
V3,0.845,0.1,0.43871,0.75954,0.549659,120
V3,0.845,0.2,0.439194,0.761358,0.550703,120
V3,0.8475,0.02,0.416359,0.750718,0.565811,120
V3,0.8475,0.05,0.434143,0.75688,0.54595,120
V3,0.8475,0.1,0.438717,0.759546,0.549739,120
V3,0.8475,0.2,0.439196,0.761377,0.550707,120
V3,0.85,0.02,0.416144,0.749911,0.567702,120
V3,0.85,0.05,0.434146,0.756747,0.546841,120
V3,0.85,0.1,0.438724,0.759554,0.549817,120
V3,0.85,0.2,0.439198,0.761395,0.55071,120
V3,0.8525,0.02,0.415904,0.749083,0.569728,120
V3,0.8525,0.05,0.434152,0.756623,0.547748,120
V3,0.8525,0.1,0.438732,0.759562,0.549897,120
V3,0.8525,0.2,0.4392,0.761413,0.550713,120
V3,0.855,0.02,0.415639,0.748203,0.571842,120
V3,0.855,0.05,0.434162,0.756509,0.548665,120
V3,0.855,0.1,0.438742,0.759571,0.549978,120
V3,0.855,0.2,0.439202,0.761432,0.550715,120
V3,0.8575,0.02,0.415353,0.74731,0.573984,120
V3,0.8575,0.05,0.434177,0.756403,0.549587,120
V3,0.8575,0.1,0.438753,0.759581,0.55006,120
V3,0.8575,0.2,0.439203,0.76145,0.550718,120
V3,0.86,0.02,0.41505,0.7464,0.57608,120
V3,0.86,0.05,0.434196,0.756299,0.550508,120
V3,0.86,0.1,0.438765,0.759589,0.550142,120
V3,0.86,0.2,0.439205,0.761468,0.550721,120
V3,0.8625,0.02,0.414738,0.745478,0.578239,120
V3,0.8625,0.05,0.43422,0.756208,0.551421,120
V3,0.8625,0.1,0.438778,0.759598,0.550223,120
V3,0.8625,0.2,0.439207,0.761486,0.550724,120
V3,0.865,0.02,0.414416,0.744568,0.580198,120
V3,0.865,0.05,0.434249,0.756132,0.55232,120
V3,0.865,0.1,0.438792,0.759608,0.550304,120
V3,0.865,0.2,0.439209,0.761505,0.550728,120
V3,0.8675,0.02,0.414096,0.743683,0.581874,120
V3,0.8675,0.05,0.434284,0.756071,0.5532,120
V3,0.8675,0.1,0.438808,0.75962,0.550384,120
V3,0.8675,0.2,0.439211,0.761523,0.550731,120
V3,0.87,0.02,0.413796,0.742826,0.583365,120
V3,0.87,0.05,0.434323,0.756026,0.554054,120
V3,0.87,0.1,0.438824,0.759632,0.550462,120
V3,0.87,0.2,0.439213,0.761541,0.550734,120
V3,0.8725,0.02,0.413533,0.74205,0.585522,120
V3,0.8725,0.05,0.434367,0.75598,0.554875,120
V3,0.8725,0.1,0.438842,0.759646,0.550539,120
V3,0.8725,0.2,0.439215,0.761559,0.550737,120
V3,0.875,0.02,0.413323,0.741358,0.590814,120
V3,0.875,0.05,0.434413,0.755952,0.55566,120
V3,0.875,0.1,0.438861,0.759661,0.550614,120
V3,0.875,0.2,0.439217,0.761577,0.55074,120
V3,0.8775,0.02,0.413179,0.74076,0.595797,120
V3,0.8775,0.05,0.434464,0.755941,0.556401,120
V3,0.8775,0.1,0.43888,0.759677,0.550685,120
V3,0.8775,0.2,0.439219,0.761595,0.55074,120
V3,0.88,0.02,0.413089,0.740304,0.600094,120
V3,0.88,0.05,0.434519,0.755948,0.557095,120
V3,0.88,0.1,0.4389,0.759694,0.550752,120
V3,0.88,0.2,0.439221,0.761613,0.550739,120
V3,0.8825,0.02,0.413097,0.740008,0.603894,120
V3,0.8825,0.05,0.43458,0.755972,0.557737,120
V3,0.8825,0.1,0.438921,0.759712,0.550815,120
V3,0.8825,0.2,0.439223,0.761631,0.550739,120
V3,0.885,0.02,0.413212,0.739884,0.606916,120
V3,0.885,0.05,0.434645,0.755997,0.558357,120
V3,0.885,0.1,0.438943,0.759732,0.550876,120
V3,0.885,0.2,0.439224,0.761649,0.550739,120
V3,0.8875,0.02,0.413416,0.739937,0.609202,120
V3,0.8875,0.05,0.434715,0.756039,0.558925,120
V3,0.8875,0.1,0.438966,0.759753,0.550933,120
V3,0.8875,0.2,0.439226,0.761667,0.550738,120
V3,0.89,0.02,0.413711,0.740146,0.610806,120
V3,0.89,0.05,0.434789,0.7561,0.559434,120
V3,0.89,0.1,0.43899,0.759774,0.550987,120
V3,0.89,0.2,0.439228,0.761685,0.550738,120
V3,0.8925,0.02,0.414106,0.740529,0.611568,120
V3,0.8925,0.05,0.434867,0.756178,0.559881,120
V3,0.8925,0.1,0.439014,0.759797,0.551037,120
V3,0.8925,0.2,0.43923,0.761703,0.550738,120
V3,0.895,0.02,0.414591,0.741074,0.611841,120
V3,0.895,0.05,0.434947,0.756272,0.560265,120
V3,0.895,0.1,0.439039,0.759821,0.551084,120
V3,0.895,0.2,0.439232,0.761721,0.550738,120
V3,0.8975,0.02,0.415137,0.741765,0.611375,120
V3,0.8975,0.05,0.43503,0.756367,0.560584,120
V3,0.8975,0.1,0.439064,0.759846,0.551126,120
V3,0.8975,0.2,0.439234,0.761739,0.550738,120
V3,0.9,0.02,0.415727,0.742572,0.610543,120
V3,0.9,0.05,0.435119,0.756476,0.56084,120
V3,0.9,0.1,0.43909,0.759872,0.551165,120
V3,0.9,0.2,0.439236,0.761757,0.550737,120
V3,0.9025,0.02,0.416358,0.743449,0.609177,120
V3,0.9025,0.05,0.435211,0.7566,0.561029,120
V3,0.9025,0.1,0.439117,0.759899,0.5512,120
V3,0.9025,0.2,0.439238,0.761775,0.550737,120
V3,0.905,0.02,0.417015,0.744412,0.607629,120
V3,0.905,0.05,0.435308,0.756738,0.561151,120
V3,0.905,0.1,0.439144,0.759927,0.55123,120
V3,0.905,0.2,0.43924,0.761793,0.550737,120
V3,0.9075,0.02,0.417682,0.745429,0.605805,120
V3,0.9075,0.05,0.435404,0.756888,0.56121,120
V3,0.9075,0.1,0.439171,0.759955,0.551256,120
V3,0.9075,0.2,0.439242,0.761811,0.550734,120
V3,0.91,0.02,0.418348,0.746457,0.603782,120
V3,0.91,0.05,0.435503,0.757049,0.561209,120
V3,0.91,0.1,0.439199,0.759984,0.551279,120
V3,0.91,0.2,0.439244,0.761828,0.55073,120
V3,0.9125,0.02,0.419004,0.747526,0.601746,120
V3,0.9125,0.05,0.435606,0.757207,0.561151,120
V3,0.9125,0.1,0.439226,0.760014,0.551297,120
V3,0.9125,0.2,0.439246,0.761846,0.550727,120
V3,0.915,0.02,0.419644,0.748568,0.599679,120
V3,0.915,0.05,0.435713,0.757375,0.561076,120
V3,0.915,0.1,0.439254,0.760043,0.551308,120
V3,0.915,0.2,0.439247,0.761864,0.550723,120
V3,0.9175,0.02,0.420263,0.749625,0.597583,120
V3,0.9175,0.05,0.435821,0.757551,0.560945,120
V3,0.9175,0.1,0.439282,0.760072,0.551315,120
V3,0.9175,0.2,0.439249,0.761882,0.550721,120
V3,0.92,0.02,0.420856,0.750654,0.595488,120
V3,0.92,0.05,0.435928,0.757734,0.560761,120
V3,0.92,0.1,0.43931,0.760101,0.551318,120
V3,0.92,0.2,0.439251,0.761899,0.550728,120
V3,0.9225,0.02,0.42141,0.751666,0.593405,120
V3,0.9225,0.05,0.436039,0.757922,0.560527,120
V3,0.9225,0.1,0.439338,0.760131,0.551316,120
V3,0.9225,0.2,0.439253,0.761917,0.550734,120
V3,0.925,0.02,0.42194,0.752668,0.591332,120
V3,0.925,0.05,0.436153,0.758115,0.560245,120
V3,0.925,0.1,0.439366,0.760161,0.551311,120
V3,0.925,0.2,0.439255,0.761935,0.550741,120
V3,0.9275,0.02,0.422448,0.753628,0.589255,120
V3,0.9275,0.05,0.436268,0.75831,0.55992,120
V3,0.9275,0.1,0.439393,0.760191,0.551302,120
V3,0.9275,0.2,0.439257,0.761952,0.550747,120
V3,0.93,0.02,0.422937,0.754566,0.587152,120
V3,0.93,0.05,0.436381,0.758508,0.559553,120
V3,0.93,0.1,0.43942,0.760222,0.55129,120
V3,0.93,0.2,0.439259,0.761968,0.550753,120
V3,0.9325,0.02,0.423397,0.755486,0.584992,120
V3,0.9325,0.05,0.436498,0.758706,0.559148,120
V3,0.9325,0.1,0.439446,0.760253,0.551284,120
V3,0.9325,0.2,0.43926,0.761984,0.55076,120
V3,0.935,0.02,0.42383,0.756385,0.582742,120
V3,0.935,0.05,0.436617,0.758903,0.558709,120
V3,0.935,0.1,0.43947,0.760284,0.551279,120
V3,0.935,0.2,0.439262,0.762,0.550766,120
V3,0.9375,0.02,0.424254,0.757253,0.580366,120
V3,0.9375,0.05,0.436734,0.7591,0.558237,120
V3,0.9375,0.1,0.439494,0.760316,0.55127,120
V3,0.9375,0.2,0.439264,0.762016,0.550772,120
V3,0.94,0.02,0.424672,0.758096,0.577832,120
V3,0.94,0.05,0.436851,0.759292,0.557739,120
V3,0.94,0.1,0.439517,0.760347,0.551259,120
V3,0.94,0.2,0.439266,0.762032,0.550776,120
V3,0.9425,0.02,0.425075,0.758919,0.57511,120
V3,0.9425,0.05,0.436972,0.759482,0.557218,120
V3,0.9425,0.1,0.439538,0.760378,0.551245,120
V3,0.9425,0.2,0.439267,0.762048,0.550779,120
V3,0.945,0.02,0.425471,0.759722,0.572165,120
V3,0.945,0.05,0.437091,0.759669,0.556677,120
V3,0.945,0.1,0.439556,0.76041,0.551228,120
V3,0.945,0.2,0.439269,0.762064,0.550782,120
V3,0.9475,0.02,0.425875,0.760505,0.568997,120
V3,0.9475,0.05,0.43721,0.759851,0.55612,120
V3,0.9475,0.1,0.439573,0.760441,0.551208,120
V3,0.9475,0.2,0.439271,0.76208,0.550785,120
V3,0.95,0.02,0.426291,0.761266,0.565619,120
V3,0.95,0.05,0.437331,0.760029,0.555549,120
V3,0.95,0.1,0.439587,0.760472,0.551187,120
V3,0.95,0.2,0.439272,0.762096,0.550787,120
V3,0.9525,0.02,0.4267,0.762004,0.562025,120
V3,0.9525,0.05,0.43745,0.7602,0.554982,120
V3,0.9525,0.1,0.439598,0.760503,0.551159,120
V3,0.9525,0.2,0.439274,0.762111,0.55079,120
V3,0.955,0.02,0.427125,0.762717,0.558232,120
V3,0.955,0.05,0.437569,0.760365,0.554418,120
V3,0.955,0.1,0.439606,0.760533,0.55113,120
V3,0.955,0.2,0.439276,0.762127,0.550793,120
V3,0.9575,0.02,0.42757,0.763401,0.554281,120
V3,0.9575,0.05,0.437691,0.760522,0.553852,120
V3,0.9575,0.1,0.43961,0.760563,0.551099,120
V3,0.9575,0.2,0.439277,0.762143,0.550796,120
V3,0.96,0.02,0.42802,0.763698,0.550205,120
V3,0.96,0.05,0.437808,0.760672,0.553285,120
V3,0.96,0.1,0.439611,0.760593,0.551067,120
V3,0.96,0.2,0.439279,0.762159,0.550799,120
V3,0.9625,0.02,0.42833,0.763874,0.546095,120
V3,0.9625,0.05,0.437927,0.760815,0.552723,120
V3,0.9625,0.1,0.439609,0.760622,0.551034,120
V3,0.9625,0.2,0.439281,0.762174,0.550802,120
V3,0.965,0.02,0.428572,0.764073,0.542004,120
V3,0.965,0.05,0.438048,0.76095,0.552168,120
V3,0.965,0.1,0.439605,0.760651,0.550999,120
V3,0.965,0.2,0.439282,0.76219,0.550804,120
V3,0.9675,0.02,0.428818,0.764291,0.538019,120
V3,0.9675,0.05,0.437993,0.761076,0.551624,120
V3,0.9675,0.1,0.439598,0.76068,0.550964,120
V3,0.9675,0.2,0.439284,0.762206,0.550807,120
V3,0.97,0.02,0.429066,0.764523,0.534222,120
V3,0.97,0.05,0.437925,0.761195,0.551094,120
V3,0.97,0.1,0.439589,0.760708,0.550928,120
V3,0.97,0.2,0.439285,0.762222,0.55081,120
V3,0.9725,0.02,0.429319,0.764764,0.530688,120
V3,0.9725,0.05,0.43786,0.761305,0.55058,120
V3,0.9725,0.1,0.439578,0.760735,0.550891,120
V3,0.9725,0.2,0.439287,0.762237,0.550812,120
V3,0.975,0.02,0.429565,0.765005,0.527481,120
V3,0.975,0.05,0.437795,0.761407,0.550082,120
V3,0.975,0.1,0.439566,0.760762,0.550854,120
V3,0.975,0.2,0.439288,0.762253,0.550812,120
V3,0.9775,0.02,0.429791,0.76524,0.524652,120
V3,0.9775,0.05,0.43773,0.7615,0.5496,120
V3,0.9775,0.1,0.439553,0.760788,0.550817,120
V3,0.9775,0.2,0.43929,0.762268,0.550811,120
V3,0.98,0.02,0.430006,0.765461,0.52224,120
V3,0.98,0.05,0.437669,0.761585,0.549141,120
V3,0.98,0.1,0.439539,0.760813,0.550781,120
V3,0.98,0.2,0.439291,0.762284,0.550811,120
V3,0.9825,0.02,0.430183,0.765662,0.520264,120
V3,0.9825,0.05,0.437609,0.761661,0.548707,120
V3,0.9825,0.1,0.439524,0.760838,0.550744,120
V3,0.9825,0.2,0.439293,0.7623,0.55081,120
V3,0.985,0.02,0.430337,0.765838,0.518733,120
V3,0.985,0.05,0.437548,0.761721,0.548299,120
V3,0.985,0.1,0.439508,0.760862,0.550705,120
V3,0.985,0.2,0.439294,0.762315,0.55081,120
V3,0.9875,0.02,0.430452,0.765984,0.517644,120
V3,0.9875,0.05,0.43749,0.761773,0.547918,120
V3,0.9875,0.1,0.439493,0.760885,0.550665,120
V3,0.9875,0.2,0.439296,0.762331,0.550809,120
V3,0.99,0.02,0.430526,0.766087,0.517047,120
V3,0.99,0.05,0.437433,0.761817,0.547559,120
V3,0.99,0.1,0.439477,0.760908,0.550626,120
V3,0.99,0.2,0.439297,0.762346,0.550809,120
V3,0.9925,0.02,0.430566,0.766151,0.51689,120
V3,0.9925,0.05,0.437374,0.761852,0.547223,120
V3,0.9925,0.1,0.43946,0.76093,0.550588,120
V3,0.9925,0.2,0.439298,0.762361,0.550808,120
V3,0.995,0.02,0.430555,0.766179,0.517122,120
V3,0.995,0.05,0.437319,0.76188,0.546916,120
V3,0.995,0.1,0.439444,0.760951,0.55055,120
V3,0.995,0.2,0.4393,0.762377,0.550808,120
V3,0.9975,0.02,0.430501,0.766171,0.517713,120
V3,0.9975,0.05,0.437264,0.7619,0.546636,120
V3,0.9975,0.1,0.439428,0.760972,0.550514,120
V3,0.9975,0.2,0.439301,0.762392,0.550807,120
V3,1,0.02,0.43041,0.766129,0.518614,120
V3,1,0.05,0.437208,0.761913,0.546383,120
V3,1,0.1,0.439411,0.760992,0.550479,120
V3,1,0.2,0.439302,0.762408,0.550807,120
V3,1.0025,0.02,0.430271,0.766049,0.519849,120
V3,1.0025,0.05,0.437155,0.761918,0.546155,120
V3,1.0025,0.1,0.439395,0.761011,0.550445,120
V3,1.0025,0.2,0.439304,0.762423,0.550806,120
V3,1.005,0.02,0.430087,0.765933,0.521383,120
V3,1.005,0.05,0.437102,0.761915,0.545943,120
V3,1.005,0.1,0.439379,0.76103,0.550413,120
V3,1.005,0.2,0.439305,0.762438,0.550806,120
V3,1.0075,0.02,0.42987,0.765791,0.523114,120
V3,1.0075,0.05,0.437048,0.7619,0.545757,120
V3,1.0075,0.1,0.439363,0.761048,0.550382,120
V3,1.0075,0.2,0.439306,0.762454,0.550805,120
V3,1.01,0.02,0.429606,0.765628,0.525034,120
V3,1.01,0.05,0.436998,0.761878,0.545594,120
V3,1.01,0.1,0.439348,0.761065,0.550353,120
V3,1.01,0.2,0.439308,0.762469,0.550802,120
V3,1.0125,0.02,0.429306,0.765447,0.527074,120
V3,1.0125,0.05,0.436946,0.76185,0.545453,120
V3,1.0125,0.1,0.439332,0.761081,0.550325,120
V3,1.0125,0.2,0.439309,0.762484,0.550799,120
V3,1.015,0.02,0.428974,0.765253,0.529222,120
V3,1.015,0.05,0.436895,0.761817,0.545332,120
V3,1.015,0.1,0.439317,0.761097,0.550298,120
V3,1.015,0.2,0.43931,0.762499,0.550795,120
V3,1.0175,0.02,0.428603,0.765054,0.5314,120
V3,1.0175,0.05,0.436848,0.761779,0.545221,120
V3,1.0175,0.1,0.439303,0.761113,0.55027,120
V3,1.0175,0.2,0.439312,0.762514,0.550792,120
V3,1.02,0.02,0.428207,0.76473,0.533583,120
V3,1.02,0.05,0.436798,0.761735,0.545128,120
V3,1.02,0.1,0.439289,0.761127,0.550243,120
V3,1.02,0.2,0.439313,0.76253,0.550788,120
V3,1.0225,0.02,0.427782,0.764318,0.535872,120
V3,1.0225,0.05,0.43675,0.761687,0.545051,120
V3,1.0225,0.1,0.439275,0.761141,0.550218,120
V3,1.0225,0.2,0.439314,0.762545,0.550785,120
V3,1.025,0.02,0.427333,0.763892,0.540136,120
V3,1.025,0.05,0.436706,0.761634,0.544989,120
V3,1.025,0.1,0.439262,0.761155,0.550195,120
V3,1.025,0.2,0.439315,0.76256,0.550781,120
V3,1.0275,0.02,0.426876,0.763459,0.544368,120
V3,1.0275,0.05,0.436659,0.761577,0.544942,120
V3,1.0275,0.1,0.43925,0.761168,0.550174,120
V3,1.0275,0.2,0.439317,0.762575,0.550781,120
V3,1.03,0.02,0.426396,0.763024,0.548494,120
V3,1.03,0.05,0.436615,0.761516,0.544906,120
V3,1.03,0.1,0.439237,0.761181,0.550155,120
V3,1.03,0.2,0.439318,0.76259,0.550786,120
V3,1.0325,0.02,0.425911,0.762577,0.552565,120
V3,1.0325,0.05,0.436574,0.761452,0.544875,120
V3,1.0325,0.1,0.439225,0.761193,0.550145,120
V3,1.0325,0.2,0.439319,0.762605,0.550792,120
V3,1.035,0.02,0.425431,0.762095,0.55649,120
V3,1.035,0.05,0.43653,0.761385,0.544856,120
V3,1.035,0.1,0.439214,0.761205,0.55014,120
V3,1.035,0.2,0.43932,0.762619,0.550797,120
V3,1.0375,0.02,0.424962,0.761657,0.56012,120
V3,1.0375,0.05,0.43649,0.761315,0.544848,120
V3,1.0375,0.1,0.439204,0.761215,0.550136,120
V3,1.0375,0.2,0.439321,0.762632,0.550803,120
V3,1.04,0.02,0.42451,0.761249,0.563551,120
V3,1.04,0.05,0.436454,0.761242,0.544852,120
V3,1.04,0.1,0.439194,0.761225,0.550134,120
V3,1.04,0.2,0.439323,0.762646,0.550808,120
V3,1.0425,0.02,0.424075,0.760884,0.566674,120
V3,1.0425,0.05,0.436414,0.761167,0.544866,120
V3,1.0425,0.1,0.439184,0.761234,0.550134,120
V3,1.0425,0.2,0.439324,0.762659,0.550814,120
V3,1.045,0.02,0.423665,0.760589,0.569343,120
V3,1.045,0.05,0.436379,0.761091,0.544891,120
V3,1.045,0.1,0.439175,0.761243,0.550136,120
V3,1.045,0.2,0.439325,0.762673,0.55082,120
V3,1.0475,0.02,0.423288,0.760288,0.571829,120
V3,1.0475,0.05,0.436347,0.761012,0.544922,120
V3,1.0475,0.1,0.439167,0.761252,0.550139,120
V3,1.0475,0.2,0.439326,0.762686,0.550823,120
V3,1.05,0.02,0.422949,0.759997,0.573837,120
V3,1.05,0.05,0.436313,0.760933,0.544962,120
V3,1.05,0.1,0.43916,0.76126,0.55014,120
V3,1.05,0.2,0.439327,0.762699,0.550826,120
V3,1.0525,0.02,0.422649,0.759737,0.575483,120
V3,1.0525,0.05,0.436283,0.760852,0.545014,120
V3,1.0525,0.1,0.439152,0.761268,0.550143,120
V3,1.0525,0.2,0.439328,0.762713,0.550829,120
V3,1.055,0.02,0.422389,0.759493,0.576859,120
V3,1.055,0.05,0.436258,0.760771,0.545078,120
V3,1.055,0.1,0.439146,0.761276,0.550148,120
V3,1.055,0.2,0.43933,0.762726,0.550831,120
V3,1.0575,0.02,0.422167,0.759277,0.577804,120
V3,1.0575,0.05,0.436229,0.760689,0.545156,120
V3,1.0575,0.1,0.43914,0.761284,0.550155,120
V3,1.0575,0.2,0.439331,0.76274,0.550834,120
V3,1.06,0.02,0.42198,0.759083,0.578562,120
V3,1.06,0.05,0.436205,0.760606,0.545248,120
V3,1.06,0.1,0.439135,0.761291,0.550163,120
V3,1.06,0.2,0.439332,0.762753,0.550837,120
V3,1.0625,0.02,0.421827,0.758908,0.579107,120
V3,1.0625,0.05,0.436185,0.760524,0.545355,120
V3,1.0625,0.1,0.43913,0.761299,0.550173,120
V3,1.0625,0.2,0.439333,0.762766,0.550839,120
V3,1.065,0.02,0.421702,0.758744,0.579402,120
V3,1.065,0.05,0.436163,0.760442,0.545477,120
V3,1.065,0.1,0.439125,0.761306,0.550184,120
V3,1.065,0.2,0.439334,0.76278,0.550842,120
V3,1.0675,0.02,0.421601,0.758584,0.579596,120
V3,1.0675,0.05,0.436145,0.760361,0.545615,120
V3,1.0675,0.1,0.439122,0.761313,0.550196,120
V3,1.0675,0.2,0.439335,0.762793,0.550845,120
V3,1.07,0.02,0.421519,0.758421,0.579803,120
V3,1.07,0.05,0.436132,0.76028,0.545765,120
V3,1.07,0.1,0.439119,0.76132,0.55021,120
V3,1.07,0.2,0.439336,0.762806,0.550847,120
V3,1.0725,0.02,0.421454,0.758246,0.579935,120
V3,1.0725,0.05,0.436117,0.760201,0.545932,120
V3,1.0725,0.1,0.439117,0.761327,0.550226,120
V3,1.0725,0.2,0.439338,0.762819,0.55085,120
V3,1.075,0.02,0.421399,0.758058,0.580043,120
V3,1.075,0.05,0.436105,0.760122,0.546117,120
V3,1.075,0.1,0.439115,0.761335,0.550242,120
V3,1.075,0.2,0.439339,0.762833,0.550853,120
V3,1.0775,0.02,0.421337,0.757854,0.580171,120
V3,1.0775,0.05,0.436098,0.760046,0.54632,120
V3,1.0775,0.1,0.439114,0.761342,0.55026,120
V3,1.0775,0.2,0.43934,0.762846,0.550856,120
V3,1.08,0.02,0.421277,0.757629,0.580494,120
V3,1.08,0.05,0.436091,0.759971,0.546541,120
V3,1.08,0.1,0.439114,0.761349,0.550279,120
V3,1.08,0.2,0.439341,0.762859,0.550859,120
V3,1.0825,0.02,0.421219,0.757381,0.580904,120
V3,1.0825,0.05,0.436086,0.759898,0.546779,120
V3,1.0825,0.1,0.439114,0.761356,0.550298,120
V3,1.0825,0.2,0.439342,0.762872,0.550861,120
V3,1.085,0.02,0.42116,0.757105,0.581405,120
V3,1.085,0.05,0.436086,0.759827,0.547035,120
V3,1.085,0.1,0.439114,0.761364,0.550315,120
V3,1.085,0.2,0.439343,0.762885,0.550864,120
V3,1.0875,0.02,0.4211,0.756802,0.582006,120
V3,1.0875,0.05,0.436087,0.75976,0.547308,120
V3,1.0875,0.1,0.439115,0.761372,0.550333,120
V3,1.0875,0.2,0.439344,0.762898,0.550865,120
V3,1.09,0.02,0.421037,0.756471,0.582711,120
V3,1.09,0.05,0.436088,0.759695,0.547597,120
V3,1.09,0.1,0.439117,0.761379,0.550352,120
V3,1.09,0.2,0.439346,0.762911,0.550865,120
V3,1.0925,0.02,0.420952,0.75611,0.583527,120
V3,1.0925,0.05,0.436095,0.759633,0.547901,120
V3,1.0925,0.1,0.43912,0.761388,0.550371,120
V3,1.0925,0.2,0.439347,0.762924,0.550865,120
V3,1.095,0.02,0.420862,0.755723,0.584571,120
V3,1.095,0.05,0.436103,0.759575,0.548219,120
V3,1.095,0.1,0.439122,0.761396,0.550391,120
V3,1.095,0.2,0.439348,0.762938,0.550865,120
V3,1.0975,0.02,0.42077,0.755311,0.58569,120
V3,1.0975,0.05,0.436112,0.759521,0.548548,120
V3,1.0975,0.1,0.439126,0.761404,0.550412,120
V3,1.0975,0.2,0.439349,0.762951,0.550865,120
V3,1.1,0.02,0.420676,0.754878,0.586856,120
V3,1.1,0.05,0.436125,0.759468,0.548889,120
V3,1.1,0.1,0.43913,0.761413,0.550433,120
V3,1.1,0.2,0.43935,0.762964,0.550865,120
V3,1.1025,0.02,0.420584,0.754413,0.588034,120
V3,1.1025,0.05,0.436141,0.759414,0.549238,120
V3,1.1025,0.1,0.439134,0.761422,0.550454,120
V3,1.1025,0.2,0.439351,0.762977,0.550865,120
V3,1.105,0.02,0.420494,0.753929,0.58924,120
V3,1.105,0.05,0.436156,0.759365,0.549593,120
V3,1.105,0.1,0.439139,0.761431,0.550476,120
V3,1.105,0.2,0.439352,0.76299,0.550865,120
V3,1.1075,0.02,0.420395,0.753439,0.590544,120
V3,1.1075,0.05,0.436176,0.75932,0.549951,120
V3,1.1075,0.1,0.439144,0.761441,0.550497,120
V3,1.1075,0.2,0.439353,0.763003,0.550865,120
V3,1.11,0.02,0.420304,0.752953,0.59173,120
V3,1.11,0.05,0.436199,0.75928,0.550312,120
V3,1.11,0.1,0.43915,0.761451,0.550519,120
V3,1.11,0.2,0.439355,0.763016,0.550865,120
V3,1.1125,0.02,0.420226,0.752462,0.592736,120
V3,1.1125,0.05,0.436221,0.759246,0.550674,120
V3,1.1125,0.1,0.439157,0.761461,0.550541,120
V3,1.1125,0.2,0.439356,0.763028,0.550866,120
V3,1.115,0.02,0.420167,0.751972,0.593732,120
V3,1.115,0.05,0.436248,0.759217,0.551034,120
V3,1.115,0.1,0.439164,0.761472,0.550563,120
V3,1.115,0.2,0.439357,0.763041,0.550866,120
V3,1.1175,0.02,0.420129,0.751517,0.594501,120
V3,1.1175,0.05,0.436277,0.759194,0.551389,120
V3,1.1175,0.1,0.439171,0.761483,0.550585,120
V3,1.1175,0.2,0.439358,0.763054,0.550866,120
V3,1.12,0.02,0.420119,0.751082,0.594904,120
V3,1.12,0.05,0.436306,0.759176,0.551738,120
V3,1.12,0.1,0.439179,0.761494,0.550606,120
V3,1.12,0.2,0.439359,0.763067,0.550866,120
V3,1.1225,0.02,0.420141,0.750678,0.595226,120
V3,1.1225,0.05,0.43634,0.759165,0.552078,120
V3,1.1225,0.1,0.439187,0.761506,0.550626,120
V3,1.1225,0.2,0.43936,0.76308,0.550866,120
V3,1.125,0.02,0.420197,0.750343,0.595092,120
V3,1.125,0.05,0.436375,0.75916,0.552407,120
V3,1.125,0.1,0.439196,0.761518,0.550644,120
V3,1.125,0.2,0.439361,0.763093,0.550866,120
V3,1.1275,0.02,0.420292,0.750029,0.594625,120
V3,1.1275,0.05,0.436411,0.759152,0.552723,120
V3,1.1275,0.1,0.439205,0.76153,0.550661,120
V3,1.1275,0.2,0.439362,0.763106,0.550866,120
V3,1.13,0.02,0.420427,0.749807,0.593814,120
V3,1.13,0.05,0.436452,0.75915,0.553023,120
V3,1.13,0.1,0.439214,0.761543,0.550678,120
V3,1.13,0.2,0.439363,0.763119,0.550865,120
V3,1.1325,0.02,0.420605,0.749622,0.592493,120
V3,1.1325,0.05,0.436492,0.759155,0.553307,120
V3,1.1325,0.1,0.439224,0.761556,0.550694,120
V3,1.1325,0.2,0.439365,0.763131,0.550862,120
V3,1.135,0.02,0.420818,0.749533,0.590946,120
V3,1.135,0.05,0.436534,0.759166,0.553571,120
V3,1.135,0.1,0.439234,0.76157,0.55071,120
V3,1.135,0.2,0.439366,0.763144,0.55086,120
V3,1.1375,0.02,0.421068,0.749493,0.588844,120
V3,1.1375,0.05,0.436581,0.759184,0.553816,120
V3,1.1375,0.1,0.439244,0.761583,0.550725,120
V3,1.1375,0.2,0.439367,0.763157,0.550857,120
V3,1.14,0.02,0.421355,0.749544,0.589154,120
V3,1.14,0.05,0.436625,0.759208,0.554039,120
V3,1.14,0.1,0.439255,0.761598,0.55074,120
V3,1.14,0.2,0.439368,0.76317,0.550855,120
V3,1.1425,0.02,0.421676,0.749646,0.590304,120
V3,1.1425,0.05,0.436674,0.759238,0.554245,120
V3,1.1425,0.1,0.439265,0.761612,0.550753,120
V3,1.1425,0.2,0.439369,0.763182,0.550852,120
V3,1.145,0.02,0.422027,0.749826,0.590932,120
V3,1.145,0.05,0.436725,0.759275,0.554447,120
V3,1.145,0.1,0.439277,0.761626,0.550766,120
V3,1.145,0.2,0.43937,0.763195,0.55085,120
V3,1.1475,0.02,0.422403,0.750059,0.591222,120
V3,1.1475,0.05,0.436775,0.759318,0.554626,120
V3,1.1475,0.1,0.439288,0.761639,0.550778,120
V3,1.1475,0.2,0.439371,0.763208,0.550847,120
V3,1.15,0.02,0.422802,0.750345,0.591191,120
V3,1.15,0.05,0.43683,0.759365,0.55478,120
V3,1.15,0.1,0.4393,0.761653,0.55079,120
V3,1.15,0.2,0.439372,0.763221,0.550845,120
V3,1.1525,0.02,0.423218,0.750689,0.590747,120
V3,1.1525,0.05,0.436883,0.759411,0.55491,120
V3,1.1525,0.1,0.439311,0.761667,0.5508,120
V3,1.1525,0.2,0.439373,0.763233,0.550842,120
V3,1.155,0.02,0.423622,0.751052,0.590165,120
V3,1.155,0.05,0.436939,0.759463,0.555015,120
V3,1.155,0.1,0.439323,0.761681,0.55081,120
V3,1.155,0.2,0.439374,0.763246,0.55084,120
V3,1.1575,0.02,0.424036,0.751472,0.58931,120
V3,1.1575,0.05,0.436997,0.75952,0.555095,120
V3,1.1575,0.1,0.439335,0.761695,0.550818,120
V3,1.1575,0.2,0.439375,0.763258,0.550838,120
V3,1.16,0.02,0.424456,0.7519,0.588189,120
V3,1.16,0.05,0.437054,0.759582,0.55515,120
V3,1.16,0.1,0.439347,0.76171,0.550827,120
V3,1.16,0.2,0.439377,0.76327,0.550843,120
V3,1.1625,0.02,0.424877,0.752353,0.586968,120
V3,1.1625,0.05,0.437116,0.759649,0.555181,120
V3,1.1625,0.1,0.439359,0.761725,0.550843,120
V3,1.1625,0.2,0.439378,0.763281,0.550849,120
V3,1.165,0.02,0.425272,0.752838,0.585635,120
V3,1.165,0.05,0.437174,0.759721,0.555189,120
V3,1.165,0.1,0.439371,0.76174,0.550859,120
V3,1.165,0.2,0.439379,0.763292,0.550855,120
V3,1.1675,0.02,0.425669,0.753316,0.584152,120
V3,1.1675,0.05,0.437237,0.759797,0.555174,120
V3,1.1675,0.1,0.439383,0.761756,0.550873,120
V3,1.1675,0.2,0.43938,0.763304,0.55086,120
V3,1.17,0.02,0.426062,0.753804,0.582555,120
V3,1.17,0.05,0.437299,0.759876,0.555137,120
V3,1.17,0.1,0.439395,0.761772,0.550884,120
V3,1.17,0.2,0.439381,0.763315,0.550866,120
V3,1.1725,0.02,0.426425,0.754307,0.580872,120
V3,1.1725,0.05,0.437362,0.75996,0.555078,120
V3,1.1725,0.1,0.439407,0.761788,0.550894,120
V3,1.1725,0.2,0.439382,0.763326,0.550871,120
V3,1.175,0.02,0.42679,0.754817,0.579221,120
V3,1.175,0.05,0.437428,0.760046,0.555,120
V3,1.175,0.1,0.439419,0.761804,0.550904,120
V3,1.175,0.2,0.439383,0.763338,0.550875,120
V3,1.1775,0.02,0.427134,0.755308,0.577508,120
V3,1.1775,0.05,0.437491,0.760135,0.554903,120
V3,1.1775,0.1,0.43943,0.761821,0.550912,120
V3,1.1775,0.2,0.439384,0.763349,0.550878,120
V3,1.18,0.02,0.427466,0.755806,0.575747,120
V3,1.18,0.05,0.43756,0.760227,0.554788,120
V3,1.18,0.1,0.439442,0.761837,0.550919,120
V3,1.18,0.2,0.439385,0.76336,0.550881,120
V3,1.1825,0.02,0.427791,0.756307,0.573931,120
V3,1.1825,0.05,0.437623,0.760319,0.554658,120
V3,1.1825,0.1,0.439453,0.761854,0.550926,120
V3,1.1825,0.2,0.439386,0.763371,0.550884,120
V3,1.185,0.02,0.428092,0.75681,0.572082,120
V3,1.185,0.05,0.437692,0.76041,0.554512,120
V3,1.185,0.1,0.439464,0.761871,0.550931,120
V3,1.185,0.2,0.439387,0.763383,0.550887,120
V3,1.1875,0.02,0.428396,0.757308,0.570204,120
V3,1.1875,0.05,0.437758,0.760502,0.554354,120
V3,1.1875,0.1,0.439474,0.761888,0.550936,120
V3,1.1875,0.2,0.439388,0.763394,0.550889,120
V3,1.19,0.02,0.42867,0.757792,0.568283,120
V3,1.19,0.05,0.437827,0.760595,0.554183,120
V3,1.19,0.1,0.439484,0.761905,0.55094,120
V3,1.19,0.2,0.439389,0.763405,0.550892,120
V3,1.1925,0.02,0.428955,0.758277,0.566332,120
V3,1.1925,0.05,0.437894,0.760689,0.554002,120
V3,1.1925,0.1,0.439494,0.761923,0.550943,120
V3,1.1925,0.2,0.43939,0.763416,0.550895,120
V3,1.195,0.02,0.429208,0.758761,0.564351,120
V3,1.195,0.05,0.437964,0.760784,0.553812,120
V3,1.195,0.1,0.439503,0.76194,0.550946,120
V3,1.195,0.2,0.439391,0.763427,0.550898,120
V3,1.1975,0.02,0.429474,0.759244,0.562328,120
V3,1.1975,0.05,0.438032,0.760879,0.553615,120
V3,1.1975,0.1,0.439512,0.761957,0.550947,120
V3,1.1975,0.2,0.439392,0.763439,0.550901,120
V3,1.2,0.02,0.429712,0.759724,0.56027,120
V3,1.2,0.05,0.438102,0.760974,0.553412,120
V3,1.2,0.1,0.43952,0.761975,0.550948,120
V3,1.2,0.2,0.439393,0.76345,0.550904,120
V3,1.2025,0.02,0.429962,0.760201,0.558182,120
V3,1.2025,0.05,0.438172,0.761068,0.553204,120
V3,1.2025,0.1,0.439527,0.761992,0.550948,120
V3,1.2025,0.2,0.439394,0.763461,0.550907,120
V3,1.205,0.02,0.430187,0.760675,0.55607,120
V3,1.205,0.05,0.438241,0.761162,0.552994,120
V3,1.205,0.1,0.439534,0.76201,0.550948,120
V3,1.205,0.2,0.439395,0.763472,0.55091,120
V3,1.2075,0.02,0.430422,0.761143,0.553938,120
V3,1.2075,0.05,0.438312,0.761254,0.552792,120
V3,1.2075,0.1,0.43954,0.762027,0.550947,120
V3,1.2075,0.2,0.439396,0.763483,0.550912,120
V3,1.21,0.02,0.430639,0.761605,0.551793,120
V3,1.21,0.05,0.438382,0.761345,0.55259,120
V3,1.21,0.1,0.439545,0.762045,0.550945,120
V3,1.21,0.2,0.439397,0.763494,0.550915,120
V3,1.2125,0.02,0.430858,0.762059,0.549655,120
V3,1.2125,0.05,0.438453,0.761434,0.55239,120
V3,1.2125,0.1,0.439549,0.762062,0.550943,120
V3,1.2125,0.2,0.439398,0.763505,0.550918,120
V3,1.215,0.02,0.431068,0.762504,0.547542,120
V3,1.215,0.05,0.438523,0.761522,0.55219,120
V3,1.215,0.1,0.439553,0.762079,0.55094,120
V3,1.215,0.2,0.439399,0.763516,0.550921,120
V3,1.2175,0.02,0.431268,0.762938,0.545475,120
V3,1.2175,0.05,0.438594,0.761607,0.551993,120
V3,1.2175,0.1,0.439556,0.762097,0.550934,120
V3,1.2175,0.2,0.4394,0.763527,0.550924,120
V3,1.22,0.02,0.43147,0.76336,0.543476,120
V3,1.22,0.05,0.438665,0.76169,0.5518,120
V3,1.22,0.1,0.439558,0.762114,0.550927,120
V3,1.22,0.2,0.439401,0.763538,0.550927,120
V3,1.2225,0.02,0.431646,0.763769,0.541559,120
V3,1.2225,0.05,0.438737,0.761771,0.551611,120
V3,1.2225,0.1,0.439559,0.762131,0.55092,120
V3,1.2225,0.2,0.439402,0.763549,0.550928,120
V3,1.225,0.02,0.431823,0.764162,0.539754,120
V3,1.225,0.05,0.438808,0.761849,0.551428,120
V3,1.225,0.1,0.43956,0.762148,0.550913,120
V3,1.225,0.2,0.439403,0.763561,0.550929,120
V3,1.2275,0.02,0.431985,0.76454,0.538147,120
V3,1.2275,0.05,0.438879,0.761924,0.551251,120
V3,1.2275,0.1,0.43956,0.762165,0.550905,120
V3,1.2275,0.2,0.439404,0.763572,0.550929,120
V3,1.23,0.02,0.432129,0.764898,0.536717,120
V3,1.23,0.05,0.438843,0.761995,0.551081,120
V3,1.23,0.1,0.439559,0.762182,0.550897,120
V3,1.23,0.2,0.439405,0.763583,0.550929,120
V3,1.2325,0.02,0.432199,0.765224,0.535454,120
V3,1.2325,0.05,0.438792,0.762064,0.550915,120
V3,1.2325,0.1,0.439557,0.762198,0.550889,120
V3,1.2325,0.2,0.439406,0.763593,0.55093,120
V3,1.235,0.02,0.432223,0.765532,0.534373,120
V3,1.235,0.05,0.438738,0.762129,0.550758,120
V3,1.235,0.1,0.439555,0.762215,0.550881,120
V3,1.235,0.2,0.439407,0.763604,0.55093,120
V3,1.2375,0.02,0.432225,0.765822,0.533493,120
V3,1.2375,0.05,0.438688,0.762191,0.55061,120
V3,1.2375,0.1,0.439552,0.762231,0.550872,120
V3,1.2375,0.2,0.439408,0.763615,0.55093,120
V3,1.24,0.02,0.432216,0.766072,0.532809,120
V3,1.24,0.05,0.438636,0.76225,0.550471,120
V3,1.24,0.1,0.439549,0.762247,0.550863,120
V3,1.24,0.2,0.439409,0.763626,0.55093,120
V3,1.2425,0.02,0.432198,0.766304,0.532418,120
V3,1.2425,0.05,0.438588,0.762304,0.550341,120
V3,1.2425,0.1,0.439545,0.762263,0.550854,120
V3,1.2425,0.2,0.43941,0.763637,0.550931,120
V3,1.245,0.02,0.432152,0.766504,0.532236,120
V3,1.245,0.05,0.438538,0.762351,0.55022,120
V3,1.245,0.1,0.439541,0.762279,0.550845,120
V3,1.245,0.2,0.43941,0.763648,0.550931,120
V3,1.2475,0.02,0.432098,0.766678,0.532244,120
V3,1.2475,0.05,0.438491,0.762395,0.55011,120
V3,1.2475,0.1,0.439536,0.762294,0.550836,120
V3,1.2475,0.2,0.439411,0.763659,0.550931,120
V3,1.25,0.02,0.432025,0.766821,0.532442,120
V3,1.25,0.05,0.438443,0.762435,0.550008,120
V3,1.25,0.1,0.439531,0.762309,0.550827,120
V3,1.25,0.2,0.439412,0.76367,0.550932,120
V3,1.2525,0.02,0.431931,0.766937,0.532833,120
V3,1.2525,0.05,0.438398,0.762471,0.549916,120
V3,1.2525,0.1,0.439525,0.762325,0.550818,120
V3,1.2525,0.2,0.439413,0.763681,0.550932,120
V3,1.255,0.02,0.431828,0.767019,0.533415,120
V3,1.255,0.05,0.438351,0.762503,0.549834,120
V3,1.255,0.1,0.43952,0.762339,0.550809,120
V3,1.255,0.2,0.439414,0.763692,0.550932,120
V3,1.2575,0.02,0.431697,0.767078,0.534213,120
V3,1.2575,0.05,0.438307,0.762532,0.54976,120
V3,1.2575,0.1,0.439514,0.762354,0.5508,120
V3,1.2575,0.2,0.439415,0.763703,0.550933,120
V3,1.26,0.02,0.431554,0.767096,0.535169,120
V3,1.26,0.05,0.438263,0.762556,0.549694,120
V3,1.26,0.1,0.439508,0.762369,0.550791,120
V3,1.26,0.2,0.439416,0.763713,0.550933,120
V3,1.2625,0.02,0.431398,0.767092,0.536261,120
V3,1.2625,0.05,0.43822,0.762577,0.549637,120
V3,1.2625,0.1,0.439502,0.762383,0.550783,120
V3,1.2625,0.2,0.439417,0.763724,0.550933,120
V3,1.265,0.02,0.431216,0.76705,0.537474,120
V3,1.265,0.05,0.438177,0.762594,0.549586,120
V3,1.265,0.1,0.439496,0.762397,0.550772,120
V3,1.265,0.2,0.439418,0.763735,0.550934,120
V3,1.2675,0.02,0.43103,0.766982,0.538805,120
V3,1.2675,0.05,0.438136,0.762608,0.549538,120
V3,1.2675,0.1,0.439489,0.762411,0.55076,120
V3,1.2675,0.2,0.439418,0.763746,0.550934,120
V3,1.27,0.02,0.430815,0.766796,0.540239,120
V3,1.27,0.05,0.438095,0.762618,0.549497,120
V3,1.27,0.1,0.439483,0.762424,0.550749,120
V3,1.27,0.2,0.439419,0.763757,0.550934,120
V3,1.2725,0.02,0.430596,0.766593,0.541751,120
V3,1.2725,0.05,0.438056,0.762625,0.549461,120
V3,1.2725,0.1,0.439476,0.762438,0.550738,120
V3,1.2725,0.2,0.43942,0.763768,0.550934,120
V3,1.275,0.02,0.430355,0.766383,0.543325,120
V3,1.275,0.05,0.438017,0.762628,0.549431,120
V3,1.275,0.1,0.43947,0.762451,0.550727,120
V3,1.275,0.2,0.439421,0.763778,0.550932,120
V3,1.2775,0.02,0.430108,0.766167,0.544948,120
V3,1.2775,0.05,0.437978,0.762628,0.549405,120
V3,1.2775,0.1,0.439463,0.762464,0.550716,120
V3,1.2775,0.2,0.439422,0.763789,0.55093,120
V3,1.28,0.02,0.429843,0.76595,0.546598,120
V3,1.28,0.05,0.437941,0.762625,0.549383,120
V3,1.28,0.1,0.439457,0.762476,0.550706,120
V3,1.28,0.2,0.439423,0.7638,0.550928,120
V3,1.2825,0.02,0.429576,0.765734,0.548249,120
V3,1.2825,0.05,0.437904,0.762619,0.549364,120
V3,1.2825,0.1,0.43945,0.762488,0.550695,120
V3,1.2825,0.2,0.439423,0.76381,0.550926,120
V3,1.285,0.02,0.429289,0.765523,0.549865,120
V3,1.285,0.05,0.437869,0.76261,0.549348,120
V3,1.285,0.1,0.439444,0.762499,0.550686,120
V3,1.285,0.2,0.439424,0.763821,0.550924,120
V3,1.2875,0.02,0.429011,0.765322,0.551424,120
V3,1.2875,0.05,0.437834,0.762599,0.549334,120
V3,1.2875,0.1,0.439438,0.76251,0.550676,120
V3,1.2875,0.2,0.439425,0.763832,0.550922,120
V3,1.29,0.02,0.428709,0.765106,0.552897,120
V3,1.29,0.05,0.437801,0.762585,0.549322,120
V3,1.29,0.1,0.439431,0.762521,0.550667,120
V3,1.29,0.2,0.439426,0.763843,0.55092,120
V3,1.2925,0.02,0.428416,0.764795,0.554364,120
V3,1.2925,0.05,0.437768,0.762568,0.54931,120
V3,1.2925,0.1,0.439425,0.762532,0.550658,120
V3,1.2925,0.2,0.439427,0.763853,0.550918,120
V3,1.295,0.02,0.428125,0.764475,0.555699,120
V3,1.295,0.05,0.437737,0.762549,0.549299,120
V3,1.295,0.1,0.439419,0.762542,0.550649,120
V3,1.295,0.2,0.439428,0.763864,0.550916,120
V3,1.2975,0.02,0.427825,0.764146,0.556863,120
V3,1.2975,0.05,0.437705,0.762528,0.549285,120
V3,1.2975,0.1,0.439413,0.762552,0.55064,120
V3,1.2975,0.2,0.439428,0.763875,0.550913,120
V3,1.3,0.02,0.427541,0.763814,0.557822,120
V3,1.3,0.05,0.437677,0.762505,0.549269,120
V3,1.3,0.1,0.439408,0.762563,0.550632,120
V3,1.3,0.2,0.439429,0.763885,0.550911,120
V4,0.7,0.02,0.349166,0.711989,0.272946,120
V4,0.7,0.05,0.382438,0.721846,0.428276,120
V4,0.7,0.1,0.411305,0.730184,0.532054,120
V4,0.7,0.2,0.424332,0.737053,0.566016,120
V4,0.7025,0.02,0.352045,0.713125,0.282258,120
V4,0.7025,0.05,0.383154,0.722072,0.429519,120
V4,0.7025,0.1,0.41129,0.730254,0.531067,120
V4,0.7025,0.2,0.424278,0.737106,0.565714,120
V4,0.705,0.02,0.354717,0.714131,0.291053,120
V4,0.705,0.05,0.383855,0.72231,0.430954,120
V4,0.705,0.1,0.411279,0.730328,0.530149,120
V4,0.705,0.2,0.424225,0.737158,0.565417,120
V4,0.7075,0.02,0.357202,0.714903,0.300857,120
V4,0.7075,0.05,0.38454,0.722552,0.43252,120
V4,0.7075,0.1,0.411272,0.730401,0.529299,120
V4,0.7075,0.2,0.424174,0.737212,0.56514,120
V4,0.71,0.02,0.359499,0.715641,0.310735,120
V4,0.71,0.05,0.385206,0.722796,0.43419,120
V4,0.71,0.1,0.411269,0.730477,0.528509,120
V4,0.71,0.2,0.424125,0.737265,0.564871,120
V4,0.7125,0.02,0.361639,0.716346,0.320695,120
V4,0.7125,0.05,0.385854,0.723048,0.435951,120
V4,0.7125,0.1,0.411271,0.730557,0.527784,120
V4,0.7125,0.2,0.424078,0.737319,0.56461,120
V4,0.715,0.02,0.363637,0.717012,0.330144,120
V4,0.715,0.05,0.386482,0.723306,0.437783,120
V4,0.715,0.1,0.411276,0.730639,0.527144,120
V4,0.715,0.2,0.424033,0.737374,0.564355,120
V4,0.7175,0.02,0.365487,0.717648,0.339122,120
V4,0.7175,0.05,0.38709,0.723559,0.439702,120
V4,0.7175,0.1,0.411283,0.730726,0.526569,120
V4,0.7175,0.2,0.423989,0.737427,0.564102,120
V4,0.72,0.02,0.367221,0.718257,0.347657,120
V4,0.72,0.05,0.387678,0.723815,0.441674,120
V4,0.72,0.1,0.411293,0.730815,0.526047,120
V4,0.72,0.2,0.423947,0.737479,0.563856,120
V4,0.7225,0.02,0.36883,0.718841,0.355785,120
V4,0.7225,0.05,0.388246,0.724074,0.443679,120
V4,0.7225,0.1,0.411306,0.730902,0.525583,120
V4,0.7225,0.2,0.423907,0.737532,0.56362,120
V4,0.725,0.02,0.37034,0.7194,0.36353,120
V4,0.725,0.05,0.388794,0.724335,0.445709,120
V4,0.725,0.1,0.411322,0.730992,0.525171,120
V4,0.725,0.2,0.423868,0.737585,0.563391,120
V4,0.7275,0.02,0.371743,0.719936,0.370905,120
V4,0.7275,0.05,0.389323,0.724592,0.447754,120
V4,0.7275,0.1,0.411341,0.731084,0.524804,120
V4,0.7275,0.2,0.423831,0.737639,0.563164,120
V4,0.73,0.02,0.373064,0.720445,0.377932,120
V4,0.73,0.05,0.389833,0.724846,0.449805,120
V4,0.73,0.1,0.411362,0.731179,0.524491,120
V4,0.73,0.2,0.423796,0.737693,0.562944,120
V4,0.7325,0.02,0.374288,0.720935,0.384624,120
V4,0.7325,0.05,0.390324,0.7251,0.451856,120
V4,0.7325,0.1,0.411385,0.731276,0.52422,120
V4,0.7325,0.2,0.423762,0.737747,0.562733,120
V4,0.735,0.02,0.375443,0.721405,0.391009,120
V4,0.735,0.05,0.390791,0.725354,0.453899,120
V4,0.735,0.1,0.41141,0.731375,0.523994,120
V4,0.735,0.2,0.423731,0.737802,0.56254,120
V4,0.7375,0.02,0.376517,0.721857,0.397106,120
V4,0.7375,0.05,0.39124,0.725607,0.45593,120
V4,0.7375,0.1,0.411437,0.731475,0.523819,120
V4,0.7375,0.2,0.4237,0.737857,0.562359,120
V4,0.74,0.02,0.377525,0.722292,0.402919,120
V4,0.74,0.05,0.391672,0.725857,0.457943,120
V4,0.74,0.1,0.411465,0.731573,0.523688,120
V4,0.74,0.2,0.423671,0.737912,0.562179,120
V4,0.7425,0.02,0.378471,0.722712,0.408475,120
V4,0.7425,0.05,0.392087,0.726101,0.459936,120
V4,0.7425,0.1,0.411493,0.731673,0.523601,120
V4,0.7425,0.2,0.423645,0.737967,0.562007,120
V4,0.745,0.02,0.37935,0.723116,0.413783,120
V4,0.745,0.05,0.39248,0.726343,0.461904,120
V4,0.745,0.1,0.411523,0.731775,0.523542,120
V4,0.745,0.2,0.423619,0.738021,0.561843,120
V4,0.7475,0.02,0.380179,0.723507,0.418857,120
V4,0.7475,0.05,0.392855,0.726583,0.463835,120
V4,0.7475,0.1,0.411555,0.731879,0.523524,120
V4,0.7475,0.2,0.423595,0.738075,0.561687,120
V4,0.75,0.02,0.380953,0.723884,0.423708,120
V4,0.75,0.05,0.393216,0.726821,0.465737,120
V4,0.75,0.1,0.411588,0.731983,0.52353,120
V4,0.75,0.2,0.423573,0.738128,0.561537,120
V4,0.7525,0.02,0.381674,0.724248,0.42835,120
V4,0.7525,0.05,0.393558,0.727056,0.467609,120
V4,0.7525,0.1,0.411623,0.732089,0.523574,120
V4,0.7525,0.2,0.423552,0.738182,0.56139,120
V4,0.755,0.02,0.382352,0.724597,0.432787,120
V4,0.755,0.05,0.393882,0.72729,0.469439,120
V4,0.755,0.1,0.411656,0.732196,0.523641,120
V4,0.755,0.2,0.423533,0.738237,0.56125,120
V4,0.7575,0.02,0.382984,0.724935,0.437038,120
V4,0.7575,0.05,0.394194,0.727517,0.471229,120
V4,0.7575,0.1,0.411691,0.732302,0.52374,120
V4,0.7575,0.2,0.423514,0.738291,0.561118,120
V4,0.76,0.02,0.383571,0.725262,0.441102,120
V4,0.76,0.05,0.394486,0.72774,0.47298,120
V4,0.76,0.1,0.411727,0.732407,0.523863,120
V4,0.76,0.2,0.423498,0.738346,0.560994,120
V4,0.7625,0.02,0.384121,0.72558,0.444995,120
V4,0.7625,0.05,0.394763,0.727961,0.474682,120
V4,0.7625,0.1,0.411764,0.732513,0.52401,120
V4,0.7625,0.2,0.423483,0.738401,0.560877,120
V4,0.765,0.02,0.384634,0.725887,0.448727,120
V4,0.765,0.05,0.39503,0.728178,0.476346,120
V4,0.765,0.1,0.411801,0.732619,0.524186,120
V4,0.765,0.2,0.423469,0.738456,0.560762,120
V4,0.7675,0.02,0.385105,0.726185,0.452294,120
V4,0.7675,0.05,0.395274,0.728394,0.47796,120
V4,0.7675,0.1,0.411836,0.732727,0.524376,120
V4,0.7675,0.2,0.423458,0.738511,0.560654,120
V4,0.77,0.02,0.385544,0.726475,0.455706,120
V4,0.77,0.05,0.395509,0.728606,0.479532,120
V4,0.77,0.1,0.411874,0.732835,0.524592,120
V4,0.77,0.2,0.423446,0.738567,0.560558,120
V4,0.7725,0.02,0.385953,0.726756,0.458972,120
V4,0.7725,0.05,0.395728,0.728816,0.481055,120
V4,0.7725,0.1,0.411912,0.732944,0.52483,120
V4,0.7725,0.2,0.423437,0.738622,0.560475,120
V4,0.775,0.02,0.386325,0.72703,0.463277,120
V4,0.775,0.05,0.395933,0.729023,0.482529,120
V4,0.775,0.1,0.41195,0.733053,0.525082,120
V4,0.775,0.2,0.423429,0.738676,0.5604,120
V4,0.7775,0.02,0.386667,0.727296,0.46797,120
V4,0.7775,0.05,0.396128,0.729227,0.486375,120
V4,0.7775,0.1,0.411987,0.733162,0.525355,120
V4,0.7775,0.2,0.423422,0.738729,0.56053,120
V4,0.78,0.02,0.386982,0.727554,0.472512,120
V4,0.78,0.05,0.396304,0.729425,0.490452,120
V4,0.78,0.1,0.412025,0.733269,0.525648,120
V4,0.78,0.2,0.423417,0.738783,0.560663,120
V4,0.7825,0.02,0.38727,0.727806,0.476916,120
V4,0.7825,0.05,0.396472,0.729621,0.494458,120
V4,0.7825,0.1,0.412064,0.733375,0.527063,120
V4,0.7825,0.2,0.423412,0.738837,0.560802,120
V4,0.785,0.02,0.387523,0.728052,0.48119,120
V4,0.785,0.05,0.396623,0.729814,0.498394,120
V4,0.785,0.1,0.412102,0.733482,0.529003,120
V4,0.785,0.2,0.423409,0.738891,0.560946,120
V4,0.7875,0.02,0.387752,0.728291,0.485342,120
V4,0.7875,0.05,0.396765,0.730004,0.50226,120
V4,0.7875,0.1,0.41214,0.733589,0.530942,120
V4,0.7875,0.2,0.423408,0.738945,0.561103,120
V4,0.79,0.02,0.387958,0.728524,0.489381,120
V4,0.79,0.05,0.396894,0.730192,0.506066,120
V4,0.79,0.1,0.412178,0.733696,0.532879,120
V4,0.79,0.2,0.423407,0.739,0.561269,120
V4,0.7925,0.02,0.388138,0.728752,0.493314,120
V4,0.7925,0.05,0.397009,0.730377,0.509815,120
V4,0.7925,0.1,0.412218,0.733803,0.534807,120
V4,0.7925,0.2,0.423408,0.739054,0.561438,120
V4,0.795,0.02,0.388288,0.728974,0.497147,120
V4,0.795,0.05,0.397116,0.730561,0.513515,120
V4,0.795,0.1,0.412255,0.73391,0.536731,120
V4,0.795,0.2,0.42341,0.739109,0.561607,120
V4,0.7975,0.02,0.388416,0.729191,0.500886,120
V4,0.7975,0.05,0.397207,0.730741,0.517167,120
V4,0.7975,0.1,0.412293,0.734017,0.538652,120
V4,0.7975,0.2,0.423413,0.739163,0.56178,120
V4,0.8,0.02,0.388522,0.729403,0.504539,120
V4,0.8,0.05,0.397293,0.73092,0.520774,120
V4,0.8,0.1,0.412332,0.734124,0.540568,120
V4,0.8,0.2,0.423417,0.739218,0.561956,120
V4,0.8025,0.02,0.388604,0.729608,0.508138,120
V4,0.8025,0.05,0.39736,0.731096,0.52434,120
V4,0.8025,0.1,0.41237,0.73423,0.542478,120
V4,0.8025,0.2,0.423423,0.739273,0.562136,120
V4,0.805,0.02,0.388658,0.729809,0.511665,120
V4,0.805,0.05,0.397422,0.73127,0.52787,120
V4,0.805,0.1,0.412407,0.734336,0.544377,120
V4,0.805,0.2,0.423429,0.739327,0.562319,120
V4,0.8075,0.02,0.388691,0.730006,0.515126,120
V4,0.8075,0.05,0.397468,0.731442,0.531367,120
V4,0.8075,0.1,0.412446,0.734439,0.54627,120
V4,0.8075,0.2,0.423437,0.73938,0.562505,120
V4,0.81,0.02,0.388704,0.730199,0.518528,120
V4,0.81,0.05,0.397508,0.731609,0.534835,120
V4,0.81,0.1,0.412485,0.734543,0.548156,120
V4,0.81,0.2,0.423446,0.739432,0.562691,120
V4,0.8125,0.02,0.388692,0.730388,0.521875,120
V4,0.8125,0.05,0.397534,0.731774,0.538277,120
V4,0.8125,0.1,0.412522,0.734646,0.550034,120
V4,0.8125,0.2,0.423455,0.739485,0.562876,120
V4,0.815,0.02,0.388652,0.730573,0.525176,120
V4,0.815,0.05,0.397551,0.731938,0.541697,120
V4,0.815,0.1,0.41256,0.734748,0.551904,120
V4,0.815,0.2,0.423466,0.739538,0.563062,120
V4,0.8175,0.02,0.388593,0.730755,0.528468,120
V4,0.8175,0.05,0.397557,0.732099,0.545098,120
V4,0.8175,0.1,0.4126,0.734851,0.553765,120
V4,0.8175,0.2,0.423478,0.739591,0.56325,120
V4,0.82,0.02,0.388513,0.730933,0.531723,120
V4,0.82,0.05,0.397552,0.732259,0.548484,120
V4,0.82,0.1,0.412636,0.734953,0.555617,120
V4,0.82,0.2,0.423491,0.739644,0.563439,120
V4,0.8225,0.02,0.388406,0.731108,0.534947,120
V4,0.8225,0.05,0.397539,0.732418,0.551859,120
V4,0.8225,0.1,0.412675,0.735054,0.55746,120
V4,0.8225,0.2,0.423505,0.739696,0.563629,120
V4,0.825,0.02,0.388274,0.73128,0.538144,120
V4,0.825,0.05,0.397512,0.732574,0.555225,120
V4,0.825,0.1,0.412715,0.735156,0.559294,120
V4,0.825,0.2,0.42352,0.739749,0.563819,120
V4,0.8275,0.02,0.38812,0.731449,0.541365,120
V4,0.8275,0.05,0.39748,0.732729,0.558587,120
V4,0.8275,0.1,0.412752,0.735256,0.561125,120
V4,0.8275,0.2,0.423535,0.739802,0.564018,120
V4,0.83,0.02,0.387945,0.731615,0.544575,120
V4,0.83,0.05,0.397432,0.732883,0.561949,120
V4,0.83,0.1,0.412791,0.735357,0.562945,120
V4,0.83,0.2,0.423552,0.739855,0.564217,120
V4,0.8325,0.02,0.38774,0.731779,0.547777,120
V4,0.8325,0.05,0.39738,0.733035,0.56531,120
V4,0.8325,0.1,0.412831,0.735457,0.564755,120
V4,0.8325,0.2,0.42357,0.739908,0.564414,120
V4,0.835,0.02,0.387509,0.73194,0.551008,120
V4,0.835,0.05,0.397312,0.733186,0.568676,120
V4,0.835,0.1,0.412869,0.735556,0.566554,120
V4,0.835,0.2,0.423588,0.73996,0.564611,120
V4,0.8375,0.02,0.387256,0.732099,0.554271,120
V4,0.8375,0.05,0.397239,0.733335,0.572067,120
V4,0.8375,0.1,0.412908,0.735654,0.568341,120
V4,0.8375,0.2,0.423608,0.740013,0.564807,120
V4,0.84,0.02,0.386978,0.732256,0.557547,120
V4,0.84,0.05,0.397153,0.733484,0.575472,120
V4,0.84,0.1,0.412949,0.735751,0.570117,120
V4,0.84,0.2,0.423628,0.740066,0.565002,120
V4,0.8425,0.02,0.386666,0.732411,0.560882,120
V4,0.8425,0.05,0.397058,0.733631,0.578894,120
V4,0.8425,0.1,0.412988,0.735846,0.57188,120
V4,0.8425,0.2,0.423649,0.740117,0.565195,120
V4,0.845,0.02,0.386328,0.732564,0.564266,120
V4,0.845,0.05,0.396956,0.733777,0.58233,120
V4,0.845,0.1,0.413028,0.735941,0.573631,120
V4,0.845,0.2,0.423672,0.740167,0.565387,120
V4,0.8475,0.02,0.385966,0.732715,0.567685,120
V4,0.8475,0.05,0.39684,0.733922,0.585789,120
V4,0.8475,0.1,0.41307,0.736035,0.575368,120
V4,0.8475,0.2,0.423695,0.740218,0.565577,120
V4,0.85,0.02,0.38557,0.732865,0.57122,120
V4,0.85,0.05,0.39672,0.734064,0.589274,120
V4,0.85,0.1,0.413111,0.736129,0.577091,120
V4,0.85,0.2,0.423718,0.740268,0.565765,120
V4,0.8525,0.02,0.385141,0.733014,0.574809,120
V4,0.8525,0.05,0.396583,0.734205,0.592785,120
V4,0.8525,0.1,0.413152,0.736222,0.5788,120
V4,0.8525,0.2,0.423743,0.740319,0.565948,120
V4,0.855,0.02,0.384684,0.733161,0.578505,120
V4,0.855,0.05,0.396442,0.734346,0.596327,120
V4,0.855,0.1,0.413196,0.736315,0.580494,120
V4,0.855,0.2,0.423768,0.740369,0.566127,120
V4,0.8575,0.02,0.384193,0.733306,0.582305,120
V4,0.8575,0.05,0.39629,0.734485,0.599905,120
V4,0.8575,0.1,0.413238,0.736407,0.58217,120
V4,0.8575,0.2,0.423794,0.740419,0.566304,120
V4,0.86,0.02,0.383663,0.733449,0.586221,120
V4,0.86,0.05,0.396127,0.734624,0.603515,120
V4,0.86,0.1,0.413281,0.736498,0.583831,120
V4,0.86,0.2,0.423821,0.74047,0.566478,120
V4,0.8625,0.02,0.383102,0.733592,0.590285,120
V4,0.8625,0.05,0.39596,0.734763,0.607167,120
V4,0.8625,0.1,0.413327,0.736589,0.585474,120
V4,0.8625,0.2,0.423849,0.74052,0.566649,120
V4,0.865,0.02,0.382502,0.733735,0.594478,120
V4,0.865,0.05,0.395776,0.7349,0.610859,120
V4,0.865,0.1,0.413372,0.736679,0.587113,120
V4,0.865,0.2,0.423878,0.74057,0.56683,120
V4,0.8675,0.02,0.381857,0.733878,0.598864,120
V4,0.8675,0.05,0.395588,0.735037,0.614596,120
V4,0.8675,0.1,0.413417,0.736768,0.588739,120
V4,0.8675,0.2,0.423906,0.74062,0.567007,120
V4,0.87,0.02,0.381177,0.734021,0.603404,120
V4,0.87,0.05,0.395392,0.735174,0.61838,120
V4,0.87,0.1,0.413465,0.736856,0.590346,120
V4,0.87,0.2,0.423936,0.740669,0.567181,120
V4,0.8725,0.02,0.38045,0.734164,0.608173,120
V4,0.8725,0.05,0.395182,0.73531,0.622211,120
V4,0.8725,0.1,0.413513,0.736944,0.591935,120
V4,0.8725,0.2,0.423967,0.740719,0.567351,120
V4,0.875,0.02,0.379676,0.734307,0.613132,120
V4,0.875,0.05,0.394968,0.735446,0.626096,120
V4,0.875,0.1,0.413561,0.737031,0.593503,120
V4,0.875,0.2,0.423998,0.740769,0.567517,120
V4,0.8775,0.02,0.378861,0.734452,0.618359,120
V4,0.8775,0.05,0.394746,0.735581,0.630033,120
V4,0.8775,0.1,0.413612,0.737117,0.59505,120
V4,0.8775,0.2,0.424029,0.740818,0.567677,120
V4,0.88,0.02,0.377983,0.734598,0.623816,120
V4,0.88,0.05,0.394511,0.735716,0.634025,120
V4,0.88,0.1,0.413663,0.737203,0.596575,120
V4,0.88,0.2,0.424061,0.740868,0.567831,120
V4,0.8825,0.02,0.37706,0.734745,0.629584,120
V4,0.8825,0.05,0.394273,0.73585,0.638066,120
V4,0.8825,0.1,0.413714,0.737287,0.598075,120
V4,0.8825,0.2,0.424095,0.740915,0.567982,120
V4,0.885,0.02,0.376077,0.734894,0.635626,120
V4,0.885,0.05,0.394028,0.735984,0.642161,120
V4,0.885,0.1,0.413768,0.737369,0.59955,120
V4,0.885,0.2,0.424128,0.740963,0.568128,120
V4,0.8875,0.02,0.375034,0.735046,0.642031,120
V4,0.8875,0.05,0.39377,0.736118,0.646309,120
V4,0.8875,0.1,0.413824,0.737451,0.600999,120
V4,0.8875,0.2,0.424162,0.74101,0.568269,120
V4,0.89,0.02,0.37393,0.735201,0.648749,120
V4,0.89,0.05,0.393509,0.736251,0.650515,120
V4,0.89,0.1,0.413879,0.737531,0.602439,120
V4,0.89,0.2,0.424197,0.741057,0.568405,120
V4,0.8925,0.02,0.372756,0.735359,0.655895,120
V4,0.8925,0.05,0.393244,0.736384,0.654777,120
V4,0.8925,0.1,0.413937,0.737611,0.603862,120
V4,0.8925,0.2,0.424232,0.741104,0.568537,120
V4,0.895,0.02,0.371515,0.73552,0.663408,120
V4,0.895,0.05,0.392969,0.736516,0.659086,120
V4,0.895,0.1,0.413998,0.73769,0.605258,120
V4,0.895,0.2,0.424268,0.741151,0.568664,120
V4,0.8975,0.02,0.370195,0.735683,0.671398,120
V4,0.8975,0.05,0.392687,0.736648,0.663448,120
V4,0.8975,0.1,0.414057,0.737768,0.606626,120
V4,0.8975,0.2,0.424304,0.741198,0.568785,120
V4,0.9,0.02,0.368799,0.735851,0.679836,120
V4,0.9,0.05,0.392403,0.73678,0.667856,120
V4,0.9,0.1,0.414119,0.737845,0.607959,120
V4,0.9,0.2,0.424341,0.741244,0.568915,120
V4,0.9025,0.02,0.36732,0.736025,0.688764,120
V4,0.9025,0.05,0.392117,0.736489,0.672304,120
V4,0.9025,0.1,0.414184,0.737922,0.609261,120
V4,0.9025,0.2,0.424378,0.741291,0.56904,120
V4,0.905,0.02,0.365746,0.736206,0.698265,120
V4,0.905,0.05,0.391825,0.736031,0.676792,120
V4,0.905,0.1,0.414249,0.737997,0.610531,120
V4,0.905,0.2,0.424416,0.741337,0.569159,120
V4,0.9075,0.02,0.36409,0.735896,0.708311,120
V4,0.9075,0.05,0.391527,0.735562,0.681313,120
V4,0.9075,0.1,0.414315,0.738071,0.611767,120
V4,0.9075,0.2,0.424454,0.741383,0.569272,120
V4,0.91,0.02,0.362324,0.734615,0.718945,120
V4,0.91,0.05,0.391229,0.735082,0.685856,120
V4,0.91,0.1,0.414385,0.738145,0.61299,120
V4,0.91,0.2,0.424492,0.74143,0.569378,120
V4,0.9125,0.02,0.360458,0.733225,0.730247,120
V4,0.9125,0.05,0.390931,0.734592,0.690417,120
V4,0.9125,0.1,0.414457,0.738218,0.614189,120
V4,0.9125,0.2,0.424531,0.741475,0.569478,120
V4,0.915,0.02,0.35849,0.731722,0.742234,120
V4,0.915,0.05,0.390634,0.734088,0.695028,120
V4,0.915,0.1,0.414528,0.738289,0.615346,120
V4,0.915,0.2,0.424571,0.741521,0.569573,120
V4,0.9175,0.02,0.356408,0.730104,0.754927,120
V4,0.9175,0.05,0.390339,0.733574,0.699655,120
V4,0.9175,0.1,0.414604,0.73836,0.616466,120
V4,0.9175,0.2,0.424611,0.741567,0.569662,120
V4,0.92,0.02,0.3542,0.728365,0.768366,120
V4,0.92,0.05,0.39004,0.733055,0.704274,120
V4,0.92,0.1,0.414682,0.73843,0.617546,120
V4,0.92,0.2,0.424651,0.741612,0.569745,120
V4,0.9225,0.02,0.351875,0.726498,0.782584,120
V4,0.9225,0.05,0.389744,0.732531,0.708875,120
V4,0.9225,0.1,0.414759,0.738499,0.618585,120
V4,0.9225,0.2,0.424691,0.741658,0.569822,120
V4,0.925,0.02,0.349428,0.724499,0.797608,120
V4,0.925,0.05,0.389453,0.732004,0.713453,120
V4,0.925,0.1,0.41484,0.738567,0.619583,120
V4,0.925,0.2,0.424731,0.741703,0.569894,120
V4,0.9275,0.02,0.346857,0.722366,0.813452,120
V4,0.9275,0.05,0.389168,0.731465,0.718059,120
V4,0.9275,0.1,0.414925,0.738633,0.620568,120
V4,0.9275,0.2,0.424772,0.741746,0.569959,120
V4,0.93,0.02,0.344161,0.72009,0.830165,120
V4,0.93,0.05,0.38889,0.730928,0.722609,120
V4,0.93,0.1,0.415009,0.738699,0.621512,120
V4,0.93,0.2,0.424814,0.74179,0.570019,120
V4,0.9325,0.02,0.341344,0.717668,0.84776,120
V4,0.9325,0.05,0.38862,0.730393,0.727089,120
V4,0.9325,0.1,0.415096,0.738764,0.622411,120
V4,0.9325,0.2,0.424855,0.741833,0.570076,120
V4,0.935,0.02,0.338414,0.715115,0.866151,120
V4,0.935,0.05,0.388359,0.729856,0.731538,120
V4,0.935,0.1,0.415187,0.738828,0.623264,120
V4,0.935,0.2,0.424897,0.741876,0.570138,120
V4,0.9375,0.02,0.335383,0.712419,0.885404,120
V4,0.9375,0.05,0.388108,0.72932,0.735934,120
V4,0.9375,0.1,0.415279,0.738891,0.624069,120
V4,0.9375,0.2,0.424939,0.741918,0.570194,120
V4,0.94,0.02,0.332262,0.709602,0.905381,120
V4,0.94,0.05,0.387869,0.728794,0.740213,120
V4,0.94,0.1,0.415372,0.738953,0.624822,120
V4,0.94,0.2,0.424981,0.741961,0.570244,120
V4,0.9425,0.02,0.329058,0.706658,0.926118,120
V4,0.9425,0.05,0.387642,0.72827,0.744423,120
V4,0.9425,0.1,0.415469,0.739014,0.625557,120
V4,0.9425,0.2,0.425023,0.742003,0.570285,120
V4,0.945,0.02,0.32583,0.703621,0.947391,120
V4,0.945,0.05,0.38743,0.727754,0.748534,120
V4,0.945,0.1,0.415569,0.739073,0.626251,120
V4,0.945,0.2,0.425065,0.742046,0.570321,120
V4,0.9475,0.02,0.322585,0.700512,0.969077,120
V4,0.9475,0.05,0.387231,0.727255,0.752476,120
V4,0.9475,0.1,0.415669,0.739132,0.626893,120
V4,0.9475,0.2,0.425108,0.742088,0.57035,120
V4,0.95,0.02,0.319388,0.697356,0.991,120
V4,0.95,0.05,0.387048,0.726757,0.756362,120
V4,0.95,0.1,0.415773,0.73919,0.627483,120
V4,0.95,0.2,0.42515,0.74213,0.570373,120
V4,0.9525,0.02,0.316265,0.694191,1.01292,120
V4,0.9525,0.05,0.386883,0.726281,0.760055,120
V4,0.9525,0.1,0.415881,0.739247,0.628016,120
V4,0.9525,0.2,0.425193,0.742172,0.570391,120
V4,0.955,0.02,0.313304,0.691062,1.03455,120
V4,0.955,0.05,0.386736,0.725818,0.763605,120
V4,0.955,0.1,0.415988,0.739301,0.628496,120
V4,0.955,0.2,0.425236,0.742213,0.570402,120
V4,0.9575,0.02,0.310551,0.688024,1.05554,120
V4,0.9575,0.05,0.386608,0.725371,0.766992,120
V4,0.9575,0.1,0.416099,0.739355,0.628963,120
V4,0.9575,0.2,0.425279,0.742255,0.570407,120
V4,0.96,0.02,0.308057,0.685139,1.07549,120
V4,0.96,0.05,0.386501,0.724949,0.770164,120
V4,0.96,0.1,0.416213,0.739408,0.629374,120
V4,0.96,0.2,0.425321,0.742296,0.570407,120
V4,0.9625,0.02,0.305906,0.682441,1.09418,120
V4,0.9625,0.05,0.386414,0.724539,0.773199,120
V4,0.9625,0.1,0.416329,0.73946,0.629728,120
V4,0.9625,0.2,0.425364,0.742337,0.5704,120
V4,0.965,0.02,0.304154,0.67971,1.11114,120
V4,0.965,0.05,0.386349,0.724162,0.775962,120
V4,0.965,0.1,0.416446,0.739511,0.630023,120
V4,0.965,0.2,0.425407,0.742378,0.570388,120
V4,0.9675,0.02,0.302847,0.677367,1.12607,120
V4,0.9675,0.05,0.386305,0.723795,0.7786,120
V4,0.9675,0.1,0.416568,0.739562,0.630256,120
V4,0.9675,0.2,0.42545,0.742419,0.570375,120
V4,0.97,0.02,0.302018,0.675644,1.13879,120
V4,0.97,0.05,0.386283,0.723465,0.780933,120
V4,0.97,0.1,0.416692,0.739611,0.630464,120
V4,0.97,0.2,0.425492,0.74246,0.570365,120
V4,0.9725,0.02,0.301683,0.674532,1.14902,120
V4,0.9725,0.05,0.386283,0.723148,0.783124,120
V4,0.9725,0.1,0.416816,0.739659,0.630628,120
V4,0.9725,0.2,0.425534,0.742501,0.570349,120
V4,0.975,0.02,0.301839,0.673609,1.15678,120
V4,0.975,0.05,0.386305,0.722869,0.785,120
V4,0.975,0.1,0.416944,0.739707,0.630732,120
V4,0.975,0.2,0.425577,0.742541,0.570327,120
V4,0.9775,0.02,0.302468,0.672953,1.16197,120
V4,0.9775,0.05,0.386348,0.722605,0.786718,120
V4,0.9775,0.1,0.417076,0.739753,0.630777,120
V4,0.9775,0.2,0.425619,0.74258,0.570299,120
V4,0.98,0.02,0.303518,0.672651,1.16482,120
V4,0.98,0.05,0.386413,0.722379,0.788118,120
V4,0.98,0.1,0.417207,0.739799,0.630758,120
V4,0.98,0.2,0.42566,0.742619,0.570264,120
V4,0.9825,0.02,0.304943,0.672707,1.16529,120
V4,0.9825,0.05,0.386498,0.72217,0.789349,120
V4,0.9825,0.1,0.417342,0.739844,0.630698,120
V4,0.9825,0.2,0.425702,0.742657,0.570223,120
V4,0.985,0.02,0.306704,0.67304,1.16391,120
V4,0.985,0.05,0.386604,0.721999,0.790259,120
V4,0.985,0.1,0.417482,0.739888,0.630606,120
V4,0.985,0.2,0.425743,0.742695,0.570177,120
V4,0.9875,0.02,0.30874,0.673649,1.16066,120
V4,0.9875,0.05,0.386729,0.721845,0.790992,120
V4,0.9875,0.1,0.41762,0.739931,0.630453,120
V4,0.9875,0.2,0.425784,0.742733,0.570125,120
V4,0.99,0.02,0.310956,0.674486,1.15585,120
V4,0.99,0.05,0.386873,0.721728,0.791408,120
V4,0.99,0.1,0.417762,0.739974,0.63024,120
V4,0.99,0.2,0.425825,0.742771,0.570068,120
V4,0.9925,0.02,0.313344,0.675499,1.14981,120
V4,0.9925,0.05,0.387035,0.721628,0.791647,120
V4,0.9925,0.1,0.417908,0.740016,0.629966,120
V4,0.9925,0.2,0.425865,0.742809,0.570006,120
V4,0.995,0.02,0.315808,0.676642,1.14283,120
V4,0.995,0.05,0.387215,0.721564,0.791578,120
V4,0.995,0.1,0.418053,0.740057,0.629641,120
V4,0.995,0.2,0.425905,0.742847,0.569938,120
V4,0.9975,0.02,0.318325,0.677892,1.13505,120
V4,0.9975,0.05,0.38741,0.721517,0.791324,120
V4,0.9975,0.1,0.418202,0.740089,0.629293,120
V4,0.9975,0.2,0.425944,0.742885,0.569865,120
V4,1,0.02,0.320863,0.679217,1.12667,120
V4,1,0.05,0.387621,0.721503,0.790773,120
V4,1,0.1,0.418354,0.740122,0.628884,120
V4,1,0.2,0.425984,0.742922,0.569787,120
V4,1.0025,0.02,0.323382,0.680589,1.11786,120
V4,1.0025,0.05,0.387846,0.721506,0.790042,120
V4,1.0025,0.1,0.418506,0.740161,0.628415,120
V4,1.0025,0.2,0.426022,0.742959,0.569705,120
V4,1.005,0.02,0.325851,0.681975,1.10884,120
V4,1.005,0.05,0.388085,0.721539,0.789035,120
V4,1.005,0.1,0.418662,0.740206,0.627887,120
V4,1.005,0.2,0.42606,0.742996,0.569629,120
V4,1.0075,0.02,0.328249,0.68336,1.09967,120
V4,1.0075,0.05,0.38833,0.721589,0.787831,120
V4,1.0075,0.1,0.418821,0.740253,0.6273,120
V4,1.0075,0.2,0.426098,0.743033,0.56955,120
V4,1.01,0.02,0.330567,0.684739,1.09041,120
V4,1.01,0.05,0.388586,0.721665,0.786383,120
V4,1.01,0.1,0.418979,0.74029,0.626702,120
V4,1.01,0.2,0.426135,0.74307,0.569466,120
V4,1.0125,0.02,0.332787,0.686102,1.0811,120
V4,1.0125,0.05,0.388852,0.721759,0.78473,120
V4,1.0125,0.1,0.41914,0.740327,0.62605,120
V4,1.0125,0.2,0.426171,0.743107,0.569378,120
V4,1.015,0.02,0.334906,0.687424,1.07189,120
V4,1.015,0.05,0.389127,0.721873,0.782861,120
V4,1.015,0.1,0.419306,0.740363,0.62534,120
V4,1.015,0.2,0.426207,0.743143,0.569284,120
V4,1.0175,0.02,0.336923,0.688704,1.0628,120
V4,1.0175,0.05,0.38941,0.72201,0.780765,120
V4,1.0175,0.1,0.41947,0.740399,0.624573,120
V4,1.0175,0.2,0.426242,0.743179,0.569184,120
V4,1.02,0.02,0.338837,0.689956,1.0537,120
V4,1.02,0.05,0.389702,0.722158,0.778506,120
V4,1.02,0.1,0.419637,0.740435,0.623747,120
V4,1.02,0.2,0.426276,0.743216,0.569079,120
V4,1.0225,0.02,0.340651,0.691136,1.04489,120
V4,1.0225,0.05,0.39,0.722333,0.775982,120
V4,1.0225,0.1,0.419808,0.74047,0.622894,120
V4,1.0225,0.2,0.42631,0.743252,0.568971,120
V4,1.025,0.02,0.34234,0.692286,1.03609,120
V4,1.025,0.05,0.390297,0.722511,0.773353,120
V4,1.025,0.1,0.419978,0.740504,0.62201,120
V4,1.025,0.2,0.426342,0.743288,0.568859,120
V4,1.0275,0.02,0.343924,0.693369,1.02752,120
V4,1.0275,0.05,0.390597,0.722717,0.770447,120
V4,1.0275,0.1,0.420152,0.740538,0.621073,120
V4,1.0275,0.2,0.426375,0.743323,0.568742,120
V4,1.03,0.02,0.345416,0.694417,1.01897,120
V4,1.03,0.05,0.390902,0.722927,0.767432,120
V4,1.03,0.1,0.420327,0.740572,0.620084,120
V4,1.03,0.2,0.426406,0.743359,0.568622,120
V4,1.0325,0.02,0.346788,0.695396,1.01065,120
V4,1.0325,0.05,0.391212,0.723157,0.764188,120
V4,1.0325,0.1,0.420503,0.740606,0.619044,120
V4,1.0325,0.2,0.426436,0.743394,0.568497,120
V4,1.035,0.02,0.348065,0.696345,1.0023,120
V4,1.035,0.05,0.391526,0.723399,0.760778,120
V4,1.035,0.1,0.420682,0.740638,0.617954,120
V4,1.035,0.2,0.426465,0.743428,0.568369,120
V4,1.0375,0.02,0.349252,0.697221,0.99419,120
V4,1.0375,0.05,0.391835,0.72365,0.757213,120
V4,1.0375,0.1,0.420862,0.74067,0.61686,120
V4,1.0375,0.2,0.426494,0.743462,0.568238,120
V4,1.04,0.02,0.350328,0.698064,0.986042,120
V4,1.04,0.05,0.392144,0.723924,0.753419,120
V4,1.04,0.1,0.421043,0.740702,0.615722,120
V4,1.04,0.2,0.426521,0.743495,0.568103,120
V4,1.0425,0.02,0.351333,0.698852,0.977995,120
V4,1.0425,0.05,0.392456,0.724193,0.749547,120
V4,1.0425,0.1,0.421228,0.740733,0.614539,120
V4,1.0425,0.2,0.426548,0.743529,0.567968,120
V4,1.045,0.02,0.352221,0.699593,0.969973,120
V4,1.045,0.05,0.392771,0.724484,0.745451,120
V4,1.045,0.1,0.421411,0.740765,0.61331,120
V4,1.045,0.2,0.426574,0.743562,0.567839,120
V4,1.0475,0.02,0.353046,0.700302,0.961881,120
V4,1.0475,0.05,0.393085,0.724782,0.741214,120
V4,1.0475,0.1,0.421598,0.740796,0.612038,120
V4,1.0475,0.2,0.426598,0.743596,0.567707,120
V4,1.05,0.02,0.353765,0.700947,0.953911,120
V4,1.05,0.05,0.393392,0.725088,0.736831,120
V4,1.05,0.1,0.421786,0.740827,0.610725,120
V4,1.05,0.2,0.426622,0.743629,0.56757,120
V4,1.0525,0.02,0.35442,0.701564,0.945806,120
V4,1.0525,0.05,0.393701,0.725413,0.732236,120
V4,1.0525,0.1,0.421975,0.740858,0.609413,120
V4,1.0525,0.2,0.426644,0.743662,0.567429,120
V4,1.055,0.02,0.354978,0.702138,0.937649,120
V4,1.055,0.05,0.394013,0.725734,0.727579,120
V4,1.055,0.1,0.422167,0.740888,0.608064,120
V4,1.055,0.2,0.426666,0.743695,0.567285,120
V4,1.0575,0.02,0.355472,0.702667,0.92945,120
V4,1.0575,0.05,0.394325,0.726072,0.722715,120
V4,1.0575,0.1,0.422358,0.740919,0.606679,120
V4,1.0575,0.2,0.426686,0.743728,0.567139,120
V4,1.06,0.02,0.355875,0.703171,0.921049,120
V4,1.06,0.05,0.394628,0.72642,0.717698,120
V4,1.06,0.1,0.422551,0.74095,0.605257,120
V4,1.06,0.2,0.426705,0.74376,0.56699,120
V4,1.0625,0.02,0.356217,0.703625,0.912598,120
V4,1.0625,0.05,0.394934,0.72677,0.712586,120
V4,1.0625,0.1,0.422747,0.74098,0.603803,120
V4,1.0625,0.2,0.426723,0.743793,0.566839,120
V4,1.065,0.02,0.356472,0.70405,0.90394,120
V4,1.065,0.05,0.395243,0.727138,0.707276,120
V4,1.065,0.1,0.422942,0.741011,0.602316,120
V4,1.065,0.2,0.426741,0.743825,0.566685,120
V4,1.0675,0.02,0.356665,0.704368,0.895554,120
V4,1.0675,0.05,0.39555,0.727508,0.701864,120
V4,1.0675,0.1,0.423141,0.741041,0.600812,120
V4,1.0675,0.2,0.426757,0.743858,0.566529,120
V4,1.07,0.02,0.356778,0.704277,0.889343,120
V4,1.07,0.05,0.395851,0.727887,0.696315,120
V4,1.07,0.1,0.423338,0.741072,0.599305,120
V4,1.07,0.2,0.426772,0.74389,0.566371,120
V4,1.0725,0.02,0.356828,0.704144,0.882945,120
V4,1.0725,0.05,0.396156,0.728046,0.692093,120
V4,1.0725,0.1,0.423538,0.741103,0.597771,120
V4,1.0725,0.2,0.426785,0.743922,0.566211,120
V4,1.075,0.02,0.356804,0.703994,0.876187,120
V4,1.075,0.05,0.396466,0.728006,0.689064,120
V4,1.075,0.1,0.423739,0.741134,0.596212,120
V4,1.075,0.2,0.426798,0.743954,0.56605,120
V4,1.0775,0.02,0.356712,0.703794,0.869252,120
V4,1.0775,0.05,0.396769,0.727969,0.68595,120
V4,1.0775,0.1,0.42394,0.741164,0.594628,120
V4,1.0775,0.2,0.42681,0.743986,0.565886,120
V4,1.08,0.02,0.356558,0.703571,0.861928,120
V4,1.08,0.05,0.397073,0.727953,0.682636,120
V4,1.08,0.1,0.424144,0.741195,0.593021,120
V4,1.08,0.2,0.426821,0.744017,0.565722,120
V4,1.0825,0.02,0.356326,0.703317,0.854268,120
V4,1.0825,0.05,0.397382,0.727941,0.679233,120
V4,1.0825,0.1,0.424347,0.741226,0.591393,120
V4,1.0825,0.2,0.42683,0.744049,0.565554,120
V4,1.085,0.02,0.356048,0.703023,0.846287,120
V4,1.085,0.05,0.397696,0.727943,0.675686,120
V4,1.085,0.1,0.424554,0.741257,0.589749,120
V4,1.085,0.2,0.426839,0.74408,0.565383,120
V4,1.0875,0.02,0.355678,0.702714,0.837811,120
V4,1.0875,0.05,0.398002,0.727964,0.671965,120
V4,1.0875,0.1,0.424758,0.741289,0.588977,120
V4,1.0875,0.2,0.426846,0.744112,0.565217,120
V4,1.09,0.02,0.355262,0.702352,0.829049,120
V4,1.09,0.05,0.398315,0.727983,0.668205,120
V4,1.09,0.1,0.424966,0.74132,0.588281,120
V4,1.09,0.2,0.426853,0.744143,0.565055,120
V4,1.0925,0.02,0.354783,0.70198,0.819713,120
V4,1.0925,0.05,0.398635,0.728025,0.664271,120
V4,1.0925,0.1,0.425173,0.741351,0.587558,120
V4,1.0925,0.2,0.426859,0.744174,0.564891,120
V4,1.095,0.02,0.354232,0.701563,0.809998,120
V4,1.095,0.05,0.398956,0.728076,0.660244,120
V4,1.095,0.1,0.425382,0.741383,0.586826,120
V4,1.095,0.2,0.426863,0.744204,0.564727,120
V4,1.0975,0.02,0.353636,0.701134,0.799677,120
V4,1.0975,0.05,0.399276,0.728137,0.656126,120
V4,1.0975,0.1,0.425591,0.741415,0.586095,120
V4,1.0975,0.2,0.426867,0.744233,0.564562,120
V4,1.1,0.02,0.352984,0.700668,0.788886,120
V4,1.1,0.05,0.399606,0.72822,0.65185,120
V4,1.1,0.1,0.425801,0.741447,0.585334,120
V4,1.1,0.2,0.42687,0.744263,0.564396,120
V4,1.1025,0.02,0.352265,0.700194,0.77743,120
V4,1.1025,0.05,0.399945,0.728305,0.647561,120
V4,1.1025,0.1,0.426013,0.741478,0.584552,120
V4,1.1025,0.2,0.426872,0.744292,0.56423,120
V4,1.105,0.02,0.351507,0.699686,0.765468,120
V4,1.105,0.05,0.40028,0.728409,0.643138,120
V4,1.105,0.1,0.425976,0.741508,0.583749,120
V4,1.105,0.2,0.426874,0.744321,0.564063,120
V4,1.1075,0.02,0.350711,0.699184,0.752749,120
V4,1.1075,0.05,0.400623,0.72853,0.638617,120
V4,1.1075,0.1,0.425839,0.741539,0.582928,120
V4,1.1075,0.2,0.426874,0.744351,0.563895,120
V4,1.11,0.02,0.349883,0.698651,0.739508,120
V4,1.11,0.05,0.400977,0.728656,0.634083,120
V4,1.11,0.1,0.425707,0.74157,0.582088,120
V4,1.11,0.2,0.426874,0.74438,0.563728,120
V4,1.1125,0.02,0.349016,0.698129,0.725498,120
V4,1.1125,0.05,0.401338,0.728804,0.629428,120
V4,1.1125,0.1,0.425577,0.741601,0.581254,120
V4,1.1125,0.2,0.426873,0.744409,0.563667,120
V4,1.115,0.02,0.348128,0.697615,0.710774,120
V4,1.115,0.05,0.4017,0.728963,0.624739,120
V4,1.115,0.1,0.425448,0.741633,0.580416,120
V4,1.115,0.2,0.426871,0.744438,0.563618,120
V4,1.1175,0.02,0.347236,0.697102,0.695426,120
V4,1.1175,0.05,0.402074,0.729134,0.62002,120
V4,1.1175,0.1,0.425324,0.741664,0.579563,120
V4,1.1175,0.2,0.426869,0.744466,0.563568,120
V4,1.12,0.02,0.346352,0.696623,0.679309,120
V4,1.12,0.05,0.402461,0.729329,0.615195,120
V4,1.12,0.1,0.425201,0.741696,0.578698,120
V4,1.12,0.2,0.426866,0.744495,0.563517,120
V4,1.1225,0.02,0.345493,0.696187,0.662461,120
V4,1.1225,0.05,0.402737,0.729527,0.610417,120
V4,1.1225,0.1,0.425081,0.741727,0.577822,120
V4,1.1225,0.2,0.426863,0.744524,0.563465,120
V4,1.125,0.02,0.344677,0.695792,0.64498,120
V4,1.125,0.05,0.402661,0.729745,0.605584,120
V4,1.125,0.1,0.424964,0.741759,0.576934,120
V4,1.125,0.2,0.426859,0.744552,0.563412,120
V4,1.1275,0.02,0.343927,0.695459,0.626899,120
V4,1.1275,0.05,0.402595,0.729984,0.600691,120
V4,1.1275,0.1,0.424848,0.741791,0.576031,120
V4,1.1275,0.2,0.426854,0.74458,0.563358,120
V4,1.13,0.02,0.342725,0.695212,0.608221,120
V4,1.13,0.05,0.402537,0.730225,0.595879,120
V4,1.13,0.1,0.424735,0.741823,0.575131,120
V4,1.13,0.2,0.426849,0.744609,0.563303,120
V4,1.1325,0.02,0.341603,0.695065,0.589033,120
V4,1.1325,0.05,0.402485,0.730489,0.591024,120
V4,1.1325,0.1,0.424625,0.741855,0.574253,120
V4,1.1325,0.2,0.426843,0.744637,0.563248,120
V4,1.135,0.02,0.340556,0.695037,0.586261,106
V4,1.135,0.05,0.402444,0.730769,0.586166,120
V4,1.135,0.1,0.424517,0.741887,0.573369,120
V4,1.135,0.2,0.426837,0.744665,0.563192,120
V4,1.1375,0.02,0.339652,0.695144,0.597513,106
V4,1.1375,0.05,0.402414,0.731055,0.581383,120
V4,1.1375,0.1,0.424412,0.741919,0.572473,120
V4,1.1375,0.2,0.42683,0.744693,0.563135,120
V4,1.14,0.02,0.3389,0.695405,0.601016,106
V4,1.14,0.05,0.402394,0.731362,0.57659,120
V4,1.14,0.1,0.424308,0.741951,0.571575,120
V4,1.14,0.2,0.426823,0.744721,0.563077,120
V4,1.1425,0.02,0.338322,0.695833,0.590805,106
V4,1.1425,0.05,0.402385,0.731684,0.571836,120
V4,1.1425,0.1,0.424207,0.741983,0.570676,120
V4,1.1425,0.2,0.426816,0.744749,0.563019,120
V4,1.145,0.02,0.337951,0.696444,0.577763,106
V4,1.145,0.05,0.402387,0.732011,0.56718,120
V4,1.145,0.1,0.424108,0.742015,0.569777,120
V4,1.145,0.2,0.426808,0.744777,0.562958,120
V4,1.1475,0.02,0.337797,0.697245,0.562459,106
V4,1.1475,0.05,0.4024,0.732358,0.562545,120
V4,1.1475,0.1,0.424012,0.742047,0.568872,120
V4,1.1475,0.2,0.4268,0.744804,0.562895,120
V4,1.15,0.02,0.337876,0.698241,0.545241,106
V4,1.15,0.05,0.402421,0.732719,0.557964,120
V4,1.15,0.1,0.423918,0.742078,0.567972,120
V4,1.15,0.2,0.426792,0.744832,0.562833,120
V4,1.1525,0.02,0.338211,0.699433,0.526494,106
V4,1.1525,0.05,0.40245,0.733083,0.553517,120
V4,1.1525,0.1,0.423825,0.74211,0.567104,120
V4,1.1525,0.2,0.426783,0.744859,0.56277,120
V4,1.155,0.02,0.338774,0.700812,0.506489,106
V4,1.155,0.05,0.40249,0.733464,0.549119,120
V4,1.155,0.1,0.423736,0.742142,0.56624,120
V4,1.155,0.2,0.426774,0.744887,0.562706,120
V4,1.1575,0.02,0.339605,0.702368,0.485567,106
V4,1.1575,0.05,0.402541,0.733859,0.544779,120
V4,1.1575,0.1,0.423648,0.742174,0.565372,120
V4,1.1575,0.2,0.426765,0.744914,0.562644,120
V4,1.16,0.02,0.340639,0.704084,0.482387,104
V4,1.16,0.05,0.402602,0.734255,0.5406,120
V4,1.16,0.1,0.423563,0.742205,0.564511,120
V4,1.16,0.2,0.426755,0.74494,0.56259,120
V4,1.1625,0.02,0.341914,0.705938,0.482728,104
V4,1.1625,0.05,0.402674,0.734663,0.536509,120
V4,1.1625,0.1,0.423479,0.742237,0.563658,120
V4,1.1625,0.2,0.426746,0.744966,0.562536,120
V4,1.165,0.02,0.343364,0.707908,0.481677,104
V4,1.165,0.05,0.402755,0.735082,0.532503,120
V4,1.165,0.1,0.423397,0.742268,0.562809,120
V4,1.165,0.2,0.426736,0.744992,0.562482,120
V4,1.1675,0.02,0.345005,0.70997,0.47903,104
V4,1.1675,0.05,0.40284,0.73551,0.528604,120
V4,1.1675,0.1,0.423319,0.742299,0.561964,120
V4,1.1675,0.2,0.426726,0.745017,0.562428,120
V4,1.17,0.02,0.346763,0.712099,0.458563,104
V4,1.17,0.05,0.402934,0.735937,0.524879,120
V4,1.17,0.1,0.423241,0.74233,0.56113,120
V4,1.17,0.2,0.426716,0.745043,0.562373,120
V4,1.1725,0.02,0.348655,0.714273,0.435011,104
V4,1.1725,0.05,0.403038,0.736372,0.521258,120
V4,1.1725,0.1,0.423166,0.74236,0.560309,120
V4,1.1725,0.2,0.426706,0.745069,0.562318,120
V4,1.175,0.02,0.350628,0.716467,0.411866,104
V4,1.175,0.05,0.403151,0.736814,0.517746,120
V4,1.175,0.1,0.423092,0.742391,0.559504,120
V4,1.175,0.2,0.426696,0.745094,0.562261,120
V4,1.1775,0.02,0.352655,0.718644,0.389409,104
V4,1.1775,0.05,0.403273,0.737263,0.514349,120
V4,1.1775,0.1,0.423021,0.74242,0.558722,120
V4,1.1775,0.2,0.426685,0.74512,0.562203,120
V4,1.18,0.02,0.354725,0.72081,0.367657,104
V4,1.18,0.05,0.403394,0.737708,0.51113,120
V4,1.18,0.1,0.422951,0.742448,0.557955,120
V4,1.18,0.2,0.426675,0.745145,0.562146,120
V4,1.1825,0.02,0.356814,0.722932,0.346769,104
V4,1.1825,0.05,0.403524,0.738156,0.508045,120
V4,1.1825,0.1,0.422883,0.742477,0.557197,120
V4,1.1825,0.2,0.426664,0.74517,0.562088,120
V4,1.185,0.02,0.3589,0.725007,0.326794,104
V4,1.185,0.05,0.403662,0.738606,0.505084,120
V4,1.185,0.1,0.422818,0.742505,0.556447,120
V4,1.185,0.2,0.426654,0.745195,0.562031,120
V4,1.1875,0.02,0.360965,0.727014,0.312067,102
V4,1.1875,0.05,0.403807,0.739059,0.502251,120
V4,1.1875,0.1,0.422753,0.742533,0.555714,120
V4,1.1875,0.2,0.426643,0.74522,0.561974,120
V4,1.19,0.02,0.362996,0.728959,0.308445,102
V4,1.19,0.05,0.403951,0.739512,0.499547,120
V4,1.19,0.1,0.422692,0.74256,0.554997,120
V4,1.19,0.2,0.426632,0.745246,0.561918,120
V4,1.1925,0.02,0.364983,0.730823,0.304389,102
V4,1.1925,0.05,0.404101,0.739964,0.49698,120
V4,1.1925,0.1,0.42263,0.742587,0.554286,120
V4,1.1925,0.2,0.426621,0.745271,0.561862,120
V4,1.195,0.02,0.366918,0.732606,0.299741,102
V4,1.195,0.05,0.404256,0.740408,0.494584,120
V4,1.195,0.1,0.422572,0.742614,0.553593,120
V4,1.195,0.2,0.426611,0.745295,0.561806,120
V4,1.1975,0.02,0.368797,0.73431,0.297585,120
V4,1.1975,0.05,0.404416,0.740851,0.492318,120
V4,1.1975,0.1,0.422514,0.74264,0.552917,120
V4,1.1975,0.2,0.4266,0.74532,0.561751,120
V4,1.2,0.02,0.370618,0.735933,0.29797,120
V4,1.2,0.05,0.404573,0.741291,0.490181,120
V4,1.2,0.1,0.422459,0.742666,0.552255,120
V4,1.2,0.2,0.426589,0.745345,0.561696,120
V4,1.2025,0.02,0.372378,0.737475,0.298734,120
V4,1.2025,0.05,0.404735,0.741728,0.488174,120
V4,1.2025,0.1,0.422404,0.742692,0.551606,120
V4,1.2025,0.2,0.426579,0.74537,0.561639,120
V4,1.205,0.02,0.374077,0.738935,0.299835,120
V4,1.205,0.05,0.404903,0.74216,0.486294,120
V4,1.205,0.1,0.422352,0.742717,0.550977,120
V4,1.205,0.2,0.426568,0.745394,0.561582,120
V4,1.2075,0.02,0.375697,0.740317,0.30123,120
V4,1.2075,0.05,0.405064,0.742588,0.484543,120
V4,1.2075,0.1,0.4223,0.742741,0.550382,120
V4,1.2075,0.2,0.426557,0.745419,0.561525,120
V4,1.21,0.02,0.377259,0.741622,0.30288,120
V4,1.21,0.05,0.40523,0.742706,0.482917,120
V4,1.21,0.1,0.422251,0.742765,0.549797,120
V4,1.21,0.2,0.426547,0.745444,0.561469,120
V4,1.2125,0.02,0.378762,0.742854,0.304734,120
V4,1.2125,0.05,0.4054,0.742792,0.481416,120
V4,1.2125,0.1,0.422203,0.742789,0.549232,120
V4,1.2125,0.2,0.426537,0.745468,0.561414,120
V4,1.215,0.02,0.38019,0.744016,0.306783,120
V4,1.215,0.05,0.405562,0.742874,0.480037,120
V4,1.215,0.1,0.422156,0.742812,0.548688,120
V4,1.215,0.2,0.426526,0.745492,0.561359,120
V4,1.2175,0.02,0.381569,0.745113,0.308975,120
V4,1.2175,0.05,0.405729,0.742952,0.47877,120
V4,1.2175,0.1,0.422111,0.742834,0.548157,120
V4,1.2175,0.2,0.426516,0.745517,0.561304,120
V4,1.22,0.02,0.382876,0.746145,0.311311,120
V4,1.22,0.05,0.405894,0.743027,0.47762,120
V4,1.22,0.1,0.422067,0.742856,0.547642,120
V4,1.22,0.2,0.426506,0.745541,0.561258,120
V4,1.2225,0.02,0.384136,0.747022,0.313803,120
V4,1.2225,0.05,0.406056,0.743098,0.476583,120
V4,1.2225,0.1,0.422025,0.742878,0.547148,120
V4,1.2225,0.2,0.426496,0.745565,0.561213,120
V4,1.225,0.02,0.385331,0.747167,0.316379,120
V4,1.225,0.05,0.406223,0.743165,0.475658,120
V4,1.225,0.1,0.421984,0.742899,0.546674,120
V4,1.225,0.2,0.426486,0.74559,0.56117,120
V4,1.2275,0.02,0.386485,0.747303,0.319014,120
V4,1.2275,0.05,0.406379,0.743229,0.474842,120
V4,1.2275,0.1,0.421944,0.742919,0.54621,120
V4,1.2275,0.2,0.426476,0.745613,0.561127,120
V4,1.23,0.02,0.387573,0.747426,0.321746,120
V4,1.23,0.05,0.406539,0.743288,0.474124,120
V4,1.23,0.1,0.421905,0.742939,0.545766,120
V4,1.23,0.2,0.426466,0.745636,0.561085,120
V4,1.2325,0.02,0.388623,0.747538,0.324537,120
V4,1.2325,0.05,0.406694,0.743343,0.473503,120
V4,1.2325,0.1,0.421868,0.742958,0.545344,120
V4,1.2325,0.2,0.426456,0.745659,0.561041,120
V4,1.235,0.02,0.389623,0.747643,0.327344,120
V4,1.235,0.05,0.406847,0.743394,0.472981,120
V4,1.235,0.1,0.421832,0.742976,0.544939,120
V4,1.235,0.2,0.426447,0.745682,0.560998,120
V4,1.2375,0.02,0.390576,0.747744,0.330225,120
V4,1.2375,0.05,0.406998,0.743441,0.472555,120
V4,1.2375,0.1,0.421797,0.742994,0.544547,120
V4,1.2375,0.2,0.426438,0.745705,0.560955,120
V4,1.24,0.02,0.391492,0.747831,0.333111,120
V4,1.24,0.05,0.407144,0.743483,0.472211,120
V4,1.24,0.1,0.421763,0.743012,0.544176,120
V4,1.24,0.2,0.426428,0.745727,0.560912,120
V4,1.2425,0.02,0.392364,0.747914,0.336018,120
V4,1.2425,0.05,0.40729,0.743522,0.471953,120
V4,1.2425,0.1,0.421731,0.743029,0.543826,120
V4,1.2425,0.2,0.426419,0.74575,0.560871,120
V4,1.245,0.02,0.393194,0.747994,0.338956,120
V4,1.245,0.05,0.407429,0.743556,0.471781,120
V4,1.245,0.1,0.421699,0.743045,0.543491,120
V4,1.245,0.2,0.42641,0.745772,0.56083,120
V4,1.2475,0.02,0.393991,0.748068,0.341878,120
V4,1.2475,0.05,0.407568,0.743584,0.471684,120
V4,1.2475,0.1,0.421668,0.74306,0.543171,120
V4,1.2475,0.2,0.426402,0.745795,0.560791,120
V4,1.25,0.02,0.394756,0.748134,0.344828,120
V4,1.25,0.05,0.407699,0.743606,0.47166,120
V4,1.25,0.1,0.421639,0.743075,0.542872,120
V4,1.25,0.2,0.426393,0.745817,0.560752,120
V4,1.2525,0.02,0.395479,0.748197,0.347739,120
V4,1.2525,0.05,0.407829,0.743624,0.471714,120
V4,1.2525,0.1,0.42161,0.74309,0.542593,120
V4,1.2525,0.2,0.426385,0.74584,0.560714,120
V4,1.255,0.02,0.396169,0.748259,0.350696,120
V4,1.255,0.05,0.407953,0.743638,0.471828,120
V4,1.255,0.1,0.421583,0.743104,0.542326,120
V4,1.255,0.2,0.426377,0.745862,0.560677,120
V4,1.2575,0.02,0.39683,0.748311,0.35359,120
V4,1.2575,0.05,0.408074,0.743647,0.472011,120
V4,1.2575,0.1,0.421556,0.743117,0.542077,120
V4,1.2575,0.2,0.426369,0.745885,0.560641,120
V4,1.26,0.02,0.397462,0.74836,0.356527,120
V4,1.26,0.05,0.40819,0.743652,0.472258,120
V4,1.26,0.1,0.421531,0.74313,0.541847,120
V4,1.26,0.2,0.426361,0.745907,0.560606,120
V4,1.2625,0.02,0.398065,0.748406,0.359398,120
V4,1.2625,0.05,0.408301,0.743652,0.472557,120
V4,1.2625,0.1,0.421506,0.743142,0.541636,120
V4,1.2625,0.2,0.426353,0.745929,0.560571,120
V4,1.265,0.02,0.398637,0.748447,0.362307,120
V4,1.265,0.05,0.40841,0.743648,0.472938,120
V4,1.265,0.1,0.421483,0.743153,0.541438,120
V4,1.265,0.2,0.426346,0.745951,0.560534,120
V4,1.2675,0.02,0.399177,0.74848,0.365157,120
V4,1.2675,0.05,0.408511,0.743639,0.473373,120
V4,1.2675,0.1,0.421459,0.743164,0.541256,120
V4,1.2675,0.2,0.426339,0.745973,0.560499,120
V4,1.27,0.02,0.399691,0.748511,0.368032,120
V4,1.27,0.05,0.408612,0.743626,0.473863,120
V4,1.27,0.1,0.421439,0.743175,0.541091,120
V4,1.27,0.2,0.426331,0.745996,0.560464,120
V4,1.2725,0.02,0.400177,0.748537,0.370861,120
V4,1.2725,0.05,0.408701,0.743608,0.4744,120
V4,1.2725,0.1,0.421416,0.743185,0.540945,120
V4,1.2725,0.2,0.426324,0.746018,0.560431,120
V4,1.275,0.02,0.400636,0.74855,0.373703,120
V4,1.275,0.05,0.408792,0.743585,0.474983,120
V4,1.275,0.1,0.421397,0.743194,0.540814,120
V4,1.275,0.2,0.426317,0.74604,0.560399,120
V4,1.2775,0.02,0.401068,0.748559,0.37652,120
V4,1.2775,0.05,0.408874,0.743558,0.47561,120
V4,1.2775,0.1,0.421376,0.743202,0.540696,120
V4,1.2775,0.2,0.426311,0.746062,0.560367,120
V4,1.28,0.02,0.401472,0.748563,0.37933,120
V4,1.28,0.05,0.408953,0.743526,0.476277,120
V4,1.28,0.1,0.421358,0.743209,0.540596,120
V4,1.28,0.2,0.426305,0.746084,0.560337,120
V4,1.2825,0.02,0.401848,0.74855,0.382155,120
V4,1.2825,0.05,0.409028,0.743489,0.476984,120
V4,1.2825,0.1,0.42134,0.743216,0.540512,120
V4,1.2825,0.2,0.426298,0.746106,0.560307,120
V4,1.285,0.02,0.402196,0.74853,0.384948,120
V4,1.285,0.05,0.409094,0.743445,0.477744,120
V4,1.285,0.1,0.421323,0.743222,0.540445,120
V4,1.285,0.2,0.426293,0.746128,0.560279,120
V4,1.2875,0.02,0.402514,0.748499,0.387787,120
V4,1.2875,0.05,0.409162,0.743398,0.478553,120
V4,1.2875,0.1,0.421307,0.743228,0.540388,120
V4,1.2875,0.2,0.426287,0.74615,0.560251,120
V4,1.29,0.02,0.402803,0.748449,0.390618,120
V4,1.29,0.05,0.409218,0.743345,0.479398,120
V4,1.29,0.1,0.42129,0.743234,0.540344,120
V4,1.29,0.2,0.426281,0.746172,0.560225,120
V4,1.2925,0.02,0.40306,0.748389,0.393464,120
V4,1.2925,0.05,0.409273,0.743288,0.480268,120
V4,1.2925,0.1,0.421276,0.743238,0.540315,120
V4,1.2925,0.2,0.426276,0.746194,0.560207,120
V4,1.295,0.02,0.403285,0.748306,0.396355,120
V4,1.295,0.05,0.409323,0.743227,0.481174,120
V4,1.295,0.1,0.421261,0.743243,0.5403,120
V4,1.295,0.2,0.426271,0.746216,0.560188,120
V4,1.2975,0.02,0.403477,0.748205,0.399263,120
V4,1.2975,0.05,0.409365,0.743161,0.482102,120
V4,1.2975,0.1,0.421249,0.743247,0.5403,120
V4,1.2975,0.2,0.426266,0.746237,0.560169,120
V4,1.3,0.02,0.403634,0.748084,0.402229,120
V4,1.3,0.05,0.409408,0.743092,0.483056,120
V4,1.3,0.1,0.421235,0.743251,0.54031,120
V4,1.3,0.2,0.426261,0.746259,0.560151,120
V5,0.7,0.02,-0.0556279,0.564837,0.958445,120
V5,0.7,0.05,-0.037711,0.559504,0.984798,120
V5,0.7,0.1,-0.0304862,0.558231,1.00842,120
V5,0.7,0.2,-0.0299789,0.560974,1.01132,120
V5,0.7025,0.02,-0.0571869,0.563807,0.968695,120
V5,0.7025,0.05,-0.0378395,0.559253,0.984741,120
V5,0.7025,0.1,-0.0305328,0.55825,1.00836,120
V5,0.7025,0.2,-0.0299753,0.561018,1.01132,120
V5,0.705,0.02,-0.0588133,0.562722,0.978506,120
V5,0.705,0.05,-0.0379657,0.558986,0.985385,120
V5,0.705,0.1,-0.0305745,0.558266,1.00832,120
V5,0.705,0.2,-0.0299717,0.561062,1.01131,120
V5,0.7075,0.02,-0.0604591,0.561591,0.987673,120
V5,0.7075,0.05,-0.0380892,0.558704,0.986471,120
V5,0.7075,0.1,-0.0306139,0.558279,1.00829,120
V5,0.7075,0.2,-0.0299682,0.561106,1.01131,120
V5,0.71,0.02,-0.062067,0.560444,0.996048,120
V5,0.71,0.05,-0.0382091,0.558408,0.987553,120
V5,0.71,0.1,-0.0306493,0.558291,1.00827,120
V5,0.71,0.2,-0.0299646,0.561149,1.0113,120
V5,0.7125,0.02,-0.063576,0.559295,1.00316,120
V5,0.7125,0.05,-0.0383248,0.558099,0.988641,120
V5,0.7125,0.1,-0.0306817,0.558301,1.00827,120
V5,0.7125,0.2,-0.0299611,0.561193,1.0113,120
V5,0.715,0.02,-0.0649633,0.558157,1.00912,120
V5,0.715,0.05,-0.0384356,0.55778,0.989721,120
V5,0.715,0.1,-0.0307106,0.558309,1.00829,120
V5,0.715,0.2,-0.0299576,0.561236,1.0113,120
V5,0.7175,0.02,-0.0661895,0.557038,1.01386,120
V5,0.7175,0.05,-0.0385408,0.557451,0.990763,120
V5,0.7175,0.1,-0.0307361,0.558316,1.00832,120
V5,0.7175,0.2,-0.029954,0.561279,1.01129,120
V5,0.72,0.02,-0.0672022,0.555928,1.01727,120
V5,0.72,0.05,-0.0386399,0.557115,0.991797,120
V5,0.72,0.1,-0.0307586,0.558323,1.00837,120
V5,0.72,0.2,-0.0299505,0.561322,1.01129,120
V5,0.7225,0.02,-0.0680688,0.554834,1.01995,120
V5,0.7225,0.05,-0.0387322,0.556773,0.992849,120
V5,0.7225,0.1,-0.0307772,0.558329,1.00843,120
V5,0.7225,0.2,-0.0299469,0.561365,1.01128,120
V5,0.725,0.02,-0.0687389,0.553747,1.02176,120
V5,0.725,0.05,-0.0388172,0.556428,0.99385,120
V5,0.725,0.1,-0.0307933,0.558334,1.00851,120
V5,0.725,0.2,-0.0299433,0.561408,1.01127,120
V5,0.7275,0.02,-0.0692592,0.552656,1.02301,120
V5,0.7275,0.05,-0.0388945,0.556081,0.994793,120
V5,0.7275,0.1,-0.030805,0.55834,1.00859,120
V5,0.7275,0.2,-0.0299397,0.561451,1.01127,120
V5,0.73,0.02,-0.0696875,0.551545,1.02416,120
V5,0.73,0.05,-0.0389637,0.555735,0.995656,120
V5,0.73,0.1,-0.0308148,0.558345,1.00868,120
V5,0.73,0.2,-0.0299361,0.561494,1.01128,120
V5,0.7325,0.02,-0.0700165,0.550399,1.02535,120
V5,0.7325,0.05,-0.0390243,0.555392,0.996444,120
V5,0.7325,0.1,-0.0308198,0.558351,1.00878,120
V5,0.7325,0.2,-0.0299325,0.561536,1.0113,120
V5,0.735,0.02,-0.0702851,0.549186,1.02671,120
V5,0.735,0.05,-0.039076,0.555054,0.997155,120
V5,0.735,0.1,-0.0308234,0.558358,1.00889,120
V5,0.735,0.2,-0.0299288,0.561579,1.01131,120
V5,0.7375,0.02,-0.0705682,0.547902,1.0284,120
V5,0.7375,0.05,-0.0391186,0.554725,0.997782,120
V5,0.7375,0.1,-0.0308218,0.558366,1.00902,120
V5,0.7375,0.2,-0.0299252,0.561621,1.01132,120
V5,0.74,0.02,-0.0708535,0.546547,1.0305,120
V5,0.74,0.05,-0.0391518,0.554406,0.998321,120
V5,0.74,0.1,-0.0308193,0.558375,1.00915,120
V5,0.74,0.2,-0.0299215,0.56166,1.01133,120
V5,0.7425,0.02,-0.0711595,0.54512,1.03307,120
V5,0.7425,0.05,-0.0391755,0.554084,0.999294,120
V5,0.7425,0.1,-0.0308114,0.558385,1.00928,120
V5,0.7425,0.2,-0.0299177,0.561699,1.01135,120
V5,0.745,0.02,-0.071503,0.543614,1.0361,120
V5,0.745,0.05,-0.0391893,0.553772,1.00105,120
V5,0.745,0.1,-0.0308028,0.558397,1.00944,120
V5,0.745,0.2,-0.029914,0.561737,1.01136,120
V5,0.7475,0.02,-0.071895,0.541987,1.03959,120
V5,0.7475,0.05,-0.0391931,0.553477,1.00286,120
V5,0.7475,0.1,-0.0307892,0.558411,1.00961,120
V5,0.7475,0.2,-0.0299102,0.561775,1.01137,120
V5,0.75,0.02,-0.0723425,0.540296,1.04359,120
V5,0.75,0.05,-0.0391867,0.553202,1.00473,120
V5,0.75,0.1,-0.0307742,0.558427,1.00977,120
V5,0.75,0.2,-0.0299064,0.561814,1.01137,120
V5,0.7525,0.02,-0.0728764,0.538538,1.04789,120
V5,0.7525,0.05,-0.03917,0.552951,1.00663,120
V5,0.7525,0.1,-0.0307552,0.558445,1.00994,120
V5,0.7525,0.2,-0.0299025,0.561852,1.01138,120
V5,0.755,0.02,-0.0734619,0.536681,1.05233,120
V5,0.755,0.05,-0.0391429,0.552727,1.00854,120
V5,0.755,0.1,-0.0307339,0.558465,1.01011,120
V5,0.755,0.2,-0.0298987,0.56189,1.01139,120
V5,0.7575,0.02,-0.074088,0.534818,1.05675,120
V5,0.7575,0.05,-0.0391052,0.552504,1.01046,120
V5,0.7575,0.1,-0.0307099,0.558482,1.01028,120
V5,0.7575,0.2,-0.0298948,0.561928,1.01139,120
V5,0.76,0.02,-0.0747364,0.532882,1.06122,120
V5,0.76,0.05,-0.0390568,0.552308,1.01237,120
V5,0.76,0.1,-0.0306823,0.558501,1.01045,120
V5,0.76,0.2,-0.0298909,0.561966,1.0114,120
V5,0.7625,0.02,-0.0753822,0.530988,1.06536,120
V5,0.7625,0.05,-0.0389977,0.552145,1.01425,120
V5,0.7625,0.1,-0.0306536,0.558522,1.01062,120
V5,0.7625,0.2,-0.0298869,0.562004,1.01141,120
V5,0.765,0.02,-0.0760596,0.529149,1.06887,120
V5,0.765,0.05,-0.0389277,0.552019,1.01608,120
V5,0.765,0.1,-0.0306205,0.558546,1.01079,120
V5,0.765,0.2,-0.029883,0.562042,1.01141,120
V5,0.7675,0.02,-0.0766688,0.527381,1.07182,120
V5,0.7675,0.05,-0.0388469,0.551924,1.01785,120
V5,0.7675,0.1,-0.0305868,0.558572,1.01095,120
V5,0.7675,0.2,-0.029879,0.56208,1.01142,120
V5,0.77,0.02,-0.0771623,0.525792,1.07884,120
V5,0.77,0.05,-0.0387553,0.551839,1.01954,120
V5,0.77,0.1,-0.0305497,0.558601,1.01111,120
V5,0.77,0.2,-0.029875,0.562117,1.01142,120
V5,0.7725,0.02,-0.0775887,0.524436,1.08961,120
V5,0.7725,0.05,-0.0386529,0.551794,1.02114,120
V5,0.7725,0.1,-0.03051,0.558633,1.01126,120
V5,0.7725,0.2,-0.029871,0.562155,1.01143,120
V5,0.775,0.02,-0.0778121,0.523372,1.09921,120
V5,0.775,0.05,-0.0385398,0.551792,1.02263,120
V5,0.775,0.1,-0.0304692,0.558668,1.0114,120
V5,0.775,0.2,-0.029867,0.562193,1.01143,120
V5,0.7775,0.02,-0.0778556,0.522653,1.10749,120
V5,0.7775,0.05,-0.0384161,0.551832,1.024,120
V5,0.7775,0.1,-0.0304251,0.558706,1.01154,120
V5,0.7775,0.2,-0.029863,0.56223,1.01143,120
V5,0.78,0.02,-0.0776723,0.522323,1.11402,120
V5,0.78,0.05,-0.0382821,0.551884,1.02529,120
V5,0.78,0.1,-0.0303796,0.558746,1.01167,120
V5,0.78,0.2,-0.0298589,0.562268,1.01143,120
V5,0.7825,0.02,-0.0772469,0.522405,1.11887,120
V5,0.7825,0.05,-0.038138,0.551971,1.02648,120
V5,0.7825,0.1,-0.0303326,0.558789,1.01179,120
V5,0.7825,0.2,-0.0298549,0.562305,1.01143,120
V5,0.785,0.02,-0.0766106,0.52289,1.12208,120
V5,0.785,0.05,-0.037984,0.552101,1.02753,120
V5,0.785,0.1,-0.030283,0.558835,1.0119,120
V5,0.785,0.2,-0.0298509,0.562343,1.01143,120
V5,0.7875,0.02,-0.075721,0.523768,1.12345,120
V5,0.7875,0.05,-0.0378204,0.552271,1.02843,120
V5,0.7875,0.1,-0.0302319,0.558883,1.012,120
V5,0.7875,0.2,-0.0298469,0.56238,1.01142,120
V5,0.79,0.02,-0.0747036,0.525003,1.12341,120
V5,0.79,0.05,-0.0376477,0.552468,1.02918,120
V5,0.79,0.1,-0.0301802,0.558933,1.01209,120
V5,0.79,0.2,-0.0298428,0.562418,1.01142,120
V5,0.7925,0.02,-0.073508,0.526541,1.12206,120
V5,0.7925,0.05,-0.037466,0.55268,1.02978,120
V5,0.7925,0.1,-0.0301264,0.558986,1.01218,120
V5,0.7925,0.2,-0.0298388,0.562455,1.01142,120
V5,0.795,0.02,-0.0721884,0.52833,1.11961,120
V5,0.795,0.05,-0.0372766,0.552927,1.03023,120
V5,0.795,0.1,-0.030071,0.559042,1.01225,120
V5,0.795,0.2,-0.0298348,0.562492,1.01142,120
V5,0.7975,0.02,-0.0708467,0.530315,1.11643,120
V5,0.7975,0.05,-0.0370827,0.553207,1.03052,120
V5,0.7975,0.1,-0.0300149,0.559099,1.01232,120
V5,0.7975,0.2,-0.0298308,0.562529,1.01142,120
V5,0.8,0.02,-0.0694659,0.53241,1.11269,120
V5,0.8,0.05,-0.0368817,0.553516,1.03066,120
V5,0.8,0.1,-0.0299585,0.559158,1.01238,120
V5,0.8,0.2,-0.0298268,0.562567,1.01142,120
V5,0.8025,0.02,-0.0680815,0.534558,1.10846,120
V5,0.8025,0.05,-0.0366738,0.55385,1.03065,120
V5,0.8025,0.1,-0.0299011,0.559219,1.01242,120
V5,0.8025,0.2,-0.0298229,0.562604,1.01141,120
V5,0.805,0.02,-0.0667219,0.536779,1.10423,120
V5,0.805,0.05,-0.0364595,0.554184,1.03053,120
V5,0.805,0.1,-0.0298431,0.559282,1.01246,120
V5,0.805,0.2,-0.029819,0.562641,1.0114,120
V5,0.8075,0.02,-0.065407,0.538954,1.09991,120
V5,0.8075,0.05,-0.036239,0.554538,1.03033,120
V5,0.8075,0.1,-0.0297847,0.559341,1.01248,120
V5,0.8075,0.2,-0.029815,0.562678,1.0114,120
V5,0.81,0.02,-0.0641489,0.541148,1.09554,120
V5,0.81,0.05,-0.0360128,0.554912,1.03001,120
V5,0.81,0.1,-0.0297263,0.559401,1.01249,120
V5,0.81,0.2,-0.0298112,0.562715,1.0114,120
V5,0.8125,0.02,-0.0629537,0.543258,1.09118,120
V5,0.8125,0.05,-0.0357811,0.555299,1.02957,120
V5,0.8125,0.1,-0.0296683,0.559462,1.01249,120
V5,0.8125,0.2,-0.0298073,0.562751,1.01141,120
V5,0.815,0.02,-0.0618227,0.545354,1.08686,120
V5,0.815,0.05,-0.0355442,0.555698,1.02901,120
V5,0.815,0.1,-0.0296107,0.559525,1.01248,120
V5,0.815,0.2,-0.0298035,0.562788,1.01143,120
V5,0.8175,0.02,-0.0607533,0.547371,1.08253,120
V5,0.8175,0.05,-0.0353096,0.556104,1.02835,120
V5,0.8175,0.1,-0.0295541,0.559588,1.01246,120
V5,0.8175,0.2,-0.0297997,0.562825,1.01144,120
V5,0.82,0.02,-0.0597404,0.549327,1.07815,120
V5,0.82,0.05,-0.0350719,0.556515,1.02759,120
V5,0.82,0.1,-0.0294985,0.559652,1.01244,120
V5,0.82,0.2,-0.0297959,0.562858,1.01145,120
V5,0.8225,0.02,-0.0587766,0.551238,1.07364,120
V5,0.8225,0.05,-0.03483,0.556928,1.02674,120
V5,0.8225,0.1,-0.0294445,0.559717,1.01243,120
V5,0.8225,0.2,-0.0297921,0.562891,1.01147,120
V5,0.825,0.02,-0.05788,0.5531,1.0689,120
V5,0.825,0.05,-0.0345842,0.557339,1.0258,120
V5,0.825,0.1,-0.0293935,0.559782,1.01241,120
V5,0.825,0.2,-0.0297884,0.562925,1.01148,120
V5,0.8275,0.02,-0.0570155,0.554883,1.06383,120
V5,0.8275,0.05,-0.0343346,0.557746,1.0248,120
V5,0.8275,0.1,-0.0293445,0.559847,1.01239,120
V5,0.8275,0.2,-0.0297848,0.562958,1.01149,120
V5,0.83,0.02,-0.0561699,0.556617,1.05836,120
V5,0.83,0.05,-0.0340884,0.558143,1.02374,120
V5,0.83,0.1,-0.0292996,0.559913,1.01237,120
V5,0.83,0.2,-0.0297812,0.562991,1.0115,120
V5,0.8325,0.02,-0.0553311,0.558306,1.05239,120
V5,0.8325,0.05,-0.0338425,0.558535,1.02262,120
V5,0.8325,0.1,-0.0292586,0.559978,1.01233,120
V5,0.8325,0.2,-0.0297776,0.563024,1.0115,120
V5,0.835,0.02,-0.0544874,0.559946,1.04591,120
V5,0.835,0.05,-0.0335932,0.558917,1.02147,120
V5,0.835,0.1,-0.0292227,0.560043,1.01229,120
V5,0.835,0.2,-0.029774,0.563057,1.01151,120
V5,0.8375,0.02,-0.0536272,0.561535,1.0389,120
V5,0.8375,0.05,-0.0333408,0.559289,1.02028,120
V5,0.8375,0.1,-0.0291932,0.560108,1.01225,120
V5,0.8375,0.2,-0.0297705,0.56309,1.01152,120
V5,0.84,0.02,-0.0527702,0.56307,1.0314,120
V5,0.84,0.05,-0.0330914,0.559644,1.01911,120
V5,0.84,0.1,-0.0291706,0.560172,1.01219,120
V5,0.84,0.2,-0.029767,0.563123,1.01152,120
V5,0.8425,0.02,-0.0518825,0.564545,1.02343,120
V5,0.8425,0.05,-0.032845,0.559984,1.01793,120
V5,0.8425,0.1,-0.0291554,0.560235,1.01213,120
V5,0.8425,0.2,-0.0297636,0.563156,1.01153,120
V5,0.845,0.02,-0.0509585,0.565853,1.01511,120
V5,0.845,0.05,-0.0325957,0.560307,1.01675,120
V5,0.845,0.1,-0.0291487,0.560298,1.01207,120
V5,0.845,0.2,-0.0297602,0.563189,1.01153,120
V5,0.8475,0.02,-0.0500579,0.566195,1.00657,120
V5,0.8475,0.05,-0.0323435,0.560613,1.01557,120
V5,0.8475,0.1,-0.0291493,0.560359,1.012,120
V5,0.8475,0.2,-0.0297569,0.563222,1.01154,120
V5,0.85,0.02,-0.0495805,0.56659,0.998005,120
V5,0.85,0.05,-0.0320997,0.560901,1.01441,120
V5,0.85,0.1,-0.0291567,0.56042,1.01193,120
V5,0.85,0.2,-0.0297536,0.563255,1.01154,120
V5,0.8525,0.02,-0.0490759,0.567033,0.989631,120
V5,0.8525,0.05,-0.0320936,0.56117,1.01327,120
V5,0.8525,0.1,-0.02917,0.560479,1.01185,120
V5,0.8525,0.2,-0.0297503,0.563287,1.01155,120
V5,0.855,0.02,-0.0485542,0.567513,0.981657,120
V5,0.855,0.05,-0.0322353,0.561419,1.01216,120
V5,0.855,0.1,-0.0291883,0.560538,1.01178,120
V5,0.855,0.2,-0.0297471,0.56332,1.01156,120
V5,0.8575,0.02,-0.0480271,0.568013,0.974289,120
V5,0.8575,0.05,-0.0323716,0.561649,1.01109,120
V5,0.8575,0.1,-0.0292102,0.560595,1.0117,120
V5,0.8575,0.2,-0.029744,0.563352,1.01156,120
V5,0.86,0.02,-0.0475126,0.568515,0.967702,120
V5,0.86,0.05,-0.0325036,0.561859,1.01005,120
V5,0.86,0.1,-0.0292359,0.56065,1.01163,120
V5,0.86,0.2,-0.0297408,0.563385,1.01156,120
V5,0.8625,0.02,-0.0470558,0.568999,0.962031,120
V5,0.8625,0.05,-0.0326378,0.562049,1.00906,120
V5,0.8625,0.1,-0.0292635,0.560704,1.01155,120
V5,0.8625,0.2,-0.0297377,0.563418,1.01156,120
V5,0.865,0.02,-0.0466328,0.569444,0.957344,120
V5,0.865,0.05,-0.0327673,0.562219,1.00813,120
V5,0.865,0.1,-0.0292939,0.560756,1.01147,120
V5,0.865,0.2,-0.0297347,0.56345,1.01156,120
V5,0.8675,0.02,-0.0462912,0.569837,0.953706,120
V5,0.8675,0.05,-0.0328921,0.56236,1.00725,120
V5,0.8675,0.1,-0.0293254,0.560807,1.01139,120
V5,0.8675,0.2,-0.0297317,0.563482,1.01156,120
V5,0.87,0.02,-0.0460169,0.570163,0.951121,120
V5,0.87,0.05,-0.0330123,0.562474,1.00643,120
V5,0.87,0.1,-0.0293578,0.560857,1.01131,120
V5,0.87,0.2,-0.0297287,0.563515,1.01156,120
V5,0.8725,0.02,-0.0458492,0.570399,0.949653,120
V5,0.8725,0.05,-0.0331353,0.562568,1.00568,120
V5,0.8725,0.1,-0.029391,0.560904,1.01123,120
V5,0.8725,0.2,-0.0297258,0.563547,1.01155,120
V5,0.875,0.02,-0.0457609,0.570538,0.949263,120
V5,0.875,0.05,-0.0332558,0.562644,1.00498,120
V5,0.875,0.1,-0.0294249,0.56095,1.01115,120
V5,0.875,0.2,-0.0297228,0.563579,1.01155,120
V5,0.8775,0.02,-0.0457884,0.570592,0.949786,120
V5,0.8775,0.05,-0.033372,0.562701,1.00434,120
V5,0.8775,0.1,-0.0294591,0.560994,1.01107,120
V5,0.8775,0.2,-0.02972,0.563611,1.01155,120
V5,0.88,0.02,-0.0459157,0.570562,0.951143,120
V5,0.88,0.05,-0.0334839,0.562739,1.00377,120
V5,0.88,0.1,-0.0294933,0.561037,1.011,120
V5,0.88,0.2,-0.0297171,0.563643,1.01155,120
V5,0.8825,0.02,-0.0461311,0.570452,0.953248,120
V5,0.8825,0.05,-0.0335998,0.562761,1.00326,120
V5,0.8825,0.1,-0.0295272,0.561078,1.01092,120
V5,0.8825,0.2,-0.0297143,0.563675,1.01155,120
V5,0.885,0.02,-0.0464719,0.570246,0.956125,120
V5,0.885,0.05,-0.0337129,0.562765,1.0028,120
V5,0.885,0.1,-0.0295606,0.561118,1.01086,120
V5,0.885,0.2,-0.0297116,0.563707,1.01155,120
V5,0.8875,0.02,-0.046897,0.569971,0.959577,120
V5,0.8875,0.05,-0.0338217,0.562742,1.00239,120
V5,0.8875,0.1,-0.0295938,0.561155,1.01079,120
V5,0.8875,0.2,-0.0297088,0.563739,1.01155,120
V5,0.89,0.02,-0.0474174,0.569642,0.963481,120
V5,0.89,0.05,-0.0339264,0.5627,1.00203,120
V5,0.89,0.1,-0.0296266,0.561192,1.01073,120
V5,0.89,0.2,-0.0297061,0.563771,1.01154,120
V5,0.8925,0.02,-0.0480345,0.569269,0.967699,120
V5,0.8925,0.05,-0.0340364,0.562645,1.00173,120
V5,0.8925,0.1,-0.0296586,0.561226,1.01067,120
V5,0.8925,0.2,-0.0297034,0.563802,1.01154,120
V5,0.895,0.02,-0.0487269,0.568866,0.97217,120
V5,0.895,0.05,-0.0341419,0.562575,1.00148,120
V5,0.895,0.1,-0.0296897,0.561259,1.01061,120
V5,0.895,0.2,-0.0297008,0.563834,1.01153,120
V5,0.8975,0.02,-0.0495039,0.56845,0.976711,120
V5,0.8975,0.05,-0.0342426,0.562494,1.00126,120
V5,0.8975,0.1,-0.0297198,0.561291,1.01055,120
V5,0.8975,0.2,-0.0296982,0.563866,1.01152,120
V5,0.9,0.02,-0.0503516,0.567682,0.981242,120
V5,0.9,0.05,-0.034341,0.5624,1.00107,120
V5,0.9,0.1,-0.0297487,0.561321,1.0105,120
V5,0.9,0.2,-0.0296955,0.563897,1.01151,120
V5,0.9025,0.02,-0.0512426,0.566809,0.987785,120
V5,0.9025,0.05,-0.0344421,0.562295,1.00092,120
V5,0.9025,0.1,-0.0297763,0.56135,1.01045,120
V5,0.9025,0.2,-0.029693,0.563929,1.01151,120
V5,0.905,0.02,-0.0522002,0.565913,0.996647,120
V5,0.905,0.05,-0.0345381,0.562181,1.00081,120
V5,0.905,0.1,-0.0298032,0.561378,1.0104,120
V5,0.905,0.2,-0.0296904,0.56396,1.0115,120
V5,0.9075,0.02,-0.0531909,0.565007,1.00533,120
V5,0.9075,0.05,-0.0346287,0.562057,1.00073,120
V5,0.9075,0.1,-0.0298294,0.561405,1.01036,120
V5,0.9075,0.2,-0.0296879,0.563992,1.01151,120
V5,0.91,0.02,-0.0541935,0.564094,1.01381,120
V5,0.91,0.05,-0.0347176,0.561925,1.00066,120
V5,0.91,0.1,-0.0298541,0.56143,1.01034,120
V5,0.91,0.2,-0.0296853,0.564023,1.01152,120
V5,0.9125,0.02,-0.0551936,0.563086,1.02202,120
V5,0.9125,0.05,-0.0348072,0.561785,1.00062,120
V5,0.9125,0.1,-0.0298772,0.561455,1.01033,120
V5,0.9125,0.2,-0.0296828,0.564051,1.01153,120
V5,0.915,0.02,-0.0561745,0.562182,1.02953,120
V5,0.915,0.05,-0.0348909,0.561639,1.00061,120
V5,0.915,0.1,-0.0298985,0.561477,1.01032,120
V5,0.915,0.2,-0.0296803,0.56408,1.01155,120
V5,0.9175,0.02,-0.0571186,0.561341,1.0366,120
V5,0.9175,0.05,-0.0349686,0.561487,1.00062,120
V5,0.9175,0.1,-0.0299197,0.561497,1.01032,120
V5,0.9175,0.2,-0.0296779,0.564108,1.01156,120
V5,0.92,0.02,-0.0580079,0.56063,1.04279,120
V5,0.92,0.05,-0.0350435,0.561329,1.00066,120
V5,0.92,0.1,-0.0299394,0.561516,1.01032,120
V5,0.92,0.2,-0.0296754,0.564136,1.01157,120
V5,0.9225,0.02,-0.0588265,0.560037,1.04817,120
V5,0.9225,0.05,-0.0351186,0.561168,1.00072,120
V5,0.9225,0.1,-0.0299572,0.561534,1.01032,120
V5,0.9225,0.2,-0.0296729,0.564164,1.01158,120
V5,0.925,0.02,-0.0595616,0.559404,1.05275,120
V5,0.925,0.05,-0.0351871,0.561003,1.00079,120
V5,0.925,0.1,-0.0299731,0.561552,1.01033,120
V5,0.925,0.2,-0.0296705,0.564192,1.01158,120
V5,0.9275,0.02,-0.0602053,0.558848,1.0563,120
V5,0.9275,0.05,-0.0352489,0.560836,1.00089,120
V5,0.9275,0.1,-0.0299887,0.561569,1.01033,120
V5,0.9275,0.2,-0.0296681,0.56422,1.01159,120
V5,0.93,0.02,-0.0607545,0.558334,1.05928,120
V5,0.93,0.05,-0.0353053,0.560666,1.00102,120
V5,0.93,0.1,-0.0300029,0.561585,1.01034,120
V5,0.93,0.2,-0.0296657,0.564248,1.0116,120
V5,0.9325,0.02,-0.0612118,0.557884,1.06124,120
V5,0.9325,0.05,-0.0353631,0.560495,1.00119,120
V5,0.9325,0.1,-0.030015,0.561601,1.01035,120
V5,0.9325,0.2,-0.0296633,0.564276,1.0116,120
V5,0.935,0.02,-0.0615842,0.557488,1.06278,120
V5,0.935,0.05,-0.0354138,0.560324,1.00138,120
V5,0.935,0.1,-0.0300251,0.561617,1.01037,120
V5,0.935,0.2,-0.0296609,0.564303,1.01161,120
V5,0.9375,0.02,-0.0618822,0.55713,1.06376,120
V5,0.9375,0.05,-0.0354572,0.560153,1.00161,120
V5,0.9375,0.1,-0.0300354,0.561632,1.01039,120
V5,0.9375,0.2,-0.0296585,0.564331,1.01161,120
V5,0.94,0.02,-0.0621184,0.556794,1.0642,120
V5,0.94,0.05,-0.0354932,0.559983,1.00188,120
V5,0.94,0.1,-0.0300437,0.561647,1.01042,120
V5,0.94,0.2,-0.0296561,0.564359,1.01162,120
V5,0.9425,0.02,-0.0623065,0.556461,1.06468,120
V5,0.9425,0.05,-0.03553,0.559814,1.00218,120
V5,0.9425,0.1,-0.03005,0.561662,1.01045,120
V5,0.9425,0.2,-0.0296537,0.564386,1.01162,120
V5,0.945,0.02,-0.0624598,0.556103,1.06499,120
V5,0.945,0.05,-0.0355609,0.559647,1.00252,120
V5,0.945,0.1,-0.0300548,0.561677,1.01048,120
V5,0.945,0.2,-0.0296513,0.564414,1.01163,120
V5,0.9475,0.02,-0.0625906,0.555717,1.06522,120
V5,0.9475,0.05,-0.0355843,0.559484,1.0029,120
V5,0.9475,0.1,-0.0300593,0.561692,1.01051,120
V5,0.9475,0.2,-0.029649,0.564442,1.01164,120
V5,0.95,0.02,-0.0627098,0.555294,1.06548,120
V5,0.95,0.05,-0.0356,0.559324,1.00332,120
V5,0.95,0.1,-0.0300618,0.561707,1.01055,120
V5,0.95,0.2,-0.0296466,0.564469,1.01164,120
V5,0.9525,0.02,-0.0628264,0.554822,1.06618,120
V5,0.9525,0.05,-0.0356123,0.559168,1.00378,120
V5,0.9525,0.1,-0.0300623,0.561722,1.01059,120
V5,0.9525,0.2,-0.0296442,0.564496,1.01165,120
V5,0.955,0.02,-0.0629474,0.554292,1.06707,120
V5,0.955,0.05,-0.0356225,0.559017,1.00429,120
V5,0.955,0.1,-0.0300619,0.561737,1.01063,120
V5,0.955,0.2,-0.0296419,0.564524,1.01165,120
V5,0.9575,0.02,-0.0630783,0.553699,1.06819,120
V5,0.9575,0.05,-0.0356248,0.558872,1.00483,120
V5,0.9575,0.1,-0.0300607,0.561753,1.01066,120
V5,0.9575,0.2,-0.0296395,0.564551,1.01166,120
V5,0.96,0.02,-0.0632225,0.553038,1.06954,120
V5,0.96,0.05,-0.0356193,0.558734,1.00542,120
V5,0.96,0.1,-0.0300576,0.561769,1.0107,120
V5,0.96,0.2,-0.0296372,0.564579,1.01166,120
V5,0.9625,0.02,-0.0633817,0.55231,1.07114,120
V5,0.9625,0.05,-0.0356066,0.558603,1.00604,120
V5,0.9625,0.1,-0.0300525,0.561786,1.01074,120
V5,0.9625,0.2,-0.0296348,0.564606,1.01166,120
V5,0.965,0.02,-0.0635559,0.551516,1.07321,120
V5,0.965,0.05,-0.0355954,0.55848,1.00669,120
V5,0.965,0.1,-0.0300471,0.561803,1.01078,120
V5,0.965,0.2,-0.0296325,0.564633,1.01166,120
V5,0.9675,0.02,-0.0637435,0.550664,1.07553,120
V5,0.9675,0.05,-0.0355764,0.558366,1.00738,120
V5,0.9675,0.1,-0.0300406,0.561821,1.01082,120
V5,0.9675,0.2,-0.0296301,0.56466,1.01166,120
V5,0.97,0.02,-0.063941,0.549761,1.07796,120
V5,0.97,0.05,-0.0355493,0.558256,1.00809,120
V5,0.97,0.1,-0.0300322,0.561839,1.01087,120
V5,0.97,0.2,-0.0296278,0.564687,1.01166,120
V5,0.9725,0.02,-0.0641432,0.548781,1.0804,120
V5,0.9725,0.05,-0.0355141,0.558145,1.00882,120
V5,0.9725,0.1,-0.0300221,0.561858,1.01091,120
V5,0.9725,0.2,-0.0296254,0.564714,1.01166,120
V5,0.975,0.02,-0.0643432,0.547768,1.08302,120
V5,0.975,0.05,-0.0354797,0.558045,1.00956,120
V5,0.975,0.1,-0.0300118,0.561878,1.01096,120
V5,0.975,0.2,-0.0296231,0.564741,1.01166,120
V5,0.9775,0.02,-0.064532,0.546748,1.08564,120
V5,0.9775,0.05,-0.0354392,0.557956,1.01031,120
V5,0.9775,0.1,-0.0300003,0.561898,1.011,120
V5,0.9775,0.2,-0.0296208,0.564768,1.01166,120
V5,0.98,0.02,-0.064699,0.545744,1.08792,120
V5,0.98,0.05,-0.0353906,0.55788,1.01106,120
V5,0.98,0.1,-0.0299873,0.561919,1.01105,120
V5,0.98,0.2,-0.0296184,0.564795,1.01166,120
V5,0.9825,0.02,-0.0648324,0.544707,1.08997,120
V5,0.9825,0.05,-0.0353338,0.557816,1.01181,120
V5,0.9825,0.1,-0.0299727,0.561941,1.01109,120
V5,0.9825,0.2,-0.0296161,0.564822,1.01166,120
V5,0.985,0.02,-0.064919,0.543745,1.09168,120
V5,0.985,0.05,-0.0352775,0.557766,1.01255,120
V5,0.985,0.1,-0.0299575,0.561964,1.01114,120
V5,0.985,0.2,-0.0296138,0.564849,1.01166,120
V5,0.9875,0.02,-0.0649455,0.542839,1.09255,120
V5,0.9875,0.05,-0.0352159,0.557729,1.01328,120
V5,0.9875,0.1,-0.0299418,0.561987,1.01118,120
V5,0.9875,0.2,-0.0296115,0.564876,1.01166,120
V5,0.99,0.02,-0.0648991,0.542012,1.09315,120
V5,0.99,0.05,-0.0351462,0.557707,1.01399,120
V5,0.99,0.1,-0.0299248,0.562011,1.01123,120
V5,0.99,0.2,-0.0296091,0.564903,1.01166,120
V5,0.9925,0.02,-0.0647688,0.541317,1.09262,120
V5,0.9925,0.05,-0.0350684,0.557695,1.01467,120
V5,0.9925,0.1,-0.0299065,0.562037,1.01126,120
V5,0.9925,0.2,-0.0296068,0.56493,1.01166,120
V5,0.995,0.02,-0.064546,0.540731,1.0915,120
V5,0.995,0.05,-0.0349934,0.557682,1.01531,120
V5,0.995,0.1,-0.0298871,0.562063,1.0113,120
V5,0.995,0.2,-0.0296045,0.564956,1.01166,120
V5,0.9975,0.02,-0.0642257,0.540313,1.08922,120
V5,0.9975,0.05,-0.0349115,0.557685,1.01592,120
V5,0.9975,0.1,-0.0298673,0.56209,1.01133,120
V5,0.9975,0.2,-0.0296022,0.564983,1.01166,120
V5,1,0.02,-0.0638072,0.540048,1.08622,120
V5,1,0.05,-0.0348215,0.557703,1.01649,120
V5,1,0.1,-0.0298471,0.562118,1.01137,120
V5,1,0.2,-0.0295999,0.56501,1.01165,120
V5,1.0025,0.02,-0.0632939,0.539949,1.0821,120
V5,1.0025,0.05,-0.0347275,0.557737,1.01701,120
V5,1.0025,0.1,-0.0298259,0.562146,1.0114,120
V5,1.0025,0.2,-0.0295976,0.565036,1.01164,120
V5,1.005,0.02,-0.0626931,0.540034,1.08192,120
V5,1.005,0.05,-0.0346343,0.557786,1.01748,120
V5,1.005,0.1,-0.0298039,0.562176,1.01143,120
V5,1.005,0.2,-0.0295953,0.565063,1.01164,120
V5,1.0075,0.02,-0.0620152,0.540254,1.08426,120
V5,1.0075,0.05,-0.0345332,0.55785,1.01791,120
V5,1.0075,0.1,-0.0297811,0.562206,1.01146,120
V5,1.0075,0.2,-0.029593,0.565089,1.01163,120
V5,1.01,0.02,-0.061273,0.540663,1.08538,120
V5,1.01,0.05,-0.0344244,0.55793,1.01832,120
V5,1.01,0.1,-0.0297576,0.562235,1.01148,120
V5,1.01,0.2,-0.0295907,0.565116,1.01163,120
V5,1.0125,0.02,-0.0604797,0.541165,1.08585,120
V5,1.0125,0.05,-0.0343199,0.558023,1.01868,120
V5,1.0125,0.1,-0.0297336,0.562262,1.01151,120
V5,1.0125,0.2,-0.0295884,0.565142,1.01162,120
V5,1.015,0.02,-0.0596488,0.541832,1.08539,120
V5,1.015,0.05,-0.0342088,0.558119,1.01897,120
V5,1.015,0.1,-0.0297096,0.562291,1.01153,120
V5,1.015,0.2,-0.0295862,0.565169,1.01162,120
V5,1.0175,0.02,-0.0587926,0.542559,1.08426,120
V5,1.0175,0.05,-0.0340901,0.558221,1.01922,120
V5,1.0175,0.1,-0.0296853,0.56232,1.01155,120
V5,1.0175,0.2,-0.0295839,0.565195,1.01161,120
V5,1.02,0.02,-0.0579216,0.543401,1.08266,120
V5,1.02,0.05,-0.0339741,0.558336,1.0194,120
V5,1.02,0.1,-0.0296607,0.56235,1.01157,120
V5,1.02,0.2,-0.0295816,0.565222,1.01161,120
V5,1.0225,0.02,-0.0570447,0.544297,1.0804,120
V5,1.0225,0.05,-0.0338541,0.558464,1.01952,120
V5,1.0225,0.1,-0.0296358,0.562381,1.01159,120
V5,1.0225,0.2,-0.0295794,0.565245,1.01162,120
V5,1.025,0.02,-0.0561698,0.545239,1.07786,120
V5,1.025,0.05,-0.0337265,0.558604,1.01959,120
V5,1.025,0.1,-0.0296107,0.562412,1.01162,120
V5,1.025,0.2,-0.0295771,0.565269,1.01163,120
V5,1.0275,0.02,-0.0553449,0.546256,1.07504,120
V5,1.0275,0.05,-0.0336023,0.558754,1.0196,120
V5,1.0275,0.1,-0.0295856,0.562444,1.01165,120
V5,1.0275,0.2,-0.0295749,0.565293,1.01164,120
V5,1.03,0.02,-0.0545319,0.547245,1.07189,120
V5,1.03,0.05,-0.0334743,0.558914,1.01955,120
V5,1.03,0.1,-0.0295605,0.562477,1.01168,120
V5,1.03,0.2,-0.0295727,0.565316,1.01165,120
V5,1.0325,0.02,-0.0537318,0.548275,1.06848,120
V5,1.0325,0.05,-0.0333389,0.559083,1.01946,120
V5,1.0325,0.1,-0.0295356,0.56251,1.0117,120
V5,1.0325,0.2,-0.0295705,0.56534,1.01166,120
V5,1.035,0.02,-0.052961,0.549337,1.06501,120
V5,1.035,0.05,-0.0332097,0.55926,1.01932,120
V5,1.035,0.1,-0.0295109,0.562543,1.01172,120
V5,1.035,0.2,-0.0295683,0.565363,1.01167,120
V5,1.0375,0.02,-0.0522446,0.55037,1.06149,120
V5,1.0375,0.05,-0.0330745,0.559444,1.01913,120
V5,1.0375,0.1,-0.0294865,0.562577,1.01174,120
V5,1.0375,0.2,-0.0295661,0.565387,1.01168,120
V5,1.04,0.02,-0.051539,0.551404,1.05784,120
V5,1.04,0.05,-0.0329351,0.559634,1.0189,120
V5,1.04,0.1,-0.0294625,0.562612,1.01176,120
V5,1.04,0.2,-0.0295639,0.56541,1.01169,120
V5,1.0425,0.02,-0.0508653,0.552448,1.05406,120
V5,1.0425,0.05,-0.0328006,0.559826,1.01863,120
V5,1.0425,0.1,-0.029439,0.562647,1.01177,120
V5,1.0425,0.2,-0.0295617,0.565434,1.01169,120
V5,1.045,0.02,-0.0502383,0.553496,1.05021,120
V5,1.045,0.05,-0.0326588,0.560015,1.01832,120
V5,1.045,0.1,-0.0294168,0.562682,1.01178,120
V5,1.045,0.2,-0.0295596,0.565457,1.0117,120
V5,1.0475,0.02,-0.0496134,0.554524,1.04628,120
V5,1.0475,0.05,-0.0325191,0.560207,1.01799,120
V5,1.0475,0.1,-0.0293954,0.562718,1.01179,120
V5,1.0475,0.2,-0.0295574,0.56548,1.0117,120
V5,1.05,0.02,-0.0490408,0.555534,1.04226,120
V5,1.05,0.05,-0.0323783,0.560402,1.01762,120
V5,1.05,0.1,-0.0293747,0.562754,1.0118,120
V5,1.05,0.2,-0.0295553,0.565504,1.01171,120
V5,1.0525,0.02,-0.0484778,0.556543,1.03817,120
V5,1.0525,0.05,-0.0322318,0.560599,1.01724,120
V5,1.0525,0.1,-0.0293549,0.56279,1.0118,120
V5,1.0525,0.2,-0.0295531,0.565527,1.01172,120
V5,1.055,0.02,-0.0479347,0.55755,1.03399,120
V5,1.055,0.05,-0.0320923,0.560797,1.01683,120
V5,1.055,0.1,-0.0293363,0.562826,1.01181,120
V5,1.055,0.2,-0.029551,0.56555,1.01172,120
V5,1.0575,0.02,-0.0474213,0.558552,1.02972,120
V5,1.0575,0.05,-0.0319455,0.560994,1.01641,120
V5,1.0575,0.1,-0.0293196,0.562862,1.01181,120
V5,1.0575,0.2,-0.0295489,0.565573,1.01173,120
V5,1.06,0.02,-0.0469044,0.559548,1.02538,120
V5,1.06,0.05,-0.031802,0.561191,1.01598,120
V5,1.06,0.1,-0.0293041,0.562899,1.01181,120
V5,1.06,0.2,-0.0295468,0.565597,1.01173,120
V5,1.0625,0.02,-0.0464299,0.560534,1.02098,120
V5,1.0625,0.05,-0.0316565,0.561386,1.01554,120
V5,1.0625,0.1,-0.0292897,0.562935,1.01181,120
V5,1.0625,0.2,-0.0295448,0.56562,1.01174,120
V5,1.065,0.02,-0.0459379,0.561507,1.01654,120
V5,1.065,0.05,-0.0315084,0.561578,1.01512,120
V5,1.065,0.1,-0.0292779,0.562972,1.01181,120
V5,1.065,0.2,-0.0295427,0.565643,1.01175,120
V5,1.0675,0.02,-0.0454954,0.562465,1.01207,120
V5,1.0675,0.05,-0.0313643,0.561767,1.01471,120
V5,1.0675,0.1,-0.0292673,0.563008,1.0118,120
V5,1.0675,0.2,-0.0295406,0.565666,1.01175,120
V5,1.07,0.02,-0.0450322,0.563404,1.00763,120
V5,1.07,0.05,-0.0312128,0.561952,1.01429,120
V5,1.07,0.1,-0.0292586,0.563044,1.0118,120
V5,1.07,0.2,-0.0295386,0.565689,1.01176,120
V5,1.0725,0.02,-0.0446204,0.56432,1.00328,120
V5,1.0725,0.05,-0.0310696,0.562132,1.01387,120
V5,1.0725,0.1,-0.0292521,0.56308,1.01179,120
V5,1.0725,0.2,-0.0295366,0.565712,1.01176,120
V5,1.075,0.02,-0.0441963,0.565208,0.999059,120
V5,1.075,0.05,-0.0309193,0.562306,1.01347,120
V5,1.075,0.1,-0.0292467,0.563116,1.01178,120
V5,1.075,0.2,-0.0295346,0.565735,1.01177,120
V5,1.0775,0.02,-0.0438195,0.566064,0.995028,120
V5,1.0775,0.05,-0.0307727,0.562475,1.01307,120
V5,1.0775,0.1,-0.0292441,0.563152,1.01176,120
V5,1.0775,0.2,-0.0295326,0.565758,1.01177,120
V5,1.08,0.02,-0.0434504,0.566886,0.991253,120
V5,1.08,0.05,-0.0306235,0.562638,1.01269,120
V5,1.08,0.1,-0.0292428,0.563187,1.01175,120
V5,1.08,0.2,-0.0295306,0.565781,1.01177,120
V5,1.0825,0.02,-0.0431171,0.56767,0.987931,120
V5,1.0825,0.05,-0.0304738,0.562793,1.01232,120
V5,1.0825,0.1,-0.0292433,0.563222,1.01173,120
V5,1.0825,0.2,-0.0295286,0.565804,1.01178,120
V5,1.085,0.02,-0.0428209,0.568401,0.985024,120
V5,1.085,0.05,-0.0305856,0.562942,1.01197,120
V5,1.085,0.1,-0.0292457,0.563257,1.01171,120
V5,1.085,0.2,-0.0295267,0.565827,1.01178,120
V5,1.0875,0.02,-0.042743,0.569068,0.982513,120
V5,1.0875,0.05,-0.0306946,0.563082,1.01163,120
V5,1.0875,0.1,-0.0292492,0.563291,1.0117,120
V5,1.0875,0.2,-0.0295247,0.56585,1.01178,120
V5,1.09,0.02,-0.0427079,0.569691,0.980456,120
V5,1.09,0.05,-0.0308021,0.563215,1.01131,120
V5,1.09,0.1,-0.0292545,0.563325,1.01168,120
V5,1.09,0.2,-0.0295228,0.565873,1.01178,120
V5,1.0925,0.02,-0.0427229,0.570246,0.978876,120
V5,1.0925,0.05,-0.0309092,0.563339,1.01102,120
V5,1.0925,0.1,-0.0292612,0.563359,1.01166,120
V5,1.0925,0.2,-0.0295209,0.565896,1.01178,120
V5,1.095,0.02,-0.0427494,0.570739,0.97789,120
V5,1.095,0.05,-0.0310092,0.563455,1.01074,120
V5,1.095,0.1,-0.0292689,0.563392,1.01164,120
V5,1.095,0.2,-0.029519,0.565918,1.01178,120
V5,1.0975,0.02,-0.0428422,0.571167,0.977455,120
V5,1.0975,0.05,-0.0311145,0.563556,1.01049,120
V5,1.0975,0.1,-0.0292773,0.563425,1.01162,120
V5,1.0975,0.2,-0.0295171,0.565941,1.01178,120
V5,1.1,0.02,-0.0429534,0.571529,0.977475,120
V5,1.1,0.05,-0.0312125,0.563647,1.01026,120
V5,1.1,0.1,-0.0292873,0.563458,1.0116,120
V5,1.1,0.2,-0.0295152,0.565964,1.01178,120
V5,1.1025,0.02,-0.0431155,0.571816,0.977946,120
V5,1.1025,0.05,-0.0313111,0.563729,1.01005,120
V5,1.1025,0.1,-0.0292981,0.563489,1.01159,120
V5,1.1025,0.2,-0.0295133,0.565987,1.01178,120
V5,1.105,0.02,-0.0433164,0.572048,0.978867,120
V5,1.105,0.05,-0.0314075,0.563801,1.00986,120
V5,1.105,0.1,-0.0293094,0.563521,1.01157,120
V5,1.105,0.2,-0.0295115,0.566009,1.01178,120
V5,1.1075,0.02,-0.0435502,0.572188,0.980272,120
V5,1.1075,0.05,-0.0314992,0.563865,1.0097,120
V5,1.1075,0.1,-0.0293213,0.563552,1.01155,120
V5,1.1075,0.2,-0.0295096,0.566032,1.01178,120
V5,1.11,0.02,-0.0438412,0.572267,0.982117,120
V5,1.11,0.05,-0.0315941,0.56392,1.00955,120
V5,1.11,0.1,-0.0293336,0.563582,1.01153,120
V5,1.11,0.2,-0.0295078,0.566054,1.01178,120
V5,1.1125,0.02,-0.0441481,0.572278,0.984309,120
V5,1.1125,0.05,-0.0316814,0.563966,1.00943,120
V5,1.1125,0.1,-0.0293463,0.563612,1.01151,120
V5,1.1125,0.2,-0.029506,0.566077,1.01178,120
V5,1.115,0.02,-0.0445257,0.572201,0.986785,120
V5,1.115,0.05,-0.0317725,0.564003,1.00932,120
V5,1.115,0.1,-0.0293592,0.563641,1.01149,120
V5,1.115,0.2,-0.0295042,0.5661,1.01178,120
V5,1.1175,0.02,-0.0449116,0.572062,0.989545,120
V5,1.1175,0.05,-0.0318583,0.564032,1.00922,120
V5,1.1175,0.1,-0.0293725,0.56367,1.01147,120
V5,1.1175,0.2,-0.0295024,0.566122,1.01178,120
V5,1.12,0.02,-0.0453626,0.57167,0.992549,120
V5,1.12,0.05,-0.0319424,0.564053,1.00914,120
V5,1.12,0.1,-0.0293859,0.563699,1.01144,120
V5,1.12,0.2,-0.0295006,0.566145,1.01179,120
V5,1.1225,0.02,-0.0458173,0.571243,0.995725,120
V5,1.1225,0.05,-0.0320266,0.564065,1.00906,120
V5,1.1225,0.1,-0.0293995,0.563726,1.01142,120
V5,1.1225,0.2,-0.0294988,0.566167,1.01178,120
V5,1.125,0.02,-0.046338,0.570801,0.999044,120
V5,1.125,0.05,-0.0321037,0.56407,1.009,120
V5,1.125,0.1,-0.0294131,0.563754,1.0114,120
V5,1.125,0.2,-0.0294971,0.566189,1.01178,120
V5,1.1275,0.02,-0.0468603,0.570349,1.00246,120
V5,1.1275,0.05,-0.0321862,0.564067,1.00895,120
V5,1.1275,0.1,-0.0294267,0.563781,1.01137,120
V5,1.1275,0.2,-0.0294953,0.566212,1.01178,120
V5,1.13,0.02,-0.0474268,0.569897,1.0059,120
V5,1.13,0.05,-0.0322607,0.564057,1.00891,120
V5,1.13,0.1,-0.0294401,0.563805,1.01135,120
V5,1.13,0.2,-0.0294936,0.566234,1.01177,120
V5,1.1325,0.02,-0.0480095,0.569455,1.00929,120
V5,1.1325,0.05,-0.0323365,0.56404,1.00888,120
V5,1.1325,0.1,-0.0294535,0.563828,1.01133,120
V5,1.1325,0.2,-0.0294918,0.566256,1.01177,120
V5,1.135,0.02,-0.0485893,0.569033,1.01256,120
V5,1.135,0.05,-0.0324091,0.564016,1.00885,120
V5,1.135,0.1,-0.0294667,0.563851,1.01131,120
V5,1.135,0.2,-0.0294901,0.566279,1.01176,120
V5,1.1375,0.02,-0.0492163,0.568571,1.01563,120
V5,1.1375,0.05,-0.032477,0.563987,1.00882,120
V5,1.1375,0.1,-0.0294797,0.563874,1.01129,120
V5,1.1375,0.2,-0.0294884,0.566301,1.01176,120
V5,1.14,0.02,-0.0498332,0.56792,1.01865,120
V5,1.14,0.05,-0.0325475,0.563951,1.0088,120
V5,1.14,0.1,-0.0294924,0.563896,1.01127,120
V5,1.14,0.2,-0.0294867,0.566323,1.01175,120
V5,1.1425,0.02,-0.0504361,0.567246,1.02134,120
V5,1.1425,0.05,-0.0326098,0.563911,1.00878,120
V5,1.1425,0.1,-0.0295048,0.563918,1.01126,120
V5,1.1425,0.2,-0.029485,0.566345,1.01175,120
V5,1.145,0.02,-0.0510406,0.566558,1.02359,120
V5,1.145,0.05,-0.0326752,0.563865,1.00874,120
V5,1.145,0.1,-0.0295168,0.563939,1.01124,120
V5,1.145,0.2,-0.0294833,0.566368,1.01175,120
V5,1.1475,0.02,-0.0516413,0.565864,1.02531,120
V5,1.1475,0.05,-0.0327351,0.563815,1.00871,120
V5,1.1475,0.1,-0.0295283,0.56396,1.01122,120
V5,1.1475,0.2,-0.0294817,0.56639,1.01174,120
V5,1.15,0.02,-0.0522108,0.565173,1.02672,120
V5,1.15,0.05,-0.0327917,0.563761,1.00867,120
V5,1.15,0.1,-0.0295394,0.56398,1.01122,120
V5,1.15,0.2,-0.02948,0.566412,1.01174,120
V5,1.1525,0.02,-0.0527439,0.564496,1.02757,120
V5,1.1525,0.05,-0.0328489,0.563703,1.00864,120
V5,1.1525,0.1,-0.02955,0.564001,1.01122,120
V5,1.1525,0.2,-0.0294784,0.566432,1.01173,120
V5,1.155,0.02,-0.0532355,0.563844,1.02774,120
V5,1.155,0.05,-0.0328977,0.563642,1.0086,120
V5,1.155,0.1,-0.02956,0.56402,1.01122,120
V5,1.155,0.2,-0.0294767,0.566452,1.01173,120
V5,1.1575,0.02,-0.0536866,0.563227,1.02939,120
V5,1.1575,0.05,-0.0329507,0.563576,1.00856,120
V5,1.1575,0.1,-0.0295694,0.56404,1.01122,120
V5,1.1575,0.2,-0.0294751,0.566472,1.01172,120
V5,1.16,0.02,-0.0541124,0.562652,1.03345,120
V5,1.16,0.05,-0.0329965,0.563509,1.00852,120
V5,1.16,0.1,-0.0295782,0.564059,1.01122,120
V5,1.16,0.2,-0.0294734,0.566491,1.01173,120
V5,1.1625,0.02,-0.0544866,0.562127,1.03718,120
V5,1.1625,0.05,-0.0330397,0.56344,1.00848,120
V5,1.1625,0.1,-0.029587,0.564078,1.01122,120
V5,1.1625,0.2,-0.0294718,0.566511,1.01174,120
V5,1.165,0.02,-0.0548085,0.561656,1.04022,120
V5,1.165,0.05,-0.0330826,0.56337,1.00843,120
V5,1.165,0.1,-0.0295954,0.564096,1.01122,120
V5,1.165,0.2,-0.0294702,0.56653,1.01175,120
V5,1.1675,0.02,-0.0550788,0.561218,1.04287,120
V5,1.1675,0.05,-0.0331166,0.5633,1.00839,120
V5,1.1675,0.1,-0.0296031,0.564114,1.01122,120
V5,1.1675,0.2,-0.0294686,0.56655,1.01176,120
V5,1.17,0.02,-0.0552992,0.560826,1.04514,120
V5,1.17,0.05,-0.0331553,0.563229,1.00835,120
V5,1.17,0.1,-0.0296102,0.564132,1.01123,120
V5,1.17,0.2,-0.029467,0.566569,1.01177,120
V5,1.1725,0.02,-0.0554725,0.560485,1.04682,120
V5,1.1725,0.05,-0.0331861,0.563158,1.00832,120
V5,1.1725,0.1,-0.0296165,0.56415,1.01123,120
V5,1.1725,0.2,-0.0294654,0.566589,1.01177,120
V5,1.175,0.02,-0.0556117,0.560194,1.04823,120
V5,1.175,0.05,-0.0332143,0.563085,1.00827,120
V5,1.175,0.1,-0.0296221,0.564168,1.01123,120
V5,1.175,0.2,-0.0294638,0.566608,1.01178,120
V5,1.1775,0.02,-0.0557372,0.559946,1.04945,120
V5,1.1775,0.05,-0.0332418,0.563012,1.00824,120
V5,1.1775,0.1,-0.029627,0.564185,1.01124,120
V5,1.1775,0.2,-0.0294622,0.566628,1.01179,120
V5,1.18,0.02,-0.0558292,0.559735,1.0503,120
V5,1.18,0.05,-0.0332603,0.56294,1.0082,120
V5,1.18,0.1,-0.0296313,0.564203,1.01124,120
V5,1.18,0.2,-0.0294606,0.566647,1.01179,120
V5,1.1825,0.02,-0.0558915,0.559526,1.05086,120
V5,1.1825,0.05,-0.0332835,0.562869,1.00818,120
V5,1.1825,0.1,-0.0296357,0.56422,1.01125,120
V5,1.1825,0.2,-0.029459,0.566667,1.0118,120
V5,1.185,0.02,-0.0559279,0.559341,1.05154,120
V5,1.185,0.05,-0.0332986,0.562799,1.00817,120
V5,1.185,0.1,-0.0296394,0.564237,1.01125,120
V5,1.185,0.2,-0.0294575,0.566686,1.0118,120
V5,1.1875,0.02,-0.0559417,0.559174,1.05211,120
V5,1.1875,0.05,-0.0333111,0.56273,1.00816,120
V5,1.1875,0.1,-0.0296423,0.564254,1.01126,120
V5,1.1875,0.2,-0.0294559,0.566705,1.01181,120
V5,1.19,0.02,-0.0559791,0.559016,1.05258,120
V5,1.19,0.05,-0.0333227,0.562663,1.00817,120
V5,1.19,0.1,-0.0296445,0.564271,1.01127,120
V5,1.19,0.2,-0.0294544,0.566725,1.01181,120
V5,1.1925,0.02,-0.0560046,0.558862,1.05299,120
V5,1.1925,0.05,-0.0333251,0.562598,1.00819,120
V5,1.1925,0.1,-0.0296458,0.564288,1.01128,120
V5,1.1925,0.2,-0.0294528,0.566744,1.01182,120
V5,1.195,0.02,-0.0560163,0.558705,1.05345,120
V5,1.195,0.05,-0.0333328,0.562535,1.00822,120
V5,1.195,0.1,-0.0296464,0.564305,1.01129,120
V5,1.195,0.2,-0.0294513,0.566763,1.01183,120
V5,1.1975,0.02,-0.0560152,0.558541,1.0542,120
V5,1.1975,0.05,-0.0333317,0.562474,1.00826,120
V5,1.1975,0.1,-0.0296466,0.564321,1.0113,120
V5,1.1975,0.2,-0.0294497,0.566783,1.01183,120
V5,1.2,0.02,-0.0560298,0.558366,1.05498,120
V5,1.2,0.05,-0.0333289,0.562416,1.00832,120
V5,1.2,0.1,-0.0296468,0.564338,1.01131,120
V5,1.2,0.2,-0.0294482,0.566802,1.01184,120
V5,1.2025,0.02,-0.0560576,0.558175,1.05581,120
V5,1.2025,0.05,-0.0333243,0.562361,1.00839,120
V5,1.2025,0.1,-0.0296463,0.564355,1.01132,120
V5,1.2025,0.2,-0.0294467,0.566821,1.01184,120
V5,1.205,0.02,-0.0560737,0.557959,1.05669,120
V5,1.205,0.05,-0.0333113,0.562308,1.00848,120
V5,1.205,0.1,-0.029645,0.564372,1.01133,120
V5,1.205,0.2,-0.0294451,0.56684,1.01185,120
V5,1.2075,0.02,-0.0560771,0.557715,1.05763,120
V5,1.2075,0.05,-0.0333033,0.562259,1.00858,120
V5,1.2075,0.1,-0.029643,0.564389,1.01133,120
V5,1.2075,0.2,-0.0294436,0.566859,1.01185,120
V5,1.21,0.02,-0.0560857,0.557452,1.05882,120
V5,1.21,0.05,-0.0332858,0.562214,1.0087,120
V5,1.21,0.1,-0.0296402,0.564406,1.01134,120
V5,1.21,0.2,-0.0294421,0.566878,1.01186,120
V5,1.2125,0.02,-0.0561111,0.55717,1.06013,120
V5,1.2125,0.05,-0.0332688,0.562172,1.00883,120
V5,1.2125,0.1,-0.0296368,0.564424,1.01135,120
V5,1.2125,0.2,-0.0294406,0.566897,1.01186,120
V5,1.215,0.02,-0.0561176,0.55687,1.0614,120
V5,1.215,0.05,-0.033248,0.562133,1.00896,120
V5,1.215,0.1,-0.029633,0.564441,1.01136,120
V5,1.215,0.2,-0.0294391,0.566917,1.01187,120
V5,1.2175,0.02,-0.0561022,0.556557,1.06262,120
V5,1.2175,0.05,-0.0332215,0.562099,1.00911,120
V5,1.2175,0.1,-0.0296292,0.564459,1.01136,120
V5,1.2175,0.2,-0.0294376,0.566936,1.01188,120
V5,1.22,0.02,-0.056062,0.556234,1.0637,120
V5,1.22,0.05,-0.0331972,0.562068,1.00927,120
V5,1.22,0.1,-0.0296248,0.564476,1.01137,120
V5,1.22,0.2,-0.0294361,0.566955,1.01188,120
V5,1.2225,0.02,-0.0560413,0.555907,1.06497,120
V5,1.2225,0.05,-0.0331635,0.562042,1.00944,120
V5,1.2225,0.1,-0.0296197,0.564494,1.01138,120
V5,1.2225,0.2,-0.0294346,0.566974,1.01188,120
V5,1.225,0.02,-0.0559873,0.555583,1.06608,120
V5,1.225,0.05,-0.0331341,0.56202,1.00961,120
V5,1.225,0.1,-0.029614,0.564512,1.01139,120
V5,1.225,0.2,-0.0294331,0.566993,1.01188,120
V5,1.2275,0.02,-0.0558962,0.555257,1.0677,120
V5,1.2275,0.05,-0.033097,0.562003,1.0098,120
V5,1.2275,0.1,-0.0296077,0.56453,1.0114,120
V5,1.2275,0.2,-0.0294316,0.567012,1.01188,120
V5,1.23,0.02,-0.0557644,0.554923,1.06933,120
V5,1.23,0.05,-0.0330593,0.56199,1.00999,120
V5,1.23,0.1,-0.0296008,0.564548,1.01141,120
V5,1.23,0.2,-0.0294301,0.567031,1.01189,120
V5,1.2325,0.02,-0.0555955,0.554615,1.07055,120
V5,1.2325,0.05,-0.0330189,0.561982,1.01018,120
V5,1.2325,0.1,-0.0295934,0.564567,1.01142,120
V5,1.2325,0.2,-0.0294286,0.567049,1.01189,120
V5,1.235,0.02,-0.0554164,0.554341,1.07172,120
V5,1.235,0.05,-0.0329732,0.561978,1.01038,120
V5,1.235,0.1,-0.0295858,0.564586,1.01144,120
V5,1.235,0.2,-0.0294271,0.567068,1.01189,120
V5,1.2375,0.02,-0.0551876,0.554111,1.07254,120
V5,1.2375,0.05,-0.0329297,0.561972,1.01058,120
V5,1.2375,0.1,-0.0295782,0.564604,1.01145,120
V5,1.2375,0.2,-0.0294257,0.567087,1.01189,120
V5,1.24,0.02,-0.0549076,0.553913,1.0728,120
V5,1.24,0.05,-0.0328768,0.561968,1.01078,120
V5,1.24,0.1,-0.0295701,0.564624,1.01146,120
V5,1.24,0.2,-0.0294242,0.567106,1.01189,120
V5,1.2425,0.02,-0.0545758,0.553735,1.07248,120
V5,1.2425,0.05,-0.0328301,0.561969,1.01097,120
V5,1.2425,0.1,-0.0295616,0.564643,1.01147,120
V5,1.2425,0.2,-0.0294227,0.567125,1.01189,120
V5,1.245,0.02,-0.0542041,0.553619,1.07215,120
V5,1.245,0.05,-0.0327739,0.561974,1.01117,120
V5,1.245,0.1,-0.0295526,0.564662,1.01148,120
V5,1.245,0.2,-0.0294213,0.567144,1.01189,120
V5,1.2475,0.02,-0.0538187,0.55357,1.07118,120
V5,1.2475,0.05,-0.0327209,0.561985,1.01135,120
V5,1.2475,0.1,-0.0295432,0.564682,1.01149,120
V5,1.2475,0.2,-0.0294198,0.567163,1.01189,120
V5,1.25,0.02,-0.0533863,0.553572,1.06959,120
V5,1.25,0.05,-0.0326616,0.562,1.01155,120
V5,1.25,0.1,-0.0295335,0.564702,1.01151,120
V5,1.25,0.2,-0.0294184,0.567181,1.01189,120
V5,1.2525,0.02,-0.0529093,0.553595,1.06779,120
V5,1.2525,0.05,-0.0326028,0.562019,1.01175,120
V5,1.2525,0.1,-0.0295235,0.564722,1.01151,120
V5,1.2525,0.2,-0.0294169,0.5672,1.01189,120
V5,1.255,0.02,-0.052398,0.553684,1.06564,120
V5,1.255,0.05,-0.0325406,0.562044,1.01194,120
V5,1.255,0.1,-0.0295132,0.564743,1.01152,120
V5,1.255,0.2,-0.0294155,0.567219,1.0119,120
V5,1.2575,0.02,-0.0518987,0.553837,1.06297,120
V5,1.2575,0.05,-0.0324764,0.562073,1.01212,120
V5,1.2575,0.1,-0.0295027,0.564763,1.01153,120
V5,1.2575,0.2,-0.029414,0.567237,1.0119,120
V5,1.26,0.02,-0.0513657,0.55404,1.05991,120
V5,1.26,0.05,-0.0324114,0.562106,1.01229,120
V5,1.26,0.1,-0.0294919,0.564784,1.01153,120
V5,1.26,0.2,-0.0294126,0.567256,1.0119,120
V5,1.2625,0.02,-0.0508019,0.554247,1.05688,120
V5,1.2625,0.05,-0.0323426,0.562144,1.01245,120
V5,1.2625,0.1,-0.029481,0.564805,1.01154,120
V5,1.2625,0.2,-0.0294112,0.567275,1.0119,120
V5,1.265,0.02,-0.0502669,0.554504,1.05349,120
V5,1.265,0.05,-0.0322748,0.562186,1.01259,120
V5,1.265,0.1,-0.0294699,0.564827,1.01155,120
V5,1.265,0.2,-0.0294097,0.567293,1.0119,120
V5,1.2675,0.02,-0.0497166,0.554803,1.0498,120
V5,1.2675,0.05,-0.0322021,0.562232,1.01272,120
V5,1.2675,0.1,-0.0294588,0.564848,1.01155,120
V5,1.2675,0.2,-0.0294083,0.567312,1.0119,120
V5,1.27,0.02,-0.0491526,0.55514,1.04596,120
V5,1.27,0.05,-0.0321315,0.562282,1.01284,120
V5,1.27,0.1,-0.0294477,0.56487,1.01156,120
V5,1.27,0.2,-0.0294069,0.567331,1.0119,120
V5,1.2725,0.02,-0.0486307,0.555491,1.04223,120
V5,1.2725,0.05,-0.0320554,0.562336,1.01294,120
V5,1.2725,0.1,-0.0294366,0.564892,1.01156,120
V5,1.2725,0.2,-0.0294055,0.567349,1.0119,120
V5,1.275,0.02,-0.0480882,0.55584,1.03864,120
V5,1.275,0.05,-0.0319822,0.562393,1.01304,120
V5,1.275,0.1,-0.0294254,0.564912,1.01157,120
V5,1.275,0.2,-0.0294041,0.567368,1.0119,120
V5,1.2775,0.02,-0.0475838,0.556211,1.03753,120
V5,1.2775,0.05,-0.0319032,0.562454,1.01312,120
V5,1.2775,0.1,-0.0294142,0.564931,1.01157,120
V5,1.2775,0.2,-0.0294027,0.567386,1.0119,120
V5,1.28,0.02,-0.0470791,0.5566,1.03621,120
V5,1.28,0.05,-0.0318273,0.562518,1.01319,120
V5,1.28,0.1,-0.029403,0.564951,1.01158,120
V5,1.28,0.2,-0.0294013,0.567405,1.0119,120
V5,1.2825,0.02,-0.0466018,0.557001,1.03473,120
V5,1.2825,0.05,-0.031746,0.562584,1.01325,120
V5,1.2825,0.1,-0.0293919,0.564971,1.01158,120
V5,1.2825,0.2,-0.0293999,0.567423,1.01189,120
V5,1.285,0.02,-0.0461369,0.557411,1.03312,120
V5,1.285,0.05,-0.0316675,0.562654,1.01329,120
V5,1.285,0.1,-0.0293808,0.564991,1.01159,120
V5,1.285,0.2,-0.0293985,0.567442,1.01189,120
V5,1.2875,0.02,-0.0456991,0.557826,1.03142,120
V5,1.2875,0.05,-0.0315842,0.562719,1.01333,120
V5,1.2875,0.1,-0.0293699,0.565011,1.01159,120
V5,1.2875,0.2,-0.0293971,0.56746,1.01189,120
V5,1.29,0.02,-0.0452729,0.558234,1.02978,120
V5,1.29,0.05,-0.0315031,0.562786,1.01335,120
V5,1.29,0.1,-0.0293594,0.565031,1.0116,120
V5,1.29,0.2,-0.0293958,0.567478,1.01188,120
V5,1.2925,0.02,-0.0448818,0.55863,1.02809,120
V5,1.2925,0.05,-0.0314183,0.562856,1.01337,120
V5,1.2925,0.1,-0.029349,0.565051,1.0116,120
V5,1.2925,0.2,-0.0293944,0.567497,1.01188,120
V5,1.295,0.02,-0.0444909,0.559027,1.02636,120
V5,1.295,0.05,-0.0313345,0.562927,1.01338,120
V5,1.295,0.1,-0.029339,0.565072,1.0116,120
V5,1.295,0.2,-0.029393,0.567515,1.01188,120
V5,1.2975,0.02,-0.0441502,0.559423,1.02462,120
V5,1.2975,0.05,-0.0312486,0.563001,1.01337,120
V5,1.2975,0.1,-0.0293292,0.565092,1.0116,120
V5,1.2975,0.2,-0.0293917,0.567534,1.01187,120
V5,1.3,0.02,-0.0438036,0.559817,1.02288,120
V5,1.3,0.05,-0.0311621,0.563076,1.01336,120
V5,1.3,0.1,-0.0293196,0.565113,1.01161,120
V5,1.3,0.2,-0.0293903,0.567552,1.01187,120
