i2,i3,phi2,phi3,lam_a,skew_a,Fmin_a,Fmax_a,dF_left_ppm_a,Q_ppm_a,R_ppm_a,lam_b,skew_b,Fmin_b,Fmax_b,dF_left_ppm_b,Q_ppm_b,R_ppm_b,lam_c,skew_c,Fmin_c,Fmax_c,dF_left_ppm_c,Q_ppm_c,R_ppm_c,z_end,zd_end
0,0,0,0,75.784999999999997,1.7054366435724002,0,41.12806649433719,12.385479927004834,4.2895060296480994,8.0959739026243192,75.787499999999994,1.7054401380243627,0,41.129889873988091,5.1586154700194724,3.9956789239857207,1.1629365512258729,75.790500000000009,1.7054595876083396,0,41.131366949746706,-9.1895088295607419,-9.5429796507690092,0.35347082643514799,-3.0406984463609455e-05,-0.52017928929712309
0,1,0,18.94736842105263,75.831000000000003,1.7067003982923969,0,41.088878228468182,-35.477251964157333,-36.517043313450976,1.0397913531243765,75.8215,1.7066202770494758,0,41.087539576793148,59.785838854822281,57.597436472210468,2.1884023864716111,75.828500000000005,1.7066845495746394,0,41.088417676805008,-4.9389908291838633,-4.1381246998956334,-0.80086612546665492,0.0012048701043807996,-0.49247860899057072
0,2,0,37.89473684210526,75.944999999999993,1.7104470271089438,0,40.966301222965789,16.982118423873562,17.42327827421051,-0.44115984808331399,75.948000000000008,1.7104721550602879,0,40.959691058089206,-24.096972749211574,-22.567624129521256,-1.5293486173376256,75.945499999999996,1.7104664620620909,0,40.960695725489153,-8.4870575032884545,-9.6987887411383014,1.2117312400352231,0.0030522047618539252,-0.44386553385018546
0,3,0,56.842105263157897,76.143000000000001,1.7173953202343326,0,40.655724252461816,-4.8138798983825888,-10.371601244993254,5.5577213487455586,76.141999999999996,1.7172859599872705,0,40.625874444903403,-18.713908982140371,-18.891868564519953,0.17795958455357014,76.145499999999998,1.7172965917290466,0,40.629943960712446,-12.868223183701668,-13.793516490507473,0.92529330885173988,0.012969718032848677,-0.35277781818047049
0,4,0,75.78947368421052,76.126999999999995,1.7147603373544138,0,39.921150254955933,30.008220726892713,31.969716698299177,-1.9614959697445249,76.125500000000002,1.714752993810329,0,39.922287308570638,20.625119600168809,22.779346003093519,-2.1542264012487999,76.124499999999998,1.7147091141435653,0,39.919238141193311,73.051874563491864,73.272101244760165,-0.22022667958028236,0.0095846087790679973,-0.31268119168186903
0,5,0,94.736842105263165,28.412500000000001,0.84258183614752824,0,21.571590633358316,-2.3295971089586356,-2.3295971107196678,-4.0430904744886558e-10,28.412500000000001,0.84258183614752868,0,21.571590633358298,-2.3295971085473561,-2.3295971107371241,0,28.412500000000001,0.84258183614752868,0,21.571590633358298,-2.3295971085473561,-2.3295971107371241,0,-0.001905633515379451,0.079212844892859249
0,6,0,113.68421052631579,18.25,1.0383907127012733,0,22.106412710916199,-18.920327814165436,-18.920327814796881,-2.8293145377807248e-12,18.25,1.0383907127012737,0,22.106412710916199,-18.920327814165152,-18.920327814793207,0,18.25,1.0383907127012737,0,22.106412710916199,-18.920327814165152,-18.920327814793207,0,-0.001908159747518577,0.096706039478148403
0,7,0,132.63157894736841,24.25,1.0119342380731697,0,21.441685844455961,-30.125618524669054,-30.125616005120929,-2.5208485202991813e-06,24.25,1.0119342380706127,0,21.441685838380156,-30.125616011623034,-30.125616012919785,2.8293145377807249e-13,24.25,1.0119342380706127,0,21.441685838380156,-30.12561601161995,-30.125616012916765,-2.8293145377807249e-13,-0.0019326229095793391,0.084065247530589318
0,8,0,151.57894736842104,31.974999999999998,0.78502062776277215,0,22.299950721762698,-1.6591791351891649,-1.6730567779297709,0.013877638714397037,31.974999999999998,0.78502503688787417,0,22.299791825142218,-3.1838589349263766,-3.1235083214073063,-0.060350617670693135,31.974999999999998,0.78501453193261483,0,22.299902115482475,-0.769556394041506,-0.78936223266219918,0.019805834560325183,-0.0015599569038611321,0.035630462104325189
0,9,0,170.52631578947367,45.499000000000002,0.76459721580201379,0,23.553656259544994,8.9270232472062911,9.2565637862997416,-0.32954054179714209,45.499499999999998,0.76458840452736632,0,23.554695639810465,8.0910345751603483,10.252758451463786,-2.1617238789941937,45.499499999999998,0.76459657504860512,0,23.553779016119083,10.807783975754852,9.1351751049268799,1.672608868210711,-0.00084128628895320165,0.097754604150474642
0,10,0,189.47368421052633,38.57,0.60226534022277778,0,23.35445493523364,-99.288939786332847,-1.1301709510135187,-98.158768837396238,38.217500000000001,0.61206108546589744,0,23.210353045522627,192.29481721450912,-0.90421230767465655,193.19902952031796,38.232999999999997,0.60533143816510826,0,23.325053782039014,-185.75369324860941,-3.6484326270512728,-182.10526062352983,-0.0012752692657462374,0.021009082975545795
0,11,0,208.42105263157896,74.537499999999994,1.6706476451724941,0,44.147044971440479,-5919.1722091222518,-59.101769165148873,-5860.0704399459537,75.092500000000001,1.6580361369959227,0,38.489962912603346,-92.364593748736155,-91.99923531433862,-0.36535842286168901,75.090000000000003,1.6580297140502982,0,38.493811447880525,-48.99184329151602,-50.129415840583768,1.13757256060745,0.00023757472384096498,-0.49921163763487297
0,12,0,227.36842105263159,75.413499999999999,1.6752852095390596,0,38.962639885295921,6.8182819705058098,0.054517037624066587,6.7637649436790328,75.416499999999999,1.675303562747597,0,38.923629099479577,-28.689928624483652,-30.211930801306615,1.5220021875606782,75.414000000000001,1.6752838469150113,0,38.931227594688075,1.3525467360298544,4.3600536193764112,-3.0075068725057932,0.0010540987543287582,-0.50423198301401984
0,13,0,246.31578947368422,75.697999999999993,1.6906743456524898,0,39.315316748669019,-7.9893816133285931,-8.8964505556602003,0.90706895256784514,75.697000000000003,1.6906575669104273,0,39.310091247267124,-3.9450811453700747,-4.25973457783215,0.31465344263583855,75.698499999999996,1.6906582795346685,0,39.31558682366078,20.836667901933904,22.306973236357276,-1.4703053242255981,0.0019932543112568344,-0.50836107225829152
0,14,0,265.26315789473682,75.936999999999998,1.7038844375012381,0,39.648621776585841,-14.279360421284609,-17.91154087545269,3.6321804633622152,75.93950000000001,1.7038960161027346,0,39.646157236787964,-25.266629657896054,-22.380614228513402,-2.8860154201656498,75.933999999999997,1.7038485302545854,0,39.650688211756531,24.585624027461495,22.553319122138962,2.0323049145852945,0.0030027872679031517,-0.5113410334760804
0,15,0,284.21052631578948,76.129000000000005,1.7147693649418114,0,39.922715032843158,-5.1593334708109966,-4.5466289187514475,-0.61270454376760597,76.126999999999995,1.7147565729129881,0,39.925050543376145,39.299407557822249,36.52138708843782,2.7780204776430564,76.125,1.7147544251336404,0,39.921004622553404,34.152533566155931,36.589469940220006,-2.4369363657032186,0.004069083575194218,-0.51195006642253726
0,16,0,303.15789473684208,75.165000000000006,1.7640450594739621,0,51.516534867271986,-652.37822023664899,-0.94740880351916013,-651.43081142398182,76.146999999999991,1.7172545013211202,0,40.626971078232472,5.2801356819034533,4.4630754085677884,0.81706028136625652,76.143000000000001,1.7171913248266364,0,40.629754216577702,68.936789181542892,68.802821385732969,0.1339678038194361,0.0085700209962289529,-0.49948344029024017
0,17,0,322.10526315789474,75.948499999999996,1.7104152630406115,0,40.968696061716074,-7.761814232459372,-0.28341523297107901,-7.4783989932678017,75.949999999999989,1.7104299715898941,0,40.969286168756454,12.173760322203236,13.398577798220769,-1.2248174698170939,75.949999999999989,1.7104152824976915,0,40.965143812499221,3.7507037517955433,4.1062994350816666,-0.35559567710716172,-0.0003746592881710401,-0.52411487416597147
0,18,0,341.05263157894734,75.827999999999989,1.7066621673988671,0,41.090960704870646,3.7279132262047514,-5.0533743037272405,8.7812875354005264,75.827500000000001,1.7066752669927951,0,41.085163640282055,-9.3935697794041424,-9.3759049994898014,-0.017664774553072516,75.8245,1.7066186802492362,0,41.089422121099446,43.07523031809805,42.995651742973138,0.079578580469504501,-0.00061090425626407474,-0.51261412828439346
1,0,18.94736842105263,0,75.825000000000003,1.7066563204901604,0,41.088574300168453,16.058402592468614,13.038905756849736,3.0194968395711994,75.826499999999996,1.7066579722786575,0,41.09076204594421,20.083948859803442,17.818565185363138,2.2653836782205152,75.826000000000008,1.7066429507984482,0,41.088713476785593,27.889189378113876,26.542126900983824,1.3470624809033902,0.0012056089654039388,-0.4924458449676189
1,1,18.94736842105263,18.94736842105263,75.822500000000005,1.7066086938917227,0,41.088943668433203,38.230460741807356,39.517520085373739,-1.2870593408100461,75.831000000000003,1.7066828846171465,0,41.092617871177026,-17.164209040881691,-17.182905494557595,0.018696456541750658,75.829000000000008,1.7066554320882474,0,41.088181842279162,1.697496526306107,0.22400811568706405,1.4734884134572546,0.016504870320809027,-0.40901440062811067
1,2,18.94736842105263,37.89473684210526,75.908500000000004,1.7091614049937547,0,41.009383382199786,3.6685237345319397,3.8295731205455237,-0.16104938502370134,75.905000000000001,1.7091222059989146,0,41.015289500760318,40.091748169954002,40.144341489928181,-0.052593318995661713,75.909999999999997,1.7091785833362521,0,41.00593094727445,-18.354397599034669,-18.69526132319713,0.34086372520402047,0.0034845891966233051,-0.4199079657595729
1,3,18.94736842105263,56.842105263157897,76.070999999999998,1.7145036805545746,0,40.795083427261439,-60.684619449592567,-59.548453100495813,-1.1361663482907387,76.067999999999998,1.7144921447347368,0,40.790721197473502,1.6555598847005555,3.909854885564525,-2.2542950001781352,76.066000000000003,1.7144636664149717,0,40.795100391324688,9.5939753696605763,8.9332444022148021,0.66073096813293575,0.0057269553066057882,-0.35782681180107634
1,4,18.94736842105263,75.78947368421052,76.197999999999993,1.7184955455376389,0,40.021804287880286,-65.626179986424944,-55.180454305786057,-10.445725680379979,76.193999999999988,1.7184354733649825,0,40.023833887694529,-6.6405972238251376,-4.6679097182689571,-1.9726875053128903,76.195000000000007,1.7184524161670782,0,40.028973826820987,-51.074926236640316,-50.654599233830631,-0.42032700254460464,0.010415961349866479,-0.28412409714387948
1,5,18.94736842105263,94.736842105263165,76.023499999999999,1.7087338455369598,0,39.764393787372427,-64.431741933376685,-63.591354247067031,-0.84038768686791077,76.015999999999991,1.7086875802024846,0,39.771017524501744,38.731243857563129,36.357623371237409,2.3736204856894605,76.022500000000008,1.7087184307648153,0,39.768487105572355,-9.3167442375341949,-9.1156167992039876,-0.20112743889598783,0.010142830921421308,-0.24006865801389798
1,6,18.94736842105263,113.68421052631579,12,0.96640291750949769,0,21.533368850357782,-10.833689068992294,-10.833689069531454,0,12,0.96640291750949781,0,21.533368850357782,-10.833689068998462,-10.833689069530964,0,12,0.96640291750949781,0,21.533368850357782,-10.833689068998462,-10.833689069530964,0,-0.0020303715887909075,0.056065526551646858
1,7,18.94736842105263,132.63157894736841,21.050000000000001,1.0119663980123732,0,21.788798183139651,-25.464331281965642,-25.464331283189885,1.2166052512457116e-11,21.050000000000001,1.0119663980123732,0,21.788798183139637,-25.464331281983707,-25.464331283189697,-1.4146572688903624e-12,21.050000000000001,1.0119663980123732,0,21.788798183139637,-25.464331281978183,-25.464331283189431,1.4146572688903624e-12,-0.0020812817365106996,0.052306308934829293
1,8,18.94736842105263,151.57894736842104,25.350000000000001,0.91361273431429746,0,20.540421849492517,35.582864449802614,35.573324300460847,0.0095401488577847773,25.350000000000001,0.91361273981446256,0,20.540349843860284,35.573310276017715,35.573310275509726,0,25.350000000000001,0.91361273981446256,0,20.540349843860284,35.573310276017715,35.573310275509726,0,-0.0020137042625778456,0.025902760342682421
1,9,18.94736842105263,170.52631578947367,32.2605,0.67252466433999014,0,21.965656929464242,36.908559866128108,36.840451276107828,0.068108586122140352,32.259999999999998,0.67252542737247667,0,21.965646440216538,37.107110617598714,37.312632289713363,-0.20552167600914278,32.261000000000003,0.67252471265329594,0,21.965672620379522,36.898558585305537,36.840159615129494,0.058398966298467726,-0.0013379421534047363,-0.0014709276292316081
1,10,18.94736842105263,189.47368421052633,44.841500000000003,0.71960581642076271,0,22.172664675516391,42.484741248823148,42.065629593793496,0.41911165069384571,44.840499999999999,0.71959456137441524,0,22.172639366873657,38.696468678924099,38.642736222158803,0.053732452427031854,44.842999999999996,0.71960268756574874,0,22.172729038743462,39.634556947458321,40.413910099617709,-0.77935315655555526,-0.00095371983675755149,0.10117915947889052
1,11,18.94736842105263,208.42105263157896,37.743000000000002,0.61130095709859655,0,23.499828216725692,1365.6981866652677,-3.2269436775826552,1368.9251303407177,37.554500000000004,0.59414013286457668,0,23.532945092800528,317.79851959954425,-13.943134861088247,331.74165445826992,37.585499999999996,0.60194693310806602,0,23.518660101667347,1102.747707303942,10.491500787418188,1092.2562065142965,-0.00082894926440011622,0.12178645144537222
1,12,18.94736842105263,227.36842105263159,75.243000000000009,1.6659417023631731,0,38.688610549180126,-79.661956054895441,-76.228133107972752,-3.4338229367706208,75.243499999999997,1.6659053398550585,0,38.690012533909602,-24.328348236139391,-25.122922478085467,0.79457425203766185,75.243000000000009,1.6659403505850099,0,38.688880936370481,-44.514131002329506,-42.153675421621578,-2.3604555706405437,0.0018471743678148678,-0.47839413017192822
1,13,18.94736842105263,246.31578947368422,75.543499999999995,1.6822875517535498,0,39.185207637635202,27.991317791554614,8.7232147736407608,19.268103027121569,75.542000000000002,1.6822747059090855,0,39.100576709290657,35.510592652661941,34.775213015585372,0.73537964629659813,75.546500000000009,1.6822992482886914,0,39.105537922966981,14.390817955732976,17.043685975279306,-2.6528680102881537,0.0027460999207062622,-0.48315782908636418
1,14,18.94736842105263,265.26315789473682,75.805500000000009,1.6965964297831888,0,39.462286702865534,29.765331221166903,31.134758949410095,-1.3694277199434648,75.8065,1.6966107795160457,0,39.461548801911249,14.757867840822087,17.819044391957032,-3.061176542799442,75.8065,1.6966130053858921,0,39.463167597964322,4.9637178361192591,4.3226347471453073,0.64108309724066559,0.0037263901233573699,-0.48648631131143305
1,15,18.94736842105263,284.21052631578948,76.022999999999996,1.7087106930513107,0,39.768840479624302,-14.225610507191323,-13.674343888081774,-0.5512666114237974,76.022999999999996,1.7087269567840062,0,39.773392884124767,-17.953390954328416,-18.092266509207217,0.13887556238130988,76.021000000000001,1.7086887692471728,0,39.769085845070613,11.127555063450012,13.720420655101744,-2.5928655839386319,0.0047595908137069778,-0.48731267682821577
1,16,18.94736842105263,303.15789473684208,76.192000000000007,1.7184039927160917,0,40.045500980471104,15.710936693328046,4.3820187941058375,11.328917906248851,76.195000000000007,1.7184012404046347,0,40.018197087670636,21.424564737348689,23.014705112725505,-1.5901403683645188,76.193999999999988,1.7184321189130873,0,40.018458804657676,1.9155834601532711,-0.10823468222021072,2.0238181492977096,0.0058278929564610053,-0.48495526876338557
1,17,18.94736842105263,322.10526315789474,76.066500000000005,1.7144417657446482,0,40.792152361299109,19.807856302654091,9.1005104354167177,10.707345872947217,76.069500000000005,1.7144376908159598,0,40.796027087374839,-9.8336733062626678,-9.2232291217637901,-0.61044417884145286,76.067999999999998,1.714418709014623,0,40.79469208894691,27.292142531840909,27.140177638904408,0.15196489864925347,0.01152310215426906,-0.46572460639388796
1,18,18.94736842105263,341.05263157894734,75.905500000000004,1.7091861739512919,0,41.003746778453291,-43.749294614999251,-44.301962370066427,0.55266775922391476,75.906999999999996,1.7091420576648728,0,41.000646785881322,19.189286842746661,17.750332768612861,1.4389540783556203,75.909499999999994,1.7091662595993105,0,41.004142913919416,18.961755366585688,17.419772983182138,1.5419823876618395,0.0010443438394763238,-0.50219698004455393
2,0,37.89473684210526,0,75.939999999999998,1.710439491870025,0,40.964526955837165,26.627903585785766,27.203755150305717,-0.57585156213029931,75.949999999999989,1.7105108548229566,0,40.960952585048311,-52.596570946228312,-49.802025612878317,-2.7945453311212214,75.948000000000008,1.7104514558424537,0,40.960550530956354,2.8257533647737105,-0.46201287615835845,3.2877662431936199,0.0030482666096828936,-0.44391468201204354
2,1,37.89473684210526,18.94736842105263,75.908000000000001,1.7091790757229117,0,41.008194907600014,14.819519841332733,13.647347271262483,1.1721725712446573,75.906499999999994,1.7091615626546379,0,41.007619897021911,10.540686227124759,9.4153240919227947,1.1253621362411406,75.909000000000006,1.7091695915110168,0,41.015444272860975,-13.90755867438919,-14.530635493483377,0.62307682016080357,0.003477766671281165,-0.41989311711797261
2,2,37.89473684210526,37.89473684210526,75.948999999999998,1.7104180527848685,0,40.967209255290818,46.025422957187786,45.536552009725035,0.48887094797099279,75.948999999999998,1.7104254728011228,0,40.960674321852153,10.432845686094861,9.039681860519762,1.3931638260999877,75.949999999999989,1.7104298215577096,0,40.964336854821106,20.267809838882332,18.048820925129625,2.2189889142667933,0.0045627297160066096,-0.37524707106288446
2,3,37.89473684210526,56.842105263157897,76.067999999999998,1.7144469806376477,0,40.793543412205743,13.928985500804796,13.914690941951294,0.014294558641311976,76.070499999999996,1.7144606338214561,0,40.793600273188133,12.469988207416703,9.4068637344536103,3.0631244727875537,76.067499999999995,1.7144540637849384,0,40.793034564901923,10.207946785472284,9.4602573980960702,0.74768938714811672,0.01557324722470424,-0.27970376949626818
2,4,37.89473684210526,75.78947368421052,71.037499999999994,1.9841365020344131,0,50.389083464130216,706.87221620205685,10.219586572990613,696.65262964722615,71.04549999999999,1.9954990495830658,0,50.393641338571491,-3956.6192457008769,1.4908640165388765,-3958.1101096994412,71.039500000000004,1.9840863159891375,0,50.400612510859112,691.59935203613213,-1.9717213725572249,693.57107342680922,0.0035686763813402881,-0.46195698184297845
2,5,37.89473684210526,94.736842105263165,76.0655,1.7111467638704363,0,39.833506662567217,-9.5257387392098387,-9.0353975370835578,-0.49034120418559324,76.0625,1.7110931205359889,0,39.825050527788775,18.428513538097331,18.272424357216085,0.15608917875628778,76.063499999999991,1.7111001083518913,0,39.827481372048325,26.039325084975605,25.203689952140756,0.83563513066623152,0.010786814812426569,-0.19512206364424547
2,6,37.89473684210526,113.68421052631579,7.8499999999999996,0.71615969395060919,0,19.259432707091964,0.78264647825155031,0.78264647816073363,0,7.8499999999999996,0.71615969395060919,0,19.259432707091964,0.78264647825155031,0.78264647816073363,0,7.8499999999999996,0.71615969395060919,0,19.259432707091964,0.78264647825155031,0.78264647816073363,0,-0.0019039494480834571,0.013283169632162174
2,7,37.89473684210526,132.63157894736841,24.550000000000001,0.9613629436276625,0,21.309447131599594,-7.7244741700102795,-7.7244741744283862,-3.536643172225906e-12,24.550000000000001,0.96136294362766284,0,21.309447131599452,-7.7244741699992758,-7.7244741744166463,1.4146572688903624e-12,24.550000000000001,0.96136294362766284,0,21.309447131599452,-7.7244741700041448,-7.7244741744170966,-2.2634516302245799e-12,-0.0020929149494583804,0.024332305972785385
2,8,37.89473684210526,151.57894736842104,28.000000000000004,0.90170524469089453,0,20.846495627268446,-45.686442543381759,-45.686471804104301,2.9257718968136357e-05,28.000000000000004,0.90170524477398661,0,20.846494716337642,-45.686470837735456,-45.686470840763,-2.8293145377807249e-13,28.000000000000004,0.90170524477398672,0,20.846494716337642,-45.686470837739925,-45.68647084076607,-8.4879436133421742e-13,-0.0020621839193272554,0.0068471861401104006
2,9,37.89473684210526,170.52631578947367,24.399999999999999,0.73588519578923695,0,19.200357733076981,-39.598991490638703,-39.598994768854368,3.2773077065628807e-06,24.399999999999999,0.73588519579766787,0,19.200357712282639,-39.598994752244856,-39.598994753410601,-4.2439718066710871e-13,24.399999999999999,0.73588519579766787,0,19.200357712282639,-39.598994752244778,-39.598994753414459,-7.0732863444518123e-14,-0.0018853261765174917,-0.021355147722819268
2,10,37.89473684210526,189.47368421052633,27.6995,0.36933680042352313,0,17.551624389815458,-16.319243288621418,-1.6242823582269283,-14.694960930504166,27.5655,0.37884558535206109,0,17.915188928131389,30.992893289564041,30.865921535214881,0.12697175409210329,27.572000000000003,0.37844245471864918,0,17.914708330301249,7.4610689433964072,8.701542512065954,-1.240473568921759,-0.0014815060329732724,-0.043428551428548803
2,11,37.89473684210526,208.42105263157896,24.824999999999999,0.45023310907778075,0,18.623904561065537,-38.313743442087102,-38.313743444056698,-4.6683689873381956e-11,24.824999999999999,0.45023310907777997,0,18.623904561065519,-38.313743442001964,-38.313743444043389,0,24.824999999999999,0.45023310907777997,0,18.623904561065519,-38.313743442001964,-38.313743444043389,0,-0.0008299761076911409,-0.0016691524636931049
2,12,37.89473684210526,227.36842105263159,22.574999999999999,0.63943006507722777,0,19.367226370089622,-38.611500168212835,-38.611500170304623,-2.8293145377807248e-11,22.574999999999999,0.63943006507722755,0,19.36722637008959,-38.611500168192606,-38.611500170300879,0,22.574999999999999,0.63943006507722755,0,19.36722637008959,-38.611500168192606,-38.611500170300879,0,-0.00067258219487304849,0.050887216525610998
2,13,37.89473684210526,246.31578947368422,35.960000000000001,0.65465808251536262,0,24.37339327969638,222.82875500913664,0.24277084423974815,222.58598416248026,36.915500000000002,0.68544888609880161,0,24.373652682124558,242.2461201989193,7.3238653069056303,234.92225488991954,36.167000000000002,0.67044076733096625,0,24.323680599385877,-45.576162814908329,1.6860860485644058,-47.262248865752163,-0.00082656089288881904,0.12532631388815865
2,14,37.89473684210526,265.26315789473682,36.366999999999997,0.93386085373197281,0,27.09252989578864,-41.649791620079327,-35.176635637910891,-6.4731559800713532,34.838000000000001,0.93516753880758052,0,25.125130495580333,1216.0758486623727,-52.592925085898997,1268.6687737499162,34.353000000000002,0.93477144948854307,0,25.125130495581924,-595.46522655174124,-56.835520953022865,-538.62970559691905,-0.00080857646450147914,0.13376805568278241
2,15,37.89473684210526,284.21052631578948,75.871499999999997,1.7002025636007212,0,39.549968534141534,-2.5568085582911544,-4.560940909488429,2.0041323583164652,75.865000000000009,1.7001510443593273,0,39.555584665299925,33.16506291643995,31.461683989204722,1.7033789342796666,75.872,1.700206139171728,0,39.553272097119432,-2.9489067903166886,-0.065760713075071114,-2.8831460700949325,0.0053072410485920747,-0.44824767662294679
2,16,37.89473684210526,303.15789473684208,76.066000000000003,1.7111058412582136,0,39.825201580873433,6.7917989347395338,4.3819909942871176,2.4098079469523697,76.0625,1.7110701432376165,0,39.832906556043142,55.146777454787376,54.792791195652626,0.35398626552252765,76.066000000000003,1.7111219800451141,0,39.824961264727769,-1.9470902283814318,-0.092574002100293346,-1.8545162198172274,0.0063572968839594032,-0.44576070130721013
2,17,37.89473684210526,322.10526315789474,76.213999999999999,1.7195823194812176,0,40.128530133801881,16.935187057644399,-4.7806663571012207,21.715853420549951,76.213999999999999,1.7196146119263347,0,40.051181891514197,12.008082195168154,13.885637991704298,-1.8775557907405327,76.213499999999996,1.7195938572539244,0,40.065368893094181,43.726404720994381,41.62678814994684,2.0996165769301829,0.0074077875268367607,-0.43915580410751254
2,18,37.89473684210526,341.05263157894734,76.066999999999993,1.7144891220261145,0,40.794937018958841,-30.883608256932611,-27.231331166738261,-3.6522770866415306,76.067999999999998,1.7145033269937142,0,40.790833951230482,-21.986886976010819,-19.001581397844678,-2.9853055745961816,76.066500000000005,1.7144676131955587,0,40.7973099660259,22.465978594551459,19.077476191633391,3.3885024064700007,0.0035786289955109102,-0.45049776023537358
3,0,56.842105263157897,0,76.150499999999994,1.7174130305114745,0,40.648395821599884,-28.182944508214025,-32.355676827798952,4.1727323217053032,76.146499999999989,1.7172652547387603,0,40.630105830086023,-38.760204006401878,-36.750217220030514,-2.0099867842864114,76.148499999999999,1.7173200392590569,0,40.631166817955162,-53.385232540755297,-54.990355234584285,1.6051226959709539,0.012976508572872768,-0.35290384995700608
3,1,56.842105263157897,18.94736842105263,76.067999999999998,1.714478846874375,0,40.797073873063468,-8.9829404389183214,-9.8804460655513999,0.89750562742812234,76.064499999999995,1.71446024581247,0,40.796241991407975,14.431520591579222,17.577914304497462,-3.1463937122496555,76.0685,1.7145191627962943,0,40.791813201631648,-21.520750749076278,-23.056719732204314,1.5359689838728769,0.0057050581557638626,-0.35789099054927775
3,2,56.842105263157897,37.89473684210526,76.066500000000005,1.7144115860491123,0,40.796484189055107,50.04964293985546,46.315777305509442,3.7338656340598324,76.066999999999993,1.7144382862755343,0,40.795239870350805,27.656923717604602,27.221664127321525,0.43525959006131693,76.069000000000003,1.7144437369596597,0,40.799057700921374,32.143097086799749,32.095347235484837,0.047749851030928839,0.015576322122841043,-0.27978820405069416
3,3,56.842105263157897,56.842105263157897,70.146500000000003,2.0258039064420474,0,51.59951271215332,-5113.8595859079887,-32.360806435719567,-5081.498779451932,76.144500000000008,1.7171946891937591,0,40.634609723962186,-7.0663332616279497,-9.2072370823615444,2.1409038194744721,75.8095,1.7369620052732408,0,50.499622496238239,-649.59502523711683,15.181737704010574,-664.77676294101298,0.0080388100722204765,-0.25576830664719419
3,4,56.842105263157897,75.78947368421052,76.192999999999998,1.7184272011393218,0,40.020788938566291,-22.272421179241739,-13.845817364114414,-8.4266038175991476,76.195000000000007,1.7184428839646417,0,40.030405217549202,-31.398996231609569,-32.064417916880238,0.66542168278845992,76.195999999999998,1.718424518695199,0,40.023464939243539,18.030744462390516,18.38167744647264,-0.35093298657560368,0.0114763753127438,-0.18694729255988152
3,5,56.842105263157897,94.736842105263165,76.064999999999998,1.7111169864900706,0,39.833314828757068,7.658479457968733,4.5549004519567067,3.1035790025261214,76.066000000000003,1.7111350272755534,0,39.833246573214844,-24.011425732816857,-22.813549266720951,-1.1978764696806821,76.067999999999998,1.71111312339674,0,39.827870861028032,-1.533262921363892,-0.086372094613851841,-1.446890830302183,0.011182270780956224,-0.14054008936138848
3,6,56.842105263157897,113.68421052631579,34.772999999999996,0.87870286426320721,0,24.786919542032376,-57.34041925660609,-6.5766380099733519,-50.763781250739292,34.904499999999999,0.87886749065408953,0,24.786396113106225,341.73354213909232,5.7709201899402931,335.96262194502077,34.765000000000001,0.87868548451604001,0,24.786396912786621,-48.05520990684996,2.665267562388705,-50.720477473238404,-0.0021115107372138022,0.021597939588328955
3,7,56.842105263157897,132.63157894736841,19.050000000000001,0.73760131528262973,0,18.407615925819037,-18.290972618070288,-18.290972619559412,3.8903074894484968e-13,19.050000000000001,0.73760131528262984,0,18.407615925819037,-18.290972618071361,-18.290972619555657,1.4853901323348806e-12,19.050000000000001,0.73760131528262984,0,18.407615925819037,-18.290972618075237,-18.290972619555301,-1.768321586112953e-12,-0.0018216750226317524,0.010987682319081407
3,8,56.842105263157897,151.57894736842104,22.400000000000002,0.86628716542061945,0,20.084299725808464,36.094679110137385,36.094679108641188,-2.0441797535465737e-11,22.400000000000002,0.86628716542061934,0,20.084299725808375,36.094679110165011,36.094679108654475,3.9787235687541438e-13,22.400000000000002,0.86628716542061945,0,20.084299725808375,36.094679110167519,36.094679108655967,1.9451537447242483e-12,-0.0019856397530125685,-0.010454835338895661
3,9,56.842105263157897,170.52631578947367,28.549999999999997,0.70581659586295076,0,19.297783570238757,-54.375861794827635,-54.375861836638308,4.1368130658340303e-08,28.549999999999997,0.70581659586263135,0,19.297783568810214,-54.375861837058089,-54.37586183757562,0,28.549999999999997,0.70581659586263135,0,19.297783568810214,-54.375861837058089,-54.37586183757562,0,-0.0018842188690923172,-0.028107331669063353
3,10,56.842105263157897,189.47368421052633,21.699999999999999,0.48634791683670126,0,17.447690699862243,-39.694428865681488,-39.69442886564137,1.3651442644791997e-11,21.699999999999999,0.48634791683670148,0,17.447690699862235,-39.694428865695372,-39.694428865643616,0,21.699999999999999,0.48634791683670148,0,17.447690699862235,-39.694428865695372,-39.694428865643616,0,-0.0016339974932523566,-0.049172215855998333
3,11,56.842105263157897,208.42105263157896,24.949999999999999,0.13636466988218213,0,15.00912315111413,-45.346298250637467,-45.346285402578985,-1.2848171529973491e-05,24.949999999999999,0.13636467060302704,0,15.009121850525013,-45.34628383979517,-45.346283839799071,0,24.949999999999999,0.13636467060302704,0,15.009121850525013,-45.34628383979517,-45.346283839799071,0,-0.0012830355558099984,-0.06208758381644261
3,12,56.842105263157897,227.36842105263159,26.714500000000001,-0.078896741992861202,0,13.876563252122002,20.245689415845401,19.648726524112785,0.59696289110870226,26.7165,-0.078890925113545007,0,13.87545019313052,15.545952247957825,15.799369845974626,-0.25341759863147395,26.715499999999999,-0.078896197596844617,0,13.875449482233577,17.960655838568012,17.704476898286799,0.25617893965893246,-0.00097067909242093203,-0.054247139419857413
3,13,56.842105263157897,246.31578947368422,27.372000000000003,0.16126129512625523,0,16.623244016495313,15.886354062092359,11.628256897646084,4.2580971619667043,27.367999999999999,0.16154421678007455,0,16.62322875087089,19.839009481259886,19.755657882640097,0.083351596098619557,27.367999999999999,0.16154469634148338,0,16.623220052116629,19.864077811500955,19.755465447927527,0.10861236102268348,-0.00064052401520367942,-0.016493062339160272
3,14,56.842105263157897,265.26315789473682,26.128,0.53439811754433819,0,19.464125885291832,24.06232263718568,24.085312229496299,-0.02298959625822649,26.128499999999999,0.53439654271403225,0,19.464127433177953,23.348502459174785,23.702611383313354,-0.35410892806580574,26.128499999999999,0.53439480700844699,0,19.464127302472434,23.90566475996366,23.703362495574954,0.20230226052966638,-0.00055683241423080195,0.033741284854980999
3,15,56.842105263157897,284.21052631578948,22.362500000000001,0.70071920587668324,0,21.127860736362049,-0.17199510063206178,-0.17199510263051826,1.038358435365526e-09,22.362500000000001,0.70071920587668601,0,21.127860736361871,-0.17199510167318821,-0.1719951026473667,-1.4146572688903624e-12,22.362500000000001,0.70071920587668579,0,21.127860736361871,-0.17199510165134765,-0.17199510263239026,5.0927661680053051e-12,-0.0006768569845134046,0.070316967331289143
3,16,56.842105263157897,303.15789473684208,34.394500000000001,0.87757643228297655,0,24.792076000255769,-364.20570664646516,-18.454104686015405,-345.75160195782246,34.886000000000003,0.88042457028094412,0,24.791692122507563,669.73201554164177,-14.626802085326046,684.35881762974464,34.392499999999998,0.87756396808251014,0,24.791630247629154,-363.31318684149994,-17.300135685711215,-346.01305115320878,-0.0010190390290398576,0.13113303886227404
3,17,56.842105263157897,322.10526315789474,76.064999999999998,1.7111110560311329,0,39.826096471567432,3.9151061656439969,4.4144527679258942,-0.49934659697622363,76.063000000000002,1.7111018016059154,0,39.828569010107842,5.4505287424844751,4.5478399921783277,0.90268875558969797,76.063999999999993,1.7111135951809537,0,39.831992524793222,-4.5400655220315231,-4.5111280471880164,-0.028937469551050466,0.0076560901766396629,-0.3911525148184446
3,18,56.842105263157897,341.05263157894734,76.1905,1.7184146328588237,0,40.0319939562768,15.259648464348317,22.761271570802961,-7.5016231024507372,76.192499999999995,1.7184157031062099,0,40.014198053709762,24.827920421396286,27.11019203255232,-2.2822716071283518,76.194500000000005,1.7184314842940043,0,40.01444062410426,19.456186210163111,18.601249007081968,0.85493720710189236,0.0086442444631781787,-0.37960871293708232
4,0,75.78947368421052,0,76.129000000000005,1.7147772479419885,0,39.925016450575413,9.9414282270841632,13.748776932472353,-3.8073487036974969,76.126999999999995,1.7147481160079803,0,39.921184296481869,38.515613376663133,36.612627115669902,1.9029862626759526,76.126499999999993,1.7147487706728437,0,39.92292489730292,41.892974194443944,41.155539669503682,0.73743452657487873,0.0096148749419476941,-0.31239111980551904
4,1,75.78947368421052,18.94736842105263,76.1965,1.7184470091353228,0,40.046231175391945,-44.588179847048778,-31.927495206074649,-12.660684640770787,76.193999999999988,1.7184469583563213,0,40.034325532048904,-29.249999434142214,-22.879292788682687,-6.3707066452170471,76.194500000000005,1.7184245667674281,0,40.033374049884642,0.38121277627815819,-4.4173897857102711,4.798602562214465,0.010367190010103073,-0.28418900223630722
4,2,75.78947368421052,37.89473684210526,71.038499999999999,1.9840651844990622,0,50.398819033774174,709.21265695637908,30.56631332393437,678.64634365050563,71.044499999999999,1.9954782981682606,0,50.400426623059026,-3955.5922739444313,-7.4501784003372853,-3948.1420955261701,71.034999999999997,1.9841234686237983,0,50.396609210918889,699.52585350686684,13.436099203608157,686.08975432132104,0.0035583352097357185,-0.46211142118589449
4,3,75.78947368421052,56.842105263157897,76.195999999999998,1.7184416604591093,0,40.028235505872303,-19.375366547108218,-13.855908376899565,-5.5194581726708138,76.19550000000001,1.7184265203520841,0,40.024383055127963,3.5087372305909414,4.5726802324079951,-1.0639430042643605,76.192000000000007,1.7184016072665533,0,40.020213774666686,14.917367077849102,14.017453101951263,0.89991397340291579,0.01141234409481948,-0.18710667494175726
4,4,75.78947368421052,75.78947368421052,76.128,1.7147680963146843,0,39.919605769684757,-7.7586707137509077,-9.2622749938443274,1.5036042764009103,76.128500000000003,1.7147619432881933,0,39.922551915314742,20.126268003125787,18.300780355533782,1.8254876439167331,76.128500000000003,1.7147711921600071,0,39.918788041520209,-6.3261031479530914,-4.6543604658530207,-1.6717426858427802,0.01151100474223183,-0.1320934605093598
4,5,75.78947368421052,94.736842105263165,76.022999999999996,1.7087097470278105,0,39.772895289704984,0.15193763979648367,0.014382072593698152,0.13755556226575494,76.019499999999994,1.7086848512783532,0,39.770888744848861,7.0873768476397876,9.1072330172360623,-2.0198561744969186,76.019999999999996,1.7086847421518798,0,39.766741896582943,19.451604202403747,18.196456879667789,1.2551473178470542,0.011270818439571048,-0.084100091790165296
4,6,75.78947368421052,113.68421052631579,75.876000000000005,1.7002333760985002,0,39.549036939546575,-61.528151322699458,-62.9605939414392,1.4324426127330645,75.869,1.7001836070184557,0,39.549526692522441,23.533554810484286,22.443121458868532,1.090433345687797,75.872,1.7002015875021916,0,39.548900582336572,-22.464764280384472,-22.511511746269679,0.046747459963507869,0.010785224355386995,-0.050128702000230452
4,7,75.78947368421052,132.63157894736841,22.375,0.70072605772907226,0,21.126725078729702,-25.500472175569939,-25.500472176481537,-1.6947594081306542e-10,22.375,0.70072605772907381,0,21.126725078729585,-25.500472175362813,-25.500472176408039,0,22.375,0.70072605772907381,0,21.126725078729585,-25.500472175362813,-25.500472176408039,0,-0.0020744342380706647,-0.023822396121366496
4,8,75.78947368421052,151.57894736842104,21.699999999999999,0.66050321236932363,0,17.511925321347828,31.55078312213756,31.55078312207101,-5.5171633486724137e-12,21.699999999999999,0.66050321236932363,0,17.511925321347793,31.550783122151195,31.550783122078485,0,21.699999999999999,0.66050321236932363,0,17.511925321347793,31.550783122151195,31.550783122078485,0,-0.0017361240672373877,-0.0034993845872865782
4,9,75.78947368421052,170.52631578947367,17.699999999999999,0.6551308263548502,0,17.520359884060703,32.312990654480082,32.312990653553427,-2.6878488108916881e-12,17.699999999999999,0.65513082635485009,0,17.520359884060696,32.312990654483322,32.312990653552454,0,17.699999999999999,0.65513082635485009,0,17.520359884060696,32.312990654483322,32.312990653552454,0,-0.0017157952003862454,-0.022485781360288247
4,10,75.78947368421052,189.47368421052633,23.5,0.42514114893241706,0,17.008256535866813,10.610021862293449,10.61002186215905,-4.1803122295710212e-11,23.5,0.42514114893241689,0,17.008256535866707,10.610021862343896,10.610021862173127,0,23.5,0.42514114893241689,0,17.008256535866707,10.610021862343896,10.610021862173127,0,-0.0016184133659541539,-0.040408387133727561
4,11,75.78947368421052,208.42105263157896,16.25,0.20008462721069289,0,15.206544610924565,30.272577304924766,30.272577305337752,1.0609929516677716e-12,16.25,0.20008462721069292,0,15.206544610924563,30.272577304920446,30.272577305334966,-1.6975887226684348e-12,16.25,0.20008462721069289,0,15.206544610924563,30.272577304922489,30.272577305335297,-4.2439718066710871e-13,-0.0013604439781526954,-0.053411155640268
4,12,75.78947368421052,227.36842105263159,20.100000000000001,-0.070849392193211208,0,12.773730726885599,36.802466811051552,36.802466810814501,-2.2634516302245799e-12,20.100000000000001,-0.070849392193211125,0,12.773730726885589,36.802466811058167,36.802466810821862,0,20.100000000000001,-0.070849392193211125,0,12.773730726885589,36.802466811058167,36.802466810821862,0,-0.00094293090674926771,-0.059060422259816753
4,13,75.78947368421052,246.31578947368422,21.850000000000001,-0.051711441994903046,0,14.227918472226124,38.850160463221805,38.850160463328855,1.2838014715180039e-11,21.850000000000001,-0.05171144199490308,0,14.227918472226069,38.85016046320527,38.850160463322069,0,21.850000000000001,-0.05171144199490308,0,14.227918472226069,38.85016046320527,38.850160463322069,0,-0.00063622697497925525,-0.035883369694199585
4,14,75.78947368421052,265.26315789473682,22.400000000000002,0.34569642457464689,0,15.915133030203682,-36.954751644062739,-36.95475164665649,7.5684163885634387e-11,22.400000000000002,0.34569642457464694,0,15.91513303020337,-36.9547516441365,-36.95475164665838,0,22.400000000000002,0.34569642457464694,0,15.91513303020337,-36.9547516441365,-36.95475164665838,0,-0.00051012219221951223,0.0023505247200112933
4,15,75.78947368421052,284.21052631578948,21.699999999999999,0.66019273832477021,0,17.508921930690235,-30.922228488285619,-30.922228491139169,7.6674423973857655e-11,21.699999999999999,0.66019273832477032,0,17.508921930690061,-30.922228488372415,-30.922228491134419,0,21.699999999999999,0.66019273832477032,0,17.508921930690061,-30.922228488372415,-30.922228491134419,0,-0.00057980919087770929,0.042884868722516747
4,16,75.78947368421052,303.15789473684208,19,0.73769298594806676,0,18.408467412983892,18.386959881869096,18.386959881350673,-1.8956407403130858e-11,19,0.73769298594806676,0,18.408467412983892,18.386959881886,18.38695988135542,1.6975887226684348e-12,19,0.73769298594806687,0,18.408467412983892,18.38695988188341,18.386959881355683,-3.3951774453368697e-12,-0.00083413045605512919,0.072840252991211246
4,17,75.78947368421052,322.10526315789474,7.9000000000000004,0.71615650315358415,0,19.25946255412499,-0.78288708283676156,-0.78288708495716297,-2.8293145377807249e-13,7.9000000000000004,0.71615650315358415,0,19.25946255412499,-0.78288708283676156,-0.78288708495716297,0,7.9000000000000004,0.71615650315358415,0,19.25946255412499,-0.78288708283676156,-0.78288708495716297,0,-0.0012855324583993409,0.089232209288608422
4,18,75.78947368421052,341.05263157894734,76.021500000000003,1.7087040749904836,0,40.132019984646846,-46.695418756098029,-9.1459160793417169,-37.549502673545511,76.017499999999998,1.7087067114386243,0,39.771294270604521,3.8079635559613454,4.6436299714603635,-0.83566641240523831,76.015500000000003,1.7086557279022963,0,39.767795773009517,69.809041375556006,72.597572726894569,-2.7885313482018459,0.0085952831052048973,-0.33019542977640742
5,0,94.736842105263165,0,28.412500000000001,0.84258183614752624,0,21.571590633358305,-2.3295971089883909,-2.3295971106903481,-3.9780162401196989e-10,28.412500000000001,0.84258183614752657,0,21.571590633358305,-2.329597108584045,-2.3295971107056164,0,28.412500000000001,0.84258183614752657,0,21.571590633358305,-2.329597108584045,-2.3295971107056164,0,-0.001905633515379451,0.079212844892859138
5,1,94.736842105263165,18.94736842105263,76.025500000000008,1.7087520051699701,0,39.769933022827402,-32.663784254563865,-31.846508094818144,-0.81727616033177009,76.022500000000008,1.7087070762074521,0,39.768431622550551,0.7559391106359783,-0.030955707484349816,0.78689481755835355,76.018500000000003,1.708691409732231,0,39.766822129051867,18.53047645369352,18.231481861827646,0.29899459126205352,0.010141589061259958,-0.24014795242048764
5,2,94.736842105263165,37.89473684210526,76.061500000000009,1.711079202863556,0,39.829225827121398,30.07709516906473,32.001616434735709,-1.9245212677350181,76.066000000000003,1.7111216420621873,0,39.829054910735408,2.9404449937037791,0.050132939819661396,2.8903120517980785,76.061999999999998,1.711072529120337,0,39.830981443571154,21.416147184630546,22.919980874031008,-1.5038336915071449,0.010802084313357583,-0.1950267045319545
5,3,94.736842105263165,56.842105263157897,76.066999999999993,1.711127052685403,0,39.835476585891215,-18.184270670688832,-18.362901904981488,0.17863123072468851,76.063499999999991,1.7111211140167437,0,39.833499983982904,-24.885156350848057,-22.787571995858482,-2.0975843585010807,76.069500000000005,1.7111381203410321,0,39.824458969014302,-27.25649277308753,-27.608479681156496,0.35198690453315273,0.011134420709042973,-0.14066697541225601
5,4,94.736842105263165,75.78947368421052,76.022999999999996,1.7087156846702369,0,39.77464129290815,-40.788506314862452,-40.884493507281313,0.09598718751707716,76.022000000000006,1.7087203762101868,0,39.772347678046295,-1.2270353378537739,0.041334877276883154,-1.2683702200182667,76.022000000000006,1.7086990108674966,0,39.772552193856725,-4.6789445147910067,-4.4862640910391844,-0.19268042870873595,0.011240183196088847,-0.084145345764707599
5,5,94.736842105263165,94.736842105263165,75.938000000000002,1.7038993656507373,0,39.648132810488015,-41.042571202848713,-40.500597680278872,-0.54197352870578741,75.935500000000005,1.703870471580428,0,39.641830374188146,-4.0080633012333058,-4.5149530604027985,0.50688975293053984,75.9345,1.7038785449180274,0,39.642469395484952,-1.8958534596774084,-0.070417157596978919,-1.8254363082916627,0.01104047545594869,-0.034317744867211224
5,6,94.736842105263165,113.68421052631579,75.804000000000002,1.6966483450800991,0,39.465862644161191,-18.625865990690428,-17.872105612597302,-0.75376038449436711,75.802999999999997,1.696611232935213,0,39.458135315414268,-9.1641467025878001,-8.7772666889872912,-0.38688001988517112,75.805999999999997,1.696639507709834,0,39.464438001296294,-11.576141228759459,-13.350976860102913,1.7748356249218205,0.010603268311905589,0.0014457666433623922
5,7,94.736842105263165,132.63157894736841,35.351500000000001,0.93681921606166108,0,25.327979109319482,1065.2741608203146,-10.169881643534797,1075.4440424625343,35.164499999999997,0.93722090386526224,0,25.322493811321628,1044.3455978900852,-4.7088792131668971,1049.0544771018556,35.534500000000001,0.93762460722492869,0,25.322493811340742,745.69708674767776,-11.679527145325865,757.3766138915928,-0.0012642697813402503,0.0030703057509454887
5,8,94.736842105263165,151.57894736842104,26.130500000000001,0.53441205153663229,0,19.461917701423641,34.66948712786958,34.639458562150644,0.030028564809705782,26.130500000000001,0.53441222034931313,0,19.461917779270035,34.671481445199845,34.639441771990654,0.032039672418161878,26.130500000000001,0.53441271666710477,0,19.46191777843535,34.66122899774571,34.639169988786207,0.022059008105535127,-0.0018044059624290057,-0.061756983235574957
5,9,94.736842105263165,170.52631578947367,22.400000000000002,0.34610430391073288,0,15.917353947823665,37.109864209138074,37.10986420887356,2.4827235069025863e-11,22.400000000000002,0.34610430391073277,0,15.917353947823665,37.109864209117603,37.109864208875969,4.4561703970046427e-12,22.400000000000002,0.3461043039107326,0,15.917353947823665,37.10986420910816,37.109864208874882,-1.13172581511229e-12,-0.001567980079680429,-0.014299977720954607
5,10,94.736842105263165,189.47368421052633,15.85,0.21605036110472531,0,14.641323637384515,-28.240679995777143,-28.240679996290645,3.8195746260039786e-12,15.85,0.21605036110472539,0,14.641323637384515,-28.24067999577932,-28.240679996288282,0,15.85,0.21605036110472539,0,14.641323637384515,-28.24067999577932,-28.240679996288282,0,-0.0014444588866582458,-0.011416534430307615
5,11,94.736842105263165,208.42105263157896,0.44999999999999996,0.10018002595689972,0,12.995366324959942,0.0120574505226839,0.012057450530174882,4.5976361238936774e-13,0.44999999999999996,0.10018002595689969,0,12.995366324959942,0.012057450522281354,0.012057450529784871,7.073286344451812e-13,0.44999999999999996,0.10018002595689972,0,12.995366324959942,0.0120574505226839,0.012057450530174882,4.5976361238936774e-13,-0.0012771596300499035,-0.01398396609686566
5,12,94.736842105263165,227.36842105263159,0,-0.091861534522313743,0.75323748254096479,11.332126627974468,5.4231987937764639e-05,5.4232157731459233e-05,0,0,-0.091861534522313743,0.75323748254096479,11.332126627974468,5.4231987937764639e-05,5.4232157731459233e-05,0,0,-0.091861534522313743,0.75323748254096479,11.332126627974468,5.4231987937764639e-05,5.4232157731459233e-05,0,-0.0010120321641480766,-0.035135559899649491
5,13,94.736842105263165,246.31578947368422,10.949999999999999,-0.28770070009500431,0,12.415224649799208,17.85174688079853,17.851746881068213,1.4677069164737511e-12,10.949999999999999,-0.2877007000950042,0,12.415224649799208,17.851746880794085,17.851746881066443,-6.9848702651461636e-13,10.949999999999999,-0.28770070009500448,0,12.415224649799208,17.851746880796007,17.851746881067108,3.0945627756976673e-13,-0.00064831898514203115,-0.031262891894187121
5,14,94.736842105263165,265.26315789473682,15.9,0.21612776026878608,0,14.642843617378178,-28.639488519674842,-28.639488520522661,-1.13172581511229e-12,15.9,0.21612776026878605,0,14.642843617378173,-28.639488519675179,-28.639488520522235,0,15.9,0.21612776026878605,0,14.642843617378173,-28.639488519675179,-28.639488520522235,0,-0.00038997095128924509,0.012783990436384438
5,15,94.736842105263165,284.21052631578948,17.699999999999999,0.65513014264917435,0,17.520648261816596,32.334154387421485,32.334154383015104,2.5463830840026526e-12,17.699999999999999,0.65513014264917435,0,17.520648261816596,32.334154387420732,32.334154383014678,0,17.699999999999999,0.65513014264917435,0,17.520648261816596,32.334154387420767,32.334154383014393,2.8293145377807249e-13,-0.00044793035653741486,0.069622989389091006
5,16,94.736842105263165,303.15789473684208,22.350000000000001,0.86630488168309105,0,20.083308681293627,35.850374425939528,35.850374425629532,7.3562177982298838e-12,22.350000000000001,0.86630488168309083,0,20.083308681293595,35.850374425928024,35.850374425624054,0,22.350000000000001,0.86630488168309083,0,20.083308681293595,35.850374425928024,35.850374425624054,0,-0.00074814308641373722,0.11381020489731963
5,17,94.736842105263165,322.10526315789474,24.550000000000001,0.96136020864907523,0,21.308368886400029,-34.83654468808443,-34.836544685287272,9.1669791024095468e-11,24.550000000000001,0.9613602086490749,0,21.308368886399727,-34.836544688183544,-34.836544685322679,0,24.550000000000001,0.9613602086490749,0,21.308368886399727,-34.836544688183544,-34.836544685322679,0,-0.0011419658095519146,0.12857791335616681
5,18,94.736842105263165,341.05263157894734,11.949999999999999,0.96643290481567157,0,21.533268974461354,10.869464786251564,10.869464785072513,0,11.949999999999999,0.96643290481567112,0,21.533268974461354,10.869464786251564,10.869464785072513,0,11.949999999999999,0.96643290481567112,0,21.533268974461354,10.869464786251564,10.869464785072513,0,-0.0015637616361882942,0.11483376708449715
6,0,113.68421052631579,0,18.25,1.0383907127012728,0,22.106412710916196,-18.920327814014769,-18.920327814715474,1.9805201764465073e-12,18.25,1.0383907127012728,0,22.106412710916196,-18.92032781401613,-18.920327814713961,1.6975887226684348e-12,18.25,1.0383907127012728,0,22.106412710916196,-18.920327814020478,-18.920327814716519,-1.6975887226684348e-12,-0.001908159747518577,0.096706039478148653
6,1,113.68421052631579,18.94736842105263,12,0.96640291750949625,0,21.533368850357771,-10.833689068854286,-10.833689069399444,0,12,0.96640291750949625,0,21.533368850357771,-10.833689068856593,-10.833689069393415,0,12,0.96640291750949625,0,21.533368850357771,-10.833689068856593,-10.833689069393415,0,-0.0020303715887909062,0.05606552655164708
6,2,113.68421052631579,37.89473684210526,7.8499999999999996,0.71615969395060863,0,19.25943270709195,0.78264647816644461,0.78264647815934085,0,7.8499999999999996,0.71615969395060863,0,19.25943270709195,0.78264647816644461,0.78264647815934085,0,7.8499999999999996,0.71615969395060863,0,19.25943270709195,0.78264647816644461,0.78264647815934085,0,-0.0019039494480834554,0.013283169632162216
6,3,113.68421052631579,56.842105263157897,34.772999999999996,0.8787028643037067,0,24.786919542342382,-57.340417720205416,-6.5766379784182565,-50.763779745812798,34.904499999999999,0.87886777246009207,0,24.786397536532125,341.72808661940223,5.7710122283115632,335.95707438691147,34.765000000000001,0.87868538908175275,0,24.786394871714048,-48.044087603924034,2.6810499313152838,-50.725137539330404,-0.0021115321023359624,0.021596942606427378
6,4,113.68421052631579,75.78947368421052,75.870499999999993,1.7001842036112889,0,39.550412639827833,11.440976991498109,8.9207598480005732,2.5202171375317284,75.873000000000005,1.7002135184989047,0,39.546224061592262,-25.742525795006845,-27.05670422514579,1.3141784241526979,75.869,1.7001698365575066,0,39.547883478551604,26.898998363851639,26.917611614391639,-0.018613256525613672,0.010806484233113796,-0.050094157013330906
6,5,113.68421052631579,94.736842105263165,75.80449999999999,1.6966060505418117,0,39.465590373956779,33.07956427974856,31.5119222524885,1.5676420209609465,75.805999999999997,1.696628354703632,0,39.46221280310786,-15.224843815536589,-13.290231865641235,-1.9346119562921453,75.805500000000009,1.6966275360991365,0,39.460869779587981,-13.560537940804171,-13.360754141376107,-0.19978380578884472,0.01059452603687727,0.0012569080580977637
6,6,113.68421052631579,113.68421052631579,75.698499999999996,1.690652950393617,0,39.311253123448026,10.41837151379935,8.8991297801311955,1.519241727283168,75.694500000000005,1.6906719245377577,0,39.310961147228085,-23.541736062654522,-21.98376042983034,-1.5579756391624231,75.697999999999993,1.6906681388907372,0,39.308510391479004,14.915774365914158,13.148627608668392,1.7671467508034997,0.01016006971758052,0.038968372727621686
6,7,113.68421052631579,132.63157894736841,75.544499999999999,1.6822994244203915,0,39.183703636787406,-6.2034475189063327,0.1025623789245307,-6.3060099042407414,75.544499999999999,1.6823035066891519,0,39.09809266867245,-16.160585427796974,-17.392336979526863,1.2317515453598642,75.544499999999999,1.68229564416597,0,39.099691084235161,-9.270716131728074,-8.595131564136592,-0.67558457409621797,0.0095842997785416991,0.05898215181171667
6,8,113.68421052631579,151.57894736842104,35.936,0.65717059274981338,0,24.361195645104953,-171.66584697438381,-8.4655385955629292,-163.20030838039148,37.554500000000004,0.70168008432420892,0,24.309295681743638,45.453533170523635,-2.5945179461503587,48.048051115343846,34.732500000000002,0.62353575061656363,0,24.370932210759797,252.5013219453889,-5.581057417927636,258.08237936160793,-0.001129485076257883,0.0267590146610132
6,9,113.68421052631579,170.52631578947367,27.348499999999998,0.16254090394202461,0,16.666688014644688,15.731587498888452,3.3939018207455742,12.337685677261591,27.350000000000001,0.16190635967652919,0,16.631848504955421,-17.402020996131107,-17.238621737710503,-0.16339925934108859,27.350000000000001,0.16188820100706189,0,16.63180926860479,-17.656813690351463,-17.237671872191314,-0.41914181896460412,-0.001480497440631969,-0.069112637799136539
6,10,113.68421052631579,189.47368421052633,21.899999999999999,-0.052087235714638074,0,14.226238837353025,-38.838659656615164,-38.8386596565188,3.6781088991149422e-11,21.899999999999999,-0.052087235714638143,0,14.226238837353025,-38.838659656648375,-38.838659656508312,0,21.899999999999999,-0.052087235714638143,0,14.226238837353025,-38.838659656648375,-38.838659656508312,0,-0.0013912597201151207,-0.01958341813189713
6,11,113.68421052631579,208.42105263157896,10.949999999999999,-0.28799718375674643,0,12.414540751333547,-17.755141378615765,-17.755141378592782,-1.0609929516677716e-12,10.949999999999999,-0.28799718375674632,0,12.414540751333547,-17.755141378615257,-17.755141378592231,-4.2439718066710871e-13,10.949999999999999,-0.28799718375674643,0,12.414540751333547,-17.755141378615228,-17.755141378592601,-3.536643172225906e-13,-0.0012193152454577727,0.013067619054753565
6,12,113.68421052631579,227.36842105263159,0,-0.27297370183315123,2.8822089570202265,9.462121774859968,1.0113387218038163e-05,1.0113532287876495e-05,0,0,-0.27297370183315123,2.8822089570202265,9.462121774859968,1.0113387218038163e-05,1.0113532287876495e-05,0,0,-0.27297370183315123,2.8822089570202265,9.462121774859968,1.0113387218038163e-05,1.0113532287876495e-05,0,-0.0009380352837369875,0.00060758161507830019
6,13,113.68421052631579,246.31578947368422,0,-0.27297370121568326,2.8821941524400385,9.4621236284682961,-1.1500794131127928e-07,-1.1492301660611325e-07,0,0,-0.27297370121568326,2.8821941524400385,9.4621236284682961,-1.1500794131127928e-07,-1.1492301660611325e-07,0,0,-0.27297370121568326,2.8821941524400385,9.4621236284682961,-1.1500794131127928e-07,-1.1492301660611325e-07,0,-0.00061580508324381546,0.0015379303494594257
6,14,113.68421052631579,265.26315789473682,0.44999999999999996,0.10017990855626681,0,12.995369822794082,-0.0063662031689875808,-0.0063662027477442594,2.1219859033355436e-13,0.44999999999999996,0.10017990855626678,0,12.995369822794082,-0.0063662031689649462,-0.0063662027482958442,1.4146572688903625e-13,0.44999999999999996,0.10017990855626681,0,12.995369822794082,-0.0063662031689875808,-0.0063662027477442594,2.1219859033355436e-13,-0.00036766521326931127,0.028548512456094584
6,15,113.68421052631579,284.21052631578948,23.5,0.42513505189254897,0,17.008507049696519,10.551393847671635,10.55139384459385,3.423470590714677e-11,23.5,0.4251350518925488,0,17.008507049696394,10.551393847653278,10.551393844609214,0,23.5,0.4251350518925488,0,17.008507049696394,10.551393847653278,10.551393844609214,0,-0.00042869012772753592,0.092167193061794717
6,16,113.68421052631579,303.15789473684208,28.549999999999997,0.7058456536018346,0,19.299536965960076,54.790967879998902,54.790967842958892,3.4852345270744302e-08,28.549999999999997,0.70584565360179419,0,19.29953696575614,54.790967845102308,54.790967842848744,0,28.549999999999997,0.70584565360179419,0,19.29953696575614,54.790967845102308,54.790967842848744,0,-0.00076401114548323385,0.12810250253534908
6,17,113.68421052631579,322.10526315789474,27.950000000000003,0.90178103967537793,0,20.846929386061717,45.653129828559145,45.652995071098161,0.00013475728942510633,27.950000000000003,0.90178103962558531,0,20.846928452495579,45.652994535544586,45.652994534632171,0,27.950000000000003,0.90178103962558531,0,20.846928452495579,45.652994535544586,45.652994534632171,0,-0.0011683812713452627,0.140525027165049
6,18,113.68421052631579,341.05263157894734,21.099999999999998,1.0119267890624302,0,21.789122212275174,-25.790126481518186,-25.790126482990505,-9.3367379746763915e-12,21.099999999999998,1.0119267890624297,0,21.789122212275146,-25.790126481492027,-25.790126482969416,1.4146572688903624e-12,21.099999999999998,1.0119267890624302,0,21.789122212275146,-25.790126481491317,-25.790126482966635,-5.6586290755614498e-13,-0.0015832808133483666,0.12987712422003483
7,0,132.63157894736841,0,24.25,1.0119342380731704,0,21.441685844455925,-30.125618524655952,-30.125616005179943,-2.5208377689039377e-06,24.25,1.0119342380706124,0,21.441685838380138,-30.125616011647761,-30.125616013049292,0,24.25,1.0119342380706124,0,21.441685838380138,-30.125616011647761,-30.125616013049292,0,-0.0019326229095793397,0.084065247530589207
7,1,132.63157894736841,18.94736842105263,21.050000000000001,1.0119663980123699,0,21.788798183139658,-25.464331282063043,-25.46433128341285,1.1175792424233862e-11,21.050000000000001,1.0119663980123697,0,21.78879818313963,-25.46433128208211,-25.464331283421799,0,21.050000000000001,1.0119663980123697,0,21.78879818313963,-25.46433128208211,-25.464331283421799,0,-0.0020812817365106987,0.052306308934829321
7,2,132.63157894736841,37.89473684210526,24.550000000000001,0.9613629436276625,0,21.309447131599565,-7.7244741700233979,-7.724474174507348,-2.8293145377807249e-13,24.550000000000001,0.96136294362766239,0,21.309447131599448,-7.7244741700198656,-7.7244741745059571,0,24.550000000000001,0.96136294362766239,0,21.309447131599448,-7.7244741700198656,-7.7244741745059571,0,-0.0020929149494583808,0.024332305972785441
7,3,132.63157894736841,56.842105263157897,19.050000000000001,0.73760131528262951,0,18.407615925819016,-18.290972617986245,-18.290972619855307,-7.0732863444518123e-14,19.050000000000001,0.73760131528262951,0,18.407615925819016,-18.290972617984874,-18.290972619855999,1.1670922468345489e-12,19.050000000000001,0.73760131528262951,0,18.407615925819016,-18.290972617987315,-18.290972619856383,-2.8293145377807249e-13,-0.0018216750226317494,0.010987682319081395
7,4,132.63157894736841,75.78947368421052,22.375,0.7007260577290686,0,21.126725078729702,-25.500472175418349,-25.500472176367744,-1.6204899015139103e-10,22.375,0.7007260577290696,0,21.126725078729546,-25.500472175211264,-25.500472176285463,0,22.375,0.7007260577290696,0,21.126725078729546,-25.500472175211264,-25.500472176285463,0,-0.0020744342380706617,-0.023822396121366132
7,5,132.63157894736841,94.736842105263165,35.351500000000001,0.93681921606298657,0,25.327979109306053,1065.2741607730916,-10.169881645123294,1075.4440424168997,35.164499999999997,0.93722090386526413,0,25.322493811321639,1044.345597890273,-4.7088792130890909,1049.054477101995,35.534500000000001,0.93762460722492924,0,25.322493811340703,745.69708674753838,-11.679527145328587,757.37661389148252,-0.001264269781340257,0.0030703057509472581
7,6,132.63157894736841,113.68421052631579,75.543999999999997,1.6822996272597304,0,39.183665484595444,-24.356813380524912,-17.264793387424803,-7.0920199995744033,75.543999999999997,1.6822830006325322,0,39.097722647806499,-7.0062082323698203,-4.3053267936858086,-2.7008814451713441,75.546500000000009,1.6823253802431053,0,39.103193822349056,-46.044004608751628,-47.848888140681588,1.8048835254905227,0.0095686561654450414,0.058788073550765256
7,7,132.63157894736841,132.63157894736841,75.414000000000001,1.6752907234131205,0,38.92197098977794,15.109535053954389,13.050121664443735,2.0594133829836814,75.418999999999997,1.6753101828871175,0,38.923293889456829,-10.248878798800261,-8.7479384820205173,-1.5009403233077936,75.421000000000006,1.675316439183494,0,38.92294596803093,-32.63282650308134,-34.771318374908233,2.1384918653959479,0.0089849976994331084,0.081422732779749152
7,8,132.63157894736841,151.57894736842104,75.237499999999997,1.6659456341172434,0,38.854035361621207,-80.048085735403092,-51.324431540449538,-28.723654201483093,75.243000000000009,1.6659648321212195,0,38.686933539935922,-85.033290276852881,-85.084219022826616,0.050928739382370511,75.241499999999988,1.6659456562039343,0,38.687165263648332,-68.623139816123796,-68.095325764783226,-0.52781405790073743,0.0083303326635964358,0.094040482205614007
7,9,132.63157894736841,170.52631578947367,22.600000000000001,0.63956748589972223,0,19.368877298687465,-38.738490437918003,-38.738490440193345,1.6395877746439301e-10,22.600000000000001,0.63956748589972701,0,19.368877298686829,-38.738490438049226,-38.738490440126306,0,22.600000000000001,0.63956748589972701,0,19.368877298686829,-38.738490438049226,-38.738490440126306,0,-0.00090434076704192683,0.027856405464874626
7,10,132.63157894736841,189.47368421052633,26.711000000000002,-0.078802935844250716,0,13.877783179490264,30.363746648405357,29.212042393018333,1.1517042535967748,26.708500000000001,-0.07880403684660095,0,13.877317395287795,31.4360439846267,31.109397250835645,0.32664673201224126,26.708500000000001,-0.078806204088492746,0,13.877316563405181,31.154481402498877,31.10618507815828,0.048296322550708697,-0.0012456270756711558,-0.059521538503531937
7,11,132.63157894736841,208.42105263157896,20.100000000000001,-0.071145486927508952,0,12.770610714869857,-36.269858165748062,-36.26985816506479,1.8956407403130858e-11,20.100000000000001,-0.071145486927508828,0,12.77061071486985,-36.269858165771339,-36.269858165059993,0,20.100000000000001,-0.071145486927508828,0,12.77061071486985,-36.269858165771339,-36.269858165059993,0,-0.0012432253301786164,-0.021135750729127337
7,12,132.63157894736841,227.36842105263159,0,-0.091861534577382997,0.75323454997470396,11.332128406630364,3.2220637895307058e-07,3.2241001995512521e-07,0,0,-0.091861534577382997,0.75323454997470396,11.332128406630364,3.2220637895307058e-07,3.2241001995512521e-07,0,0,-0.091861534577382997,0.75323454997470396,11.332128406630364,3.2220637895307058e-07,3.2241001995512521e-07,0,-0.0010238021499558135,0.023285482988182046
7,13,132.63157894736841,246.31578947368422,0,-0.27297370156620343,2.8821995391485151,9.4621138155764744,-9.9060509396743228e-06,-9.9059854736887105e-06,0,0,-0.27297370156620343,2.8821995391485151,9.4621138155764744,-9.9060509396743228e-06,-9.9059854736887105e-06,0,0,-0.27297370156620343,2.8821995391485151,9.4621138155764744,-9.9060509396743228e-06,-9.9059854736887105e-06,0,-0.00070157194946264502,0.024215831722563391
7,14,132.63157894736841,265.26315789473682,0,-0.091861534499592279,0.75323673802736879,11.332127029894487,-5.3873798179819579e-05,-5.3873845033268326e-05,0,0,-0.091861534499592279,0.75323673802736879,11.332127029894487,-5.3873798179819579e-05,-5.3873845033268326e-05,0,0,-0.091861534499592279,0.75323673802736879,11.332127029894487,-5.3873798179819579e-05,-5.3873845033268326e-05,0,-0.00045343214932452511,0.051225498963677951
7,15,132.63157894736841,284.21052631578948,16.25,0.20007129598378157,0,15.206654086760198,30.278814724528129,30.278814724533884,8.4879436133421742e-13,16.25,0.20007129598378159,0,15.206654086760198,30.278814724528484,30.278814724534953,0,16.25,0.20007129598378159,0,15.206654086760198,30.278814724528484,30.278814724534953,0,-0.00054052460081694211,0.095233724261023084
7,16,132.63157894736841,303.15789473684208,21.699999999999999,0.48645124927395322,0,17.4473644856905,-39.176751774830052,-39.176751776723094,1.6975887226684348e-12,21.699999999999999,0.48645124927395322,0,17.447364485690482,-39.176751774819977,-39.176751776717786,0,21.699999999999999,0.48645124927395322,0,17.447364485690482,-39.176751774819977,-39.176751776717786,0,-0.00087791945578752568,0.12090550094089869
7,17,132.63157894736841,322.10526315789474,24.399999999999999,0.73590809314701178,0,19.200528088823269,39.634801371447182,39.634800498145779,8.7092016688257031e-07,24.399999999999999,0.73590809314695838,0,19.200528084610617,39.634800498259239,39.634800495895774,0,24.399999999999999,0.73590809314695838,0,19.200528084610617,39.634800498259239,39.634800495895774,0,-0.0012606670600639799,0.12678321092697387
7,18,132.63157894736841,341.05263157894734,25.350000000000001,0.91367557221736262,0,20.539968656592372,-35.366431224660936,-35.364555313344844,-0.0018759135127596931,25.350000000000001,0.91367557210984984,0,20.539958770270538,-35.364557166867193,-35.36455716950644,0,25.350000000000001,0.91367557210984984,0,20.539958770270538,-35.364557166867193,-35.36455716950644,0,-0.001634631777335821,0.11396045589075869
8,0,151.57894736842104,0,31.974999999999998,0.78502178292911395,0,22.299868556734719,-2.5295761813070627,-2.5299523946426787,0.00037620933905229467,31.974999999999998,0.78501486488190286,0,22.299975761936039,0.33611153096527724,0.32487068836225397,0.011240838508054896,31.974999999999998,0.78501633462382736,0,22.299963862802006,-0.48943976620918894,-0.52925166964519488,0.039811899359088243,-0.0015598338885070171,0.035634827961859114
8,1,151.57894736842104,18.94736842105263,25.350000000000001,0.91361273431429768,0,20.540421849492517,35.5828644497537,35.573324300504922,0.0095401488614628872,25.350000000000001,0.91361273981446234,0,20.540349843860284,35.573310276079205,35.573310275577903,0,25.350000000000001,0.91361273981446234,0,20.540349843860284,35.573310276079205,35.573310275577903,0,-0.002013704262577846,0.025902760342682352
8,2,151.57894736842104,37.89473684210526,28.000000000000004,0.90170524469089453,0,20.846495627268482,-45.686442543425123,-45.68647180416415,2.9257717482746224e-05,28.000000000000004,0.90170524477398895,0,20.846494716337638,-45.686470837857158,-45.686470840953277,0,28.000000000000004,0.90170524477398895,0,20.846494716337638,-45.686470837857158,-45.686470840953277,0,-0.0020621839193272562,0.0068471861401104214
8,3,151.57894736842104,56.842105263157897,22.400000000000002,0.86628716542062023,0,20.084299725808449,36.094679110065812,36.09467910865277,-1.9884776235840154e-11,22.400000000000002,0.86628716542062012,0,20.084299725808364,36.094679110083128,36.094679108657083,0,22.400000000000002,0.86628716542062012,0,20.084299725808364,36.094679110083128,36.094679108657083,0,-0.0019856397530125668,-0.010454835338895655
8,4,151.57894736842104,75.78947368421052,21.699999999999999,0.6605032123693243,0,17.511925321347803,31.550783121968941,31.550783122007193,-5.8000948024504863e-12,21.699999999999999,0.66050321236932419,0,17.511925321347803,31.550783121975858,31.550783122005761,-4.2439718066710871e-13,21.699999999999999,0.66050321236932419,0,17.511925321347803,31.550783121974199,31.550783122008525,-1.4146572688903624e-12,-0.0017361240672373872,-0.0034993845872866546
8,5,151.57894736842104,94.736842105263165,26.130500000000001,0.53441205153663418,0,19.461917701423637,34.669487127898108,34.639458562197355,0.030028564822154765,26.130500000000001,0.5344122203493159,0,19.461917779270024,34.671481445186203,34.639441771988956,0.032039672420708265,26.130500000000001,0.53441271666710033,0,19.461917778435364,34.661228997771921,34.639169988880255,0.022059008101574084,-0.0018044059624290057,-0.061756983235575012
8,6,151.57894736842104,113.68421052631579,35.852499999999999,0.6590863434401415,0,24.363598731258875,548.83231268794873,-1.8368414735290752,550.66915415995925,38.111499999999999,0.72279029314465693,0,23.982398232622749,-253.48107774193107,-13.89404942429152,-239.5870283188784,35.965499999999999,0.6581026220947549,0,24.368850486764373,-236.105514400819,-12.601159212068335,-223.50435519037441,-0.0017206258368142127,-0.0019095013410603129
8,7,151.57894736842104,132.63157894736841,75.241,1.6659169549867889,0,38.853991513480075,-59.740180596663151,-29.625850976801814,-30.114329626431598,75.239000000000004,1.665921975624773,0,38.696718929446646,-39.574022227354689,-38.375325743270309,-1.1986964906278874,75.238500000000002,1.665915051434357,0,38.689024726977429,-50.760992358321054,-51.185800151794396,0.42480778689845694,0.0083364771314347798,0.093939338938704861
8,8,151.57894736842104,151.57894736842104,60.750999999999998,1.6445936668532963,0,44.390559748223538,2983.085417019794,9.0378390521857561,2974.047577963986,75.085999999999999,1.6579844818878047,0,38.498105060430376,0.59336375809983688,0.087170379856703631,0.5061933716643755,75.084499999999991,1.6579758576373884,0,38.493288203622583,11.604999366094573,12.586409472676634,-0.9814101132224855,0.0076647979984257857,0.11002147529914172
8,9,151.57894736842104,170.52631578947367,37.859500000000004,0.60954150329094214,0,23.555400097514557,-1589.5139773642825,0.65702178960619617,-1590.1709991574598,38.165500000000002,0.60663242718857369,0,23.488935461136908,-112.23317610319219,-5.9537257350818704,-106.27945037155506,38.137999999999998,0.62629482253625557,0,23.4906218404202,-350.02015149939831,8.1094276723964462,-358.12957917534231,-0.00033737675070688762,-0.15429010452979616
8,10,151.57894736842104,189.47368421052633,24.824999999999999,0.45021190551080109,0,18.624058017701433,-38.065810206974803,-38.065810209498686,5.9415605293395223e-12,24.824999999999999,0.45021190551080065,0,18.62405801770138,-38.065810206979087,-38.065810209510808,0,24.824999999999999,0.45021190551080065,0,18.62405801770138,-38.065810206979087,-38.065810209510808,0,4.0805818285034445e-05,-0.15678447168503665
8,11,151.57894736842104,208.42105263157896,24.899999999999999,0.13638159710492884,0,15.009011111673189,-45.071963497999803,-45.071770756339809,-0.00019274356674640417,24.899999999999999,0.13638159595027183,0,15.009010303286665,-45.07177115609327,-45.071771158072778,0,24.899999999999999,0.13638159595027183,0,15.009010303286665,-45.07177115609327,-45.071771158072778,0,-0.001007699185593225,-0.069413658315622101
8,12,151.57894736842104,227.36842105263159,16.25,0.20011119754155127,0,15.206325412988463,30.260213621749934,30.260213622039132,-2.8293145377807249e-13,16.25,0.20011119754155129,0,15.206325412988432,30.260213621747116,30.26021362202528,0,16.25,0.20011119754155129,0,15.206325412988432,30.260213621747116,30.26021362202528,0,-0.0011346214762573514,-0.0084854317170904199
8,13,151.57894736842104,246.31578947368422,0.44999999999999996,0.10018002308145439,0,12.995372943563456,0.011164496432708166,0.011164496349064922,0,0.44999999999999996,0.10018002308145439,0,12.995372943563456,0.011164496432708166,0.011164496349064922,0,0.44999999999999996,0.10018002308145439,0,12.995372943563456,0.011164496432708166,0.011164496349064922,0,-0.00086271459491220229,0.030338004279714573
8,14,151.57894736842104,265.26315789473682,10.949999999999999,-0.2880222747742226,0,12.414238776697051,-17.622415636829345,-17.622415635775482,1.4146572688903625e-13,10.949999999999999,-0.2880222747742226,0,12.414238776697051,-17.622415636829345,-17.622415635775482,0,10.949999999999999,-0.2880222747742226,0,12.414238776697051,-17.622415636829345,-17.622415635775482,0,-0.00064655057179518875,0.05564492470335787
8,15,151.57894736842104,284.21052631578948,20.100000000000001,-0.070833660470522572,0,12.774059469896736,36.914708201103899,36.914708199878611,-1.1317258151122899e-11,20.100000000000001,-0.070833660470522447,0,12.774059469896724,36.914708201122281,36.914708199883094,0,20.100000000000001,-0.070833660470522447,0,12.774059469896724,36.914708201122281,36.914708199883094,0,-0.00074617580986366741,0.082919356862784704
8,16,151.57894736842104,303.15789473684208,24.899999999999999,0.13639868334489225,0,15.008900393152924,-44.796260091814929,-44.796560863759602,0.00030076912361740813,24.899999999999999,0.1363986824743238,0,15.008898582207557,-44.796560947993214,-44.796560950763187,0,24.899999999999999,0.1363986824743238,0,15.008898582207557,-44.796560947993214,-44.796560950763187,0,-0.00097758065570366956,0.098109043000956048
8,17,151.57894736842104,322.10526315789474,27.574999999999999,0.37867790917409239,0,17.905685028491224,17.437340231078259,17.533278981781333,-0.095938754034798596,27.574999999999999,0.37868746492332012,0,17.905845517818371,15.566492951237223,15.828815235527818,-0.26232228772068816,27.574999999999999,0.37868268497455559,0,17.905997309683809,17.170064704456212,17.104481087318838,0.065583613829925988,-0.0012662328145133883,0.11458076328238882
8,18,151.57894736842104,341.05263157894734,32.274999999999999,0.67261127679691612,0,21.968643461193007,-7.9516508009079194,-7.9468531206025634,-0.004797682757076871,32.274999999999999,0.67260337948996352,0,21.968582344865762,-9.8389457096658859,-10.358898027854719,0.51995231577696988,32.274999999999999,0.67260587706827513,0,21.968588810245294,-8.2334109382229439,-7.7133248423523453,-0.5200860982235247,-0.001205889670461726,0.05162341511236819
9,0,170.52631578947367,0,45.499000000000002,0.76460244036146152,0,23.553661960482707,14.00611760407074,13.391877480148361,0.61424012117838767,45.500500000000002,0.76460003469634097,0,23.555207606820698,3.6501020885093185,4.9810260615785591,-1.3309239757318962,45.497500000000002,0.76459849396959545,0,23.556771974696474,12.701692202706733,11.623911336680447,1.0777808633011592,-0.0008412291266193813,0.097686931220438492
9,1,170.52631578947367,18.94736842105263,32.2605,0.67252466433999702,0,21.965656929464551,36.908559866118388,36.840451276026975,0.068108586170804564,32.259999999999998,0.67252542737359411,0,21.96564644024863,37.107110622179093,37.312632288183273,-0.20552166991791149,32.261000000000003,0.67252471265344949,0,21.965672620380772,36.89855858596129,36.840159614895853,0.058398967141320521,-0.00133794215339835,-0.0014709276285394535
9,2,170.52631578947367,37.89473684210526,24.399999999999999,0.7358851957892375,0,19.200357733076981,-39.598991490832127,-39.598994768909165,3.2773074236314269e-06,24.399999999999999,0.73588519579766887,0,19.200357712282631,-39.598994752539717,-39.598994753513345,0,24.399999999999999,0.73588519579766887,0,19.200357712282631,-39.598994752539717,-39.598994753513345,0,-0.0018853261765174926,-0.021355147722819261
9,3,170.52631578947367,56.842105263157897,28.549999999999997,0.70581659586295076,0,19.297783570238767,-54.375861794887804,-54.375861836655467,4.1367770362817123e-08,28.549999999999997,0.70581659586263124,0,19.297783568810214,-54.375861837147696,-54.375861837603082,5.304964758338858e-13,28.549999999999997,0.70581659586263124,0,19.297783568810214,-54.375861837145827,-54.37586183760007,-5.304964758338858e-13,-0.0018842188690923183,-0.028107331669063311
9,4,170.52631578947367,75.78947368421052,17.699999999999999,0.6551308263548502,0,17.520359884060703,32.312990654418925,32.312990653499597,-4.1732389432265684e-12,17.699999999999999,0.65513082635485009,0,17.520359884060696,32.312990654423821,32.312990653499213,0,17.699999999999999,0.65513082635485009,0,17.520359884060696,32.312990654423821,32.312990653499213,0,-0.001715795200386246,-0.022485781360288296
9,5,170.52631578947367,94.736842105263165,22.400000000000002,0.34610430391073288,0,15.917353947823663,37.109864208989165,37.109864208774987,2.7232152426139474e-11,22.400000000000002,0.3461043039107326,0,15.917353947823662,37.109864208954392,37.109864208773047,-8.4879436133421742e-13,22.400000000000002,0.34610430391073266,0,15.917353947823662,37.10986420895977,37.109864208775335,5.0220333045607864e-12,-0.0015679800796804292,-0.014299977720954579
9,6,170.52631578947367,113.68421052631579,27.348499999999998,0.16254104511044795,0,16.666688014645146,15.714506880340792,3.3938024405187464,12.320704438937042,27.350000000000001,0.1619063720612772,0,16.631837957951273,-17.302843394967383,-17.236776472675992,-0.066066923157189178,27.350000000000001,0.16189657082367978,0,16.631773057560828,-16.865161332678625,-16.681285707885426,-0.18387562563312151,-0.0014804836856502116,-0.069112369864739204
9,7,170.52631578947367,132.63157894736841,22.600000000000001,0.63956748589972301,0,19.368877298687465,-38.73849043785988,-38.738490440285346,1.6636369482150663e-10,22.600000000000001,0.63956748589972723,0,19.368877298686826,-38.738490437986819,-38.738490440233271,0,22.600000000000001,0.63956748589972723,0,19.368877298686826,-38.738490437986819,-38.738490440233271,0,-0.00090434076704192716,0.027856405464874737
9,8,170.52631578947367,151.57894736842104,38.1265,0.6210883396584802,0,23.555400210960876,-1411.1178908324111,-8.418940260693498,-1402.6989505751358,37.787500000000001,0.60089967037240644,0,23.52889576763776,27.877890579135737,-1.0101375156172667,28.888028091265909,38.210000000000001,0.62890246917227677,0,23.501936242016598,-1928.827480046808,6.968665550809634,-1935.7961456010187,0.0012444175274094697,-0.14318749452810287
9,9,170.52631578947367,170.52631578947367,38.585500000000003,0.60784251642080311,0,23.332482621082683,-1633.7391886054686,14.798128129331948,-1648.5373167386549,38.716999999999999,0.62054138002198356,0,23.251276671475509,1205.8062554297667,-17.814808049387477,1223.6210634754475,38.956499999999998,0.62765147014358946,0,23.354944296336857,-1206.1217067056209,11.478599692221362,-1217.6003064016406,-0.001171319182384588,0.0022907083048988308
9,10,170.52631578947367,189.47368421052633,44.8675,0.71957674264131632,0,22.176992727292951,3.6379742593186757,3.4980129158520672,0.13996133900905181,44.867000000000004,0.71956200565634854,0,22.176966271821605,6.5269795690582892,6.7392092455901995,-0.21222968097556449,44.8675,0.71957002352448807,0,22.176454344976129,7.5504464678854415,7.605276816715679,-0.054830353183918046,0.0015199983413851457,-0.10047281042988354
9,11,170.52631578947367,208.42105263157896,27.5565,0.37988995369314749,0,18.060853772772319,15.032234788492213,-1.6996310111804491,16.731865796410816,27.568999999999999,0.37940394376158365,0,17.941408228013714,5.704953378136751,6.2327910382576981,-0.52783766341289107,27.569500000000001,0.37940161846542908,0,17.941522989808327,4.3920956405471152,4.4013371366646972,-0.0092414993895643185,-0.00042148808677719809,-0.1141677634508048
9,12,170.52631578947367,227.36842105263159,21.699999999999999,0.48632548315661922,0,17.448169822078711,39.919686650611816,39.919686649043513,2.8151679650918206e-11,21.699999999999999,0.48632548315661922,0,17.448169822078704,39.919686650580928,39.919686649038219,0,21.699999999999999,0.48632548315661922,0,17.448169822078704,39.919686650580928,39.919686649038219,0,-0.00085925007520677591,-0.063583629015244364
9,13,170.52631578947367,246.31578947368422,23.549999999999997,0.42507275676522327,0,17.008519431386446,-10.475563855501742,-10.475563855523257,1.9044823482436502e-10,23.549999999999997,0.42507275676522421,0,17.008519431386322,-10.475563855709707,-10.475563855525914,0,23.549999999999997,0.42507275676522421,0,17.008519431386322,-10.475563855709707,-10.475563855525914,0,-0.001003187372809798,-0.0017400458203279852
9,14,170.52631578947367,265.26315789473682,15.85,0.21637353518115021,0,14.642773102143584,28.447617360158084,28.447617359557217,5.6586290755614498e-13,15.85,0.21637353518115018,0,14.642773102143583,28.447617360156993,28.447617359558123,0,15.85,0.21637353518115018,0,14.642773102143583,28.447617360156993,28.447617359558123,0,-0.00080998209531360152,0.031412364370739368
9,15,170.52631578947367,284.21052631578948,21.850000000000001,-0.051665722229587707,0,14.228271495077184,38.873307203805524,38.873307201711846,-1.2166052512457116e-11,21.850000000000001,-0.051665722229587784,0,14.228271495077152,38.87330720381825,38.873307201713907,0,21.850000000000001,-0.051665722229587784,0,14.228271495077152,38.87330720381825,38.873307201713907,0,-0.0008100447136241693,0.055894945741332157
9,16,170.52631578947367,303.15789473684208,26.738,-0.078969393650850525,0,13.874570653363335,-24.54302552062531,-24.689449045287255,0.14642352109535639,26.737499999999997,-0.078971455491265066,0,13.874569664895805,-23.725261472792532,-23.738162299055524,0.012900822746976246,26.737499999999997,-0.078971442354458146,0,13.8745736291346,-23.742576906394515,-23.738229677849123,-0.0043472320623801543,-0.00095406527587754242,0.070433394025297233
9,17,170.52631578947367,322.10526315789474,24.824999999999999,0.4503551160108083,0,18.623605519869798,38.371556103670315,38.371556104342652,4.3429978154934127e-11,24.824999999999999,0.45035511601080724,0,18.623605519869521,38.371556103618254,38.371556104353701,0,24.824999999999999,0.45035511601080724,0,18.623605519869521,38.371556103618254,38.371556104353701,0,-0.00072046951048294417,0.029836630016205831
9,18,170.52631578947367,341.05263157894734,44.865000000000002,0.7195527327222363,0,22.173883134722825,-36.503251500197486,-36.75431710271355,0.2510656001802738,44.865500000000004,0.719547800984501,0,22.173451191797071,-39.27754310740756,-38.250777714976429,-1.0267653947260407,44.862000000000002,0.71955549839399024,0,22.172977609722643,-29.134324249150502,-29.117051428406555,-0.017272823088583744,-0.00041581852160930358,0.09894800085647204
10,0,189.47368421052633,0,39.000500000000002,0.60793696993562563,0,23.336886416754098,-189.95952919354738,-0.9861854508923148,-188.97334374468699,38.548500000000004,0.62007932445102099,0,23.247099264440305,-543.51568307203297,-5.4855115197168587,-538.03017155420628,38.738,0.62292837010206825,0,23.355555872333372,817.98857012829376,-4.9526750122223246,822.94124513859515,-0.0018494048885589001,0.058720126594864197
10,1,189.47368421052633,18.94736842105263,44.844000000000001,0.71961982988464213,0,22.172797982009584,46.485233886239953,46.870669118485054,-0.38543523656568557,44.844499999999996,0.7196233830648312,0,22.172630714101967,48.055833620694131,48.108430069564626,-0.052596453205056168,44.842500000000001,0.7196158443374383,0,22.172602393459279,46.871614809313741,46.191312537618792,0.68030226729120324,-0.00095330203801667634,0.10123843982786528
10,2,189.47368421052633,37.89473684210526,27.6995,0.36932112824062585,0,17.548645517693274,-14.948602541214639,-0.20267443198360091,-14.745928109387934,27.565000000000001,0.37884248865917181,0,17.915029379322323,30.846346111443381,30.867306389267025,-0.020960277998468828,27.572999999999997,0.37832040592976746,0,17.915142965831784,9.7275482714377439,10.683293189591964,-0.9557449183436818,-0.0014814743833669677,-0.043427721402803605
10,3,189.47368421052633,56.842105263157897,21.699999999999999,0.48634791683670087,0,17.447690699862243,-39.69442886582771,-39.694428865658985,1.2590449693124224e-11,21.699999999999999,0.48634791683670098,0,17.447690699862218,-39.694428865849119,-39.694428865665813,0,21.699999999999999,0.48634791683670098,0,17.447690699862218,-39.694428865849119,-39.694428865665813,0,-0.0016339974932523557,-0.049172215855998305
10,4,189.47368421052633,75.78947368421052,23.5,0.42514114893241728,0,17.00825653586681,10.610021862371743,10.610021862081133,-4.1520190841932134e-11,23.5,0.42514114893241711,0,17.00825653586671,10.610021862430811,10.610021862085514,0,23.5,0.42514114893241711,0,17.00825653586671,10.610021862430811,10.610021862085514,0,-0.0016184133659541548,-0.040408387133727512
10,5,189.47368421052633,94.736842105263165,15.85,0.21605036110472495,0,14.641323637384518,-28.240679995772311,-28.24067999639076,3.7488417625594607e-12,15.85,0.21605036110472498,0,14.641323637384518,-28.240679995773501,-28.240679996390273,0,15.85,0.21605036110472498,0,14.641323637384518,-28.240679995773501,-28.240679996390273,0,-0.0014444588866582458,-0.011416534430307615
10,6,189.47368421052633,113.68421052631579,21.899999999999999,-0.052087235714639177,0,14.226238837353025,-38.838659656824312,-38.838659656480054,3.5366431722259063e-11,21.899999999999999,-0.052087235714639343,0,14.226238837353005,-38.838659656867861,-38.83865965646379,0,21.899999999999999,-0.052087235714639343,0,14.226238837353005,-38.838659656867861,-38.83865965646379,0,-0.0013912597201151205,-0.019583418131897186
10,7,189.47368421052633,132.63157894736841,26.711000000000002,-0.078802935843872726,0,13.877783179490276,30.363746522587949,29.212042393843518,1.1517041269070012,26.708500000000001,-0.07880616955594269,0,13.877316092572816,31.142882698876605,31.106199118064076,0.036683579007428455,26.708500000000001,-0.078806299655338918,0,13.877312825670524,31.186196913951015,31.10568349265321,0.080513419493710436,-0.00124585811411596,-0.059546825613953122
10,8,189.47368421052633,151.57894736842104,24.824999999999999,0.45021190551080076,0,18.624058017701419,-38.065810206938785,-38.065810209441629,6.7903548906737394e-12,24.824999999999999,0.45021190551080037,0,18.624058017701383,-38.065810206943425,-38.065810209457318,0,24.824999999999999,0.45021190551080037,0,18.624058017701383,-38.065810206943425,-38.065810209457318,0,4.0805818285034445e-05,-0.15678447168503665
10,9,189.47368421052633,170.52631578947367,44.866499999999995,0.71957315485991147,0,22.176992727297527,5.843609965023143,5.8069670459917653,0.036642914560027287,44.8675,0.71957944893470804,0,22.176858467784065,4.2047920581297618,4.360168365284129,-0.15537631152671919,44.869,0.7195749781290034,0,22.176829392257417,4.8923897062597463,4.8784538130345805,0.013935888859533689,0.0015203961675846513,-0.10046461901217621
10,10,189.47368421052633,189.47368421052633,45.518999999999998,0.76455771703278685,0,23.55390817506964,-1.2962568155988117,-7.6806983886216997,6.3844415688051086,45.517499999999998,0.76456631955841581,0,23.553940091521049,-8.726312228092139,-8.9325703903040843,0.20625815795759594,45.514500000000005,0.76456387241727009,0,23.553236882584411,-5.3047474469213958,-5.1666217556903131,-0.1381256954300864,-0.0012269373473950546,-0.02679331200639162
10,11,189.47368421052633,208.42105263157896,32.274999999999999,0.67258604656198961,0,21.967186936696862,-33.373635442514306,-33.431594858575842,0.057959413386334105,32.274999999999999,0.67258686663936906,0,21.967114301486596,-32.958797562938848,-33.195950255540033,0.23715268990941743,32.274999999999999,0.67259347655978363,0,21.967212458160891,-33.700293252058316,-33.655385835913663,-0.044907418804934852,0.00062532396474626866,-0.098337279501077499
10,12,189.47368421052633,227.36842105263159,24.399999999999999,0.73599463251299391,0,19.20036659304531,39.223827131346525,39.223820800637029,6.3284192135137174e-06,24.399999999999999,0.73599463253549102,0,19.200366563413958,39.223820836036069,39.223820833836676,0,24.399999999999999,0.73599463253549102,0,19.200366563413958,39.223820836036069,39.223820833836676,0,-0.00044800305100814149,-0.086889194976062803
10,13,189.47368421052633,246.31578947368422,28.649999999999999,0.70570318057066661,0,19.299199496088463,-54.857803895076529,-54.857805056079556,1.160355153790049e-06,28.649999999999999,0.70570318057485026,0,19.299199493407325,-54.857805049187974,-54.857805049812647,0,28.649999999999999,0.70570318057485026,0,19.299199493407325,-54.857805049187974,-54.857805049812647,0,-0.00075820892422665638,-0.049057451600168077
10,14,189.47368421052633,265.26315789473682,17.699999999999999,0.65496794861782515,0,17.518753359433319,-32.26976779483762,-32.269767796173078,1.9805201764465073e-12,17.699999999999999,0.65496794861782526,0,17.518753359433319,-32.269767794834394,-32.269767796171536,0,17.699999999999999,0.65496794861782526,0,17.518753359433319,-32.269767794834394,-32.269767796171536,0,-0.00077658693708337152,-0.0043193079740579468
10,15,189.47368421052633,284.21052631578948,22.400000000000002,0.34572746170319801,0,15.915464434498841,-36.98462469258277,-36.984624695050918,-1.3863641235125551e-11,22.400000000000002,0.3457274617031979,0,15.91546443449881,-36.984624692572318,-36.984624695051075,0,22.400000000000002,0.3457274617031979,0,15.91546443449881,-36.984624692572318,-36.984624695051075,0,-0.00073663197914239126,0.026988756859685964
10,16,189.47368421052633,303.15789473684208,27.562999999999999,0.14356476759564704,0,16.616494564895977,-120.93864315847716,2.1308027104380827,-123.06944587216502,27.364500000000003,0.16116025078608573,0,16.619281220833983,22.346083975996773,22.432543036702448,-0.08645906350552611,27.366,0.16116015491466065,0,16.619348805933683,21.497112435916662,21.324326008280554,0.17278642478363523,-0.00076657621252133878,0.028572101602996586
10,17,189.47368421052633,322.10526315789474,22.574999999999999,0.63965606749887982,0,19.369204295539905,38.687584981679109,38.687584982388351,-6.2244919831175949e-12,22.574999999999999,0.63965606749887971,0,19.369204295539905,38.687584981673758,38.687584982378006,0,22.574999999999999,0.63965606749887971,0,19.369204295539905,38.687584981673758,38.687584982378006,0,-0.00028819929340889879,0.025227635863710504
10,18,189.47368421052633,341.05263157894734,37.6875,0.59481925233394706,0,23.593148289657812,-818.09787124621266,3.2610881199513502,-821.35895936728411,37.415500000000002,0.62326874803933641,0,23.610224954979213,848.45546380034511,-3.3966783795312083,851.85214217919577,37.468000000000004,0.59201562654749895,0,23.524943244313416,-296.98850971200778,1.9981369872302595,-298.98664670040512,-0.0015186681796899215,0.12564272824732597
11,0,208.42105263157896,0,74.536500000000004,1.670644045254682,0,44.146523300395039,-5899.3573048922872,-38.211431771574659,-5861.145873109449,75.091499999999996,1.6580316742606982,0,38.492631829807024,-58.833499545613101,-58.521247264009034,-0.31225227012719292,75.090999999999994,1.6580252592564999,0,38.49446134641736,-83.376825380759442,-83.617664027671808,0.24083865825868278,0.00023243181539315508,-0.49925125963745343
11,1,208.42105263157896,18.94736842105263,37.653500000000001,0.5933650160789995,0,23.533155814137213,-78.93274756770343,-4.1184390305616372,-74.814308539450025,38.200000000000003,0.60870287397839273,0,23.58487524362668,293.3348914341147,4.0899929652354814,289.24489846662084,37.758000000000003,0.62684119623458057,0,23.572406770752583,-789.105690999378,-7.6448063737072989,-781.46088462772752,-0.0011312642828090835,-0.0070983997998940729
11,2,208.42105263157896,37.89473684210526,24.824999999999999,0.45023310907778052,0,18.623904561065526,-38.313743442047716,-38.313743444069324,-4.0317732163375324e-11,24.824999999999999,0.45023310907778008,0,18.623904561065523,-38.313743441987363,-38.313743444062219,0,24.824999999999999,0.45023310907778008,0,18.623904561065523,-38.313743441987363,-38.313743444062219,0,-0.0008299761076911409,-0.0016691524636931049
11,3,208.42105263157896,56.842105263157897,24.949999999999999,0.1363646698821821,0,15.009123151114112,-45.346298250624038,-45.346285402570352,-1.284817058392144e-05,24.949999999999999,0.13636467060302698,0,15.009121850525013,-45.346283839736195,-45.346283839797763,0,24.949999999999999,0.13636467060302698,0,15.009121850525013,-45.346283839736195,-45.346283839797763,0,-0.0012830355558099981,-0.062087583816442617
11,4,208.42105263157896,75.78947368421052,16.25,0.20008462721069309,0,15.206544610924565,30.272577304871998,30.272577305300786,-9.9026008822325364e-13,16.25,0.20008462721069309,0,15.206544610924565,30.272577304874044,30.27257730530194,0,16.25,0.20008462721069309,0,15.206544610924565,30.272577304874044,30.27257730530194,0,-0.0013604439781526958,-0.053411155640267938
11,5,208.42105263157896,94.736842105263165,0.44999999999999996,0.10018002595689965,0,12.99536632495994,0.012057450529713833,0.012057450531598417,5.6586290755614498e-13,0.44999999999999996,0.10018002595689965,0,12.99536632495994,0.012057450528465801,0.012057450530973009,2.8293145377807249e-13,0.44999999999999996,0.10018002595689965,0,12.99536632495994,0.012057450529713833,0.012057450531598417,5.6586290755614498e-13,-0.0012771596300499035,-0.013983966096865698
11,6,208.42105263157896,113.68421052631579,10.949999999999999,-0.28799718375674555,0,12.414540751333545,-17.755141378638804,-17.755141378644794,0,10.949999999999999,-0.28799718375674555,0,12.414540751333545,-17.755141378638804,-17.755141378644794,0,10.949999999999999,-0.28799718375674555,0,12.414540751333545,-17.755141378638804,-17.755141378644794,0,-0.0012193152454577731,0.013067619054753652
11,7,208.42105263157896,132.63157894736841,20.100000000000001,-0.071145486927508439,0,12.770610714869854,-36.26985816584498,-36.269858165065813,2.1361324760244475e-11,20.100000000000001,-0.0711454869275083,0,12.770610714869846,-36.269858165870865,-36.269858165062011,0,20.100000000000001,-0.0711454869275083,0,12.770610714869846,-36.269858165870865,-36.269858165062011,0,-0.0012432253301786164,-0.021135750729127059
11,8,208.42105263157896,151.57894736842104,24.899999999999999,0.13638159710492898,0,15.009011111673189,-45.07196349801594,-45.071770756364536,-0.00019274356773666423,24.899999999999999,0.13638159595027177,0,15.009010303286662,-45.071771156161311,-45.071771158118885,0,24.899999999999999,0.13638159595027177,0,15.009010303286662,-45.071771156161311,-45.071771158118885,0,-0.0010076991855932243,-0.069413658315622212
11,9,208.42105263157896,170.52631578947367,27.5565,0.3798873146004802,0,18.060853772775033,15.134270556926559,-1.7071359212870094,16.841406474950787,27.569500000000001,0.37940130401315786,0,17.941609928899602,4.8102723289119016,4.821085830197597,-0.010813504608674973,27.569500000000001,0.3794024347812916,0,17.941647977370568,4.458259684067488,4.4021012471729346,0.056158433628267786,-0.0004215236135170033,-0.11416578152942185
11,10,208.42105263157896,189.47368421052633,32.274999999999999,0.67258604656198961,0,21.967186936696951,-33.373635442487746,-33.431594858574243,0.057959413389446338,32.274999999999999,0.67258686663979839,0,21.967114301493531,-32.958797561220656,-33.195950254927432,0.23715269098257644,32.274999999999999,0.6725934765598488,0,21.967212458161615,-33.700293251792658,-33.655385835861246,-0.044907418635175979,0.00062532396475107038,-0.09833727950095357
11,11,208.42105263157896,208.42105263157896,31.559999999999999,0.78436417397335634,0,22.287841702865162,43.158912485048553,1.8743604863473537,41.284551995594398,31.949999999999999,0.78475844263502403,0,22.287941395941846,6.2832745790896549,6.2731217298693709,0.010152846168838693,31.949999999999999,0.78476903181812163,0,22.288052952043468,2.2501329869006028,2.0135363782371036,0.236596605607751,0.00054083298346794184,-0.085256734980988347
11,12,208.42105263157896,227.36842105263159,25.350000000000001,0.91356534761203723,0,20.540455401915128,35.529316777706001,35.529184401216675,0.00013237370106783432,25.350000000000001,0.91356535141299955,0,20.540430150536132,35.529199256257989,35.529199253058835,0,25.350000000000001,0.91356535141299955,0,20.540430150536132,35.529199256257989,35.529199253058835,0,-0.00013297432618118981,-0.08420300798231814
11,13,208.42105263157896,246.31578947368422,27.950000000000003,0.90182489702263258,0,20.846226078853416,14.68237567104743,14.682494092804861,-0.0001184235684299839,27.950000000000003,0.90182489674689359,0,20.846225017162023,14.682493684102232,14.682493682181503,0,27.950000000000003,0.90182489674689359,0,20.846225017162023,14.682493684102232,14.682493682181503,0,-0.00039651917472039756,-0.067572163889109471
11,14,208.42105263157896,265.26315789473682,22.400000000000002,0.86621759560717759,0,20.081676817110168,-35.669708490619911,-35.669708492735033,6.7903548906737394e-12,22.400000000000002,0.86621759560717804,0,20.081676817110029,-35.669708490640929,-35.669708492740661,-5.6586290755614498e-13,22.400000000000002,0.86621759560717793,0,20.081676817110029,-35.669708490638307,-35.669708492740547,1.13172581511229e-12,-0.00058216542299707784,-0.03337953139264898
11,15,208.42105263157896,284.21052631578948,21.699999999999999,0.66020546054637042,0,17.509181309672055,-30.955676422703281,-30.955676426095071,5.0927661680053051e-12,21.699999999999999,0.66020546054637042,0,17.509181309672027,-30.95567642270219,-30.955676426086711,0,21.699999999999999,0.66020546054637042,0,17.509181309672027,-30.95567642270219,-30.955676426086711,0,-0.00055954804115348686,0.005624542371894331
11,16,208.42105263157896,303.15789473684208,26.1355,0.53441674867213862,0,19.462149908749979,31.07845277845745,31.034480335462792,0.04397244114191165,26.135999999999999,0.53441487803909682,0,19.462149269192913,30.642294749904863,30.654256660971924,-0.011961912930760118,26.135999999999999,0.53441614123105763,0,19.462149303474465,30.629694588560966,30.653733927144209,-0.024039340372066349,-0.0004636863022593361,0.0040364457367045026
11,17,208.42105263157896,322.10526315789474,36.0015,0.64064927998051779,0,24.371840706219867,-30.051858289992882,0.9444838888435082,-30.996342179932569,35.644500000000001,0.66108458926518066,0,24.371202813205013,6.4559400533587805,-3.2844340209815859,9.7403740733900683,35.789999999999999,0.65408454921699866,0,24.360649110894588,139.38099159478614,7.5786702065196545,131.80232138729855,-0.00077918933456603851,0.039612351591129621
11,18,208.42105263157896,341.05263157894734,75.205500000000001,1.666336789042399,0,41.252905933408734,-239.54429201130665,-25.939965168611,-213.60432683200003,75.237499999999997,1.6659284540119401,0,38.680253000450946,-28.987461724082948,-26.144847739181607,-2.8426139737680325,75.236999999999995,1.6659303164468739,0,38.688871574412261,-35.48052744416939,-38.871276186649688,3.3907487536014131,-0.00077079265866647484,-0.48875769915085071
12,0,227.36842105263159,0,75.417000000000002,1.67531203120756,0,38.962508504553441,-22.689748237089798,-30.160284853882683,7.4705366275732947,75.417999999999992,1.6753093734457984,0,38.921507770862789,-34.689136263027322,-34.769536052594191,0.080399800415667064,75.41449999999999,1.6753011388752774,0,38.924408831766229,-26.640940246637015,-25.925697082774395,-0.71524315307054565,0.0010532851875189641,-0.50429985871537708
12,1,227.36842105263159,18.94736842105263,75.242500000000007,1.6659173431352161,0,38.689218671103994,-14.544522116979682,-12.509073306934495,-2.0354488000283606,75.242000000000004,1.6659310349056264,0,38.6905669627481,-44.1128331711896,-46.393118503724004,2.2802853425216028,75.240499999999997,1.6659265020224314,0,38.691188411152552,-66.755278383012794,-67.651752467119877,0.89647409397110145,0.0018345832178212108,-0.47821734929940285
12,2,227.36842105263159,37.89473684210526,22.574999999999999,0.63943006507722777,0,19.367226370089622,-38.611500168288259,-38.611500170364181,-2.6595556655138814e-11,22.574999999999999,0.63943006507722788,0,19.367226370089593,-38.611500168270602,-38.611500170361062,0,22.574999999999999,0.63943006507722788,0,19.367226370089593,-38.611500168270602,-38.611500170361062,0,-0.00067258219487304892,0.050887216525611081
12,3,227.36842105263159,56.842105263157897,26.714500000000001,-0.078896741994903319,0,13.876563252122061,20.245688624637264,19.648726525775441,0.59696209821190582,26.716000000000001,-0.078893570713693448,0,13.87545038809157,16.749622073557621,16.751900110373001,-0.0022780374061446918,26.715499999999999,-0.078896378315844853,0,13.875450187961707,17.96829224659292,17.704432460498108,0.26385978546409794,-0.00097079287343119092,-0.05422176331984481
12,4,227.36842105263159,75.78947368421052,20.100000000000001,-0.070849392193211694,0,12.773730726885601,36.802466811001324,36.802466810773588,-2.4049173571136158e-12,20.100000000000001,-0.070849392193211638,0,12.773730726885587,36.802466811008927,36.80246681077945,0,20.100000000000001,-0.070849392193211638,0,12.773730726885587,36.802466811008927,36.80246681077945,0,-0.00094293090674926793,-0.059060422259816711
12,5,227.36842105263159,94.736842105263165,0,-0.091861534522313326,0.75323748254096434,11.332126627974471,5.4231990896270035e-05,5.4232109750463361e-05,5.6586290755614498e-13,0,-0.091861534522313354,0.75323748254096434,11.332126627974471,5.4231990456115741e-05,5.4232111178179e-05,-3.536643172225906e-13,0,-0.091861534522313326,0.75323748254096434,11.332126627974471,5.4231990896270035e-05,5.4232109750463361e-05,5.6586290755614498e-13,-0.0010120321641480766,-0.035135559899649491
12,6,227.36842105263159,113.68421052631579,0,-0.27297370183315434,2.8822089570202243,9.4621217748599662,1.0113416886665682e-05,1.0113603325435348e-05,0,0,-0.27297370183315434,2.8822089570202243,9.4621217748599662,1.0113416886665682e-05,1.0113603325435348e-05,0,0,-0.27297370183315434,2.8822089570202243,9.4621217748599662,1.0113416886665682e-05,1.0113603325435348e-05,0,-0.0009380352837369875,0.00060758161507827764
12,7,227.36842105263159,132.63157894736841,0,-0.091861534577383136,0.75323454997470285,11.33212840663036,3.2226515905079085e-07,3.2232609813314303e-07,0,0,-0.091861534577383136,0.75323454997470285,11.33212840663036,3.2226515905079085e-07,3.2232609813314303e-07,0,0,-0.091861534577383136,0.75323454997470285,11.33212840663036,3.2226515905079085e-07,3.2232609813314303e-07,0,-0.0010238021499558141,0.02328548298818198
12,8,227.36842105263159,151.57894736842104,16.25,0.20011119754155124,0,15.206325412988454,30.260213621736426,30.26021362209978,3.9610403528930146e-12,16.25,0.20011119754155132,0,15.206325412988454,30.260213621724215,30.260213622099911,-4.5976361238936778e-12,16.25,0.20011119754155124,0,15.206325412988454,30.260213621735353,30.260213622100135,2.0512530398910256e-12,-0.001134621476257351,-0.0084854317170906472
12,9,227.36842105263159,170.52631578947367,21.699999999999999,0.48632548315662155,0,17.448169822078714,39.919686650739038,39.919686649011624,2.5746762293804595e-11,21.699999999999999,0.48632548315662183,0,17.448169822078707,39.919686650721886,39.919686649005214,0,21.699999999999999,0.48632548315662183,0,17.448169822078707,39.919686650721886,39.919686649005214,0,-0.00085925007520677591,-0.06358362901524435
12,10,227.36842105263159,189.47368421052633,24.399999999999999,0.73599463251299346,0,19.200366593045317,39.223827131351186,39.223820800664498,6.3284161012677261e-06,24.399999999999999,0.73599463253549025,0,19.200366563413954,39.223820836047167,39.223820833885519,0,24.399999999999999,0.73599463253549025,0,19.200366563413954,39.223820836047167,39.223820833885519,0,-0.00044800305100813499,-0.086889194976063192
12,11,227.36842105263159,208.42105263157896,25.350000000000001,0.91356534761203656,0,20.540455401915146,35.529316777704551,35.52918440123242,0.0001323737003605057,25.350000000000001,0.9135653514129991,0,20.540430150536132,35.529199256362496,35.529199253128581,4.9513004411162682e-13,25.350000000000001,0.9135653514129991,0,20.540430150536132,35.529199256367733,35.529199253130734,-4.9513004411162682e-13,-0.00013297432618118851,-0.084203007982318098
12,12,227.36842105263159,227.36842105263159,24.25,1.0119804990484627,0,21.441518214796538,-30.208182159491926,-30.208182458217994,2.9607001243002822e-07,24.25,1.0119804990478747,0,21.441518206786878,-30.20818246793193,-30.208182470605308,0,24.25,1.0119804990478747,0,21.441518206786878,-30.20818246793193,-30.208182470605308,0,-1.0229742640717205e-05,-0.07198795629026003
12,13,227.36842105263159,246.31578947368422,21.050000000000001,1.0119608242047331,0,21.789502809801345,25.746324633812403,25.746324631971206,-8.8239247147036351e-12,21.050000000000001,1.0119608242047327,0,21.789502809801306,25.746324633826159,25.746324631977021,0,21.050000000000001,1.0119608242047327,0,21.789502809801306,25.746324633826159,25.746324631977021,0,-0.00011238355240823696,-0.061719902900624908
12,14,227.36842105263159,265.26315789473682,24.600000000000001,0.96133004294351354,0,21.309425802220243,-35.313192043577402,-35.313192046752881,2.9707802646697611e-12,24.600000000000001,0.96133004294351343,0,21.309425802220243,-35.313192043581061,-35.313192046751162,0,24.600000000000001,0.96133004294351343,0,21.309425802220243,-35.313192043581061,-35.313192046751162,0,-0.00029081833985573251,-0.042435035240331348
12,15,227.36842105263159,284.21052631578948,19,0.73759565507816516,0,18.407321887005121,-18.223056881394978,-18.223056885045196,-8.9123407940092854e-12,19,0.73759565507816516,0,18.407321887005111,-18.223056881386277,-18.223056885051292,0,19,0.73759565507816516,0,18.407321887005111,-18.223056881386277,-18.223056885051292,0,-0.00032744128278494123,4.8483536195242927e-05
12,16,227.36842105263159,303.15789473684208,22.375,0.70068623141523634,0,21.126190536428542,-25.986303548471014,-25.986303549946282,6.2315652694620458e-10,22.375,0.70068623141524733,0,21.126190536428364,-25.9863035491068,-25.986303549949223,0,22.375,0.70068623141524733,0,21.126190536428364,-25.9863035491068,-25.986303549949223,0,-0.00021945214067184112,0.002801961982673129
12,17,227.36842105263159,322.10526315789474,35.233499999999999,0.93703744885899587,0,25.313024424875334,-497.70928555030804,14.15306511326693,-511.86235066181729,34.719000000000001,0.93315852450993331,0,25.313024413584014,597.62890176103951,14.603765298355396,583.02513646441935,35.233499999999999,0.93703747555553907,0,25.313024413584014,-497.71288786395854,14.152987641848991,-511.86587550406227,-0.0007522210086282591,0.076833009899796578
12,18,227.36842105263159,341.05263157894734,75.543499999999995,1.6822871352094959,0,39.101606656277994,-17.533889924588046,-17.251375580397934,-0.28251433237213264,75.546000000000006,1.6823019670024504,0,39.099805703704071,-16.985088405340239,-17.430053171203685,0.44496477773872667,75.546500000000009,1.6823204250553148,0,39.098729524551352,-21.079974970895954,-17.447894197730982,-3.6320807613367823,7.8324838687086635e-05,-0.52080742552632941
13,0,246.31578947368422,0,75.697999999999993,1.6906747349940878,0,39.315753108023287,-13.165346875064939,-13.164045235963961,-0.00130162897845952,75.697499999999991,1.6906867719369147,0,39.31481003099772,6.146269850428693,4.6217297586504147,1.5245401018945717,75.694500000000005,1.6906230156040161,0,39.316368238221315,51.053318254482413,52.863716146328983,-1.81039788172353,0.0019751855708707534,-0.50843423302237634
13,1,246.31578947368422,18.94736842105263,75.543000000000006,1.6822581856432495,0,39.18518939677962,72.847721355874555,53.985667557553477,18.86205380764256,75.543499999999995,1.6822730338774565,0,39.104247800541081,3.066913848415485,4.2705025522393329,-1.2035886945288707,75.544499999999999,1.682266089573579,0,39.1035347667435,47.332319156171479,47.728414314148537,-0.39609514876826607,0.0027445871845294756,-0.48333550592900032
13,2,246.31578947368422,37.89473684210526,35.713000000000001,0.65395131200445922,0,24.373392793972315,200.06721281373655,2.6491837309409818,197.41802908038167,37.954500000000003,0.71926248375369772,0,23.735348402742364,-690.01535348480343,18.595186261826267,-708.61053974827701,37.2545,0.70850742007001566,0,24.28249970928961,773.64823143025717,14.834288744879471,758.81394268349857,-0.00066859277051489426,0.038386697779847462
13,3,246.31578947368422,56.842105263157897,27.372000000000003,0.16126216754720793,0,16.623245881150197,15.940917659359908,11.627673389291765,4.3132442675359313,27.3675,0.16154411823162576,0,16.623257101133767,20.289738296361996,20.49159702759059,-0.20185873373039429,27.368500000000001,0.16154161160640715,0,16.623218632918036,19.22415088943643,19.021452467661902,0.20269841925984969,-0.00064055270753144572,-0.016508989425657317
13,4,246.31578947368422,75.78947368421052,21.850000000000001,-0.051711441994902893,0,14.227918472226127,38.850160463280929,38.850160463442457,1.3722175508236516e-11,21.850000000000001,-0.051711441994902942,0,14.227918472226069,38.850160463261638,38.850160463441668,0,21.850000000000001,-0.051711441994902942,0,14.227918472226069,38.850160463261638,38.850160463441668,0,-0.00063622697497925547,-0.035883369694199599
13,5,246.31578947368422,94.736842105263165,10.949999999999999,-0.28770070009500431,0,12.415224649799208,17.851746880833147,17.851746881071826,1.087517775459466e-12,10.949999999999999,-0.28770070009500431,0,12.415224649799208,17.851746880832241,17.851746881070948,0,10.949999999999999,-0.28770070009500431,0,12.415224649799208,17.851746880832241,17.851746881070948,0,-0.00064831898514203115,-0.031262891894187093
13,6,246.31578947368422,113.68421052631579,0,-0.27297370121568337,2.8821941524400376,9.4621236284682944,-1.1501405611291416e-07,-1.1495845181194275e-07,0,0,-0.27297370121568337,2.8821941524400376,9.4621236284682944,-1.1501405611291416e-07,-1.1495845181194275e-07,0,0,-0.27297370121568337,2.8821941524400376,9.4621236284682944,-1.1501405611291416e-07,-1.1495845181194275e-07,0,-0.00061580508324381557,0.001537930349459299
13,7,246.31578947368422,132.63157894736841,0,-0.27297370156620593,2.8821995391485191,9.4621138155764672,-9.9060754545965958e-06,-9.9059652767357035e-06,0,0,-0.27297370156620593,2.8821995391485191,9.4621138155764672,-9.9060754545965958e-06,-9.9059652767357035e-06,0,0,-0.27297370156620593,2.8821995391485191,9.4621138155764672,-9.9060754545965958e-06,-9.9059652767357035e-06,0,-0.00070157194946264545,0.024215831722563346
13,8,246.31578947368422,151.57894736842104,0.44999999999999996,0.10018002308145452,0,12.995372943563458,0.011164496471535067,0.011164496414809487,0,0.44999999999999996,0.10018002308145452,0,12.995372943563458,0.011164496471535067,0.011164496414809487,0,0.44999999999999996,0.10018002308145452,0,12.995372943563458,0.011164496471535067,0.011164496414809487,0,-0.00086271459491220207,0.030338004279714538
13,9,246.31578947368422,170.52631578947367,23.549999999999997,0.4250727567652231,0,17.008519431386439,-10.475563855452943,-10.475563855494348,1.9267632002286735e-10,23.549999999999997,0.4250727567652241,0,17.008519431386322,-10.475563855652332,-10.475563855497537,9.9026008822325364e-13,23.549999999999997,0.4250727567652241,0,17.008519431386322,-10.475563855655107,-10.475563855496439,-2.1927187667800616e-12,-0.0010031873728097974,-0.0017400458203281309
13,10,246.31578947368422,189.47368421052633,28.649999999999999,0.70570318057066761,0,19.299199496088463,-54.857803895106436,-54.857805056050537,1.1603571343102255e-06,28.649999999999999,0.70570318057485093,0,19.299199493407301,-54.857805049223387,-54.857805049783913,0,28.649999999999999,0.70570318057485093,0,19.299199493407301,-54.857805049223387,-54.857805049783913,0,-0.00075820892422665551,-0.049057451600168188
13,11,246.31578947368422,208.42105263157896,27.950000000000003,0.90182489702263258,0,20.846226078853455,14.682375670959223,14.682494092718096,-0.00011842356949097685,27.950000000000003,0.90182489674689392,0,20.84622501716203,14.682493683937917,14.682493682033217,-4.5976361238936774e-13,27.950000000000003,0.90182489674689392,0,20.84622501716203,14.682493683938619,14.682493682033844,6.3659577100066314e-13,-0.000396519174720398,-0.067572163889109443
13,12,246.31578947368422,227.36842105263159,21.050000000000001,1.0119608242047333,0,21.789502809801316,25.746324633912987,25.746324632101331,-9.2660051112318736e-12,21.050000000000001,1.0119608242047342,0,21.789502809801299,25.746324633930836,25.746324632112117,0,21.050000000000001,1.0119608242047342,0,21.789502809801299,25.746324633930836,25.746324632112117,0,-0.00011238355240823566,-0.061719902900624894
13,13,246.31578947368422,246.31578947368422,18.199999999999999,1.038429455145941,0,22.106708633756373,18.87098026736302,18.87098026684636,4.2439718066710864e-12,18.199999999999999,1.0384294551459408,0,22.106708633756327,18.87098026734947,18.870980266843155,0,18.199999999999999,1.0384294551459408,0,22.106708633756327,18.87098026734947,18.870980266843155,0,1.5275458896157976e-05,-0.044330394220105783
13,14,246.31578947368422,265.26315789473682,11.949999999999999,0.96640279292962794,0,21.532927911255339,-10.845814057313753,-10.845814057479332,0,11.949999999999999,0.96640279292962816,0,21.532927911255339,-10.845814057313753,-10.845814057479332,0,11.949999999999999,0.96640279292962816,0,21.532927911255339,-10.845814057313753,-10.845814057479332,0,-1.9280551621844982e-05,-0.027111677574347723
13,15,246.31578947368422,284.21052631578948,7.8499999999999996,0.71615747806825958,0,19.259451517051943,0.77276945396306784,0.77276945359548188,1.13172581511229e-12,7.8499999999999996,0.71615747806825947,0,19.259451517051922,0.77276945396088526,0.77276945359522786,3.6781088991149419e-12,7.8499999999999996,0.71615747806825958,0,19.259451517051922,0.77276945396241803,0.77276945359913329,-1.13172581511229e-12,-4.1032845098928211e-05,0.01276548571862568
13,16,246.31578947368422,303.15789473684208,34.384,0.87716856484509531,0,24.788919146800684,309.52280006882097,-20.326047721711014,329.8488477909363,34.835000000000001,0.88057696582528933,0,24.785647448655585,-181.80341856029753,-5.0148819854130142,-176.78853657442289,34.388500000000001,0.87716351904066825,0,24.789985332390216,312.8181147577323,-17.865621203373021,330.6837359615547,0.00028380619578126636,0.032111353155787309
13,17,246.31578947368422,322.10526315789474,75.873999999999995,1.7002321989037597,0,39.545747981112775,-37.379455100953678,-36.025910469511992,-1.353544619336837,75.870000000000005,1.7001937136985061,0,39.549400261800621,15.308756544563931,13.453092168741126,1.8556643877874865,75.865000000000009,1.7001810775987929,0,39.556569182199908,21.819657314336784,22.504482908344134,-0.68482558192265497,4.7229732191336402e-05,-0.53596956186799471
13,18,246.31578947368422,341.05263157894734,75.805999999999997,1.6966424066619821,0,39.462023238013153,-15.069595961231347,-13.536748229372153,-1.5328477208977598,75.807500000000005,1.6966673947053925,0,39.463540820721427,-48.718382259674172,-48.916187987117119,0.19780573834403928,75.805000000000007,1.6966473879153174,0,39.461086143253127,-20.032789883652487,-17.853536036464064,-2.1792538361275517,0.0010927482263889065,-0.52415076887162082
14,0,265.26315789473682,0,75.939000000000007,1.7038967932747375,0,39.647665467833036,-20.686950680077306,-22.50827527683234,1.8213246059895492,75.932000000000002,1.7038499626870764,0,39.645640311422227,10.862159338350958,8.9660906442477692,1.8960687034254233,75.936000000000007,1.7038809387128768,0,39.643153197617615,-19.554886440901647,-17.984143235196161,-1.5707431965203595,0.0029888793420363019,-0.5113077372725906
14,1,265.26315789473682,18.94736842105263,75.805999999999997,1.6966224082704291,0,39.464036139980969,23.696312495303424,22.381842053991878,1.3144704496141613,75.805500000000009,1.6966349264369534,0,39.458556651776618,-13.987242402503876,-13.462789009939735,-0.52445338427778443,75.80449999999999,1.6965915052100538,0,39.455939708177659,61.017306590488225,62.289874875464676,-1.2725682765220039,0.0037266420203307211,-0.48647042883856051
14,2,265.26315789473682,37.89473684210526,36.269500000000001,0.94860846157072631,0,27.237161629164927,501.40340299773436,-2.2106939885784063,503.61409698857221,34.353000000000002,0.93477144948847735,0,25.125130495640001,-595.46522621449901,-56.835520952646689,-538.62970525989704,35.215000000000003,0.93593097496922883,0,25.3135817296507,-751.54893191946519,-45.984614241519012,-705.56431767574531,-0.0011959152470317838,0.009311648977915421
14,3,265.26315789473682,56.842105263157897,26.128,0.53439811754433897,0,19.464125885291832,24.062322637189776,24.085312229463401,-0.022989596245777507,26.128499999999999,0.53439654271402326,0,19.464127433177701,23.34850245915214,23.702611383283219,-0.35410892806863503,26.128499999999999,0.5343948070084481,0,19.464127302472434,23.905664759951538,23.703362495553023,0.20230226052174433,-0.00055683241423080195,0.033741284854980999
14,4,265.26315789473682,75.78947368421052,22.400000000000002,0.34569642457464683,0,15.915133030203609,-36.954751644115696,-36.954751646582238,7.1157260625185225e-11,22.400000000000002,0.34569642457464683,0,15.915133030203373,-36.954751644182736,-36.954751646577677,0,22.400000000000002,0.34569642457464683,0,15.915133030203373,-36.954751644182736,-36.954751646577677,0,-0.00051012219221951169,0.0023505247200113211
14,5,265.26315789473682,94.736842105263165,15.9,0.21612776026878683,0,14.642843617378174,-28.639488519680455,-28.639488520627619,-1.13172581511229e-12,15.9,0.21612776026878683,0,14.642843617378174,-28.639488519680132,-28.639488520627769,0,15.9,0.21612776026878683,0,14.642843617378174,-28.639488519680132,-28.639488520627769,0,-0.00038997095128924498,0.01278399043638441
14,6,265.26315789473682,113.68421052631579,0.44999999999999996,0.10017990855626779,0,12.995369822794085,-0.0063662034304897194,-0.0063662029844852811,0,0.44999999999999996,0.10017990855626779,0,12.995369822794085,-0.0063662034304897194,-0.0063662029844852811,0,0.44999999999999996,0.10017990855626779,0,12.995369822794085,-0.0063662034304897194,-0.0063662029844852811,0,-0.00036766521326931148,0.028548512456094667
14,7,265.26315789473682,132.63157894736841,0,-0.091861534499591835,0.75323673802737101,11.332127029894487,-5.3873863227937194e-05,-5.3873888508950791e-05,0,0,-0.091861534499591835,0.75323673802737101,11.332127029894487,-5.3873863227937194e-05,-5.3873888508950791e-05,0,0,-0.091861534499591835,0.75323673802737101,11.332127029894487,-5.3873863227937194e-05,-5.3873888508950791e-05,0,-0.00045343214932452511,0.051225498963677951
14,8,265.26315789473682,151.57894736842104,10.949999999999999,-0.28802227477422387,0,12.414238776697049,-17.622415636824613,-17.622415635780289,1.4146572688903625e-13,10.949999999999999,-0.28802227477422387,0,12.414238776697049,-17.622415636824613,-17.622415635780289,0,10.949999999999999,-0.28802227477422387,0,12.414238776697049,-17.622415636824613,-17.622415635780289,0,-0.00064655057179518875,0.05564492470335787
14,9,265.26315789473682,170.52631578947367,15.85,0.21637353518115038,0,14.642773102143583,28.447617360099624,28.447617359503877,-1.4146572688903625e-13,15.85,0.21637353518115038,0,14.642773102143583,28.447617360098842,28.447617359502857,0,15.85,0.21637353518115038,0,14.642773102143583,28.447617360098842,28.447617359502857,0,-0.00080998209531360174,0.031412364370739285
14,10,265.26315789473682,189.47368421052633,17.699999999999999,0.6549679486178267,0,17.518753359433322,-32.269767794935767,-32.269767796262791,-7.073286344451812e-13,17.699999999999999,0.65496794861782659,0,17.518753359433322,-32.26976779493333,-32.269767796266365,9.9026008822325364e-13,17.699999999999999,0.65496794861782659,0,17.518753359433322,-32.269767794937465,-32.269767796264823,-2.4756502205581338e-12,-0.00077658693708337152,-0.0043193079740579121
14,11,265.26315789473682,208.42105263157896,22.400000000000002,0.86621759560717726,0,20.081676817110171,-35.669708490608755,-35.66970849271128,7.073286344451812e-13,22.400000000000002,0.86621759560717748,0,20.081676817110029,-35.66970849062438,-35.669708492722883,0,22.400000000000002,0.86621759560717748,0,20.081676817110029,-35.66970849062438,-35.669708492722883,0,-0.00058216542299707741,-0.033379531392649035
14,12,265.26315789473682,227.36842105263159,24.600000000000001,0.96133004294351199,0,21.309425802220254,-35.313192043575754,-35.313192046678971,2.7585816743362068e-12,24.600000000000001,0.96133004294351199,0,21.309425802220254,-35.313192043575128,-35.313192046676662,2.4049173571136158e-12,24.600000000000001,0.9613300429435121,0,21.309425802220254,-35.313192043579967,-35.313192046675496,-1.9805201764465073e-12,-0.00029081833985573164,-0.042435035240331265
14,13,265.26315789473682,246.31578947368422,11.949999999999999,0.96640279292962816,0,21.532927911255321,-10.845814057528399,-10.84581405758232,8.4879436133421742e-13,11.949999999999999,0.96640279292962816,0,21.532927911255321,-10.845814057529825,-10.845814057583034,0,11.949999999999999,0.96640279292962816,0,21.532927911255321,-10.845814057529825,-10.845814057583034,0,-1.9280551621846716e-05,-0.027111677574347792
14,14,265.26315789473682,265.26315789473682,28.375,0.84257282235906161,0,21.571397711954997,8.0594724892517231,8.0594724857773112,8.7425819217424397e-11,28.375,0.8425728223590625,0,21.571397711954994,8.0594724891669447,8.0594724857856015,-1.13172581511229e-12,28.375,0.84257282235906217,0,21.571397711954994,8.0594724891809406,8.0594724857982598,1.13172581511229e-12,0.00017484001113734051,0.0094492456738983766
14,15,265.26315789473682,284.21052631578948,76.018000000000001,1.7086562542678101,0,39.773103805604485,29.860618088206309,22.635045355861063,7.225572743323025,76.020499999999998,1.7086839057452026,0,39.774379848529925,15.943128422591462,9.0122526657079902,6.9308757677821875,76.027000000000001,1.7087423772288564,0,39.772041248256301,-47.799587406075048,-40.910054842166566,-6.889532553030624,-0.0010858653530132509,-0.50578062302893989
14,16,265.26315789473682,303.15789473684208,76.0685,1.7111334752199658,0,39.824135381589244,-37.898867927005384,-36.667433254908289,-1.2314346599864467,76.0715,1.711150042681536,0,39.830379069060697,-58.309806209150196,-59.669790506250635,1.3599843091964627,76.064499999999995,1.7111018963452904,0,39.823372537399933,5.0847941841462454,4.4316477467129864,0.65314644939669209,4.8163056087762845e-05,-0.5451134645087703
14,17,265.26315789473682,322.10526315789474,76.063000000000002,1.7110890104089911,0,39.827936651762734,26.957242926649101,27.393156716041414,-0.43591377831432498,76.067499999999995,1.7111257520866838,0,39.829889133449861,-14.61729455864592,-13.736840789255263,-0.88045375830934947,76.066999999999993,1.7111360417930581,0,39.827515861747585,-30.748821729205357,-32.082451614183128,1.333629896091689,0.0011144715726726351,-0.53760279816929069
14,18,265.26315789473682,341.05263157894734,76.022000000000006,1.7087001973592753,0,39.76771611350452,-10.39931528988595,-9.0795142203802008,-1.3198010592590996,76.020499999999998,1.708686019853666,0,39.770256365423073,15.910368084350788,13.605417901888849,2.3049501927082163,76.018500000000003,1.7086831594533765,0,39.763712683211253,34.939547109990805,36.405625692264699,-1.4660785720085958,0.0021369466030593913,-0.52638726878727626
15,0,284.21052631578948,0,76.129000000000005,1.7147732816858166,0,39.921350084350721,5.7916272190943507,4.4861909653640364,1.3054362620327633,76.130499999999998,1.7147876203283325,0,39.927500754461924,-7.1492273193573999,-9.1971776651716315,2.0479503540982633,76.129500000000007,1.7147768137923507,0,39.921858814916099,-19.516867260858884,-18.369640959622487,-1.147226292909052,0.0040636468117197979,-0.51189219824449883
15,1,284.21052631578948,18.94736842105263,76.020499999999998,1.7086942017562055,0,39.771376451875838,28.084343540929222,27.302697648048529,0.78164590057828054,76.024499999999989,1.7087216404233865,0,39.77221388937447,-26.648353151319363,-27.242061141421686,0.59370799779695715,76.022000000000006,1.7087007394990978,0,39.771911930243334,-17.05953469414332,-18.139466555455552,1.0799318690259259,0.0047951021428593935,-0.48712097420853256
15,2,284.21052631578948,37.89473684210526,75.864500000000007,1.7001570234786805,0,39.556819270486308,58.322248289345509,58.40728230264569,-0.08503400627479489,75.870999999999995,1.7002094210201169,0,39.549859153092214,3.9650146900047525,4.4847331251742046,-0.51971842810106528,75.864500000000007,1.7001573645370307,0,39.554863656630012,60.420949099018564,58.38323945028138,2.0377096559130163,0.0052898833559257494,-0.44840770638617716
15,3,284.21052631578948,56.842105263157897,22.362500000000001,0.70071920587668379,0,21.127860736362059,-0.17199510057402823,-0.17199510265146736,1.0329827377437425e-09,22.362500000000001,0.70071920587668679,0,21.127860736361857,-0.17199510159741485,-0.17199510267188162,5.3756976217833762e-12,22.362500000000001,0.70071920587668668,0,21.127860736361857,-0.17199510159768228,-0.17199510267473425,3.1122459915587974e-12,-0.00067685698451340904,0.07031696733128967
15,4,284.21052631578948,75.78947368421052,21.699999999999999,0.6601927383247691,0,17.508921930690235,-30.92222848815382,-30.922228491370788,7.6391492520079563e-11,21.699999999999999,0.6601927383247691,0,17.508921930690054,-30.922228488237369,-30.922228491372497,0,21.699999999999999,0.6601927383247691,0,17.508921930690054,-30.922228488237369,-30.922228491372497,0,-0.00057980919087770929,0.042884868722516692
15,5,284.21052631578948,94.736842105263165,17.699999999999999,0.65513014264917468,0,17.520648261816604,32.334154387381922,32.334154382960079,3.9610403528930146e-12,17.699999999999999,0.65513014264917468,0,17.520648261816596,32.334154387376358,32.334154382957884,0,17.699999999999999,0.65513014264917468,0,17.520648261816596,32.334154387376358,32.334154382957884,0,-0.00044793035653741486,0.069622989389091006
15,6,284.21052631578948,113.68421052631579,23.5,0.42513505189254819,0,17.008507049696515,10.551393847699909,10.551393844607631,3.3385911545812548e-11,23.5,0.42513505189254819,0,17.008507049696391,10.551393847683681,10.551393844632901,2.8293145377807249e-13,23.5,0.42513505189254819,0,17.008507049696391,10.551393847685244,10.551393844639133,1.4146572688903624e-12,-0.00042869012772753636,0.092167193061794744
15,7,284.21052631578948,132.63157894736841,16.25,0.20007129598378098,0,15.206654086760192,30.278814724603286,30.278814724526487,1.13172581511229e-12,16.25,0.20007129598378098,0,15.206654086760192,30.278814724603599,30.278814724524498,0,16.25,0.20007129598378098,0,15.206654086760192,30.278814724602221,30.278814724523158,2.8293145377807249e-13,-0.00054052460081694276,0.095233724261023056
15,8,284.21052631578948,151.57894736842104,20.100000000000001,-0.070833660470523072,0,12.774059469896734,36.914708200999108,36.91470819984967,-1.1883121058679045e-11,20.100000000000001,-0.070833660470522961,0,12.774059469896725,36.914708201011152,36.914708199853415,0,20.100000000000001,-0.070833660470522961,0,12.774059469896725,36.914708201011152,36.914708199853415,0,-0.00074617580986366763,0.082919356862784704
15,9,284.21052631578948,170.52631578947367,21.850000000000001,-0.051665722229587638,0,14.228271495077184,38.873307203837015,38.873307201694217,-1.202458678556808e-11,21.850000000000001,-0.051665722229587735,0,14.228271495077152,38.873307203851589,38.873307201699113,0,21.850000000000001,-0.051665722229587735,0,14.228271495077152,38.873307203851589,38.873307201699113,0,-0.0008100447136241693,0.055894945741332143
15,10,284.21052631578948,189.47368421052633,22.400000000000002,0.34572746170319862,0,15.915464434498841,-36.984624692615149,-36.984624695061193,-1.8532010222463747e-11,22.400000000000002,0.34572746170319851,0,15.91546443449878,-36.984624692601734,-36.984624695062557,0,22.400000000000002,0.34572746170319851,0,15.91546443449878,-36.984624692601734,-36.984624695062557,0,-0.00073663197914239104,0.026988756859685603
15,11,284.21052631578948,208.42105263157896,21.699999999999999,0.66020546054637275,0,17.509181309672059,-30.955676422972164,-30.955676426380109,8.6294093402312087e-12,21.699999999999999,0.66020546054637264,0,17.509181309672059,-30.955676422980524,-30.955676426377167,0,21.699999999999999,0.66020546054637264,0,17.509181309672059,-30.955676422980524,-30.955676426377167,0,-0.00055954804115348642,0.005624542371893998
15,12,284.21052631578948,227.36842105263159,19,0.73759565507816538,0,18.407321887005111,-18.223056881375616,-18.223056884848909,-7.4976835251189214e-12,19,0.73759565507816538,0,18.407321887005111,-18.223056881367931,-18.223056884850287,0,19,0.73759565507816538,0,18.407321887005111,-18.223056881367931,-18.223056884850287,0,-0.00032744128278494079,4.848353619528456e-05
15,13,284.21052631578948,246.31578947368422,7.8499999999999996,0.71615747806825958,0,19.259451517051939,0.77276945401316333,0.77276945361580351,1.4146572688903624e-12,7.8499999999999996,0.71615747806825958,0,19.259451517051922,0.7727694540161727,0.77276945361811167,0,7.8499999999999996,0.71615747806825958,0,19.259451517051922,0.7727694540161727,0.77276945361811167,0,-4.1032845098927778e-05,0.012765485718625402
15,14,284.21052631578948,265.26315789473682,76.016999999999996,1.7086614441867625,0,39.771556262365472,32.146666985373216,18.071538264730794,14.07512873155137,76.019000000000005,1.7086722780979393,0,39.763149281350778,22.69978869933006,22.650972293480734,0.048816416812708825,76.021500000000003,1.7087462438539676,0,39.773616149904292,-13.933732149242186,0.069492008934468746,-14.003224147339097,-0.0010978156986671979,-0.50494221958372132
15,15,284.21052631578948,284.21052631578948,76.128,1.7147922683274757,0,39.920199039478966,0.20137284741837971,-0.1697278918686056,0.37110075128100262,76.129000000000005,1.7147847126030786,0,39.919080448745483,16.891417014102103,18.32962587222482,-1.4382088461537001,76.131500000000003,1.7147976804081266,0,39.922681746767964,-11.654411354554311,-13.755461918817666,2.1010505763467329,1.1979148601243359e-05,-0.54835276335790262
15,16,284.21052631578948,303.15789473684208,76.194500000000005,1.7184166986239815,0,40.025798010596453,-22.709836526262482,-18.275021867965268,-4.434814647189139,76.195000000000007,1.7184134060869647,0,40.019199334901693,-7.9097826115727097,-4.626429645176616,-3.2833529552257326,76.197000000000003,1.7184497932520368,0,40.024771231785245,-19.308336613984238,-18.335065769929056,-0.97327083287865301,0.0011176214055726662,-0.54467898246342827
15,17,284.21052631578948,322.10526315789474,76.212000000000003,1.7195849160587378,0,40.051190489164426,65.615910920614581,64.814647447551295,0.80126348335172615,76.215500000000006,1.719655584995996,0,40.060655350985122,-13.88021118113414,-13.846406407017035,-0.033804763874327196,76.216999999999999,1.7196557351114723,0,40.048860256864153,-4.3783814614535057,-9.3837834703879004,5.0054020192980104,0.0021964588014493128,-0.53761242143194965
15,18,284.21052631578948,341.05263157894734,76.195999999999998,1.7184174428445749,0,40.022403474036082,-10.947531823948903,-18.075605197136902,7.1280733824920954,76.191500000000005,1.7184306903054789,0,40.020609684498204,-16.061504289754222,-13.980098870681992,-2.0814054097987427,76.193999999999988,1.7184573366350204,0,40.013355155426929,-62.616293555470705,-64.547195096850558,1.9309015506883607,0.0031124168577885518,-0.52710399565733612
16,0,303.15789473684208,0,75.162999999999997,1.7640321270738739,0,51.516532604310392,-639.35824922916481,11.183627546464431,-650.54187676648814,76.144500000000008,1.7172071141009289,0,40.631927406039217,31.556523829415621,32.166651307132014,-0.61012746963870013,76.144999999999996,1.7172226984416319,0,40.625093197231678,14.806885017354286,13.004907029417618,1.8019779958878592,0.0085916220966986631,-0.49955313540039936
16,1,303.15789473684208,18.94736842105263,76.193999999999988,1.7184254675365733,0,40.038976268286206,11.265635174709628,-0.31275865867871344,11.578393840458627,76.191500000000005,1.7183791927832051,0,40.012481045691423,46.087839260266421,45.971269264348763,0.11657000291138959,76.192000000000007,1.7183985119166905,0,40.016985614309043,34.162967130201054,31.894780537470108,2.2681865997867865,0.0058424793147217654,-0.48475775187001274
16,2,303.15789473684208,37.89473684210526,76.066000000000003,1.7111129557186113,0,39.828791153541488,4.9880232580547341,4.5383720888011814,0.4496511756632256,76.063499999999991,1.7110814815659086,0,39.825882041680316,31.747088132908562,31.833585012821366,-0.086496873441080091,76.063000000000002,1.7110741260940276,0,39.83309956908478,50.879110272281416,50.232262493751591,0.64684778495357798,0.0063664158688811227,-0.44574421095268063
16,3,303.15789473684208,56.842105263157897,34.394000000000005,0.87756664213964375,0,24.792080999845947,-363.16824984758205,-17.232161270276393,-345.93608857469616,34.881499999999996,0.88041080651149739,0,24.791602232363608,669.86322754025036,-14.491777111038164,684.35500465385485,34.394500000000001,0.8775470475010223,0,24.791888831737424,-365.21173559541143,-17.88606294344239,-347.3256726493496,-0.0010189723942358626,0.13112084304402397
16,4,303.15789473684208,75.78947368421052,19,0.73769298594806754,0,18.408467412983907,18.386959882050537,18.386959881371041,-1.7824681588018571e-11,19,0.73769298594806743,0,18.408467412983899,18.386959882078479,18.386959881386694,0,19,0.73769298594806743,0,18.408467412983899,18.386959882078479,18.386959881386694,0,-0.00083413045605512941,0.072840252991211094
16,5,303.15789473684208,94.736842105263165,22.350000000000001,0.86630488168309183,0,20.083308681293627,35.850374426138714,35.850374425670047,1.1883121058679045e-11,22.350000000000001,0.86630488168309183,0,20.083308681293577,35.850374426144484,35.850374425668015,0,22.350000000000001,0.86630488168309183,0,20.083308681293577,35.850374426144484,35.850374425668015,0,-0.00074814308641373635,0.11381020489731934
16,6,303.15789473684208,113.68421052631579,28.549999999999997,0.70584565360183449,0,19.299536965960083,54.79096788019455,54.790967843305175,3.4851213544929194e-08,28.549999999999997,0.70584565360179374,0,19.299536965756108,54.790967845348682,54.790967843251963,0,28.549999999999997,0.70584565360179374,0,19.299536965756108,54.790967845348682,54.790967843251963,0,-0.00076401114548323287,0.12810250253534886
16,7,303.15789473684208,132.63157894736841,21.699999999999999,0.48645124927395367,0,17.447364485690485,-39.176751774825142,-39.176751776729397,1.6975887226684348e-12,21.699999999999999,0.48645124927395378,0,17.447364485690482,-39.1767517748196,-39.17675177672988,0,21.699999999999999,0.48645124927395378,0,17.447364485690482,-39.1767517748196,-39.17675177672988,0,-0.00087791945578752579,0.12090550094089875
16,8,303.15789473684208,151.57894736842104,24.899999999999999,0.13639868334489191,0,15.00890039315289,-44.796260091858016,-44.79656086376616,0.00030076911965636781,24.899999999999999,0.13639868247432321,0,15.008898582207561,-44.796560948056957,-44.796560950717826,-5.6586290755614498e-13,24.899999999999999,0.13639868247432316,0,15.008898582207561,-44.796560948055735,-44.796560950718359,-5.6586290755614498e-13,-0.00097758065570366934,0.098109043000955978
16,9,303.15789473684208,170.52631578947367,26.738,-0.078969393650823436,0,13.874570653384222,-24.543025479152181,-24.689449044939881,0.14642356230149334,26.737499999999997,-0.078971469256993332,0,13.874569200353823,-23.708293116227004,-23.738369583746657,0.030076464033651926,26.737499999999997,-0.078971439571027188,0,13.874574201215808,-23.738448352331229,-23.738220816129363,-0.00022753975790418848,-0.00095406566787119805,0.070435483782552905
16,10,303.15789473684208,189.47368421052633,27.564,0.14352865752709407,0,16.607412176396522,-121.92950498245219,0.28737840869319203,-122.21688339438067,27.364000000000001,0.16115933817161004,0,16.619410225867561,22.091280300578806,22.063018058133412,0.028262239572935326,27.365499999999997,0.1611703128947807,0,16.619417727361132,21.168522469868954,21.318743709256854,-0.15022124223139471,-0.000766436449869847,0.028554415745495401
16,11,303.15789473684208,208.42105263157896,26.1355,0.53441674867213762,0,19.462149908749993,31.078452778484724,31.034480335465826,0.0439724411392238,26.135999999999999,0.53441487803909982,0,19.462149269192825,30.642294749920822,30.654256660961135,-0.011961912933306498,26.135999999999999,0.5344161412310553,0,19.462149303474376,30.629694588599115,30.653733927129139,-0.024039340379988429,-0.00046368630225932612,0.0040364457367037115
16,12,303.15789473684208,227.36842105263159,22.375,0.70068623141523489,0,21.126190536428549,-25.986303548581827,-25.986303550080354,6.235809241268718e-10,22.375,0.70068623141524566,0,21.126190536428393,-25.986303549205839,-25.986303550095776,2.8293145377807249e-13,22.375,0.70068623141524555,0,21.126190536428393,-25.986303549213954,-25.986303550099077,-3.3951774453368697e-12,-0.00021945214067183765,0.0028019619826732262
16,13,303.15789473684208,246.31578947368422,34.384,0.87716856599436455,0,24.788919133500766,309.52268167178909,-20.326052044864998,329.84873371708647,34.835000000000001,0.88057691051863762,0,24.785644449418495,-181.76847772002736,-4.9831628373962396,-176.78531488226196,34.375,0.87710425768560496,0,24.790028517297429,322.26467585212924,-8.4024329614835391,330.66710881402798,0.00028380973399183334,0.032111724979251161
16,14,303.15789473684208,265.26315789473682,76.0625,1.7110722883873195,0,39.827338813731714,25.373879890043828,28.34386211923308,-2.9699822170654331,76.070000000000007,1.711155153546438,0,39.829671814424124,-35.079045680629484,-35.529433130610393,0.45038746205525804,76.064499999999995,1.7110855941912375,0,39.82975862718326,36.050652074801228,35.279330937227307,0.77132114964016851,3.0933747996681003e-05,-0.54523178630829416
16,15,303.15789473684208,284.21052631578948,76.195999999999998,1.7184185348035186,0,40.025107377389382,-23.25078042358853,-18.249075883149189,-5.0017045292819562,76.191000000000003,1.7184226596498293,0,40.02586249068758,-20.268628994548543,-18.530617128072805,-1.7380118552472417,76.197000000000003,1.7184748557910585,0,40.011376917579554,-76.541656036265195,-73.676820830648438,-2.8648351944917496,0.0010857092195008296,-0.54485127790754684
16,16,303.15789473684208,303.15789473684208,70.217500000000001,1.9988517376105834,0,51.405595222050501,-3320.6666654878418,-0.37537831555789775,-3320.2912871573717,76.143500000000003,1.7172287900823655,0,40.637266713142992,16.274189604040142,18.563409229405131,-2.2892196165529204,76.144500000000008,1.7172633993215565,0,40.628476504565839,13.934048001065271,13.987425551326698,-0.053377541416212565,0.0056630435332132665,-0.53145237040675464
16,17,303.15789473684208,322.10526315789474,76.066000000000003,1.7144523492956543,0,40.80014751193152,28.585852256957715,9.7269148171721298,18.85893744738912,76.067499999999995,1.7145107235333248,0,40.800438741871972,17.847820501674239,36.910919684768523,-19.063099175328375,76.064999999999998,1.7144147713479583,0,40.790407559416039,28.284852454204493,8.0939465387295471,20.190905923072492,-0.0016796140884827227,-0.47232964691824308
16,18,303.15789473684208,341.05263157894734,76.075000000000003,1.7144973577648366,0,40.794474708157196,-45.201274932519532,-45.498671879936502,0.29739695556123258,76.0655,1.7144285377174424,0,40.797393542839394,10.22910160072229,27.404970114114199,-17.175868505334677,76.072500000000005,1.7144839679877786,0,40.793027561881516,-42.857622794628824,-49.880338820141546,7.0227160336179208,-0.00074822220469538802,-0.51994875530604556
17,0,322.10526315789474,0,75.947000000000003,1.7104325722606213,0,40.963058653534318,14.448967250085058,18.60034958622483,-4.1513823299274071,75.948999999999998,1.7104312016069909,0,40.964657546242059,6.8712783848050467,9.0514790454076852,-2.1802006544337198,75.945999999999998,1.7103972396488916,0,40.96703608449522,31.801295309394082,31.422513979366006,0.37878133621562249,-0.00035918567154981162,-0.524324641749641
17,1,322.10526315789474,18.94736842105263,76.071999999999989,1.7144765033163856,0,40.796738464628433,29.277560248467875,19.104349393378211,10.17321086081018,76.070000000000007,1.7144779470073281,0,40.7942055199225,-23.490108286853328,-22.633896329804749,-0.85621195133379924,76.070000000000007,1.7144928893942362,0,40.790574907967127,1.0443433756484801,-0.045954382917704234,1.0902977644009719,0.011515292915063639,-0.46573594793992751
17,2,322.10526315789474,37.89473684210526,76.210999999999999,1.7195402521014944,0,40.144210382862255,74.482540630864634,46.150517125781903,28.332023510915072,76.215500000000006,1.7196225393995741,0,40.054057301573657,22.180193629457179,18.586207589400093,3.5939860459095532,76.210999999999999,1.7195851222937208,0,40.054976660851025,33.807685148172709,36.968780333195681,-3.1610951792749513,0.0074582093138930048,-0.43910463170199354
17,3,322.10526315789474,56.842105263157897,76.063499999999991,1.7111030443390671,0,39.833610425554049,11.262534305484742,11.445444315996326,-0.18291000515991526,76.061999999999998,1.7110913009492901,0,39.830068537674194,8.1205911520760115,9.0173093461148515,-0.8967181887330602,76.066000000000003,1.7111351706450215,0,39.829958695216284,-9.186641065772168,-9.0745392785102013,-0.11210178197429714,0.0076682764639843205,-0.39108701856279149
17,4,322.10526315789474,75.78947368421052,7.9000000000000004,0.71615650315358392,0,19.259462554125005,-0.78288708281921404,-0.78288708485278813,-2.2634516302245799e-12,7.9000000000000004,0.71615650315358392,0,19.25946255412499,-0.78288708281510222,-0.78288708486133218,0,7.9000000000000004,0.71615650315358392,0,19.25946255412499,-0.78288708281510222,-0.78288708486133218,0,-0.0012855324583993415,0.089232209288608255
17,5,322.10526315789474,94.736842105263165,24.550000000000001,0.96136020864907545,0,21.308368886400046,-34.836544688171756,-34.836544685266631,9.4499105561876212e-11,24.550000000000001,0.96136020864907523,0,21.30836888639973,-34.83654468827654,-34.836544685282178,0,24.550000000000001,0.96136020864907523,0,21.30836888639973,-34.83654468827951,-34.836544685281496,-1.4146572688903624e-12,-0.0011419658095519144,0.12857791335616689
17,6,322.10526315789474,113.68421052631579,27.950000000000003,0.90178103967537804,0,20.846929386061728,45.653129828537878,45.652995071066442,0.00013475728829338051,27.950000000000003,0.9017810396255862,0,20.8469284524956,45.652994535486862,45.652994534712633,-2.8293145377807249e-13,27.950000000000003,0.9017810396255862,0,20.8469284524956,45.652994535485128,45.652994534715297,-2.5463830840026526e-12,-0.0011683812713452588,0.14052502716504867
17,7,322.10526315789474,132.63157894736841,24.399999999999999,0.73590809314701322,0,19.200528088823265,39.63480137146977,39.634800498174627,8.7092016688257031e-07,24.399999999999999,0.73590809314695926,0,19.200528084610617,39.634800498265086,39.634800495913055,0,24.399999999999999,0.73590809314695926,0,19.200528084610617,39.634800498265086,39.634800495913055,0,-0.0012606670600639788,0.12678321092697376
17,8,322.10526315789474,151.57894736842104,27.574999999999999,0.37867833057539063,0,17.905752726011162,17.470965594060075,17.532570067270015,-0.061604476542390117,27.574999999999999,0.37867588888207321,0,17.905957108226463,17.666735478653955,17.538066812558107,0.12866866275945624,27.574999999999999,0.37866937192152739,0,17.905703901914293,19.003648162664753,19.236278983443949,-0.23263082413712055,-0.0012662341106865344,0.11457825693906694
17,9,322.10526315789474,170.52631578947367,24.824999999999999,0.4503551160108083,0,18.623605519869802,38.371556103656403,38.371556104347285,4.2015320886043761e-11,24.824999999999999,0.45035511601080691,0,18.623605519869521,38.371556103600426,38.371556104368857,0,24.824999999999999,0.45035511601080691,0,18.623605519869521,38.371556103600426,38.371556104368857,0,-0.0007204695104829433,0.02983663001620579
17,10,322.10526315789474,189.47368421052633,22.574999999999999,0.63965606749887849,0,19.369204295539905,38.687584981842953,38.687584982550582,-1.5278298504015915e-11,22.574999999999999,0.63965606749887849,0,19.369204295539895,38.68758498186542,38.687584982560757,0,22.574999999999999,0.63965606749887849,0,19.369204295539895,38.68758498186542,38.687584982560757,0,-0.00028819929340890486,0.025227635863710018
17,11,322.10526315789474,208.42105263157896,36.608499999999999,0.67019399634175547,0,24.340914155917314,-60.887704575715354,0.52123639220558349,-61.408940968869274,36.150500000000001,0.65664524259291612,0,24.3359963039814,9.1857939126255008,5.8444364272489544,3.3413574844129568,35.106500000000004,0.63579985218890267,0,24.371872903738183,-120.11160085400374,3.5587491414730907,-123.67034999642544,8.4765424253923759e-05,0.045635960158406458
17,12,322.10526315789474,227.36842105263159,35.233499999999999,0.93703744885898077,0,25.313024424875323,-497.70928554838866,14.153065113408193,-511.86235065996999,34.719000000000001,0.93315852450993808,0,25.313024413584067,597.62890176100677,14.603765298284324,583.02513646440525,35.233499999999999,0.93703747555554484,0,25.313024413584067,-497.71288786396417,14.152987641828386,-511.86587550406421,-0.00075222100862827167,0.076833009899795773
17,13,322.10526315789474,246.31578947368422,75.868500000000012,1.700204663915871,0,39.549832069369337,-1.3680950936600149,-0.021365174334191672,-1.3467299074222336,75.871499999999997,1.7002132309262867,0,39.553826132354217,-11.393848108766804,-13.517536229893228,2.1236881330445274,75.870000000000005,1.7002050691189075,0,39.552234838894229,-5.5527756595677591,-4.4674632861462138,-1.0853123615181788,4.4225308150201269e-05,-0.53584973293437155
17,14,322.10526315789474,265.26315789473682,76.063999999999993,1.7110978637633281,0,39.829372583969828,35.968322758561904,36.632586111457954,-0.66426334182086,76.0625,1.7110813425541171,0,39.829801255999925,28.041033707426418,27.363489102697983,0.67754461569347413,76.064999999999998,1.7111171259862077,0,39.830743063930917,-23.247832955620538,-22.78358261749662,-0.46425032710755054,0.001109452462293682,-0.53756296719301744
17,15,322.10526315789474,284.21052631578948,76.213499999999996,1.719617604059537,0,40.058617980852929,31.796083063333946,32.508328731776501,-0.71224565821147023,76.216999999999999,1.719665077011435,0,40.06293656568527,-26.541206456820749,-23.122232785577992,-3.4189736609261141,76.215000000000003,1.719619321904585,0,40.054790803502151,20.13690625263429,18.527558555250248,1.609347707564794,0.0021797578501212968,-0.53764462309956063
17,16,322.10526315789474,303.15789473684208,76.066999999999993,1.7144516196426045,0,40.796089266250071,22.735328673140405,0.25786005098222231,22.477468629755474,76.066000000000003,1.7144826165031533,0,40.800594694014698,20.15989037717809,22.705902376534461,-2.5460119917597512,76.066999999999993,1.7144613939668889,0,40.79912004557282,-1.8438454104169477,-13.81905842245728,11.975213019691539,-0.0016777856053515872,-0.47240153225067538
17,17,322.10526315789474,322.10526315789474,75.944000000000003,1.7104617883563074,0,40.961496781924424,20.172733676955641,10.694678948191465,9.4780547341925594,75.947500000000005,1.7105098488467025,0,40.958632515227862,-22.385089441727541,-8.4131522891151711,-13.971937147175222,75.947000000000003,1.7104559803721173,0,40.95990642139386,-5.2632334160569956,-5.2914202972363009,0.028186886617946216,-0.0021013751410588373,-0.43732458024259996
17,18,322.10526315789474,341.05263157894734,75.907499999999999,1.7091736847799663,0,41.00937789525068,-2.2872433450681959,-4.738510510836325,2.4512671711743401,75.906499999999994,1.709153947560174,0,41.011209039482232,23.835921996770161,22.563383901966969,1.2725381001874163,75.905999999999992,1.7091288741495143,0,41.004209412533108,31.056026662777821,18.270008422935771,12.786018245245096,-0.0016423104352942667,-0.4702343843706504
18,0,341.05263157894734,0,75.825500000000005,1.7066357142572501,0,41.088045438148924,13.237603825243747,13.227527748491001,0.010076082237801843,75.827500000000001,1.7066547687148508,0,41.08894680240271,15.319476740347442,9.0907973212186324,6.2286794245696244,75.82950000000001,1.7066711937205623,0,41.090989646362651,-5.8533000759913616,-13.97228118272999,8.1189811121959465,-0.00060908381993142035,-0.51246249143292655
18,1,341.05263157894734,18.94736842105263,75.906999999999996,1.709184725988063,0,41.006316391877071,-14.220500216729251,-15.75460592320994,1.5341057107517386,75.912500000000009,1.7091655252738023,0,41.007777300429659,-9.8369017783011081,-11.94368815424286,2.1067863801284941,75.909499999999994,1.7091845034521811,0,41.006057715367326,-17.834725251506136,-17.794341228324416,-0.04038401891124084,0.0010409654381618502,-0.50230427128273836
18,2,341.05263157894734,37.89473684210526,76.064999999999998,1.7144620515780953,0,40.787666865932003,17.328544555573881,18.848662460762768,-1.5201179015578801,76.0625,1.7144394258143614,0,40.789176622515953,11.788837224001023,12.573157770963356,-0.78432054335985635,76.066999999999993,1.7144705758694736,0,40.79913632643094,9.1208056159374191,9.1727785225986445,-0.051972903085657184,0.0035643971386943854,-0.45055403031330055
18,3,341.05263157894734,56.842105263157897,76.195999999999998,1.7184491849730623,0,40.032196565369347,-45.57324930002963,-36.92283501677889,-8.6504142792352319,76.195999999999998,1.7184412803486886,0,40.016690659774277,-19.955337966812021,-18.389460788087682,-1.5658771747231699,76.1965,1.7184352209600173,0,40.016574065353382,21.912426300541249,23.155555819173127,-1.2431295146356414,0.008637254945320352,-0.37967334836903766
18,4,341.05263157894734,75.78947368421052,76.019499999999994,1.7086910224004956,0,40.132026141571814,-28.417353144468951,9.0020278645806737,-37.419381005896412,76.022000000000006,1.7087192662577677,0,39.768168623109055,0.34664775210703364,-0.049626054492249431,0.39627380972336418,76.021000000000001,1.7087088813298597,0,39.768196340951938,18.892104614223118,18.13476031943442,0.75734429787902868,0.0086595160978584357,-0.32987366505312882
18,5,341.05263157894734,94.736842105263165,11.949999999999999,0.96643290481567223,0,21.533268974461354,10.869464786189754,10.869464784893216,0,11.949999999999999,0.96643290481567201,0,21.533268974461354,10.869464786189754,10.869464784893216,0,11.949999999999999,0.96643290481567201,0,21.533268974461354,10.869464786189754,10.869464784893216,0,-0.0015637616361882946,0.11483376708449718
18,6,341.05263157894734,113.68421052631579,21.099999999999998,1.0119267890624297,0,21.789122212275149,-25.790126481690283,-25.790126483157664,-7.9220807057860291e-12,21.099999999999998,1.0119267890624297,0,21.789122212275146,-25.790126481678545,-25.790126483158563,0,21.099999999999998,1.0119267890624297,0,21.789122212275146,-25.790126481678545,-25.790126483158563,0,-0.001583280813348367,0.12987712422003467
18,7,341.05263157894734,132.63157894736841,25.350000000000001,0.91367557221736206,0,20.539968656592372,-35.366431224640465,-35.364555313299469,-0.0018759135054034748,25.350000000000001,0.91367557210985006,0,20.539958770270545,-35.364557166800225,-35.364557169640754,0,25.350000000000001,0.91367557210985006,0,20.539958770270545,-35.364557166800225,-35.364557169640754,0,-0.0016346317773358206,0.11396045589075866
18,8,341.05263157894734,151.57894736842104,32.274999999999999,0.672611276796927,0,21.968643461193043,-7.9516508008524704,-7.9468531205897257,-0.0047976827593403226,32.274999999999999,0.67260337949070503,0,21.968582344872956,-9.8389457085526395,-10.358898027016574,0.51995231589863045,32.274999999999999,0.67260587706839503,0,21.968588810246061,-8.2334109380737157,-7.7133248423510983,-0.52008609819466567,-0.0012058896704565179,0.051623415112383178
18,9,341.05263157894734,170.52631578947367,44.863999999999997,0.7195557842698499,0,22.173461846591458,-32.896546736716971,-33.76096775867466,0.86442101962980722,44.861000000000004,0.71955217040932118,0,22.173414074927745,-30.093577239237305,-29.12134563550682,-0.97223160598745362,44.861000000000004,0.71955466008473612,0,22.173839899862987,-37.843618929871376,-37.950362741551587,0.10674380938620964,-0.00041574946874692689,0.099019543136095844
18,10,341.05263157894734,189.47368421052633,37.896500000000003,0.58538623131543288,0,23.585939461350165,-1030.6498526826749,3.0176187944458368,-1033.6674714784822,37.916499999999999,0.61135872199252339,0,23.509278568622676,-599.2888282298394,2.2785900941717943,-601.56741832489524,37.661000000000001,0.61611819266803747,0,23.598710170403358,316.47908532445661,0.075885333934130633,316.40319998971682,-0.0013928648833041511,0.039204081944360245
18,11,341.05263157894734,208.42105263157896,75.200000000000003,1.6663085563715498,0,41.252906375020387,-220.3235015128945,-9.1693788380894876,-211.15412266397507,75.238,1.6659394588860366,0,38.680555324938013,-39.1773483676171,-38.979564791825595,-0.19778356463197133,75.237499999999997,1.6659194794723671,0,38.688658327265422,-19.248806697601275,-17.499147484043721,-1.7496592024493718,-0.00077839105022945603,-0.4885100276379144
18,12,341.05263157894734,227.36842105263159,75.545000000000002,1.6823157142978751,0,39.099828455530357,-29.783265677671995,-30.391690910242342,0.60842524441757506,75.545500000000004,1.6823301822266856,0,39.102619058285576,-9.0386037963133266,-10.822622944735228,1.7840191601854745,75.546500000000009,1.6822961715150964,0,39.100628654512356,23.398933337532512,26.016247642039129,-2.617314292662154,0.00010598520927377003,-0.52063902110364491
18,13,341.05263157894734,246.31578947368422,75.802999999999997,1.6965828172927746,0,39.464232389208306,42.887813204905257,44.898776315856445,-2.010963099950811,75.805500000000009,1.696643878912949,0,39.461020403319871,-24.908878325173529,-22.463312877875264,-2.4455654362607611,75.805000000000007,1.6966085159033344,0,39.46178642996712,26.931137218239769,26.840334844589396,0.090802384708558948,0.0010788665494382058,-0.52421028555686544
18,14,341.05263157894734,265.26315789473682,76.019000000000005,1.7086762898754151,0,39.769971097492217,30.315745456406699,31.790416568348736,-1.4746711016491705,76.022000000000006,1.7087181319032876,0,39.763309458665418,-18.250822617477194,-18.228395615830056,-0.022426991466782738,76.017499999999998,1.7086718088204362,0,39.763271702710917,31.524748187525137,31.822827447254902,-0.29807924949546161,0.0021264065128497817,-0.52639697710143707
18,15,341.05263157894734,284.21052631578948,76.193999999999988,1.7184121620205082,0,40.024613272625629,4.6996486864563591,-0.095184965808942507,4.7948336616020937,76.19550000000001,1.7184415250802463,0,40.010690390529007,-28.640607206770756,-27.815215296220387,-0.82539190137110663,76.192999999999998,1.718408066539673,0,40.015784263104763,10.140588967523746,9.0864183835802574,1.0541705932725964,0.0032017791009690717,-0.52686247686592336
18,16,341.05263157894734,303.15789473684208,76.072500000000005,1.7145031165818814,0,40.793425307968064,-55.813803746106885,-45.833615753909648,-9.9801879840856387,76.066000000000003,1.7144334225318505,0,40.791663870553521,15.149072134606897,4.614917501796703,10.534154640908502,76.071999999999989,1.7144951297312001,0,40.798604349458358,-42.454265419501738,-41.115148266340285,-1.3391171449998593,-0.00079673545019949901,-0.51789746231429146
18,17,341.05263157894734,322.10526315789474,75.908500000000004,1.7091429109757712,0,41.011084920281249,21.813673820437856,17.55337279366265,4.2603010321281642,75.912000000000006,1.709206342557074,0,41.012829325080624,-31.949944966143661,-13.517145220654006,-18.432799740123016,75.910499999999999,1.7092000645411474,0,41.008278171540177,-27.238796514049717,-18.779812008073385,-8.4589845005081941,-0.0016409283383070471,-0.4704632171399396
18,18,341.05263157894734,341.05263157894734,75.827999999999989,1.7066253999609184,0,41.095025546151248,32.829563120629032,8.8192393718300242,24.01032375404278,75.828500000000005,1.7066859974211033,0,41.082941412843915,-21.148876397207598,-22.797172827637144,1.6482964356731873,75.828500000000005,1.7066727041694687,0,41.089344955645984,-4.07781783787593,-4.5159804738560139,0.43816264123516074,-0.0014848078319399998,-0.47722757659411963
