i2,i3,phi2,phi3,lam_a,skew_a,Fmin_a,Fmax_a,dF_left_ppm_a,Q_ppm_a,R_ppm_a,lam_b,skew_b,Fmin_b,Fmax_b,dF_left_ppm_b,Q_ppm_b,R_ppm_b,lam_c,skew_c,Fmin_c,Fmax_c,dF_left_ppm_c,Q_ppm_c,R_ppm_c,z_end,zd_end
0,0,0,0,75.784999999999997,1.7054338001019098,0,41.124937443356679,25.458385532083085,26.279688974926362,-0.82130343747871704,75.785499999999999,1.7054230162764863,0,41.131670130148279,35.098233521929963,33.6660755455298,1.4321579815714074,75.790000000000006,1.7054817200001748,0,41.132574813179964,-46.960662041801484,-44.465602776735722,-2.4950592598059442,0.015344161290622518,-0.46027649096666412
0,1,0,18.94736842105263,75.826499999999996,1.7066548869769214,0,41.089688610965894,23.536488969684434,21.633065601044954,1.9034233723521903,75.826999999999998,1.7066768862733019,0,41.086674884118494,8.1166395035123262,8.6753145272382355,-0.55867501987839974,75.825000000000003,1.706655151508744,0,41.086428649392388,16.565643604509862,16.518201284708155,0.047442323570641667,0.015759152761863782,-0.43523252145089864
0,2,0,37.89473684210526,75.949999999999989,1.7105047408486251,0,40.963528769881492,-22.509115585788749,-22.037664129211063,-0.47145145421297208,75.9465,1.7104596295503387,0,40.958130696479543,21.243729608170078,22.861718117906641,-1.617988507441857,75.948000000000008,1.7105084684146257,0,40.964989603556745,-74.370326103294062,-74.780212030160456,0.40988592905970028,0.015240412551233939,-0.39676194200170184
0,3,0,56.842105263157897,73.480999999999995,1.8281877468242058,0,51.465604278463644,-1338.8861345072298,0.44718962346105429,-1339.3333241220682,76.141499999999994,1.7173151499924304,0,40.624908399038773,-1.2953428764398245,-0.75317611391099692,-0.54216676043779577,76.144999999999996,1.7172556843865725,0,40.630542611011855,-7.0430028844521786,-8.8470619860609432,1.8040591037364877,0.0062161096799668563,-0.37788159943117283
0,4,0,75.78947368421052,76.128,1.7147603878693169,0,39.918255108596426,8.6447540559636753,9.1102136976380645,-0.46545964007105767,76.124499999999998,1.7147385441526195,0,39.922634980998659,62.415072990795146,64.0553731038179,-1.6403001113326026,76.127499999999998,1.7147518536633166,0,39.920803986003641,52.456538986758183,50.392753498446694,2.0637854900428603,0.0095984234256548881,-0.31257440862570296
0,5,0,94.736842105263165,75.929999999999993,1.7038656636031837,0,39.63820100829053,-47.749044466632377,-49.275059217578928,1.5260147518442364,75.923500000000004,1.703825591758191,0,39.641150564554906,-2.5081773745311784,-2.251186470294912,-0.25699090332737939,75.9255,1.7038568975341966,0,39.636880866246109,-8.7568606222624847,-9.0114241055504447,0.25456348422577274,0.009261023084554669,-0.2701020873446327
0,6,0,113.68421052631579,75.593000000000004,1.6875932598051684,0,39.223629359434092,-28.125473815313928,-25.397245035586629,-2.72822877923684,75.593500000000006,1.6875981454374771,0,39.22725813350727,-36.778620821159151,-38.175448131161815,1.3968273105520761,75.593500000000006,1.6876064034778013,0,39.224549291077459,-16.78472801710106,-16.971386292225127,0.18665827560521464,0.0086635332177134369,-0.24433540636296497
0,7,0,132.63157894736841,24.199999999999999,1.0121267825268521,0,21.441400601851832,30.055296298797199,30.055296293301033,3.3323666625981372e-09,24.199999999999999,1.0121267825268561,0,21.44140060183901,30.05529629554184,30.055296293237717,0,24.199999999999999,1.0121267825268561,0,21.44140060183901,30.05529629554184,30.055296293237717,0,-0.0019325519039456365,0.084072461126325063
0,8,0,151.57894736842104,31.949999999999999,0.78481251389276718,0,22.289791719762427,12.46278062378815,12.41254614520347,0.050234474530057506,31.949999999999999,0.78482028993808195,0,22.289952682291609,11.774763847744977,11.781839286427934,-0.0070754428041381323,31.949999999999999,0.78481701347138988,0,22.289945867627917,10.917698789568853,11.315434489488425,-0.39773570401117203,-0.0019601603244387288,0.098945784096440184
0,9,0,170.52631578947367,45.500500000000002,0.76459597483972774,0,23.553794820158274,4.9436821819060039,5.1259222548641628,-0.18224007558343996,45.5015,0.76459576311524291,0,23.553886483620243,8.3244470939208526,8.0490038405943469,0.2754432505693043,45.5015,0.76458844510648805,0,23.555351929448101,-0.70930031561788676,-0.076032090557484638,-0.63326822769294178,-0.00084302814247541992,0.11732835469011703
0,10,0,189.47368421052633,38.417499999999997,0.62231869533442907,0,23.064004946324292,-81.297392063801283,-5.8549817699730635,-75.442410295545102,38.366,0.60359880053313741,0,23.308437002466114,596.61125394823341,4.3926743053638342,592.21857964077913,38.281999999999996,0.60562216301341687,0,23.299275986627524,-313.64409878651077,-3.2821361900593304,-310.36196259839505,-0.0019803397620506121,0.077934536996335957
0,11,0,208.42105263157896,50.781500000000001,1.4077931817360909,0,44.721926275168222,-5143.6042138623889,12.053015589970435,-5155.6572294492289,75.090500000000006,1.6580145473464947,0,38.494769937754612,-63.732769502815017,-62.667276317817858,-1.0654931734311368,75.094000000000008,1.6580445978264957,0,38.490392235428338,-78.935429680490913,-79.429867271559033,0.49443760251996377,0.00022592377589511449,-0.49926129828102916
0,12,0,227.36842105263159,75.417500000000004,1.6753034906605069,0,38.926289013159192,-40.248422442611947,-39.073002796775484,-1.1754196350449622,75.416000000000011,1.6753037557907047,0,38.923472316601057,-65.706464428543455,-64.947494425034819,-0.75896999269508025,75.420000000000002,1.6753195062427007,0,38.92558895123495,-43.800539338960647,-43.392435038266179,-0.40810428993080006,0.0010546602474268956,-0.50428869962175082
0,13,0,246.31578947368422,75.697499999999991,1.6906487558874963,0,39.316076406625072,8.7944364534293715,9.1675619943840108,-0.37312553075579341,75.699000000000012,1.6906795120057787,0,39.309570429844037,-3.9426892913671003,-4.2353348706173559,0.29264558937207724,75.69550000000001,1.6906321554111903,0,39.309273617750094,22.61360883472911,22.109326532457995,0.50428231239228094,0.0019842812063134698,-0.50846171100347082
0,14,0,265.26315789473682,75.93950000000001,1.7039071165784374,0,39.649820252159031,-36.533007962400312,-35.874015500604266,-0.65899245256855787,75.938500000000005,1.7038942340874483,0,39.646617692091375,-25.835177418328303,-26.847391540205525,1.0122141312076431,75.9375,1.7038812173994111,0,39.650271859496989,2.9596626215257738,4.5889691644581161,-1.629306533581552,0.0030224006188246666,-0.51122410918767125
0,15,0,284.21052631578948,76.125500000000002,1.7147663634022188,0,39.91842027813567,23.516678835657729,22.780253256665659,0.73642558726267071,76.127499999999998,1.7147641838433307,0,39.922053363893355,32.57771799527773,32.080954421392576,0.49676358214067551,76.129500000000007,1.7147648804203239,0,39.922628630474563,31.889507966671086,32.091602253970578,-0.20209427894381091,0.0040790802987052312,-0.51193989673171914
0,16,0,303.15789473684208,70.064000000000007,2.0044398136339878,0,51.481765001884675,4115.9100164527572,-1.8053279092203345,4117.7153443761572,76.143500000000003,1.7172299452875011,0,40.630899126495407,28.667164703009174,27.217099068472571,1.4500656425869234,76.143000000000001,1.7170240598299844,0,41.05675454943011,111.22218648294104,9.8146889325960132,101.40749755840403,0.0015521116344893433,-0.52464377928030337
0,17,0,322.10526315789474,75.9495,1.7104308542620152,0,40.965466697022933,9.458679050073405,9.5874921170926584,-0.12881306095344713,75.950500000000005,1.7104533671790623,0,40.965807140973538,-23.440312856186956,-13.465486820782555,-9.974826029152462,75.948999999999998,1.7104337951532889,0,40.968507363731497,22.048538661734582,17.85078024380811,4.1977584241393098,-0.00033802844268040875,-0.52495393617571029
0,18,0,341.05263157894734,75.823999999999998,1.7066283517697225,0,41.087457286695397,38.195072484813025,36.52185134939495,1.673221140753661,75.827500000000001,1.706640405158802,0,41.091034470989761,16.781717526222899,17.260252755653713,-0.47853522397131165,75.825500000000005,1.7066496083851486,0,41.088089435960626,31.149492744206139,30.650694681817406,0.49879806778779173,0.014169754467349483,-0.475749999908609
1,0,18.94736842105263,0,75.82950000000001,1.706681854339748,0,41.089733018815771,-16.529826312738077,-18.016167345984794,1.486341037083978,75.8215,1.7066279034560066,0,41.090002775912467,37.719583269905741,39.542958192988067,-1.8233749192471524,75.829000000000008,1.7067010121858468,0,41.088328651019502,-13.341354124742397,-13.896995092581889,0.55564097171335392,0.015750328259044964,-0.43534861548049691
1,1,18.94736842105263,18.94736842105263,75.827500000000001,1.7066411466669102,0,41.088449509706301,8.8100930541297764,9.3712173871671389,-0.56112433026140929,75.831000000000003,1.7066661663641742,0,41.089213368969261,-13.940701424901006,-12.659358191508796,-1.2813432306865873,75.829999999999998,1.7066794552041833,0,41.090929374724034,-19.556803852515689,-18.523979730460997,-1.0328241192646483,0.016503542513465298,-0.40913815082458094
1,2,18.94736842105263,37.89473684210526,75.906999999999996,1.7091517862099337,0,41.01042260290469,0.35157957440436988,-1.2754257106170697,1.6270052860047535,75.908000000000001,1.7091379712320418,0,41.005936562481935,17.932884449106009,17.544045248187931,0.38883920194798799,75.905999999999992,1.7091297004795001,0,41.00838012139922,20.155798314224537,21.310101058968147,-1.1543027437541054,0.016377455513021447,-0.3692678563066556
1,3,18.94736842105263,56.842105263157897,76.070999999999998,1.7144919237427778,0,40.794211804403645,-18.655268363933832,-18.557414494854644,-0.097853868354616777,76.063000000000002,1.7144481531466216,0,40.792517669006386,27.010091255194212,27.242338760754176,-0.23224750484536355,76.066000000000003,1.7144551938298063,0,40.794621892617258,1.0240570170604899,-0.25640774519419468,1.2804647630068577,0.014960134971067275,-0.32247012705540412
1,4,18.94736842105263,75.78947368421052,70.981000000000009,1.963991378853216,0,50.038524276424717,493.05506715116326,28.079867691339309,464.97519947663528,71.028000000000006,1.9735466220855262,0,50.036947920453386,-3678.9849163785452,-11.876281292538623,-3667.1086350694954,70.981000000000009,1.9640799047590278,0,50.040462761486729,479.84163367139314,17.199323567228777,462.64231012110719,0.0028514211904607499,-0.50287520041635458
1,5,18.94736842105263,94.736842105263165,76.019999999999996,1.708714423159541,0,39.767072348591512,21.38070073507766,22.684941404884643,-1.3042406704321856,76.024000000000001,1.7087313043015679,0,39.766017221474904,-20.26077043523382,-18.180121640671903,-2.0806487952050223,76.022999999999996,1.708717270945959,0,39.766475940988386,-9.470899534448268,-9.0863966464676533,-0.38450288855219034,0.010117145126636442,-0.24025604915076282
1,6,18.94736842105263,113.68421052631579,75.760999999999996,1.6959667480679825,0,39.436993577271039,12.952155581921014,13.335081697690951,-0.3829261169903056,75.762,1.6959578523360541,0,39.433579415260859,12.116269214017528,13.207424897151446,-1.091155684377962,75.762500000000003,1.6959775303191404,0,39.436195295647792,-0.48908261347619286,0.1878290444054169,-0.67691165909943862,0.0095627486220972793,-0.21214581083242651
1,7,18.94736842105263,132.63157894736841,21.050000000000001,1.0119370457353163,0,21.789702250480026,25.698521312093259,25.69852131008739,3.2537117184478338e-12,21.050000000000001,1.0119370457353158,0,21.789702250480026,25.698521312091628,25.698521310089404,-3.6781088991149419e-12,21.050000000000001,1.0119370457353158,0,21.789702250480026,25.698521312092545,25.698521310085518,2.5463830840026526e-12,-0.0020814134141981886,0.052294237776990354
1,8,18.94736842105263,151.57894736842104,25.350000000000001,0.91361274076794086,0,20.540360667439455,35.571651546307116,35.573307840709987,-0.0016562947888563771,25.350000000000001,0.91361273981446256,0,20.540349843860284,35.573310276017715,35.573310275509726,0,25.350000000000001,0.91361273981446256,0,20.540349843860284,35.573310276017715,35.573310275509726,0,-0.002013704262577859,0.025902760342684239
1,9,18.94736842105263,170.52631578947367,32.2605,0.6725263761025766,0,21.965678041193542,36.689091174146235,36.838751520934892,-0.14966035070024686,32.259,0.67252828934472109,0,21.965747608449984,37.41869089197516,37.307976331209709,0.11071455685472137,32.2605,0.67252585074468041,0,21.965679775834168,36.861263034762914,36.838919297996057,0.022343732802350556,-0.0021117000473809366,0.049487880951931407
1,10,18.94736842105263,189.47368421052633,44.846499999999999,0.71962735330237737,0,22.172578378617725,48.725505657972221,47.680107462289783,1.0453981913409878,44.840999999999994,0.71960628560685846,0,22.172703901244383,43.180398837809705,42.902308211779314,0.27809062166868603,44.842500000000001,0.71959248718557212,0,22.172790812535784,35.703384183711457,36.842141739953,-1.1387575605796494,-0.00095387093040589111,0.10121254357299574
1,11,18.94736842105263,208.42105263157896,37.732500000000002,0.59941452524361882,0,23.606725970301305,341.42130852121886,0.10613712080679787,341.31517139814565,37.6325,0.59945107927914854,0,23.447668695883454,565.02675935527066,-0.71853601528553723,565.74529536835769,37.775500000000001,0.60987225905863651,0,23.586594727902614,-647.28142887795264,10.749213362840798,-658.03064224298794,-0.00081026801247374269,0.1147397288933875
1,12,18.94736842105263,227.36842105263159,75.240499999999997,1.6659127550052326,0,38.690015141715385,-31.994597014845336,-33.669824739229782,1.6752277342864028,75.243000000000009,1.6659334362816531,0,38.689068172807431,-35.443973027402848,-33.766501079124538,-1.6774719382556249,75.244,1.6659225214412692,0,38.689113248593635,-48.046928545424173,-46.31817305564379,-1.7287554796927607,0.0018214149804591953,-0.47858037118473873
1,13,18.94736842105263,246.31578947368422,75.541499999999999,1.6822672727330259,0,39.105832887361103,24.786181517848842,25.88802742532317,-1.101845898155021,75.541499999999999,1.6822675032051591,0,39.099021113233896,50.41118356392758,47.877925911846191,2.5332576613239213,75.546000000000006,1.6823075544177193,0,39.102211728986973,-6.9480345509236932,-4.4688115384359053,-2.4792230032145617,0.0027593617311881787,-0.4832083401472087
1,14,18.94736842105263,265.26315789473682,75.807000000000002,1.6966272790946273,0,39.459973778307827,5.3650593713233441,4.2505507322692422,1.1145086473556745,75.8035,1.6966178164413457,0,39.460379128862925,-8.0577067210006632,-8.951473220980704,0.89376650838315386,75.807999999999993,1.6966251546634659,0,39.463562848644926,4.5753809233671499,4.1995729776741548,0.37580795408953749,0.0037590471178638929,-0.48635370668097777
1,15,18.94736842105263,284.21052631578948,76.024999999999991,1.7087234412420167,0,39.772644127184428,-13.360366123613568,-9.093418514259918,-4.2669476016724843,76.022999999999996,1.7087308157153371,0,39.771234920940465,-5.8569497033739601,-4.4814772068822082,-1.3754724887828642,76.019000000000005,1.7086674219175415,0,39.772690018658309,34.053993498046232,31.877132183185715,2.1768613224995184,0.0048192609549679976,-0.48712319932123721
1,16,18.94736842105263,303.15789473684208,76.195000000000007,1.7184273452766641,0,40.017771397948131,-0.00068819209743765637,-4.7049170383550472,4.7042288533079315,76.1935,1.7184248876159747,0,40.020962767464219,10.122188242952534,4.5857628756459565,5.5364253743941685,76.195999999999998,1.7184443208729598,0,40.01704052174977,-17.578583485116813,-13.860094747354154,-3.7184887307821324,0.0059017433155713825,-0.48462655837183521
1,17,18.94736842105263,322.10526315789474,76.069500000000005,1.7144520885649843,0,40.797417128978758,-10.686597599872144,-8.914962719973845,-1.7716348741706189,76.070999999999998,1.7144959117525838,0,40.796387820167816,-19.099572673904735,-17.670084277048655,-1.4294883911058553,76.069500000000005,1.7144457286001764,0,40.794420057003705,3.8677086905988434,5.1281103277587476,-1.2604016314067876,0.001973238645004852,-0.50096524601485914
1,18,18.94736842105263,341.05263157894734,75.908500000000004,1.7092209236560636,0,41.007494368693706,-57.160912265435535,-57.252980269408319,0.092068008281203415,75.906999999999996,1.7091538157935604,0,41.007788473072374,21.307399182732688,22.335897096424304,-1.0284979094795159,75.905999999999992,1.7091609358086643,0,41.011360181882758,-12.672138822515226,-13.146643882325314,0.47450506414952065,0.014196107364731571,-0.45179897109981748
2,0,37.89473684210526,0,75.9465,1.7104608510933703,0,40.956258058008522,-18.947027161595567,-20.996165498259696,2.0491383389441085,75.948999999999998,1.7104747923912169,0,40.957053059604156,-12.356537547581803,-14.598328699806965,2.2417911545960272,75.948000000000008,1.7104923701594688,0,40.959771499195469,-23.301332453714711,-21.897292968734426,-1.4040394826524081,0.015245758169576623,-0.39671053613526314
2,1,37.89473684210526,18.94736842105263,75.907499999999999,1.7091824744979218,0,41.007167740830688,-8.6138807244958819,-9.0894774290330496,0.47559670555641981,75.910499999999999,1.709200057708173,0,41.008497154048854,-37.800093782689835,-36.941939452685354,-0.85815432892737187,75.909000000000006,1.70918068357126,0,41.005934171308112,-31.136279454028461,-33.101350556141703,1.965071103147122,0.016405374871830931,-0.36918404511898417
2,2,37.89473684210526,37.89473684210526,75.951999999999998,1.7104603180598432,0,40.964529568348048,-3.570226378083706,-3.7863556096283455,0.21612923204837239,75.949999999999989,1.7104364126624791,0,40.960867043898176,-0.8849681000955375,0.48448283734084646,-1.3694509368690717,75.95150000000001,1.7104359966656302,0,40.960860606771568,19.06200698656982,18.418977713447926,0.64302927370111085,0.016581353783471593,-0.32836314098203001
2,3,37.89473684210526,56.842105263157897,76.066000000000003,1.7144143174645539,0,40.7927376147356,29.031386276227202,31.707074569270816,-2.6756882933287827,76.069000000000003,1.7144493442417663,0,40.797051630061254,1.1346185674702094,0.10846375124805994,1.0261548160424936,76.064499999999995,1.7144243309464258,0,40.796181301345911,10.975662298464238,8.8192736848853883,2.1563886134250083,0.015554207953187328,-0.27966880191884369
2,4,37.89473684210526,75.78947368421052,71.037999999999997,1.9840316142269205,0,50.393179938133464,677.6866785614219,-11.830401310051384,689.51707988952091,71.045000000000002,1.9954759737930594,0,50.396727766575857,-3976.9235893686009,-9.7930602809152862,-3967.1305290697073,71.040000000000006,1.9841399669643083,0,50.391656202482238,679.90775772306404,-13.630084967519171,693.53784270878259,0.0035257494286386301,-0.46254451165645727
2,5,37.89473684210526,94.736842105263165,76.067999999999998,1.7111457142530946,0,39.827873669278127,-22.48907393258763,-20.614357771525555,-1.8747161631792395,76.0655,1.7111042511948855,0,39.829589608910553,5.6523872795829204,4.4891457009743334,1.1632415764879154,76.064999999999998,1.7110780755777819,0,39.825316907603209,31.222932874675436,31.849301974769002,-0.62636910227768372,0.010802118728540431,-0.19502594518270691
2,6,37.89473684210526,113.68421052631579,75.858999999999995,1.7001630010693418,0,39.549016006142054,2.8734571303725134,2.4141421644672176,0.45931496300351832,75.861000000000004,1.7001990603935542,0,39.54481738214313,-22.149492253478726,-22.473148193277794,0.32365593692726868,75.856999999999999,1.7001534441004598,0,39.54845634289898,1.0305110704806217,0.045305785308907887,0.98520528234199145,0.010283182195765539,-0.16488185400529329
2,7,37.89473684210526,132.63157894736841,24.550000000000001,0.9613629436276625,0,21.309447131599445,-7.7244741700569168,-7.7244741745177974,0,24.550000000000001,0.9613629436276625,0,21.309447131599445,-7.7244741700569168,-7.7244741745177974,0,24.550000000000001,0.9613629436276625,0,21.309447131599445,-7.7244741700569168,-7.7244741745177974,0,-0.0020929149494583804,0.024332305972785344
2,8,37.89473684210526,151.57894736842104,28.000000000000004,0.90170524477233505,0,20.846494734459977,-45.686470275116378,-45.686470860211003,5.8205896496335356e-07,28.000000000000004,0.90170524477398672,0,20.846494716337642,-45.686470837739925,-45.68647084076607,-8.4879436133421742e-13,28.000000000000004,0.90170524477398672,0,20.846494716337642,-45.686470837733758,-45.686470840766752,1.13172581511229e-12,-0.0020621839193272562,0.0068471861401104284
2,9,37.89473684210526,170.52631578947367,24.399999999999999,0.73588519579762746,0,19.200357712382516,-39.598994736666363,-39.598994753398912,1.5746620792882068e-08,24.399999999999999,0.73588519579766787,0,19.200357712282639,-39.598994752244778,-39.598994753414459,-7.0732863444518123e-14,24.399999999999999,0.73588519579766787,0,19.200357712282639,-39.598994752243335,-39.598994753412569,4.9513004411162682e-13,-0.0018853261765174932,-0.021355147722819226
2,10,37.89473684210526,189.47368421052633,27.584999999999997,0.37758978345164429,0,17.914094970710387,-2.7928004113607927,-0.060821206388904502,-2.7319792051122382,27.5685,0.37885068322067195,0,17.914988552997158,30.075329810574367,30.020807856903733,0.054521953437329455,27.567000000000004,0.37884983776960451,0,17.915052583651821,30.048181126291329,30.020650629204894,0.027530496893757628,-0.0014814461362520853,-0.043427082772444434
2,11,37.89473684210526,208.42105263157896,24.824999999999999,0.45023310907778108,0,18.623904561065562,-38.313743442097845,-38.313743444042103,-8.7850216398091508e-11,24.824999999999999,0.45023310907777997,0,18.623904561065519,-38.313743442001964,-38.313743444043389,0,24.824999999999999,0.45023310907777997,0,18.623904561065519,-38.313743442001964,-38.313743444043389,0,-0.0008299761076911409,-0.0016691524636931049
2,12,37.89473684210526,227.36842105263159,22.574999999999999,0.63943006507722799,0,19.367226370089593,-38.611500168197054,-38.61150017045243,0,22.574999999999999,0.63943006507722799,0,19.367226370089593,-38.611500168197054,-38.61150017045243,0,22.574999999999999,0.63943006507722799,0,19.367226370089593,-38.611500168197054,-38.61150017045243,0,-0.0016475324107691636,-0.010064152395580755
2,13,37.89473684210526,246.31578947368422,75.340500000000006,1.6715101947997837,0,38.826591633508492,-27.220233007321117,-29.587374605272764,2.3671416063960544,75.343000000000004,1.671528854375818,0,38.827668133879776,-32.449763169471368,-33.861915654382798,1.4121524934015182,75.341999999999999,1.6715130870354802,0,38.824652346460645,-80.057772728224023,-80.578645456449635,0.52087273666847267,0.003253249688131247,-0.44466478535669052
2,14,37.89473684210526,265.26315789473682,75.628500000000003,1.6869632434612822,0,39.217219532316165,-0.8952012124653953,-0.074345088043467622,-0.82085611675821379,75.630499999999998,1.6869638028069895,0,39.217371211912344,-7.529045308582142,-8.7533484132589621,1.2243031123800567,75.626499999999993,1.6869501034916219,0,39.218859696301706,4.2317461402234215,4.2870909928047762,-0.055344844897959253,0.0042283606995460066,-0.44773065954126778
2,15,37.89473684210526,284.21052631578948,75.873500000000007,1.7002089491815948,0,39.549406736857115,-37.625408947832213,-35.948414040735756,-1.6769948999962381,75.86699999999999,1.7001667932298072,0,39.560377452326058,40.628564025310027,40.450620342457626,0.17794368998565666,75.871499999999997,1.7001979457409404,0,39.548838133482349,-8.7785111769590447,-8.9875261856267201,0.20901501575845302,0.0053079485738866117,-0.44822169056650762
2,16,37.89473684210526,303.15789473684208,76.066999999999993,1.7111424158144739,0,39.828145099885774,-15.348164012825453,-13.727616106913642,-1.6205478994679541,76.064499999999995,1.7111011047524765,0,39.826224634082998,-0.68683118973297019,-0.085877675197593567,-0.60095350820109117,76.063499999999991,1.7110715938160277,0,39.82991829050998,45.568168454743812,45.588525532534057,-0.020357071301055907,0.006375691004509465,-0.44569298477354891
2,17,37.89473684210526,322.10526315789474,70.9465,1.9825325160811134,0,50.3979714566468,1990.633178112352,-29.667781562776128,2020.3009596910586,71.099000000000004,1.9944433082716344,0,50.396387129865822,-4006.406575637644,10.799601584358683,-4017.2061772061375,70.945000000000007,1.9825114209813597,0,50.406371026275394,2011.6136143563242,-9.4229815210591266,2021.0365958932678,-0.0022701731843400175,-0.5360307258519541
2,18,37.89473684210526,341.05263157894734,76.064499999999995,1.7144718259667031,0,40.796903338805045,3.2293379423062123,4.6131030511760702,-1.3837651053559015,76.063999999999993,1.7144551107672674,0,40.786680867771516,10.330556500566354,8.8594533854139943,1.4711031187862196,76.070000000000007,1.7145221650068536,0,40.794578821079909,-3.5141780565077529,-4.0523584205539045,0.53818036768548394,0.013017796666994163,-0.41511931301895355
3,0,56.842105263157897,0,73.918499999999995,1.8058332580443666,0,51.227917020255745,-1062.5741653735663,20.993512915308465,-1083.5676782814828,76.146000000000001,1.7173234894583171,0,40.623558130352727,-47.739108158143253,-46.441590457712678,-1.2975176982373784,76.147500000000008,1.7172976819097641,0,40.626459973480266,-22.545262042849377,-23.172857651940252,0.62759561120891227,0.012951856767109769,-0.35282155590524533
3,1,56.842105263157897,18.94736842105263,76.0685,1.7144922300821797,0,40.791757275541848,-14.452625392864343,-14.478666201836317,0.026040809723770666,76.066999999999993,1.7144796322906499,0,40.79033005874814,9.5390060510931143,9.1387414937153881,0.4002645581086442,76.064499999999995,1.7144711510374433,0,40.797769455369831,32.567982392235557,31.66167712705559,0.90630526587382843,0.014980012790514127,-0.32247100179192967
3,2,56.842105263157897,37.89473684210526,76.070000000000007,1.7144654772359258,0,40.794825666816891,-4.4412688275684733,-5.1283256953835226,0.6870568676213914,76.067499999999995,1.7144704680279632,0,40.793764893206642,-5.8677310617818037,-9.0703998440486515,3.2026687820514024,76.064999999999998,1.7144055375347769,0,40.792219143888886,48.089637779703708,50.510951102483745,-2.4213133230384725,0.015576874274105253,-0.27978367448758834
3,3,56.842105263157897,56.842105263157897,76.144999999999996,1.7172682581955283,0,40.626243549518669,8.3911535267455708,9.5618728694580657,-1.1707193439915462,76.149000000000001,1.7172757034939512,0,40.631180093323643,-28.66554943509615,-26.731979101064343,-1.9335703352547893,76.146499999999989,1.717249519982136,0,40.62853528782864,-3.4662377926822843,-4.566626377839361,1.100388583821253,0.014693232466455717,-0.23063026586484409
3,4,56.842105263157897,75.78947368421052,71.835000000000008,1.9712609508580659,0,50.551588912813791,542.35570285486006,-23.162032241569609,565.51773511306203,71.845500000000001,1.9814069054231149,0,50.551829077194228,-3705.2266514141616,14.879590257953645,-3720.1062416557825,71.836500000000001,1.9715741053182039,0,50.552021507706158,520.63734016560159,-27.016885015497941,547.65422519784784,0.0052109636407593196,-0.39472225778605186
3,5,56.842105263157897,94.736842105263165,76.064999999999998,1.711120985199138,0,39.83645542949202,-4.2881788636550437,-4.5636453970946729,0.27546652986799913,76.063000000000002,1.7111129823278761,0,39.835903766381065,8.3026130201510124,9.283380803474941,-0.98076778693122424,76.0595,1.7110801750809135,0,39.8371438336426,18.895260330134416,18.560688472566341,0.33457185394794103,0.011198314125842329,-0.14053770309769223
3,6,56.842105263157897,113.68421052631579,75.889499999999998,1.7013888824759273,0,39.580496958639024,-16.85403451510723,-17.826209394444909,0.97217487490199961,75.89200000000001,1.7013974722357827,0,39.581360671286639,6.2456364642077888,4.5277763514845262,1.7178601082437883,75.892499999999998,1.7014017886084321,0,39.575864665121934,0.035872741206915526,0.090592097231379912,-0.054719360583599552,0.0106902626270216,-0.10836785249554956
3,7,56.842105263157897,132.63157894736841,75.631,1.6886720903796835,0,39.248172999558896,4.7959495627831918,4.3520162534057629,0.44393330421507543,75.63600000000001,1.6887105926653725,0,39.252513784491811,-34.969819009298732,-34.566295998728108,-0.40352301566440896,75.633499999999998,1.6886743090448515,0,39.254902539631395,1.4111506311380293,0.067806430908685225,1.343344195117653,0.010018841960780997,-0.095707512498427627
3,8,56.842105263157897,151.57894736842104,22.400000000000002,0.86628716542061934,0,20.084299725808375,36.094679110162758,36.09467910865235,-8.3995275340365268e-13,22.400000000000002,0.86628716542061945,0,20.084299725808375,36.0946791101643,36.094679108655235,-2.8293145377807249e-13,22.400000000000002,0.86628716542061945,0,20.084299725808375,36.094679110159284,36.094679108653096,-3.3951774453368697e-12,-0.0019856397530125681,-0.010454835338895959
3,9,56.842105263157897,170.52631578947367,28.549999999999997,0.70581659586263046,0,19.297783568811973,-54.37586183718706,-54.375861837591444,-8.4760074426359135e-11,28.549999999999997,0.70581659586263135,0,19.297783568810214,-54.375861837058089,-54.37586183757562,0,28.549999999999997,0.70581659586263135,0,19.297783568810214,-54.375861837058089,-54.37586183757562,0,-0.0018842188690923107,-0.028107331669062836
3,10,56.842105263157897,189.47368421052633,21.699999999999999,0.48634791683670137,0,17.447690699862235,-39.694428865695372,-39.694428865643616,0,21.699999999999999,0.48634791683670137,0,17.447690699862235,-39.694428865695372,-39.694428865643616,0,21.699999999999999,0.48634791683670137,0,17.447690699862235,-39.694428865695372,-39.694428865643616,0,-0.0016339974932523555,-0.049172215855998291
3,11,56.842105263157897,208.42105263157896,24.949999999999999,0.13636467059301996,0,15.009121868579976,-45.34628403983249,-45.346283861561218,-1.7835852075478039e-07,24.949999999999999,0.13636467060302704,0,15.009121850525013,-45.34628383979517,-45.346283839799071,0,24.949999999999999,0.13636467060302704,0,15.009121850525013,-45.34628383979517,-45.346283839799071,0,-0.0012830355558099984,-0.06208758381644261
3,12,56.842105263157897,227.36842105263159,26.715,-0.078898068644029179,0,13.87545023804312,18.73283303745848,18.656000499657999,0.07683253713344991,26.716000000000001,-0.07889358778794589,0,13.87545092012078,16.754553752950379,16.751890380516233,0.0026633717856529341,26.716000000000001,-0.078893547576662587,0,13.875450571469555,16.747028644966861,16.751900376866228,-0.0048717325410010323,-0.00097082199744256547,-0.054227731059458217
3,13,56.842105263157897,246.31578947368422,27.359000000000002,0.16205024747004751,0,16.634513945010649,1.9419617318769544,1.6386300876732884,0.30333164169867366,27.353999999999999,0.16194461326959095,0,16.63106177919266,16.08146236478396,16.125742610092036,-0.044280247799664753,27.352500000000003,0.16192540649578288,0,16.631052116785128,18.494666454135384,18.74137364803514,-0.24670719639296274,-0.00089881120237156537,-0.040308838737253973
3,14,56.842105263157897,265.26315789473682,75.367499999999993,1.674360435776308,0,38.898047197715059,26.046233652049359,25.506275223204252,0.53995843605250793,75.366,1.674349113498667,0,38.898618435864002,22.729690611116553,21.257113045242782,1.4725775731057602,75.370000000000005,1.674375422710553,0,38.893062203462449,20.697856811511443,21.236846491958442,-0.53898967312160662,0.0044183895544866189,-0.40191921415221799
3,15,56.842105263157897,284.21052631578948,75.658499999999989,1.6892269265150992,0,39.277559929353913,17.920138002859989,17.652286713746523,0.26785129569816085,75.661000000000001,1.6892285792659252,0,39.278398799995742,30.266624027439399,30.81144906513056,-0.54482503103713453,75.660000000000011,1.6892296532356403,0,39.279534055107987,37.854991726850542,35.13782700388537,2.7171647295841717,0.005501270572742121,-0.40175851462985085
3,16,56.842105263157897,303.15789473684208,75.894499999999994,1.7014345339348131,0,39.580780953432502,-21.572629068645362,-22.364776735379152,0.79214767264039476,75.887500000000003,1.7013632164989925,0,39.578770063168832,10.099282741456188,8.9166074252701204,1.1826753221228485,75.891500000000008,1.701413210180557,0,39.579731620609614,-26.624144242824702,-26.899607629458469,0.27546339260803776,0.0065926877536993077,-0.3982505722050016
3,17,56.842105263157897,322.10526315789474,76.061500000000009,1.7110956841874414,0,39.836580898515138,8.8249227044419722,9.3361388894192299,-0.51121617965732546,76.067499999999995,1.7111413491667977,0,39.83323567215659,-0.81374592040092586,0.067326344474228125,-0.88107225961569902,76.0625,1.7110984874657629,0,39.825704680068313,5.7121478070983898,4.5390316839290685,1.1731161285021285,0.0076382383893194364,-0.39123758242944173
3,18,56.842105263157897,341.05263157894734,70.927499999999995,1.9630540106202239,0,50.037731306794178,1284.4961108701355,0.94819803803824199,1283.5479128492468,71.075000000000003,1.9744664331515089,0,50.048795119033208,-4488.3017765429668,-17.635083603456046,-4470.6666929225639,70.930499999999995,1.9630585720759361,0,50.041673558723488,1269.5644342821602,-13.481346847304112,1283.0457811466129,-4.5214990267365468e-05,-0.59679996203855612
4,0,75.78947368421052,0,76.128,1.7147825409440942,0,39.918943175203943,9.3529876441303141,13.695762153595416,-4.3427745077449726,76.126999999999995,1.714775249509503,0,39.918018466726025,15.930505161205877,18.240366448501373,-2.3098612856976253,76.129000000000005,1.7147527377051801,0,39.920777746206653,34.35645353143461,32.109484500422404,2.2469690327279466,0.009565282009922035,-0.31253957761938445
4,1,75.78947368421052,18.94736842105263,70.984999999999999,1.9639436839922044,0,50.033566353929622,471.07082427835468,6.6250948695685477,464.44572942554447,71.026499999999999,1.9734876374458226,0,50.037175663637591,-3671.4169721368048,-5.4110578608205895,-3666.0059142593113,70.986000000000004,1.9639274276361833,0,50.044679025006644,452.61536467691303,-10.708291042639406,463.32365573635229,0.0028427502953767619,-0.50295589600630919
4,2,75.78947368421052,37.89473684210526,71.040999999999997,1.9840262558760919,0,50.407098176458391,694.81774340983475,5.0696530765130214,689.74809035152691,71.04549999999999,1.9953863782363093,0,50.392667423153341,-3925.7764333238861,22.731410305502646,-3948.5078436114709,71.037999999999997,1.9841077153189441,0,50.398689122447358,680.56113098887818,5.2017269313591656,675.35940407563362,0.0035292683104414333,-0.46249464479560409
4,3,75.78947368421052,56.842105263157897,71.838999999999999,1.9713431142135251,0,50.553349254963805,535.40405382996619,-27.104988196292656,562.50904204298672,71.848500000000001,1.9814364952896546,0,50.553437989406092,-3748.7120602392138,-15.977177871874019,-3732.7348823510774,71.838000000000008,1.9714535533526638,0,50.551243910450388,538.53226956963738,-27.186905012884797,565.71917459925589,0.0052413079706367504,-0.39431994102702844
4,4,75.78947368421052,75.78947368421052,76.132500000000007,1.7148032328645428,0,39.920501515966123,-31.095513664505056,-32.092109243353043,0.99659557510861996,76.127499999999998,1.7147607208577964,0,39.921392751231799,29.759967526851746,29.773046876304026,-0.013079353238137003,76.131,1.7147911813010552,0,39.924887132443473,-13.660786533312136,-13.818468647409135,0.15768211032841489,0.011500771485482829,-0.13210393271567281
4,5,75.78947368421052,94.736842105263165,76.018000000000001,1.7086751430323301,0,39.765108990080599,15.465970241736825,13.678846347400366,1.7871238893622492,76.019999999999996,1.7086800775481046,0,39.770719313246289,17.381741412355488,18.24444154409192,-0.86270013671351742,76.018500000000003,1.7086899411674437,0,39.769496574396918,4.7101980925403195,4.614994981996654,0.095203105683185185,0.011285324764072518,-0.084007190897273695
4,6,75.78947368421052,113.68421052631579,75.875,1.7002286933921082,0,39.547826356980799,-49.551320276443107,-49.431332753934456,-0.11998752850508952,75.866,1.700177841149018,0,39.554046199471536,32.710017584902651,31.499285139193436,1.2107324397691475,75.870499999999993,1.7001927209980532,0,39.548104923153218,2.3324957419283527,4.4904043328934256,-2.1579085968839609,0.010794950005456012,-0.050218505135261604
4,7,75.78947368421052,132.63157894736841,75.661999999999992,1.6892412029122228,0,39.272123889898999,2.2890907511819396,-0.097033364752623238,2.386124109542715,75.661500000000004,1.6892421444943619,0,39.272021111820322,19.851451403881555,17.609299838965168,2.2421515584887342,75.660000000000011,1.6892014350242777,0,39.269542694475476,61.515353633998842,61.323456149725168,0.19189747793067741,0.010179743340084901,-0.034846406826818548
4,8,75.78947368421052,151.57894736842104,21.699999999999999,0.6605032123693243,0,17.5119253213478,31.550783122076872,31.550783122087733,0,21.699999999999999,0.6605032123693243,0,17.5119253213478,31.550783122076872,31.550783122087733,0,21.699999999999999,0.6605032123693243,0,17.5119253213478,31.550783122076872,31.550783122087733,0,-0.0017361240672373881,-0.0034993845872865435
4,9,75.78947368421052,170.52631578947367,17.699999999999999,0.65513082635485009,0,17.520359884060696,32.312990654483322,32.312990653552454,0,17.699999999999999,0.65513082635485009,0,17.520359884060696,32.312990654483322,32.312990653552454,0,17.699999999999999,0.65513082635485009,0,17.520359884060696,32.312990654483322,32.312990653552454,0,-0.0017157952003862458,-0.022485781360288296
4,10,75.78947368421052,189.47368421052633,23.5,0.42514114893241689,0,17.008256535866707,10.610021862343896,10.610021862173127,0,23.5,0.42514114893241689,0,17.008256535866707,10.610021862343896,10.610021862173127,0,23.5,0.42514114893241689,0,17.008256535866707,10.610021862343896,10.610021862173127,0,-0.0016184133659541539,-0.040408387133727561
4,11,75.78947368421052,208.42105263157896,16.25,0.20008462721069289,0,15.206544610924563,30.272577304927314,30.27257730533994,2.1219859033355432e-12,16.25,0.20008462721069289,0,15.206544610924563,30.272577304922489,30.272577305335297,-4.2439718066710871e-13,16.25,0.20008462721069289,0,15.206544610924563,30.272577304927314,30.27257730533994,2.1219859033355432e-12,-0.0013604439781526965,-0.053411155640267834
4,12,75.78947368421052,227.36842105263159,20.100000000000001,-0.0708493921932115,0,12.773730726885587,36.80246681096493,36.802466810798407,0,20.100000000000001,-0.0708493921932115,0,12.773730726885587,36.80246681096493,36.802466810798407,0,20.100000000000001,-0.0708493921932115,0,12.773730726885587,36.80246681096493,36.802466810798407,0,-0.00094293090674926793,-0.059060422259816725
4,13,75.78947368421052,246.31578947368422,21.850000000000001,-0.05171144199490308,0,14.227918472226069,38.85016046320527,38.850160463322069,0,21.850000000000001,-0.05171144199490308,0,14.227918472226069,38.85016046320527,38.850160463322069,0,21.850000000000001,-0.05171144199490308,0,14.227918472226069,38.85016046320527,38.850160463322069,0,-0.00063622697497925579,-0.035883369694199627
4,14,75.78947368421052,265.26315789473682,22.400000000000002,0.34569642457464683,0,15.91513303020337,-36.9547516441365,-36.95475164665838,0,22.400000000000002,0.34569642457464694,0,15.91513303020337,-36.9547516441365,-36.95475164665838,0,22.400000000000002,0.34569642457464694,0,15.91513303020337,-36.9547516441365,-36.95475164665838,0,-0.00051012219221951223,0.0023505247200112933
4,15,75.78947368421052,284.21052631578948,75.331999999999994,1.6733124494336979,0,38.869301035836486,-29.006588486615197,-29.248009001877509,0.24142052158333616,75.328499999999991,1.6733167660038166,0,38.868718662804923,-10.883105215543086,-12.527893110479324,1.6447879011750313,75.326999999999998,1.6732836762236538,0,38.866531835939966,-0.31229341661352089,0.0018555250752463905,-0.31414893537644673,0.0053079721712397986,-0.3566577361166211
4,16,75.78947368421052,303.15789473684208,75.633499999999998,1.6886891839679408,0,39.254994714626768,-12.888876034801807,-12.94335584372136,0.054479814445548842,75.634,1.6886961938175673,0,39.254052817988516,-16.892583678509759,-17.311251499583246,0.41866782661849511,75.638499999999993,1.6887238105184585,0,39.25392126602425,-42.528899509486529,-43.216632351374685,0.68773284742529406,0.0064571313369146174,-0.35141413016654299
4,17,75.78947368421052,322.10526315789474,75.859999999999999,1.7001872582251654,0,39.548452725461672,-8.9098844393333003,-9.0281520464782385,0.11826761181669036,75.857500000000002,1.7001718007682021,0,39.55012956010011,-7.8673206903746147,-8.9682920665590391,1.1009713807908448,75.859499999999997,1.7001985658491101,0,39.547961190431721,-47.853871757192671,-49.090297466964714,1.2364257143050661,0.0075712300556198533,-0.34281997003485709
4,18,75.78947368421052,341.05263157894734,76.022999999999996,1.7087176442929286,0,39.76460409279953,-14.293775547156617,-13.682458542692213,-0.61131700132286304,76.022000000000006,1.7087216681874227,0,39.769413045860446,0.2602515294762463,-0.027550928410984932,0.28780246104476898,76.018000000000001,1.7087147850428501,0,39.771345103288311,-2.7232461772745484,-4.4708848945171553,1.7476387203112207,0.0086136197362161257,-0.33003424049515423
5,0,94.736842105263165,0,75.927500000000009,1.703843400785624,0,39.637422992898088,-23.105040427436862,-22.450971591727388,-0.65406883476559197,75.923500000000004,1.7038371345720542,0,39.640626797550333,8.9951147595278798,8.9368086590797926,0.058306101348113648,75.924499999999995,1.7038236162775162,0,39.638766444586352,-1.8961583989952118,-0.060232729997327025,-1.8359256680926159,0.0092593412219455062,-0.27021280309776691
5,1,94.736842105263165,18.94736842105263,76.024000000000001,1.7087277103336616,0,39.767443308146461,-36.065233729579504,-36.331035443279411,0.26580171309236328,76.022500000000008,1.7087238161771487,0,39.767683887364136,-3.0472768012861278,-4.6045905489488916,1.5573137470582665,76.022500000000008,1.708717117574386,0,39.768248070043782,-24.562799177670961,-22.636649778656313,-1.9261493996100059,0.010129891995199914,-0.24006768907682657
5,2,94.736842105263165,37.89473684210526,76.064499999999995,1.711120257437803,0,39.829909241655407,7.0120369233397257,4.6577330178265139,2.3543039034583222,76.0625,1.7110780725474866,0,39.827704241741586,35.644568015783726,36.506498913843785,-0.86193090011306084,76.0655,1.7111105300583356,0,39.829268440870919,-19.361459692001151,-18.357592534401494,-1.0038671597800888,0.010792798706563269,-0.19513339225158519
5,3,94.736842105263165,56.842105263157897,76.061000000000007,1.7110990290356629,0,39.831501882237312,9.0091528046632821,9.3700645013046824,-0.36091170020232705,76.066999999999993,1.7111342610501035,0,39.828434328523123,-23.921234360006189,-22.938583670048235,-0.98265069350681233,76.066000000000003,1.7111288762406924,0,39.825523638123876,-27.006913929439921,-27.46549874062061,0.45858480764668291,0.011176743123685861,-0.14057262705527881
5,4,94.736842105263165,75.78947368421052,76.021000000000001,1.7087027169145586,0,39.769956310351247,0.19557078599257829,0.038241002479767632,0.1573297785311967,76.018500000000003,1.7086765608414043,0,39.775186276762923,5.5869768954303698,4.5980500525242407,0.98892683793768099,76.022000000000006,1.7086952555939765,0,39.766301707629829,10.512182466066481,9.1569250008511514,1.3552574602796514,0.011285984250312988,-0.083889913732555985
5,5,94.736842105263165,94.736842105263165,75.938500000000005,1.703926515164579,0,39.648618728395938,-44.036279180965295,-45.173760183164582,1.137480995975823,75.935500000000005,1.7038897419963861,0,39.645198668021727,-20.629448166558287,-22.483677418682859,1.8542292458767504,75.936000000000007,1.7038901796690318,0,39.642141655198515,-19.73200949749403,-18.059444708676249,-1.6725647950317504,0.011042728027606034,-0.034226878598271775
5,6,94.736842105263165,113.68421052631579,75.808999999999997,1.6966605520726417,0,39.463417198674932,-21.170385472023245,-22.368592889130408,1.1982074106162282,75.807999999999993,1.6966547137666872,0,39.457942101685909,-28.310847104150927,-26.810607430585346,-1.5002396799486288,75.805999999999997,1.6966288562099179,0,39.463784238526856,6.5596399825412428,4.5547842153112867,2.0048557608299578,0.010594858168606053,0.0012941464240650707
5,7,94.736842105263165,132.63157894736841,75.629500000000007,1.6869593516101273,0,39.214703899882309,-5.6370466072215475,-4.3449250938685982,-1.2921215197599383,75.629000000000005,1.6869702702548355,0,39.2190472009597,-3.0023043006304495,-4.3518627750112797,1.3495584679222259,75.632999999999996,1.6869953980504417,0,39.219216212850064,-50.021207190253946,-48.194487056457795,-1.8267201402530058,0.0099932483604927916,0.018865902440876631
5,8,94.736842105263165,151.57894736842104,26.130500000000001,0.53441208661641226,0,19.461916122751528,34.669849452045099,34.63943232487064,0.030417126392801638,26.130500000000001,0.53441287711001639,0,19.461917777709687,34.678572610231022,34.639244805861445,0.039327803527369656,26.130500000000001,0.53441221029051522,0,19.461917747575779,34.671365467206755,34.639444407006934,0.031921059353808977,-0.001804410005793018,-0.061753124380151188
5,9,94.736842105263165,170.52631578947367,22.400000000000002,0.3461043039107326,0,15.917353947823665,37.10986420910816,37.109864208874882,-1.13172581511229e-12,22.400000000000002,0.34610430391073277,0,15.917353947823665,37.109864209110135,37.10986420887437,-5.6586290755614498e-13,22.400000000000002,0.34610430391073277,0,15.917353947823665,37.109864209110413,37.109864208875884,-1.768321586112953e-12,-0.0015679800796804299,-0.014299977720954933
5,10,94.736842105263165,189.47368421052633,15.85,0.21605036110472547,0,14.641323637384517,-28.240679995782415,-28.240679996212258,0,15.85,0.21605036110472547,0,14.641323637384517,-28.240679995782415,-28.240679996212258,0,15.85,0.21605036110472547,0,14.641323637384517,-28.240679995782415,-28.240679996212258,0,-0.0014444588866582455,-0.011416534430307691
5,11,94.736842105263165,208.42105263157896,0.44999999999999996,0.10018002595689972,0,12.995366324959942,0.012057450480657523,0.01205745054138767,0,0.44999999999999996,0.10018002595689972,0,12.995366324959942,0.012057450480657523,0.01205745054138767,0,0.44999999999999996,0.10018002595689972,0,12.995366324959942,0.012057450480657523,0.01205745054138767,0,-0.0012771596300499035,-0.013983966096865788
5,12,94.736842105263165,227.36842105263159,0,-0.091861534522313743,0.75323748254096479,11.332126627974468,5.4231987937764639e-05,5.4232157731459233e-05,0,0,-0.091861534522313743,0.75323748254096479,11.332126627974468,5.4231987937764639e-05,5.4232157731459233e-05,0,0,-0.091861534522313743,0.75323748254096479,11.332126627974468,5.4231987937764639e-05,5.4232157731459233e-05,0,-0.0010120321641480766,-0.035135559899649491
5,13,94.736842105263165,246.31578947368422,10.949999999999999,-0.28770070009500448,0,12.415224649799208,17.851746880796007,17.851746881067108,3.0945627756976673e-13,10.949999999999999,-0.2877007000950042,0,12.415224649799208,17.851746880794085,17.851746881066443,-6.9848702651461636e-13,10.949999999999999,-0.28770070009500448,0,12.415224649799208,17.851746880796007,17.851746881067108,3.0945627756976673e-13,-0.00064831898514203115,-0.031262891894187121
5,14,94.736842105263165,265.26315789473682,15.9,0.21612776026878611,0,14.642843617378169,-28.639488519738393,-28.639488520467172,0,15.9,0.21612776026878611,0,14.642843617378169,-28.639488519738393,-28.639488520467172,0,15.9,0.21612776026878611,0,14.642843617378169,-28.639488519738393,-28.639488520467172,0,-0.00038997095128924563,0.01278399043638441
5,15,94.736842105263165,284.21052631578948,17.699999999999999,0.65513014264917435,0,17.520648261816596,32.334154387420767,32.334154383014393,2.8293145377807249e-13,17.699999999999999,0.65513014264917435,0,17.520648261816596,32.334154387420732,32.334154383014678,0,17.699999999999999,0.65513014264917435,0,17.520648261816596,32.334154387420767,32.334154383014393,2.8293145377807249e-13,-0.00044793035653741486,0.069622989389091006
5,16,94.736842105263165,303.15789473684208,22.350000000000001,0.86630488168309117,0,20.083308681293595,35.850374425928024,35.850374425624054,0,22.350000000000001,0.86630488168309105,0,20.083308681293595,35.850374425928017,35.850374425624054,0,22.350000000000001,0.86630488168309105,0,20.083308681293595,35.850374425928017,35.850374425624054,0,-0.00074814308641373906,0.11381020489732022
5,17,94.736842105263165,322.10526315789474,75.524500000000003,1.6839731334297015,0,39.136110757627009,-20.719803307883573,-21.317361461715191,0.59755815794009071,75.519000000000005,1.6839228309172112,0,39.13830668640248,36.31048078121939,33.99870558506521,2.311775200293015,75.524000000000001,1.6839592373758123,0,39.133336766544467,-30.86190573424857,-29.735354392184369,-1.1265513379182999,0.0071428465728471616,-0.30421647545092506
5,18,94.736842105263165,341.05263157894734,75.763000000000005,1.6959609857061242,0,39.436052433697213,25.294829562354952,26.293501259106829,-0.99867169420686841,75.762500000000003,1.695968676956233,0,39.432197961030617,34.607395721473104,35.199802853447054,-0.59240712955723429,75.760000000000005,1.6959478386456568,0,39.433736361077123,45.326592326008331,43.882056554983542,1.444535773540957,0.0082412367611015488,-0.2893034476734383
6,0,113.68421052631579,0,75.590500000000006,1.687580172425815,0,39.225458575902096,-8.8454314445832178,-8.4166175032993333,-0.4288139407864896,75.590999999999994,1.6875852179782085,0,39.228020405557878,-25.523239295455262,-25.519647361024685,-0.0035919338146041696,75.588999999999999,1.6875480783258716,0,39.227283136587339,-4.635149473211591,-4.0604684945967042,-0.5746809782221497,0.0086440480510800721,-0.24456198197969437
6,1,113.68421052631579,18.94736842105263,75.763499999999993,1.6959636885370983,0,39.435898427085007,16.975868909174569,17.552877478030521,-0.5770085700728621,75.765000000000001,1.696006973603482,0,39.439468695569154,-30.214430556531664,-30.575024518466019,0.36059396070581695,75.761499999999998,1.6959700407104368,0,39.440149892011604,-8.7714683040289927,-8.6846197338352766,-0.086848571440153483,0.0095655799284866741,-0.21197150869585868
6,2,113.68421052631579,37.89473684210526,75.859499999999997,1.7001679665913128,0,39.54842132213799,-5.3181821847915618,-4.1908611938939622,-1.1273209937484769,75.858499999999992,1.7001792671438809,0,39.549931230786399,-26.600331877639356,-26.890728957907889,0.29039707749929156,75.856500000000011,1.7001545150783148,0,39.548415506390903,3.6636879229300496,4.8040436100866426,-1.1403556899743545,0.010254681931162553,-0.16496706929105961
6,3,113.68421052631579,56.842105263157897,75.887500000000003,1.7013778728712527,0,39.58098303369502,10.794222409556816,8.8013832187739975,1.9928391862659953,75.886499999999998,1.7013757069968609,0,39.576719825037436,-9.7246949277827266,-9.0984647179819795,-0.62623021422439995,75.889499999999998,1.7014110671687044,0,39.580403708468715,-30.070870685752482,-31.437210833218977,1.366340143045834,0.0106824294669682,-0.10846791609346804
6,4,113.68421052631579,75.78947368421052,75.870999999999995,1.7002071179490774,0,39.55183741712866,2.5819773535906259,-0.083524957546915704,2.6655023051749218,75.872,1.7002278094127559,0,39.550920974431847,-22.232744816701505,-22.503888586135215,0.27114376345146074,75.872500000000002,1.7002099143883749,0,39.546972005891696,-29.843084258907005,-31.498462794421265,1.6553785295125243,0.010808790937640938,-0.050239823878351839
6,5,113.68421052631579,94.736842105263165,75.805000000000007,1.6966346219184061,0,39.462998155758804,-9.3773315461997644,-8.7389859837166863,-0.6383455688426789,75.805000000000007,1.6966407134900079,0,39.463407355872043,-19.563373722109933,-22.219151794473571,2.6557780660278989,75.8065,1.6966504402254645,0,39.46456877414203,-12.400357673431783,-10.784587835067555,-1.6157698446789321,0.010592122933665899,0.0013794547974241428
6,6,113.68421052631579,113.68421052631579,75.69550000000001,1.6906475998673263,0,39.30616934370272,15.300099582400383,17.776536063502927,-2.4764364875366471,75.6965,1.6906702426595326,0,39.307304668475297,10.612038666507303,8.9026072120096842,1.7094314481808079,75.697000000000003,1.6906497307831616,0,39.308417586361813,20.3112471519722,22.211089112402838,-1.8998419668345174,0.010170808450880062,0.039043181140706013
6,7,113.68421052631579,132.63157894736841,75.547499999999999,1.6823526886786448,0,39.100870403906271,-49.513715612998688,-47.855206318638807,-1.6585093008206426,75.546000000000006,1.6823147836653116,0,39.100422474309696,-31.393069687760224,-30.502105082235349,-0.89096461206766975,75.546500000000009,1.6823093027250764,0,39.096643937290885,4.0126295992679166,4.6656918336097863,-0.65306224083906295,0.0095686836346869399,0.058867356711756628
6,8,113.68421052631579,151.57894736842104,75.337000000000003,1.6714626809531863,0,38.832623843819661,5.657356308592993,6.5075792117941313,-0.85022290976285742,75.331499999999991,1.6714358354690055,0,38.829465312408587,61.918709684959047,63.529765774197479,-1.6110560958387004,75.332999999999998,1.6714462607911227,0,38.826867527673265,36.573989127617445,38.007200266158065,-1.4332111450158611,0.0089000760723612661,0.068324583462980287
6,9,113.68421052631579,170.52631578947367,27.355,0.16173112576653226,0,16.631742474321161,-15.085854700999024,-19.128277726093106,4.0424230241743047,27.350000000000001,0.16188780230031624,0,16.63176355888632,-17.892892243236592,-18.35059711077735,0.4577048666793555,27.350000000000001,0.16189959573013721,0,16.631748105242856,-17.754564281845457,-17.232756781504772,-0.52180750120460739,-0.0014244832671399172,-0.0083670910353666889
6,10,113.68421052631579,189.47368421052633,21.899999999999999,-0.052087235714639211,0,14.226238837353005,-38.838659656891821,-38.838659656630519,0,21.899999999999999,-0.052087235714639211,0,14.226238837353005,-38.838659656891821,-38.838659656630519,0,21.899999999999999,-0.052087235714639211,0,14.226238837353005,-38.838659656891821,-38.838659656630519,0,-0.0013912597201151205,-0.019583418131897214
6,11,113.68421052631579,208.42105263157896,10.949999999999999,-0.28799718375674643,0,12.414540751333547,-17.755141378615228,-17.755141378592601,-3.536643172225906e-13,10.949999999999999,-0.28799718375674632,0,12.414540751333547,-17.755141378615257,-17.755141378592231,-4.2439718066710871e-13,10.949999999999999,-0.28799718375674643,0,12.414540751333547,-17.755141378615228,-17.755141378592601,-3.536643172225906e-13,-0.0012193152454577727,0.013067619054753565
6,12,113.68421052631579,227.36842105263159,0,-0.27297370183315123,2.8822089570202265,9.462121774859968,1.0113387218038163e-05,1.0113532287876495e-05,0,0,-0.27297370183315123,2.8822089570202265,9.462121774859968,1.0113387218038163e-05,1.0113532287876495e-05,0,0,-0.27297370183315123,2.8822089570202265,9.462121774859968,1.0113387218038163e-05,1.0113532287876495e-05,0,-0.0009380352837369875,0.00060758161507830019
6,13,113.68421052631579,246.31578947368422,0,-0.27297370121568348,2.8821941524400385,9.4621236284682961,-1.1500794131127928e-07,-1.1492301660611325e-07,0,0,-0.27297370121568348,2.8821941524400385,9.4621236284682961,-1.1500794131127928e-07,-1.1492301660611325e-07,0,0,-0.27297370121568348,2.8821941524400385,9.4621236284682961,-1.1500794131127928e-07,-1.1492301660611325e-07,0,-0.00061580508324381568,0.0015379303494593875
6,14,113.68421052631579,265.26315789473682,0.44999999999999996,0.10017990855626678,0,12.995369822794082,-0.0063662031689649462,-0.0063662027482958442,1.4146572688903625e-13,0.44999999999999996,0.10017990855626681,0,12.995369822794082,-0.0063662031681337369,-0.0063662027463785272,-3.536643172225906e-13,0.44999999999999996,0.10017990855626678,0,12.995369822794082,-0.0063662031689649462,-0.0063662027482958442,1.4146572688903625e-13,-0.0003676652132693117,0.028548512456094549
6,15,113.68421052631579,284.21052631578948,23.5,0.4251350518925488,0,17.008507049696394,10.551393847653278,10.551393844609214,0,23.5,0.4251350518925488,0,17.008507049696394,10.551393847653278,10.551393844609214,0,23.5,0.4251350518925488,0,17.008507049696394,10.551393847653278,10.551393844609214,0,-0.00042869012772753516,0.092167193061794467
6,16,113.68421052631579,303.15789473684208,28.549999999999997,0.70584565360179607,0,19.299536965765693,54.790967846727199,54.790967842867971,1.6322315568457002e-09,28.549999999999997,0.70584565360179419,0,19.29953696575614,54.790967845102308,54.790967842848744,0,28.549999999999997,0.70584565360179419,0,19.29953696575614,54.790967845102308,54.790967842848744,0,-0.00076401114548323385,0.12810250253534908
6,17,113.68421052631579,322.10526315789474,27.950000000000003,0.90183335779773499,0,20.845882941520799,-14.72711736505364,-14.727116545044673,-8.1959611823577412e-07,27.950000000000003,0.90183335779803031,0,20.845882937383653,-14.727116546288508,-14.727116545840204,0,27.950000000000003,0.90183335779803031,0,20.845882937383653,-14.727116546288508,-14.727116545840204,0,-0.0011681522467144618,0.14051737671370487
6,18,113.68421052631579,341.05263157894734,75.317000000000007,1.672953657435305,0,38.872708499691797,-61.822157099294635,-62.22082410556898,0.39866700864533039,75.317000000000007,1.6729139567199356,0,38.867749673718457,-44.83205169233986,-45.969579700402356,1.1375280103921945,75.311999999999998,1.6728912823225941,0,38.864144465471824,-2.4080036160226794,-0.24372827114654089,-2.1642753425427883,0.007550685811557079,-0.26738461280694636
7,0,132.63157894736841,0,24.199999999999999,1.0121267825268523,0,21.441400601851814,30.055296298778341,30.055296293308963,3.3295373480603566e-09,24.199999999999999,1.0121267825268561,0,21.44140060183901,30.05529629554184,30.055296293237717,0,24.199999999999999,1.0121267825268561,0,21.44140060183901,30.05529629554184,30.055296293237717,0,-0.0019325519039456365,0.084072461126325063
7,1,132.63157894736841,18.94736842105263,21.050000000000001,1.0119370457353158,0,21.78970225048003,25.698521312059928,25.698521310171888,0,21.050000000000001,1.0119370457353158,0,21.78970225048003,25.698521312059928,25.698521310171888,0,21.050000000000001,1.0119370457353158,0,21.78970225048003,25.698521312059928,25.698521310171888,0,-0.0020814134141981895,0.052294237776989994
7,2,132.63157894736841,37.89473684210526,24.550000000000001,0.96136294362766239,0,21.309447131599448,-7.7244741700198656,-7.7244741745059571,0,24.550000000000001,0.96136294362766239,0,21.309447131599448,-7.7244741700198656,-7.7244741745059571,0,24.550000000000001,0.96136294362766239,0,21.309447131599448,-7.7244741700198656,-7.7244741745059571,0,-0.0020929149494583799,0.024332305972785302
7,3,132.63157894736841,56.842105263157897,75.637500000000003,1.6887088272384574,0,39.250309245814073,-2.8439755568493048,-4.2127285805105004,1.3687530185574139,75.63600000000001,1.6886835209254512,0,39.255502022545251,0.14452814436163419,0.12963258193451968,0.014895557378440704,75.635499999999993,1.6886957738734456,0,39.252337518820568,-18.717993766271839,-17.206235206774274,-1.5117585646592369,0.010026580567319013,-0.095792905508230664
7,4,132.63157894736841,75.78947368421052,75.661500000000004,1.6892588375759738,0,39.276249841300661,3.1499597448770476,4.3874370258308977,-1.2374772874427284,75.661999999999992,1.6892380784002667,0,39.269833882578411,13.317687805467534,13.143854001576697,0.17383379750890993,75.664000000000001,1.6892380822608852,0,39.266815212603262,13.423048458300245,12.893313410080699,0.52973504182426001,0.010169277769359615,-0.035011642608634139
7,5,132.63157894736841,94.736842105263165,75.634,1.6869826815623332,0,39.213833323421007,-51.720519829145793,-52.592658226754111,0.87213839121924586,75.629000000000005,1.6869691720437214,0,39.221285422854677,2.6169923478944273,-0.0085080779193477535,2.6255004193859017,75.629000000000005,1.6869590484773778,0,39.217543813642422,9.8654818310739643,13.179273372875686,-3.3137915482926088,0.0099875909867727982,0.018976531867961798
7,6,132.63157894736841,113.68421052631579,75.543499999999995,1.6822762683956736,0,39.101976311742327,43.495272108904167,43.734951587861943,-0.23967948540696865,75.545500000000004,1.6822882361896823,0,39.101074502882604,22.490570152172278,21.911856618489278,0.57871352723816027,75.543000000000006,1.6822911449574189,0,39.103733517134316,6.0229413162435961,4.2907859135400086,1.7321553962416461,0.0095828842341196402,0.059045629962245091
7,7,132.63157894736841,132.63157894736841,75.421999999999997,1.6753039413498316,0,38.921143749557991,-39.972004218393998,-39.202417421003275,-0.76958680393257128,75.417500000000004,1.6752932701554182,0,38.922604614825993,-16.381581926969034,-17.380677132730089,0.99909519934823321,75.421499999999995,1.6753019347546207,0,38.923524111718613,-25.601999252011112,-26.232561562309026,0.63056230372294342,0.0089811311095168919,0.081560163822997633
7,8,132.63157894736841,151.57894736842104,75.235500000000002,1.6659094407543702,0,38.684725772544063,-47.753533833693865,-47.122598726864823,-0.630935113506363,75.239000000000004,1.6659055311265907,0,38.689083230374308,-24.021747648894209,-25.624140456360312,1.6023928008785886,75.239000000000004,1.6659096586261992,0,38.689241682068982,-34.29015751262439,-33.984900074795846,-0.30525744438806618,0.008326594844785944,0.094118926177465534
7,9,132.63157894736841,170.52631578947367,22.600000000000001,0.63956748589972656,0,19.368877298686826,-38.738490438093798,-38.738490440161968,0,22.600000000000001,0.63956748589972656,0,19.368877298686826,-38.738490438093798,-38.738490440161968,0,22.600000000000001,0.63956748589972656,0,19.368877298686826,-38.738490438093798,-38.738490440161968,0,-0.00090434076704192727,0.027856405464874549
7,10,132.63157894736841,189.47368421052633,26.708500000000001,-0.078805810663896927,0,13.877308044278791,31.017324920841574,31.105634896626214,-0.088309977588870561,26.708500000000001,-0.078806062942709837,0,13.877317751398166,31.107739082545152,31.106428711390564,0.0013103693658234412,26.708500000000001,-0.078805513616361206,0,13.877313111989954,31.064624887318971,31.105713136865173,-0.041088251343605491,-0.0012460998142534319,-0.059378860728806659
7,11,132.63157894736841,208.42105263157896,20.100000000000001,-0.071145486927508592,0,12.770610714869848,-36.269858165789472,-36.269858164981869,0,20.100000000000001,-0.071145486927508592,0,12.770610714869848,-36.269858165789472,-36.269858164981869,0,20.100000000000001,-0.071145486927508592,0,12.770610714869848,-36.269858165789472,-36.269858164981869,0,-0.0012432253301786164,-0.021135750729127073
7,12,132.63157894736841,227.36842105263159,0,-0.091861534577382997,0.75323454997470396,11.332128406630364,3.2220637895307058e-07,3.2241001995512521e-07,0,0,-0.091861534577382997,0.75323454997470396,11.332128406630364,3.2220637895307058e-07,3.2241001995512521e-07,0,0,-0.091861534577382997,0.75323454997470396,11.332128406630364,3.2220637895307058e-07,3.2241001995512521e-07,0,-0.0010238021499558135,0.023285482988182046
7,13,132.63157894736841,246.31578947368422,0,-0.27297370156620554,2.8821995391485187,9.462113815576469,-9.9060697089116875e-06,-9.9059829664807496e-06,0,0,-0.27297370156620554,2.8821995391485187,9.462113815576469,-9.9060697089116875e-06,-9.9059829664807496e-06,0,0,-0.27297370156620554,2.8821995391485187,9.462113815576469,-9.9060697089116875e-06,-9.9059829664807496e-06,0,-0.00070157194946264523,0.024215831722563339
7,14,132.63157894736841,265.26315789473682,0,-0.091861534499592279,0.75323673802736879,11.332127029894487,-5.3873798179819579e-05,-5.3873845033268326e-05,0,0,-0.091861534499592279,0.75323673802736879,11.332127029894487,-5.3873798179819579e-05,-5.3873845033268326e-05,0,0,-0.091861534499592279,0.75323673802736879,11.332127029894487,-5.3873798179819579e-05,-5.3873845033268326e-05,0,-0.00045343214932452532,0.051225498963677965
7,15,132.63157894736841,284.21052631578948,16.25,0.20007129598378159,0,15.206654086760198,30.278814724528484,30.278814724534953,0,16.25,0.20007129598378159,0,15.206654086760198,30.278814724528484,30.278814724534953,0,16.25,0.20007129598378159,0,15.206654086760198,30.278814724528484,30.278814724534953,0,-0.00054052460081694233,0.095233724261023084
7,16,132.63157894736841,303.15789473684208,21.699999999999999,0.48645124927395322,0,17.447364485690482,-39.176751774819977,-39.176751776717786,0,21.699999999999999,0.48645124927395322,0,17.447364485690482,-39.176751774819977,-39.176751776717786,0,21.699999999999999,0.48645124927395322,0,17.447364485690482,-39.176751774819977,-39.176751776717786,0,-0.00087791945578752568,0.12090550094089869
7,17,132.63157894736841,322.10526315789474,24.399999999999999,0.73590809314695793,0,19.200528084629624,39.634800502309282,39.634800495988429,3.9358594535067664e-09,24.399999999999999,0.73590809314695838,0,19.200528084610617,39.634800498259239,39.634800495895774,0,24.399999999999999,0.73590809314695838,0,19.200528084610617,39.634800498259239,39.634800495895774,0,-0.0012606670600639799,0.12678321092697387
7,18,132.63157894736841,341.05263157894734,25.350000000000001,0.91367557210135542,0,20.539959677531741,-35.364409360319748,-35.36455731581583,0.00014795326392284019,25.350000000000001,0.9136755721098494,0,20.539958770270559,-35.36455716674768,-35.364557169499129,0,25.350000000000001,0.9136755721098494,0,20.539958770270559,-35.36455716674768,-35.364557169499129,0,-0.001634631777335802,0.11396045589074739
8,0,151.57894736842104,0,31.949999999999999,0.78481714830344473,0,22.289889302608774,13.122501486262189,12.985962875102162,0.13653860709464491,31.949999999999999,0.7848302739484011,0,22.289985503703026,11.197291384473436,11.539304652741968,-0.34201327232336803,31.949999999999999,0.78482669607417943,0,22.29021316236916,11.831556511998642,11.754918043463473,0.076638464417084662,-0.0019602771798094367,0.098956989890575844
8,1,151.57894736842104,18.94736842105263,25.350000000000001,0.91361274076794152,0,20.540360667439401,35.571651546322919,35.573307840702327,-0.0016562947776805849,25.350000000000001,0.91361273981446234,0,20.540349843860284,35.573310276079205,35.573310275577903,0,25.350000000000001,0.91361273981446234,0,20.540349843860284,35.573310276079205,35.573310275577903,0,-0.0020137042625778595,0.025902760342684225
8,2,151.57894736842104,37.89473684210526,28.000000000000004,0.9017052447723356,0,20.846494734459952,-45.68647027518363,-45.6864708603064,5.8205556978590817e-07,28.000000000000004,0.90170524477398895,0,20.846494716337638,-45.686470837857158,-45.686470840953277,0,28.000000000000004,0.90170524477398895,0,20.846494716337638,-45.686470837857158,-45.686470840953277,0,-0.0020621839193272562,0.0068471861401104214
8,3,151.57894736842104,56.842105263157897,22.400000000000002,0.86628716542062023,0,20.084299725808364,36.094679110083128,36.094679108657083,0,22.400000000000002,0.86628716542062023,0,20.084299725808364,36.094679110083128,36.094679108657083,0,22.400000000000002,0.86628716542062023,0,20.084299725808364,36.094679110083128,36.094679108657083,0,-0.0019856397530125672,-0.010454835338896119
8,4,151.57894736842104,75.78947368421052,21.699999999999999,0.66050321236932419,0,17.511925321347803,31.550783121974199,31.550783122008525,-1.4146572688903624e-12,21.699999999999999,0.66050321236932419,0,17.511925321347803,31.550783121975858,31.550783122005761,-4.2439718066710871e-13,21.699999999999999,0.66050321236932419,0,17.511925321347803,31.550783121974199,31.550783122008525,-1.4146572688903624e-12,-0.0017361240672373872,-0.0034993845872866546
8,5,151.57894736842104,94.736842105263165,26.130500000000001,0.53441208661641304,0,19.461916122751528,34.669849452033603,34.639432324891949,0.030417126363518232,26.130500000000001,0.53441287711002117,0,19.461917777709857,34.678572610140989,34.639244805916363,0.03932780342721192,26.130500000000001,0.53441221029051289,0,19.461917747575558,34.671365467313997,34.639444407048657,0.031921059409405018,-0.001804410005793013,-0.061753124380157502
8,6,151.57894736842104,113.68421052631579,75.339999999999989,1.6714711070215553,0,38.832900562388744,-5.7748859433387727,-3.9385483833028103,-1.8363375666371278,75.335499999999996,1.6714648896982511,0,38.831112724724576,8.5460883344381156,8.6079784346318942,-0.061890106751703686,75.339500000000001,1.6714684487702298,0,38.832452186286048,6.5012558339681004,4.4417231730257694,2.0595326544208983,0.0089028238029524726,0.068448887228250058
8,7,151.57894736842104,132.63157894736841,75.237499999999997,1.6659124934223648,0,38.690403091718125,-43.413223367316988,-42.71409655490956,-0.69912681896574602,75.236999999999995,1.6659329027022476,0,38.683762593620351,-63.366703218419723,-64.103834997317563,0.737131772313113,75.239999999999995,1.6659379762550381,0,38.685499460077097,-56.256719435594128,-55.473594105429804,-0.78312533673678686,0.0083229950763148708,0.094051286527461975
8,8,151.57894736842104,151.57894736842104,75.087000000000003,1.6579926777365874,0,38.495913196305821,-11.440913664822524,-8.2255231313834187,-3.2153905400312732,75.086500000000001,1.6579834633000834,0,38.493106375164572,5.8605148084593832,4.2401048801990751,1.6204099216741217,75.087000000000003,1.6579730258710159,0,38.498737899664469,14.267526819414066,16.967548096313649,-2.7000212834939279,0.0076637909450620913,0.11014627618904517
8,9,151.57894736842104,170.52631578947367,37.014000000000003,0.56403867699944676,0,23.592916584194441,-66.597885166697978,3.0972636142741972,-69.695148784522559,37.846499999999999,0.60850970456298192,0,23.544694883889825,-991.64125969424003,-2.8386381649225356,-988.80262153283718,37.261000000000003,0.58143046820648903,0,23.601000785984045,-850.53417593796587,13.742147713113678,-864.27632365470151,0.0011526720049835518,-0.14461721943823358
8,10,151.57894736842104,189.47368421052633,24.824999999999999,0.45021190551080043,0,18.62405801770138,-38.065810206979087,-38.065810209510808,0,24.824999999999999,0.45021190551080043,0,18.62405801770138,-38.065810206979087,-38.065810209510808,0,24.824999999999999,0.45021190551080043,0,18.62405801770138,-38.065810206979087,-38.065810209510808,0,-0.0010030763079295968,0.023499442369441043
8,11,151.57894736842104,208.42105263157896,24.899999999999999,0.13638159597653565,0,15.009010321674307,-45.071775531172811,-45.071771148929791,-4.3841685859899284e-06,24.899999999999999,0.13638159595027183,0,15.009010303286665,-45.07177115609327,-45.071771158072778,0,24.899999999999999,0.13638159595027183,0,15.009010303286665,-45.07177115609327,-45.071771158072778,0,-0.001007699185593225,-0.069413658315622101
8,12,151.57894736842104,227.36842105263159,16.25,0.20011119754155141,0,15.206325412988429,30.260213621729672,30.260213622234314,0,16.25,0.20011119754155141,0,15.206325412988429,30.260213621729672,30.260213622234314,0,16.25,0.20011119754155141,0,15.206325412988429,30.260213621729672,30.260213622234314,0,-0.0011346214762573508,-0.0084854317170905101
8,13,151.57894736842104,246.31578947368422,0.44999999999999996,0.10018002308145439,0,12.995372943563456,0.011164496432708166,0.011164496349064922,0,0.44999999999999996,0.10018002308145439,0,12.995372943563456,0.011164496432708166,0.011164496349064922,0,0.44999999999999996,0.10018002308145439,0,12.995372943563456,0.011164496432708166,0.011164496349064922,0,-0.00086271459491220229,0.030338004279714573
8,14,151.57894736842104,265.26315789473682,10.949999999999999,-0.28802227477422293,0,12.414238776697053,-17.622415636710972,-17.622415635636113,0,10.949999999999999,-0.28802227477422293,0,12.414238776697053,-17.622415636710972,-17.622415635636113,0,10.949999999999999,-0.28802227477422293,0,12.414238776697053,-17.622415636710972,-17.622415635636113,0,-0.00064655057179518896,0.05564492470335787
8,15,151.57894736842104,284.21052631578948,20.100000000000001,-0.070833660470522447,0,12.774059469896724,36.914708201122281,36.914708199883094,0,20.100000000000001,-0.070833660470522447,0,12.774059469896724,36.914708201122281,36.914708199883094,0,20.100000000000001,-0.070833660470522447,0,12.774059469896724,36.914708201122281,36.914708199883094,0,-0.00074617580986366741,0.082919356862784704
8,16,151.57894736842104,303.15789473684208,24.899999999999999,0.13639868248513518,0,15.008898604697171,-44.796557211643503,-44.796560949614246,3.7351657048781901e-06,24.899999999999999,0.1363986824743238,0,15.008898582207557,-44.796560947993214,-44.796560950763187,0,24.899999999999999,0.1363986824743238,0,15.008898582207557,-44.796560947993214,-44.796560950763187,0,-0.00097758065570366956,0.098109043000956048
8,17,151.57894736842104,322.10526315789474,27.556000000000004,0.37948700617384168,0,17.989767432161038,-10.602777339695542,-0.47790552293778421,-10.124871820150011,27.569500000000001,0.37914566370794933,0,17.924932493757009,-23.088620227461995,-23.05185944408549,-0.036760786760304927,27.5715,0.37916677737713117,0,17.924977700153836,-30.177204207230641,-30.334036950055083,0.15683273952112209,-0.0012659184284642101,0.1148517121156961
8,18,151.57894736842104,341.05263157894734,32.274999999999999,0.672610906232049,0,21.968593088473376,-8.2993568396102546,-8.1806652610762001,-0.11869158105844088,32.274999999999999,0.67260502354234297,0,21.968549683344214,-8.4552900282169503,-8.6524354193784561,0.19714538870973825,32.274999999999999,0.67260323993036675,0,21.968585791297702,-9.5889353847420544,-9.1261620087046165,-0.46277337852457795,-0.0015933262598283263,0.14142651296656833
9,0,170.52631578947367,0,45.500500000000002,0.76458584824393894,0,23.556605274167588,-2.3569165043999005,1.9284663583325057,-4.285382865430047,45.501999999999995,0.76459160472768262,0,23.553703137229174,-2.4840321481860714,-2.3915862200834566,-0.092445930780535326,45.497500000000002,0.76460382493340229,0,23.553151554819323,14.664766016958289,15.020047348827896,-0.35528133457877015,-0.00084303483872724097,0.11735458053340463
9,1,170.52631578947367,18.94736842105263,32.2605,0.67252637610250998,0,21.965678041193193,36.689091174113962,36.838751521018331,-0.14966035081936102,32.259,0.67252828933594488,0,21.965747608333864,37.418690886646054,37.307976342388507,0.11071454033661723,32.2605,0.67252585074345439,0,21.965679775824619,36.861263034010712,36.838919299622248,0.022343730476654007,-0.0021117000473540501,0.049487880950047636
9,2,170.52631578947367,37.89473684210526,24.399999999999999,0.73588519579762801,0,19.200357712382512,-39.598994736892031,-39.598994753480035,1.5747257388653069e-08,24.399999999999999,0.73588519579766865,0,19.200357712282631,-39.598994752539717,-39.598994753513345,0,24.399999999999999,0.73588519579766865,0,19.200357712282631,-39.598994752539717,-39.598994753513345,0,-0.0018853261765174893,-0.021355147722819372
9,3,170.52631578947367,56.842105263157897,28.549999999999997,0.70581659586263068,0,19.297783568811965,-54.375861837270214,-54.3758618376201,-8.6112840439735519e-11,28.549999999999997,0.70581659586263124,0,19.297783568810214,-54.375861837146559,-54.375861837600588,8.6205677323006464e-14,28.549999999999997,0.70581659586263124,0,19.297783568810214,-54.375861837146914,-54.375861837602514,-8.6205677323006464e-14,-0.0018842188690923116,-0.028107331669062756
9,4,170.52631578947367,75.78947368421052,17.699999999999999,0.65513082635485009,0,17.520359884060696,32.312990654423821,32.312990653499213,0,17.699999999999999,0.65513082635485009,0,17.520359884060696,32.312990654423821,32.312990653499213,0,17.699999999999999,0.65513082635485009,0,17.520359884060696,32.312990654423821,32.312990653499213,0,-0.001715795200386246,-0.022485781360288296
9,5,170.52631578947367,94.736842105263165,22.400000000000002,0.34610430391073305,0,15.917353947823671,37.109864209142714,37.109864208855086,-2.4756502205581338e-12,22.400000000000002,0.34610430391073305,0,15.917353947823671,37.1098642091481,37.10986420885866,3.0415131281142791e-12,22.400000000000002,0.34610430391073321,0,15.917353947823671,37.109864209144327,37.109864208855221,-1.839054449557471e-12,-0.0015679800796804279,-0.014299977720954503
9,6,170.52631578947367,113.68421052631579,27.355,0.16173125936185784,0,16.631745072554196,-15.072885674016165,-19.128368692042393,4.0554830172086618,27.350000000000001,0.16188758633040323,0,16.631756544263947,-17.915281649805916,-18.349145996541353,0.43386434582318589,27.350000000000001,0.16189929764830574,0,16.631772879170661,-17.828500240062418,-17.234640353281552,-0.59385988764520381,-0.0014245863093153835,-0.0083649320327611743
9,7,170.52631578947367,132.63157894736841,22.600000000000001,0.63956748589972723,0,19.368877298686826,-38.738490437986819,-38.738490440233633,2.1219859033355436e-13,22.600000000000001,0.63956748589972723,0,19.368877298686826,-38.738490437986819,-38.738490440233271,0,22.600000000000001,0.63956748589972723,0,19.368877298686826,-38.738490437986819,-38.738490440233271,0,-0.00090434076704192716,0.027856405464874737
9,8,170.52631578947367,151.57894736842104,37.889499999999998,0.60013421762175811,0,23.518597753226452,-442.12946531087044,6.2795263513983786,-448.40899166569994,37.847999999999999,0.59960263115784063,0,23.499208747746358,-1396.859033921636,3.7688127392811031,-1400.6278466644158,37.612499999999997,0.59865046507667841,0,23.520344327656755,1103.3534223546044,-2.9887894297301987,1106.3422117808525,0.001109659480709904,-0.14474113817757731
9,9,170.52631578947367,170.52631578947367,37.8095,0.58216242539971075,0,23.344520137407073,1891.3594657223609,1.8451663873286217,1889.5142993311797,39.277499999999996,0.63234576658027375,0,23.243938894947831,-629.23026880284931,1.1586739570716864,-630.38894276381234,37.826500000000003,0.58527250989449575,0,23.338652841127036,701.64248694165337,0.27513626957586351,701.36735066827339,-0.00096655673525055026,-0.1305510250829546
9,10,170.52631578947367,189.47368421052633,44.868499999999997,0.71957047593843471,0,22.176543696600792,5.1901075582539331,6.7753857260411454,-1.5852781722006495,44.868499999999997,0.71957805058113689,0,22.175670188015129,5.2052920369606843,7.8939694869406116,-2.6886774543390484,44.866,0.71955467711544252,0,22.176926946993312,11.555797857913047,7.0512869712036013,4.5045108822853344,-0.0012624211607111819,0.018231112939194532
9,11,170.52631578947367,208.42105263157896,27.606999999999999,0.37681322062297778,0,17.902656030998614,-54.60901372734746,-6.1392986475806977,-48.469715083130794,27.574999999999999,0.37868232681182279,0,17.903321223456803,-24.135584506828362,-25.12509371998317,0.98950920981832469,27.574999999999999,0.37866407003232933,0,17.903820238396147,-13.404036386164458,-12.476887186986145,-0.92714920250575317,-0.00042980029967449327,-0.1136009578674758
9,12,170.52631578947367,227.36842105263159,21.699999999999999,0.48632548315661922,0,17.448169822078704,39.919686650580928,39.919686649038219,0,21.699999999999999,0.48632548315661922,0,17.448169822078704,39.919686650580928,39.919686649038219,0,21.699999999999999,0.48632548315661922,0,17.448169822078704,39.919686650580928,39.919686649038219,0,-0.00085925007520677591,-0.063583629015244364
9,13,170.52631578947367,246.31578947368422,23.549999999999997,0.42507275676522427,0,17.008519431386322,-10.475563855709707,-10.475563855525914,0,23.549999999999997,0.42507275676522427,0,17.008519431386322,-10.475563855709709,-10.475563855525916,0,23.549999999999997,0.42507275676522427,0,17.008519431386322,-10.475563855709709,-10.475563855525916,0,-0.0010031873728097976,-0.001740045820328176
9,14,170.52631578947367,265.26315789473682,15.85,0.21637353518115018,0,14.642773102143583,28.447617360156993,28.447617359558123,0,15.85,0.21637353518115018,0,14.642773102143583,28.447617360156993,28.447617359558123,0,15.85,0.21637353518115018,0,14.642773102143583,28.447617360156993,28.447617359558123,0,-0.00080998209531360152,0.031412364370739368
9,15,170.52631578947367,284.21052631578948,21.850000000000001,-0.051665722229587784,0,14.228271495077152,38.87330720381825,38.873307201713907,0,21.850000000000001,-0.051665722229587784,0,14.228271495077152,38.87330720381825,38.873307201713907,0,21.850000000000001,-0.051665722229587784,0,14.228271495077152,38.87330720381825,38.873307201713907,0,-0.00081004471362416995,0.055894945741332198
9,16,170.52631578947367,303.15789473684208,26.738,-0.078968723384926859,0,13.874574144950461,-24.704654031575863,-24.690997806235885,-0.01365622880521683,26.737499999999997,-0.078972427450457752,0,13.874572377825384,-23.491643319950747,-23.737129236552558,0.24548591312356469,26.737499999999997,-0.07897050760732531,0,13.874583862788541,-23.994948741056781,-23.7393971653885,-0.25555157923876398,-0.00095392012812753465,0.070443741663946804
9,17,170.52631578947367,322.10526315789474,24.824999999999999,0.45035511601080724,0,18.623605519869521,38.371556103619326,38.371556104354063,2.8293145377807249e-13,24.824999999999999,0.45035511601080719,0,18.623605519869521,38.371556103618254,38.371556104353701,0,24.824999999999999,0.45035511601080719,0,18.623605519869521,38.371556103618254,38.371556104353701,0,-0.00072046951048294308,0.02983663001620579
9,18,170.52631578947367,341.05263157894734,44.859000000000002,0.71955065242226268,0,22.173506652627232,-37.883074563179633,-36.306336347299208,-1.5767382181704372,44.861499999999999,0.71955187242906904,0,22.173768767334586,-38.633738487942111,-37.945603793634,-0.68813469656822357,44.859999999999999,0.71955772741172297,0,22.173795237584951,-32.309000317565086,-32.632205322183779,0.32320500234509209,-0.00041578161642327738,0.098987146410982496
10,0,189.47368421052633,0,38.8035,0.63665856148344602,0,23.324488961580467,3.9830999255853272,-3.4985457140683747,7.4816456379159098,38.499000000000002,0.60648106227913934,0,23.224501186346384,-1457.2839276647851,-4.2084527508559164,-1453.0754749158825,38.482499999999995,0.60693007018366452,0,23.345773431796587,1421.4485310625716,5.1568200323224458,1416.2917110282958,-0.0014232445687132381,0.0032472476664137107
10,1,189.47368421052633,18.94736842105263,44.840999999999994,0.71958845331395949,0,22.172803415740617,35.924578239480887,35.4699656924506,0.45461254269003126,44.838999999999999,0.71957903229288211,0,22.172806438150673,32.885217551095849,33.010483196805168,-0.12526565011798491,44.841500000000003,0.71959691082390653,0,22.172678376768886,38.061258988927726,38.49727312862553,-0.4360141440426254,-0.0009537193979451083,0.10117859506224823
10,2,189.47368421052633,37.89473684210526,27.587,0.37757377553987675,0,17.914625086745051,-6.4247261287490343,-3.6011458645861425,-2.8235802643415986,27.566000000000003,0.37884951140818363,0,17.915115985553378,30.036956731783341,30.020534995770166,0.016421735809864519,27.5625,0.37883690936976477,0,17.915154778916683,31.700311650200977,31.714337901883464,-0.014026251852983569,-0.0014816697314479976,-0.043432261036844361
10,3,189.47368421052633,56.842105263157897,21.699999999999999,0.48634791683670087,0,17.447690699862235,-39.694428865745294,-39.694428865650998,0,21.699999999999999,0.48634791683670087,0,17.447690699862235,-39.694428865745294,-39.694428865650998,0,21.699999999999999,0.48634791683670087,0,17.447690699862235,-39.694428865745294,-39.694428865650998,0,-0.0016339974932523557,-0.049172215855998277
10,4,189.47368421052633,75.78947368421052,23.5,0.42514114893241711,0,17.00825653586671,10.610021862430811,10.610021862085514,0,23.5,0.42514114893241711,0,17.00825653586671,10.610021862430811,10.610021862085514,0,23.5,0.42514114893241711,0,17.00825653586671,10.610021862430811,10.610021862085514,0,-0.0016184133659541535,-0.040408387133727471
10,5,189.47368421052633,94.736842105263165,15.85,0.21605036110472556,0,14.641323637384517,-28.24067999579993,-28.24067999630082,0,15.85,0.21605036110472556,0,14.641323637384517,-28.24067999579993,-28.24067999630082,0,15.85,0.21605036110472556,0,14.641323637384517,-28.24067999579993,-28.24067999630082,0,-0.0014444588866582455,-0.011416534430307691
10,6,189.47368421052633,113.68421052631579,21.899999999999999,-0.052087235714639343,0,14.226238837353005,-38.838659656867861,-38.83865965646379,0,21.899999999999999,-0.052087235714639343,0,14.226238837353005,-38.838659656867861,-38.83865965646379,0,21.899999999999999,-0.052087235714639343,0,14.226238837353005,-38.838659656867861,-38.83865965646379,0,-0.0013912597201151205,-0.019583418131897186
10,7,189.47368421052633,132.63157894736841,26.708500000000001,-0.078805810654931086,0,13.877308044278205,31.017321691952244,31.10563486072267,-0.088313170539220248,26.708500000000001,-0.078805773052503372,0,13.877319441180727,31.003581030450018,31.105515150857613,-0.10193412215467104,26.708500000000001,-0.07880590734364383,0,13.877319109092021,31.20657190773213,31.107170702351709,0.099401203580926079,-0.0012461131712706011,-0.059375263022699687
10,8,189.47368421052633,151.57894736842104,24.824999999999999,0.45021190551080037,0,18.624058017701383,-38.065810206943425,-38.065810209457318,0,24.824999999999999,0.45021190551080037,0,18.624058017701383,-38.065810206943425,-38.065810209457318,0,24.824999999999999,0.45021190551080037,0,18.624058017701383,-38.065810206943425,-38.065810209457318,0,-0.0010030763079295979,0.023499442369441056
10,9,189.47368421052633,170.52631578947367,44.869999999999997,0.71959226648259722,0,22.176000938440168,0.2225157889916162,2.8512400214336164,-2.6287242368856654,44.866499999999995,0.71957112078464291,0,22.177120117652258,8.1134307925258575,8.2992266196372402,-0.18579583156708154,44.866499999999995,0.71956781443735929,0,22.17673202300843,8.8121048428044944,6.939186258320535,1.8729185800522496,-0.0012614709726824962,0.0186040891356128
10,10,189.47368421052633,189.47368421052633,45.519500000000001,0.76456752048389998,0,23.553306168601509,-12.677787225438252,-12.977586783627618,0.29979955403506847,45.515499999999996,0.76455624449711201,0,23.554039662366769,-2.6217980253210964,-6.8819521233002385,4.2601540937049016,45.519999999999996,0.76459089431680183,0,23.554990398752746,-18.221009965929259,-11.810456626923154,-6.4105533432348976,-0.001185852488267618,0.013689696218730306
10,11,189.47368421052633,208.42105263157896,32.274999999999999,0.67259023918203309,0,21.967185266070214,-33.247434558816096,-33.190639479843654,-0.05679508170813076,32.274999999999999,0.67259111687888595,0,21.967173006172228,-33.879113972206795,-33.660701405454056,-0.21841256944587095,32.274999999999999,0.67259293444093338,0,21.967180235035737,-33.828728090978963,-33.657984176545718,-0.17074391716912707,-0.00091866123166748086,-0.013682048216005167
10,12,189.47368421052633,227.36842105263159,24.399999999999999,0.73599463253547226,0,19.20036656343494,39.22382084073206,39.22382083376479,4.4928100202689019e-09,24.399999999999999,0.7359946325354888,0,19.200366563413937,39.223820836291083,39.223820833802264,0,24.399999999999999,0.7359946325354888,0,19.200366563413937,39.223820836291083,39.223820833802264,0,-0.00044800305100814019,-0.086889194976062928
10,13,189.47368421052633,246.31578947368422,28.649999999999999,0.7057031805748526,0,19.299199493409571,-54.857805049827519,-54.857805049774683,-6.0048664421223652e-10,28.649999999999999,0.70570318057485026,0,19.299199493407311,-54.857805049214576,-54.857805049763222,-3.536643172225906e-13,28.649999999999999,0.70570318057485026,0,19.299199493407311,-54.857805049212288,-54.857805049763883,3.536643172225906e-13,-0.00075820892422670105,-0.049057451600162415
10,14,189.47368421052633,265.26315789473682,17.699999999999999,0.65496794861782526,0,17.518753359433319,-32.269767794834394,-32.269767796171536,0,17.699999999999999,0.65496794861782526,0,17.518753359433319,-32.269767794834394,-32.269767796171536,0,17.699999999999999,0.65496794861782526,0,17.518753359433319,-32.269767794834394,-32.269767796171536,0,-0.00077658693708337152,-0.0043193079740579468
10,15,189.47368421052633,284.21052631578948,22.400000000000002,0.34572746170319668,0,15.915464434498789,-36.984624692531781,-36.984624694912583,0,22.400000000000002,0.34572746170319668,0,15.915464434498789,-36.984624692531781,-36.984624694912583,0,22.400000000000002,0.34572746170319668,0,15.915464434498789,-36.984624692531781,-36.984624694912583,0,-0.00073663197914239061,0.026988756859685367
10,16,189.47368421052633,303.15789473684208,27.370499999999996,0.16218650712967109,0,16.64241494219949,-30.187228886912472,-28.692397153230036,-1.4948317365328618,27.375,0.16210923968225713,0,16.631025066874173,-29.83638014833129,-29.830727622377697,-0.0056525288414142026,27.375,0.16209901330753548,0,16.631003690825438,-28.909288074490593,-29.10471905577705,0.19543097841150678,-0.00085482558317031285,0.062249838496289331
10,17,189.47368421052633,322.10526315789474,22.574999999999999,0.63965606749887971,0,19.369204295539905,38.687584981677681,38.687584982378361,1.13172581511229e-12,22.574999999999999,0.63965606749887971,0,19.369204295539905,38.687584981673758,38.687584982378006,0,22.574999999999999,0.63965606749887971,0,19.369204295539905,38.687584981673758,38.687584982378006,0,-0.00101809614471107,0.11887486170695026
10,18,189.47368421052633,341.05263157894734,38.0685,0.62259288287204051,0,23.560924260032291,1.6605568846330112,10.331174122352486,-8.6706172385345006,38.036500000000004,0.61286505503761657,0,23.530507257472863,-297.28152213632035,-1.6838939285292107,-295.59762820865217,37.956000000000003,0.6299480325862411,0,23.53487872051732,203.76726583942795,4.1948265051744196,199.57243933353351,-0.00028980608124242195,0.085481740180502849
11,0,208.42105263157896,0,72.980500000000006,1.6667918556642254,0,44.786067100234995,-5513.3412115415813,-46.534199642994686,-5466.8070118879805,75.090500000000006,1.6580096115613432,0,38.492925723123555,-41.077262152249972,-41.733411127472699,0.65614898688591583,75.094999999999999,1.6580687164778554,0,38.49010258424147,-95.537986056119678,-91.977248188803429,-3.560737855847635,0.00023089644481198105,-0.49919307164314708
11,1,208.42105263157896,18.94736842105263,37.439499999999995,0.5838414388976193,0,23.607005051674367,1573.1765582085684,2.2578040287027719,1570.9187541774825,37.9345,0.63506771932191786,0,23.536519450375078,-1541.2249697893938,-14.641244686128088,-1526.5837251052624,38.1325,0.62197461491866812,0,23.531603673997932,1156.6494252118073,6.1091728013141653,1150.5402524082576,-0.0016371411505162526,-0.029236673410798109
11,2,208.42105263157896,37.89473684210526,24.824999999999999,0.45023310907778125,0,18.623904561065558,-38.313743442181938,-38.313743444102862,-8.8557545032536697e-11,24.824999999999999,0.45023310907778047,0,18.623904561065523,-38.313743442091095,-38.31374344411023,0,24.824999999999999,0.45023310907778047,0,18.623904561065523,-38.313743442091095,-38.31374344411023,0,-0.00082997610769114123,-0.0016691524636931881
11,3,208.42105263157896,56.842105263157897,24.949999999999999,0.13636467059301999,0,15.009121868580023,-45.346284039801176,-45.346283861556735,-1.7836073115676306e-07,24.949999999999999,0.13636467060302698,0,15.009121850525013,-45.346283839736195,-45.346283839797763,0,24.949999999999999,0.13636467060302698,0,15.009121850525013,-45.346283839736195,-45.346283839797763,0,-0.0012830355558099981,-0.062087583816442617
11,4,208.42105263157896,75.78947368421052,16.25,0.20008462721069331,0,15.206544610924563,30.272577304839285,30.272577305296991,0,16.25,0.20008462721069331,0,15.206544610924563,30.272577304839285,30.272577305296991,0,16.25,0.20008462721069331,0,15.206544610924563,30.272577304839285,30.272577305296991,0,-0.0013604439781526962,-0.053411155640267841
11,5,208.42105263157896,94.736842105263165,0.44999999999999996,0.10018002595689965,0,12.99536632495994,0.012057450529713833,0.012057450531598417,5.6586290755614498e-13,0.44999999999999996,0.10018002595689965,0,12.99536632495994,0.012057450528465801,0.012057450530973009,2.8293145377807249e-13,0.44999999999999996,0.10018002595689965,0,12.99536632495994,0.012057450529713833,0.012057450531598417,5.6586290755614498e-13,-0.0012771596300499035,-0.013983966096865698
11,6,208.42105263157896,113.68421052631579,10.949999999999999,-0.28799718375674715,0,12.414540751333547,-17.755141378635084,-17.755141378590416,2.4756502205581341e-13,10.949999999999999,-0.28799718375674715,0,12.414540751333547,-17.755141378635866,-17.755141378589869,-6.0122933927840396e-13,10.949999999999999,-0.28799718375674715,0,12.414540751333547,-17.755141378635084,-17.755141378590416,2.4756502205581341e-13,-0.0012193152454577727,0.013067619054753579
11,7,208.42105263157896,132.63157894736841,20.100000000000001,-0.071145486927508189,0,12.770610714869845,-36.269858165985632,-36.269858165158261,0,20.100000000000001,-0.071145486927508189,0,12.770610714869845,-36.269858165985632,-36.269858165158261,0,20.100000000000001,-0.071145486927508189,0,12.770610714869845,-36.269858165985632,-36.269858165158261,0,-0.0012432253301786164,-0.02113575072912699
11,8,208.42105263157896,151.57894736842104,24.899999999999999,0.1363815959765359,0,15.00901032167431,-45.071775531196892,-45.071771148957389,-4.3841701421129254e-06,24.899999999999999,0.13638159595027177,0,15.009010303286662,-45.071771156161311,-45.071771158118885,0,24.899999999999999,0.13638159595027177,0,15.009010303286662,-45.071771156161311,-45.071771158118885,0,-0.0010076991855932243,-0.069413658315622212
11,9,208.42105263157896,170.52631578947367,27.6065,0.37683070257774542,0,17.903444500708698,-56.350973526717311,-6.836156148644366,-49.51481738139308,27.574999999999999,0.37868530102211073,0,17.903602214938985,-24.633564286316918,-24.630470404237229,-0.0030938853648010078,27.574999999999999,0.37867525801968505,0,17.903808786050835,-18.586358280993476,-18.552630233747852,-0.0337280505639714,-0.00042979737960175323,-0.1136027426740754
11,10,208.42105263157896,189.47368421052633,32.274999999999999,0.67259023918204608,0,21.967185266070231,-33.247434558582356,-33.190639479821016,-0.056795081513544649,32.274999999999999,0.67259111688069573,0,21.967173006199026,-33.879113950485326,-33.660701402718551,-0.21841255048384028,32.274999999999999,0.67259293444122781,0,21.967180235040519,-33.828728087495705,-33.657984176142605,-0.17074391405281394,-0.00091866123167322973,-0.013682048213785283
11,11,208.42105263157896,208.42105263157896,31.938499999999998,0.78468017612346597,0,22.287743552841036,13.099247758243095,-0.59501486736878961,13.694262622574001,31.949999999999999,0.7847600915454882,0,22.287814220514527,4.7761209195241694,5.5994222920360439,-0.8233013755474563,31.949999999999999,0.78477099944756279,0,22.288067214223034,1.6626104846968053,1.4085913284007188,0.25401915321987467,-0.00072485662097369853,-0.047739514324808795
11,12,208.42105263157896,227.36842105263159,25.350000000000001,0.9135653508156798,0,20.540434119706017,35.529217729010306,35.529196918866496,2.0807328351524097e-05,25.350000000000001,0.91356535141299955,0,20.540430150536132,35.529199256257989,35.529199253058835,0,25.350000000000001,0.91356535141299955,0,20.540430150536132,35.529199256257989,35.529199253058835,0,-0.00013297432618119068,-0.084203007982318084
11,13,208.42105263157896,246.31578947368422,27.950000000000003,0.90182489674819577,0,20.846225022173062,14.682493126946046,14.682493684013691,-5.5893833705708515e-07,27.950000000000003,0.90182489674689359,0,20.846225017162023,14.682493684102232,14.682493682181503,0,27.950000000000003,0.90182489674689359,0,20.846225017162023,14.682493684102232,14.682493682181503,0,-0.00039651917472039756,-0.067572163889109471
11,14,208.42105263157896,265.26315789473682,22.400000000000002,0.86621759560717804,0,20.081676817110029,-35.669708490640929,-35.669708492740661,-5.6586290755614498e-13,22.400000000000002,0.86621759560717804,0,20.081676817110029,-35.669708490640829,-35.669708492741435,-5.6586290755614498e-13,22.400000000000002,0.86621759560717804,0,20.081676817110029,-35.669708490640929,-35.669708492740661,-5.6586290755614498e-13,-0.00058216542299707697,-0.033379531392649035
11,15,208.42105263157896,284.21052631578948,21.699999999999999,0.66020546054637008,0,17.509181309672027,-30.95567642270219,-30.955676426086711,0,21.699999999999999,0.66020546054637008,0,17.509181309672027,-30.95567642270219,-30.955676426086711,0,21.699999999999999,0.66020546054637008,0,17.509181309672027,-30.95567642270219,-30.955676426086711,0,-0.00055954804115348859,0.0056245423718948584
11,16,208.42105263157896,303.15789473684208,26.135999999999999,0.53441531370147843,0,19.462149249285201,30.696319247218916,30.653693813537444,0.04262543186352654,26.135999999999999,0.53441537624479662,0,19.462149267077443,30.596609898095817,30.653892097619984,-0.057282201307021545,26.135999999999999,0.53441477259099424,0,19.462149266123699,30.697037990464413,30.654175473917977,0.042862514725080889,-0.00068418836552730424,0.054689820317441434
11,17,208.42105263157896,322.10526315789474,36.3795,0.67299606769712472,0,24.341411993718008,-56.464020484834471,-6.5392613932597099,-49.924759092397132,37.161999999999999,0.69839353325782905,0,24.32587816016229,32.453327978519084,-5.7165668459840955,38.169894823808832,35.778999999999996,0.65055884332404712,0,24.302783747458729,588.54764381683901,-3.2668792457614919,591.81452306162134,-0.0010882449260493289,0.088053415631751855
11,18,208.42105263157896,341.05263157894734,75.228499999999997,1.6658690101655429,0,38.680284553466286,16.126114714066489,15.985835825313394,0.14027889983604638,75.236999999999995,1.6659158641189729,0,38.691362518523498,-16.993000096339451,-17.489535382494985,0.49653529729070994,75.234499999999997,1.6658846721555034,0,38.687782961780826,0.14504831399456583,3.7218927925746845,-3.576844467469146,-0.0007689727581690817,-0.48874567955320497
12,0,227.36842105263159,0,75.421000000000006,1.6753114195990846,0,38.922538766136711,-59.737668871542411,-60.763718186571261,1.0260493258778101,75.416000000000011,1.6753101727875173,0,38.931784038904794,-50.386272008249179,-51.711103482229881,1.324831484848715,75.419499999999999,1.675326574862152,0,38.924363574710149,-69.146876438292068,-69.33008921563561,0.18321278813756131,0.0010757002669113131,-0.50409969312783409
12,1,227.36842105263159,18.94736842105263,75.244,1.6659481762222552,0,38.689112148606441,-62.06498841622377,-59.150096203083038,-2.9148922031284275,75.241,1.6659060158284975,0,38.6901778138513,-36.017107540552814,-37.975395029632807,1.9582874992799055,75.244,1.6659538052920728,0,38.687429424701754,-75.13002052684277,-76.004868495437094,0.87484797859419539,0.0018523932000795759,-0.47834501943306351
12,2,227.36842105263159,37.89473684210526,22.574999999999999,0.63943006507722744,0,19.367226370089597,-38.611500168156944,-38.611500170430155,0,22.574999999999999,0.63943006507722744,0,19.367226370089597,-38.611500168156944,-38.611500170430155,0,22.574999999999999,0.63943006507722744,0,19.367226370089597,-38.611500168156944,-38.611500170430155,0,-0.001647532410769163,-0.010064152395580825
12,3,227.36842105263159,56.842105263157897,26.715,-0.078898068639395635,0,13.87545023804045,18.732834851791669,18.656000504339982,0.076834346760835545,26.715,-0.07889693225442071,0,13.875450195330393,18.650483211259573,18.656364346491742,-0.0058811359189710295,26.716000000000001,-0.078893533900764853,0,13.875450892447265,16.752377228066095,16.75191600883895,0.00046121862958257461,-0.00097082580372748856,-0.054228013712686346
12,4,227.36842105263159,75.78947368421052,20.100000000000001,-0.070849392193211638,0,12.773730726885587,36.802466811008927,36.80246681077945,0,20.100000000000001,-0.070849392193211638,0,12.773730726885587,36.802466811008927,36.80246681077945,0,20.100000000000001,-0.070849392193211638,0,12.773730726885587,36.802466811008927,36.80246681077945,0,-0.00094293090674926793,-0.059060422259816711
12,5,227.36842105263159,94.736842105263165,0,-0.091861534522313354,0.75323748254096434,11.332126627974471,5.4231990456115741e-05,5.4232111178179e-05,-3.536643172225906e-13,0,-0.091861534522313354,0.75323748254096434,11.332126627974471,5.4231990818268011e-05,5.4232111026353623e-05,-2.1219859033355436e-13,0,-0.091861534522313354,0.75323748254096434,11.332126627974471,5.4231990456115741e-05,5.4232111178179e-05,-3.536643172225906e-13,-0.0010120321641480768,-0.035135559899649511
12,6,227.36842105263159,113.68421052631579,0,-0.27297370183315145,2.8822089570202265,9.462121774859968,1.0113409643620467e-05,1.0113561120768027e-05,0,0,-0.27297370183315145,2.8822089570202265,9.462121774859968,1.0113409643620467e-05,1.0113561120768027e-05,0,0,-0.27297370183315145,2.8822089570202265,9.462121774859968,1.0113409643620467e-05,1.0113561120768027e-05,0,-0.0009380352837369875,0.00060758161507829499
12,7,227.36842105263159,132.63157894736841,0,-0.091861534577383136,0.75323454997470285,11.33212840663036,3.2226515905079085e-07,3.2232609813314303e-07,0,0,-0.091861534577383136,0.75323454997470285,11.33212840663036,3.2226515905079085e-07,3.2232609813314303e-07,0,0,-0.091861534577383136,0.75323454997470285,11.33212840663036,3.2226515905079085e-07,3.2232609813314303e-07,0,-0.0010238021499558141,0.02328548298818198
12,8,227.36842105263159,151.57894736842104,16.25,0.20011119754155124,0,15.206325412988454,30.260213621733328,30.260213622100736,2.6524823791694295e-12,16.25,0.20011119754155124,0,15.206325412988454,30.260213621736071,30.260213622101649,1.9451537447242483e-12,16.25,0.20011119754155124,0,15.206325412988454,30.260213621733328,30.260213622100736,2.6524823791694295e-12,-0.0011346214762573523,-0.0084854317170902551
12,9,227.36842105263159,170.52631578947367,21.699999999999999,0.48632548315662183,0,17.448169822078707,39.919686650721886,39.919686649005214,0,21.699999999999999,0.48632548315662183,0,17.448169822078707,39.919686650721886,39.919686649005214,0,21.699999999999999,0.48632548315662183,0,17.448169822078707,39.919686650721886,39.919686649005214,0,-0.00085925007520677591,-0.06358362901524435
12,10,227.36842105263159,189.47368421052633,24.399999999999999,0.73599463253547404,0,19.200366563434962,39.223820840561032,39.223820833835084,4.4949320061722378e-09,24.399999999999999,0.73599463253549036,0,19.200366563413954,39.223820836047167,39.223820833885519,0,24.399999999999999,0.73599463253549036,0,19.200366563413954,39.223820836047167,39.223820833885519,0,-0.00044800305100814236,-0.086889194976062831
12,11,227.36842105263159,208.42105263157896,25.350000000000001,0.91356535081567902,0,20.540434119705978,35.529217728969279,35.529196918815678,2.0807327502729735e-05,25.350000000000001,0.9135653514129991,0,20.540430150536132,35.529199256367733,35.529199253130734,-4.9513004411162682e-13,25.350000000000001,0.9135653514129991,0,20.540430150536132,35.529199256362496,35.529199253128581,4.9513004411162682e-13,-0.00013297432618119024,-0.08420300798231814
12,12,227.36842105263159,227.36842105263159,24.25,1.0119804990478751,0,21.441518206790036,-30.208182467810893,-30.208182470605632,1.1426894089461902e-10,24.25,1.0119804990478747,0,21.441518206786878,-30.20818246793193,-30.208182470605308,0,24.25,1.0119804990478747,0,21.441518206786878,-30.20818246793193,-30.208182470605308,0,-1.0229742640729348e-05,-0.071987956290260391
12,13,227.36842105263159,246.31578947368422,21.050000000000001,1.0119608242047327,0,21.789502809801306,25.746324633826159,25.746324631977021,0,21.050000000000001,1.0119608242047327,0,21.789502809801306,25.746324633826156,25.746324631977018,0,21.050000000000001,1.0119608242047327,0,21.789502809801306,25.746324633826156,25.746324631977018,0,-0.0001123835524082374,-0.061719902900624929
12,14,227.36842105263159,265.26315789473682,24.600000000000001,0.96133004294351365,0,21.30942580222019,-35.31319204355038,-35.313192046552331,0,24.600000000000001,0.96133004294351365,0,21.30942580222019,-35.31319204355038,-35.313192046552331,0,24.600000000000001,0.96133004294351365,0,21.30942580222019,-35.31319204355038,-35.313192046552331,0,-0.00029081833985572037,-0.042435035240331882
12,15,227.36842105263159,284.21052631578948,75.632500000000007,1.6886944074972847,0,39.25356138548689,2.2556549062920768,12.992778668445299,-10.737123757384268,75.631500000000003,1.6886729273498582,0,39.253043750482135,-1.5461634490323897,-0.03230241212834091,-1.5138610320747725,75.634500000000003,1.688758720409917,0,39.254199083553999,-49.448995359054528,-17.329845835741981,-32.119149518549548,-0.0028776139457332354,-0.32655017126098718
12,16,227.36842105263159,303.15789473684208,75.665000000000006,1.6892699936184796,0,39.270100443652012,-20.597983979480301,-13.421637788876211,-7.1763461823994357,75.665999999999997,1.6892444934869777,0,39.268344141692516,17.954906782095321,17.260524774732684,0.6943820156964311,75.671500000000009,1.6893001195979955,0,39.269857859117259,-68.646433832710883,-79.415547940324544,10.769114115899997,-0.0019938726654770127,-0.42947237249354731
12,17,227.36842105263159,322.10526315789474,75.626000000000005,1.6868882709885626,0,39.218686157663356,56.274755132284305,43.753943085834621,12.520812057432911,75.632000000000005,1.6869708046853868,0,39.218326092697922,-38.825811197584301,-26.139888687542062,-12.685922499144342,75.629999999999995,1.6869644334839582,0,39.217392040842533,5.0743279879650656,4.3553530559928513,0.71897494289333774,-0.00095079144859950876,-0.49643256650640122
12,18,227.36842105263159,341.05263157894734,75.545000000000002,1.682325778077703,0,39.102854459941391,-43.445495323536463,-43.459492944422557,0.013997632696160035,75.546999999999997,1.6823490777880186,0,39.098614069534641,-54.28885724977912,-52.152010619654284,-2.1368466183290322,75.546500000000009,1.6822758265186102,0,39.099749968948466,38.141488238177082,35.031605604961484,3.1098826450197139,9.8486183172164562e-05,-0.52074802866570757
13,0,246.31578947368422,0,75.699000000000012,1.6906683449682065,0,39.309836407863031,26.579865857015225,26.686224791912007,-0.10635892475156954,75.6965,1.6906542731003538,0,39.314203682407467,8.7146243001955277,9.2561282486955552,-0.54150393837982447,75.697999999999993,1.6906701465272216,0,39.313644094040399,11.565013773108138,8.8127542754544592,2.752259507761829,0.0019981686104908226,-0.50842123001792927
13,1,246.31578947368422,18.94736842105263,75.545000000000002,1.68229390403469,0,39.100484013942349,19.708703030431238,17.522091728539266,2.186611311144711,75.543999999999997,1.6822683441817481,0,39.099448449781065,20.663357039328691,21.743779630902157,-1.0804225822259808,75.543999999999997,1.6822914002957601,0,39.100336754200598,0.070496012559164392,-0.10538186048937866,0.17587788228123571,0.002734689930070539,-0.48332163864706723
13,2,246.31578947368422,37.89473684210526,75.338499999999996,1.6714980840980738,0,38.825839734929211,-49.463368913375682,-50.931168456901126,1.4677995519811255,75.338499999999996,1.671484628358026,0,38.825522283317554,-20.795503096972595,-21.163963869839428,0.36846078122057124,75.339999999999989,1.6714926658835398,0,38.826494483014336,-54.558237577703395,-55.053060600903308,0.49482303163468383,0.0032394584665913209,-0.4447090657486098
13,3,246.31578947368422,56.842105263157897,27.359000000000002,0.16204894247579116,0,16.634513945034893,2.2632957499076576,2.0079306585220871,0.25536508888062365,27.352500000000003,0.16192108517650944,0,16.63104950342931,19.195743940151985,19.483846019001572,-0.28810208136320181,27.354499999999998,0.16193971369903892,0,16.631068748550945,16.076940161835658,15.75752058774712,0.3194195715633979,-0.0008988111340225177,-0.04030885054997102
13,4,246.31578947368422,75.78947368421052,21.850000000000001,-0.051711441994902942,0,14.227918472226069,38.850160463261638,38.850160463441668,0,21.850000000000001,-0.051711441994902942,0,14.227918472226069,38.850160463261638,38.850160463441668,0,21.850000000000001,-0.051711441994902942,0,14.227918472226069,38.850160463261638,38.850160463441668,0,-0.00063622697497925547,-0.035883369694199599
13,5,246.31578947368422,94.736842105263165,10.949999999999999,-0.28770070009500431,0,12.415224649799208,17.851746880832241,17.851746881070948,0,10.949999999999999,-0.28770070009500431,0,12.415224649799208,17.851746880832241,17.851746881070948,0,10.949999999999999,-0.28770070009500431,0,12.415224649799208,17.851746880832241,17.851746881070948,0,-0.00064831898514203115,-0.031262891894187093
13,6,246.31578947368422,113.68421052631579,0,-0.27297370121568393,2.8821941524400398,9.4621236284682926,-1.1501301144293098e-07,-1.1495868860380558e-07,0,0,-0.27297370121568393,2.8821941524400398,9.4621236284682926,-1.1501301144293098e-07,-1.1495868860380558e-07,0,0,-0.27297370121568393,2.8821941524400398,9.4621236284682926,-1.1501301144293098e-07,-1.1495868860380558e-07,0,-0.00061580508324381546,0.0015379303494594083
13,7,246.31578947368422,132.63157894736841,0,-0.27297370156620471,2.8821995391485187,9.4621138155764672,-9.906088547793719e-06,-9.9059466119653364e-06,0,0,-0.27297370156620471,2.8821995391485187,9.4621138155764672,-9.906088547793719e-06,-9.9059466119653364e-06,0,0,-0.27297370156620471,2.8821995391485187,9.4621138155764672,-9.906088547793719e-06,-9.9059466119653364e-06,0,-0.00070157194946264545,0.024215831722563367
13,8,246.31578947368422,151.57894736842104,0.44999999999999996,0.10018002308145452,0,12.995372943563458,0.011164496471535067,0.011164496414809487,0,0.44999999999999996,0.10018002308145452,0,12.995372943563458,0.011164496471535067,0.011164496414809487,0,0.44999999999999996,0.10018002308145452,0,12.995372943563458,0.011164496471535067,0.011164496414809487,0,-0.00086271459491220207,0.030338004279714559
13,9,246.31578947368422,170.52631578947367,23.549999999999997,0.4250727567652241,0,17.008519431386322,-10.475563855652332,-10.475563855497537,9.9026008822325364e-13,23.549999999999997,0.4250727567652241,0,17.008519431386322,-10.475563855651011,-10.47556385549597,1.2024586785568079e-12,23.549999999999997,0.4250727567652241,0,17.008519431386322,-10.475563855652332,-10.475563855497537,9.9026008822325364e-13,-0.0010031873728097976,-0.0017400458203280129
13,10,246.31578947368422,189.47368421052633,28.649999999999999,0.70570318057485282,0,19.299199493409564,-54.857805049819298,-54.857805049766306,-5.9634877170073236e-10,28.649999999999999,0.7057031805748506,0,19.299199493407322,-54.857805049204686,-54.857805049758291,0,28.649999999999999,0.7057031805748506,0,19.299199493407322,-54.857805049204686,-54.857805049758291,0,-0.00075820892422669758,-0.049057451600162796
13,11,246.31578947368422,208.42105263157896,27.950000000000003,0.90182489674819233,0,20.846225022173023,14.682493126841528,14.682493683881185,-5.5893561384184272e-07,27.950000000000003,0.90182489674689048,0,20.846225017162052,14.682493683865889,14.682493681926058,0,27.950000000000003,0.90182489674689048,0,20.846225017162052,14.682493683865889,14.682493681926058,0,-0.0003965191747204032,-0.067572163889109235
13,12,246.31578947368422,227.36842105263159,21.050000000000001,1.0119608242047342,0,21.789502809801299,25.746324633930836,25.746324632112117,0,21.050000000000001,1.0119608242047342,0,21.789502809801299,25.746324633930836,25.746324632112117,0,21.050000000000001,1.0119608242047342,0,21.789502809801299,25.746324633930836,25.746324632112117,0,-0.00011238355240823696,-0.061719902900624908
13,13,246.31578947368422,246.31578947368422,75.588999999999999,1.6875426364671768,0,39.228652889542843,21.463719238696648,12.633370956702729,8.8303482778928135,75.587999999999994,1.6874891565636019,0,39.229108970284713,70.548109319935492,34.084989391237507,36.463119924636651,75.585000000000008,1.6875235400342348,0,39.23087104066331,36.984249472029624,42.558168365106411,-5.5739188970740683,-0.00355651060994588,-0.18353556324580889
13,14,246.31578947368422,265.26315789473682,75.763000000000005,1.6959759591476806,0,39.436892364139467,-7.409054068880228,-17.493342217416501,10.084288152793128,75.766000000000005,1.6959724023088956,0,39.440230712007917,3.5343121326831235,-4.5646213285513006,8.0989334655627925,75.765500000000003,1.6959979006307042,0,39.439389893277806,-16.511145263370572,-17.629502289581009,1.118357030505656,-0.0029539021660377187,-0.3196954567297301
13,15,246.31578947368422,284.21052631578948,75.861500000000007,1.7001754673992955,0,39.547702800072251,-40.772515947587934,-58.060045974945488,17.287530035216069,75.858000000000004,1.7001815544877197,0,39.549605340367251,-12.319026647152223,-4.2261083998630875,-8.0929182393506558,75.858999999999995,1.7001389715377313,0,39.546340393872427,-1.233184876625905,-26.90608895012523,25.67290408140434,-0.0020964175993438703,-0.42751245573424385
13,16,246.31578947368422,303.15789473684208,75.888999999999996,1.7013759766657039,0,39.583555798302207,26.832093969231288,22.479265480828865,4.352828499269215,75.887,1.7013518384375337,0,39.579492337329519,44.715119961408334,44.710983227537149,0.0041367448695218013,75.890500000000003,1.7013922951525264,0,39.582503857289908,17.096428442550213,17.937752561004295,-0.84132410758857923,-0.0010577175627264153,-0.50166046182047486
13,17,246.31578947368422,322.10526315789474,75.86699999999999,1.7001802739572602,0,39.55067387335383,4.6152052632119975,4.5170086084736276,0.098196666666722499,75.868500000000012,1.7001890355120672,0,39.555356288696032,8.6300986728802958,9.0009654242000572,-0.37086673924597263,75.870499999999993,1.7002131330084689,0,39.548730035658338,-17.77112644017171,-17.980390856487411,0.20926442826914504,4.2484583333055655e-05,-0.53605698687693037
13,18,246.31578947368422,341.05263157894734,75.805999999999997,1.6966410102680323,0,39.46262752955392,-32.749354658146252,-31.13935914160308,-1.6099955055217625,75.805000000000007,1.6966253560200175,0,39.46146830685904,-5.1671825909552975,-1.9318179256267649,-3.2353646542531678,75.80449999999999,1.6966208573291455,0,39.461229769288245,16.268746925409161,13.633997730121388,2.6347492063397349,0.0010721979684805314,-0.52418428088595737
14,0,265.26315789473682,0,75.936000000000007,1.7038795455973712,0,39.646374941723096,-3.315632530114351,-4.5168076710544991,1.2011751503138925,75.938000000000002,1.7038807267530784,0,39.646741218324507,-22.825891852350079,-22.367160218313312,-0.45873162476115742,75.936000000000007,1.70386858906311,0,39.651653977261148,-11.555858766752477,-8.9158923816454347,-2.6399663757149225,0.0029783920809243686,-0.51137898368058865
14,1,265.26315789473682,18.94736842105263,75.802999999999997,1.6966102539962884,0,39.463824352667402,21.22618332108388,22.479808486816538,-1.2536251572979025,75.805000000000007,1.6965926358593564,0,39.46076444443095,49.505634808024944,48.829798674066986,0.67583614235219436,75.804000000000002,1.6966001723524424,0,39.465009536520611,25.27507966182413,26.689002828743856,-1.4139231585473415,0.003754557882421931,-0.48625911803895927
14,2,265.26315789473682,37.89473684210526,75.627499999999998,1.6869450999079403,0,39.216219359956902,36.346549007611955,35.053882013326096,1.2926670018631898,75.624499999999998,1.6869384846422772,0,39.218337569218605,35.284074209257156,34.984011545285206,0.30006267169586848,75.62299999999999,1.6869038537954253,0,39.213487044622852,60.290728195973507,61.264909649319009,-0.97418144566554987,0.0042320367714419578,-0.44781491904336124
14,3,265.26315789473682,56.842105263157897,75.369500000000002,1.6743617508591713,0,38.892622877119756,-12.070877512774166,-12.691371844299836,0.62049433874780835,75.372,1.6743801098935753,0,38.894284842033912,-11.880604338962023,-12.722468898921457,0.84186456715038149,75.372,1.6743680936641805,0,38.895147508879887,0.47224789295617353,-0.035035208403745279,0.50728310854818426,0.0044196979815331319,-0.4018923757305628
14,4,265.26315789473682,75.78947368421052,22.400000000000002,0.34569642457464694,0,15.915133030203373,-36.954751644182736,-36.954751646577677,0,22.400000000000002,0.34569642457464694,0,15.915133030203373,-36.954751644182736,-36.954751646577677,0,22.400000000000002,0.34569642457464694,0,15.915133030203373,-36.954751644182736,-36.954751646577677,0,-0.00051012219221951245,0.0023505247200114043
14,5,265.26315789473682,94.736842105263165,15.9,0.21612776026878538,0,14.642843617378167,-28.639488519803788,-28.639488520539452,4.9513004411162682e-13,15.9,0.21612776026878541,0,14.642843617378167,-28.6394885198042,-28.639488520538851,-7.0732863444518123e-14,15.9,0.21612776026878538,0,14.642843617378167,-28.639488519803788,-28.639488520539452,4.9513004411162682e-13,-0.00038997095128924595,0.012783990436384389
14,6,265.26315789473682,113.68421052631579,0.44999999999999996,0.10017990855626779,0,12.995369822794085,-0.0063662034304897194,-0.0063662029844852811,0,0.44999999999999996,0.10017990855626779,0,12.995369822794085,-0.0063662034304897194,-0.0063662029844852811,0,0.44999999999999996,0.10017990855626779,0,12.995369822794085,-0.0063662034304897194,-0.0063662029844852811,0,-0.00036766521326931148,0.028548512456094667
14,7,265.26315789473682,132.63157894736841,0,-0.091861534499591835,0.75323673802737101,11.332127029894487,-5.3873863227937194e-05,-5.3873888508950791e-05,0,0,-0.091861534499591835,0.75323673802737101,11.332127029894487,-5.3873863227937194e-05,-5.3873888508950791e-05,0,0,-0.091861534499591835,0.75323673802737101,11.332127029894487,-5.3873863227937194e-05,-5.3873888508950791e-05,0,-0.00045343214932452511,0.051225498963677951
14,8,265.26315789473682,151.57894736842104,10.949999999999999,-0.28802227477422354,0,12.414238776697051,-17.622415636865888,-17.622415635694189,0,10.949999999999999,-0.28802227477422354,0,12.414238776697051,-17.622415636865888,-17.622415635694189,0,10.949999999999999,-0.28802227477422354,0,12.414238776697051,-17.622415636865888,-17.622415635694189,0,-0.00064655057179518853,0.055644924703357898
14,9,265.26315789473682,170.52631578947367,15.85,0.21637353518115046,0,14.642773102143583,28.447617360098839,28.447617359502853,0,15.85,0.21637353518115046,0,14.642773102143583,28.447617360098839,28.447617359502853,0,15.85,0.21637353518115046,0,14.642773102143583,28.447617360098839,28.447617359502853,0,-0.00080998209531360152,0.031412364370739368
14,10,265.26315789473682,189.47368421052633,17.699999999999999,0.65496794861782659,0,17.518753359433322,-32.269767794937465,-32.269767796264823,-2.4756502205581338e-12,17.699999999999999,0.6549679486178267,0,17.518753359433322,-32.269767794933998,-32.269767796266585,3.536643172225906e-13,17.699999999999999,0.6549679486178267,0,17.518753359433322,-32.269767794934992,-32.269767796265128,-5.6586290755614498e-13,-0.00077658693708337109,-0.0043193079740577664
14,11,265.26315789473682,208.42105263157896,22.400000000000002,0.86621759560717759,0,20.081676817110029,-35.66970849062438,-35.669708492722876,0,22.400000000000002,0.86621759560717748,0,20.081676817110029,-35.66970849062438,-35.669708492722883,0,22.400000000000002,0.86621759560717748,0,20.081676817110029,-35.66970849062438,-35.669708492722883,0,-0.00058216542299707784,-0.033379531392648959
14,12,265.26315789473682,227.36842105263159,24.600000000000001,0.96133004294351287,0,21.309425802220193,-35.313192043597873,-35.31319204653483,-7.7806149788969936e-13,24.600000000000001,0.96133004294351299,0,21.309425802220193,-35.313192043596736,-35.313192046535747,2.8293145377807249e-13,24.600000000000001,0.96133004294351287,0,21.309425802220193,-35.313192043597873,-35.31319204653483,-7.7806149788969936e-13,-0.00029081833985571907,-0.042435035240331903
14,13,265.26315789473682,246.31578947368422,75.760499999999993,1.6959442364225545,0,39.435897880974487,48.96133762962171,35.189687171147774,13.771650462722873,75.760999999999996,1.6959311346523354,0,39.436631342866356,24.521045731163195,4.3083360269554944,20.212709708492252,75.764499999999998,1.6959879738421766,0,39.437064771494065,-11.123215455092582,-13.162973444299553,2.0397579935126204,-0.0029586385238708573,-0.3190399543201039
14,14,265.26315789473682,265.26315789473682,75.922499999999999,1.703780503850054,0,39.640547863002674,32.707050545139616,8.919233931170325,23.787816621806865,75.921499999999995,1.7037933294046161,0,39.642817768681525,34.079661115929852,17.852053025412786,16.227608098382483,75.923500000000004,1.7038292861770574,0,39.643108701573126,7.5004964431181742,0.0037705243721543476,7.4967259266467758,-0.0021319603340059184,-0.42667315643477211
14,15,265.26315789473682,284.21052631578948,76.019499999999994,1.7087032789830765,0,39.765999781798484,21.458432682187951,22.744356772813461,-1.2859240797256768,76.021000000000001,1.7087007862083037,0,39.766028813347404,15.750972686709938,18.150197526653823,-2.3992248289788241,76.021000000000001,1.7087219533258453,0,39.769679647956536,-5.9840386429880779,0.050644898597963776,-6.0346835307449593,-0.0010851228033902029,-0.50580203117524913
14,16,265.26315789473682,303.15789473684208,76.066500000000005,1.7111087832585827,0,39.831001756081569,19.332277677590561,18.203588080881005,1.1286896087172555,76.069500000000005,1.7111548023476397,0,39.828659790604846,-60.113477770074937,-59.635598209286513,-0.47787954875563837,76.06049999999999,1.7110983182884971,0,39.827831263230593,3.758911540829418,4.7135235078010478,-0.95461195488913286,1.344308408639033e-05,-0.54535535932966206
14,17,265.26315789473682,322.10526315789474,76.063999999999993,1.7110961581545026,0,39.826288939676026,14.985438198352252,13.664039640080796,1.3213985692585684,76.063000000000002,1.7110936031262614,0,39.826857088313922,15.572194429848096,13.743620072424035,1.8285743685280622,76.064499999999995,1.7111135069420276,0,39.834429605849586,0.21390564601745968,-0.017207016862749887,0.23111267395487445,0.0011070156724234679,-0.53747649574211342
14,18,265.26315789473682,341.05263157894734,76.023499999999999,1.7087183247329807,0,39.76398030303487,-15.563902913033779,-13.72465388853607,-1.8392490142514226,76.021000000000001,1.7086738716629153,0,39.764423587125208,11.788127557687989,13.605964244782296,-1.8178366769579841,76.019999999999996,1.7086545256906225,0,39.763535861038854,26.797449184802183,27.222697647039183,-0.42524845198524103,0.002096962162288895,-0.5265057696276324
15,0,284.21052631578948,0,76.130499999999998,1.7147817697118561,0,39.92121148122547,-11.45906929304634,-9.1934245665371943,-2.2656447182061554,76.128500000000003,1.7147873004257481,0,39.922766278776514,-3.0561650949735775,-4.7052771773988722,1.6491120906841568,76.130499999999998,1.7147971538624589,0,39.921633979199122,-24.904258676394392,-23.012048983387938,-1.8922096846271732,0.0040742561246179289,-0.51199121544376236
15,1,284.21052631578948,18.94736842105263,76.021500000000003,1.7087165549440178,0,39.772906269452811,1.0416692566892711,4.5974944563759506,-3.5558251919860133,76.021000000000001,1.708705977143486,0,39.769421602444233,-9.654415312684911,-9.0306649632183049,-0.62375034183246947,76.022000000000006,1.7086873879185287,0,39.774799513612166,4.0167241081280229,4.5804603469644389,-0.563736231255345,0.0047993148689573018,-0.48717127960117268
15,2,284.21052631578948,37.89473684210526,75.870499999999993,1.7001872045072324,0,39.552984138765794,7.7723400255272157,8.9348042435011976,-1.1624642108293797,75.863,1.700169419876788,0,39.551581359640245,49.824623611389704,49.472568899707383,0.35205471888565526,75.868500000000012,1.7001925643173901,0,39.548210863453541,7.1743876765650185,9.0322165450583221,-1.8578288613601115,0.005298088447842463,-0.44829107373378069
15,3,284.21052631578948,56.842105263157897,75.661999999999992,1.6892529186483196,0,39.275856686269371,-10.915672286223865,-8.6819188608720328,-2.2337534187928942,75.661999999999992,1.6892531241351751,0,39.276096722121565,5.5814218114781111,4.4389803821255711,1.1424414359465977,75.661999999999992,1.689237990374024,0,39.280204054451637,20.684045288984709,21.993643715817306,-1.3095984202060944,0.0054916481276371101,-0.40161446413479346
15,4,284.21052631578948,75.78947368421052,75.328499999999991,1.6733047895027233,0,38.866893936323955,21.641294577521919,20.916060133444265,0.72523445038999301,75.331999999999994,1.6733249204697966,0,38.867630667770236,-29.416288437839526,-29.223417966907828,-0.19287046464169927,75.327999999999989,1.6732970877590052,0,38.869483778779632,21.423401517708172,20.925332744257119,0.49806877975110336,0.005313181625486307,-0.35673189720817033
15,5,284.21052631578948,94.736842105263165,17.699999999999999,0.65513014264917513,0,17.5206482618166,32.334154387398968,32.334154383223769,0,17.699999999999999,0.65513014264917513,0,17.5206482618166,32.334154387398968,32.334154383223769,0,17.699999999999999,0.65513014264917513,0,17.5206482618166,32.334154387398968,32.334154383223769,0,-0.00044793035653741453,0.069622989389091089
15,6,284.21052631578948,113.68421052631579,23.5,0.42513505189254824,0,17.008507049696391,10.551393847685354,10.551393844634202,5.6586290755614498e-13,23.5,0.42513505189254819,0,17.008507049696391,10.551393847682721,10.551393844636307,-1.13172581511229e-12,23.5,0.42513505189254824,0,17.008507049696391,10.551393847685354,10.551393844634202,5.6586290755614498e-13,-0.00042869012772753549,0.092167193061794411
15,7,284.21052631578948,132.63157894736841,16.25,0.20007129598378098,0,15.206654086760192,30.278814724602221,30.278814724523158,2.8293145377807249e-13,16.25,0.20007129598378098,0,15.206654086760192,30.278814724603599,30.278814724524498,0,16.25,0.20007129598378098,0,15.206654086760192,30.278814724602221,30.278814724523158,2.8293145377807249e-13,-0.00054052460081694276,0.095233724261023056
15,8,284.21052631578948,151.57894736842104,20.100000000000001,-0.070833660470522961,0,12.774059469896725,36.914708201011152,36.914708199853415,0,20.100000000000001,-0.070833660470522961,0,12.774059469896725,36.914708201011152,36.914708199853415,0,20.100000000000001,-0.070833660470522961,0,12.774059469896725,36.914708201011152,36.914708199853415,0,-0.00074617580986366763,0.082919356862784704
15,9,284.21052631578948,170.52631578947367,21.850000000000001,-0.051665722229587735,0,14.228271495077152,38.873307203851589,38.873307201699113,0,21.850000000000001,-0.051665722229587735,0,14.228271495077152,38.873307203851589,38.873307201699113,0,21.850000000000001,-0.051665722229587735,0,14.228271495077152,38.873307203851589,38.873307201699113,0,-0.00081004471362416995,0.055894945741332185
15,10,284.21052631578948,189.47368421052633,22.400000000000002,0.34572746170319801,0,15.915464434498823,-36.984624692543704,-36.984624695052631,-8.4879436133421742e-13,22.400000000000002,0.34572746170319807,0,15.915464434498823,-36.984624692540848,-36.984624695052929,-7.073286344451812e-13,22.400000000000002,0.34572746170319801,0,15.915464434498823,-36.984624692543704,-36.984624695052631,-8.4879436133421742e-13,-0.00073663197914239126,0.026988756859685978
15,11,284.21052631578948,208.42105263157896,21.699999999999999,0.66020546054637264,0,17.509181309672059,-30.955676422980524,-30.955676426377167,0,21.699999999999999,0.66020546054637252,0,17.509181309672059,-30.955676422980531,-30.955676426377167,0,21.699999999999999,0.66020546054637252,0,17.509181309672059,-30.955676422980531,-30.955676426377167,0,-0.00055954804115348989,0.0056245423718950527
15,12,284.21052631578948,227.36842105263159,75.631500000000003,1.688672008510488,0,39.250944405541645,10.810821179772722,2.1437313907252955,8.6670897937722344,75.631500000000003,1.6886762146347865,0,39.255387346512613,26.107693866362634,17.296242972853189,8.8114508982678164,75.629500000000007,1.6886396720280694,0,39.254339246813956,46.292788246136595,43.23877491504669,3.0540133358557076,-0.0028855710475387182,-0.32503436222100346
15,13,284.21052631578948,246.31578947368422,75.862499999999997,1.7001693235618731,0,39.547594705539176,-38.207021331334388,-58.416925287164133,20.209903963639292,75.857500000000002,1.7001377439966752,0,39.546003940843597,16.433586238032301,8.9380475594661348,7.4955386864651992,75.866500000000002,1.7002181815287403,0,39.546359766527488,-63.23296213242655,-58.637346245735777,-4.5956158787134491,-0.002097233234428759,-0.42739192280494392
15,14,284.21052631578948,265.26315789473682,76.016999999999996,1.7087240524848408,0,39.772236572706213,26.292743980410549,41.045372627704268,-14.752628636485229,76.017499999999998,1.708731688276268,0,39.774252537255123,3.7992819745961195,18.347323691323961,-14.548041705739497,76.018000000000001,1.7087002392448269,0,39.768256834048444,11.889602396968373,18.192690671990036,-6.3030882641329535,-0.0010675404077334371,-0.50699692307863053
15,15,284.21052631578948,284.21052631578948,76.122500000000002,1.7147205560065797,0,39.925867193830832,63.903267746249313,64.021687865569618,-0.1184201072732065,76.128500000000003,1.7147643517389324,0,39.929699687316742,24.352554100345863,18.317038411349689,6.0355157011925868,76.124000000000009,1.7147351241257691,0,39.923537071211214,53.084585094222888,53.730114419877879,-0.64552931350704812,-1.858167786041769e-05,-0.5478693442094601
15,16,284.21052631578948,303.15789473684208,76.193999999999988,1.7184562562173489,0,40.017326434679148,-44.286965659277797,-46.148106359136769,1.8611407109886078,76.1965,1.7184258946263291,0,40.019516394573522,-8.9951322036866728,-9.056696289532459,0.061564096969050082,76.192999999999998,1.7184474758939381,0,40.024872666519222,-40.636303817402485,-41.609282449381091,0.97297864312625071,0.0011958726103006769,-0.54445459165655397
15,17,284.21052631578948,322.10526315789474,76.210999999999999,1.7195856517792965,0,40.061079604368508,42.900996941414149,32.393258749054219,10.507738202749364,76.216499999999996,1.719648725859217,0,40.063088813433993,5.1408461713419626,4.6517313808386156,0.4891148007447913,76.216499999999996,1.7196447946030775,0,40.051875275065512,-20.936099872259835,-18.561846291380157,-2.3742535706704331,0.0021275307821094565,-0.53773596605049623
15,18,284.21052631578948,341.05263157894734,76.192499999999995,1.7184191561201574,0,40.02708806623302,2.4225545009757825,6.9937934961682977,-4.5712389858261355,76.197999999999993,1.718439062789457,0,40.023705392401503,-5.9433592196427627,-4.6098506735420051,-1.3335085370056965,76.1965,1.7184596693428853,0,40.023904250740337,-30.248240962543594,-27.586468058208059,-2.6617728950693489,0.003136684712649644,-0.52696763926548029
16,0,303.15789473684208,0,70.090500000000006,2.0042001143280781,0,51.600415941571697,3620.8379048065235,-24.141381897362361,3644.9792867181345,76.146000000000001,1.7172583872461673,0,40.633560012949715,10.350888967919714,13.928011964200744,-3.5771229882224409,76.145499999999998,1.717249182122722,0,40.631645938457325,-23.572461615985201,-27.174598915427421,3.6021373074594227,0.0015017611691889299,-0.52497773198251529
16,1,303.15789473684208,18.94736842105263,76.1935,1.718379944174204,0,40.030989063094729,54.51998074452581,46.054407176990949,8.4655735745991603,76.194500000000005,1.7184223426326015,0,40.018006588798912,5.8225641473085812,9.2561508821024709,-3.4335867278379268,76.191000000000003,1.7183875581366961,0,40.019494948090141,46.331566573291646,45.874508120855516,0.4570584593809856,0.0058262284917349662,-0.48507184304165879
16,2,303.15789473684208,37.89473684210526,76.064999999999998,1.7110836000770406,0,39.825862064493265,35.352989704387078,36.37047218537753,-1.017482474497863,76.063999999999993,1.7110973887506538,0,39.825286350513373,15.778881836665207,18.306262615754093,-2.5273807726506274,76.0595,1.7110723410372559,0,39.826744736458778,34.568954179946118,31.969040187715851,2.5999139986600306,0.0063514653567739053,-0.44593413135969573
16,3,303.15789473684208,56.842105263157897,75.890000000000001,1.7013862012411551,0,39.585805579443971,9.9830390082336997,8.9953867612812832,0.98765225293620129,75.889499999999998,1.7013824199890564,0,39.581523043676079,11.183920083200933,13.53528726203446,-2.3513671729087893,75.888999999999996,1.70138572677037,0,39.586738414261426,-4.1707738842144177,-4.451899630049204,0.28112575179529953,0.0065738758601929879,-0.39850439342992217
16,4,303.15789473684208,75.78947368421052,75.629500000000007,1.6886708327410307,0,39.251698024773127,24.471794084642237,21.596799436471059,2.8749946536915854,75.634999999999991,1.6886972668200804,0,39.254624532251512,-21.721117701936464,-21.614838951052334,-0.10627874533653105,75.632000000000005,1.68865990752133,0,39.255561648148735,22.544400374037505,21.612760773987176,0.93163960563182302,0.0064510106423803859,-0.35145881716586375
16,5,303.15789473684208,94.736842105263165,22.350000000000001,0.86630488168309183,0,20.083308681293577,35.850374426144484,35.850374425668015,0,22.350000000000001,0.86630488168309183,0,20.083308681293577,35.850374426144484,35.850374425668015,0,22.350000000000001,0.86630488168309183,0,20.083308681293577,35.850374426144484,35.850374425668015,0,-0.00074814308641373635,0.11381020489731934
16,6,303.15789473684208,113.68421052631579,28.549999999999997,0.70584565360179652,0,19.299536965765672,54.790967846787254,54.79096784283994,1.6308168995768096e-09,28.549999999999997,0.70584565360179452,0,19.299536965756147,54.790967845182102,54.79096784279875,0,28.549999999999997,0.70584565360179452,0,19.299536965756147,54.790967845182102,54.79096784279875,0,-0.00076401114548323319,0.12810250253534913
16,7,303.15789473684208,132.63157894736841,21.699999999999999,0.48645124927395378,0,17.447364485690482,-39.1767517748196,-39.17675177672988,0,21.699999999999999,0.48645124927395378,0,17.447364485690482,-39.1767517748196,-39.17675177672988,0,21.699999999999999,0.48645124927395378,0,17.447364485690482,-39.1767517748196,-39.17675177672988,0,-0.00087791945578752579,0.12090550094089875
16,8,303.15789473684208,151.57894736842104,24.899999999999999,0.13639868248513481,0,15.00889860469713,-44.79655721167665,-44.796560949584268,3.7351617438378368e-06,24.899999999999999,0.13639868247432321,0,15.008898582207561,-44.796560948056957,-44.796560950717826,-5.6586290755614498e-13,24.899999999999999,0.13639868247432316,0,15.008898582207561,-44.796560948055735,-44.796560950718359,-5.6586290755614498e-13,-0.00097758065570366934,0.098109043000955978
16,9,303.15789473684208,170.52631578947367,26.738,-0.078968723388434928,0,13.874574144947418,-24.704659269717101,-24.690997817314621,-0.013661455933551713,26.737499999999997,-0.078971448660334023,0,13.874578589415872,-23.715074587228273,-23.738057474473905,0.022982883705241638,26.737499999999997,-0.078971460886763142,0,13.874576791397018,-23.73303717327606,-23.738080132837823,0.0050429559916344326,-0.00095392704070151923,0.070447391391113029
16,10,303.15789473684208,189.47368421052633,27.370499999999996,0.16218421156712731,0,16.642414942285043,-29.786935770962913,-28.329334863060922,-1.4576009107789873,27.375,0.16210171450521063,0,16.630992865307345,-28.671667510229597,-28.739311449823393,0.067643936694502166,27.375,0.16210092139292323,0,16.631026096781572,-28.721948378334833,-28.739898329568504,0.017949948354906608,-0.00085505773278290813,0.062241464186742729
16,11,303.15789473684208,208.42105263157896,26.135999999999999,0.53441531370148465,0,19.462149249285165,30.69631924716338,30.653693813564544,0.042625431828160108,26.135999999999999,0.53441537624479463,0,19.462149267077493,30.596609898094304,30.653892097658499,-0.057282201317490011,26.135999999999999,0.53441477259098757,0,19.462149266123646,30.69703799043312,30.654175473908349,0.042862514751393507,-0.00068418836552730728,0.054689820317440116
16,12,303.15789473684208,227.36842105263159,75.661000000000001,1.6892721822144985,0,39.270218723540964,-30.893951451881044,-26.210358951180321,-4.6835924924128189,75.667000000000002,1.6892709553883367,0,39.270949803996714,-24.561096059801283,-26.617879961938513,2.0567839103525012,75.665999999999997,1.6892591184087591,0,39.270662453552802,-23.067217500694813,-26.624685747788067,3.5574682552798844,-0.0020017085956752934,-0.42883580456557729
16,13,303.15789473684208,246.31578947368422,75.891500000000008,1.7013721855908577,0,39.584584977017322,-7.3288058115405175,-22.163010064307052,14.834204263631589,75.894499999999994,1.7014091220124081,0,39.578981793345726,1.1320850857985403,9.3892767398889418,-8.257191643179425,75.890999999999991,1.7013931568153631,0,39.581020607902879,15.618252780270417,15.888912922598459,-0.2706601314711482,-0.0010530995571220948,-0.50225107120165668
16,14,303.15789473684208,265.26315789473682,76.064499999999995,1.7111230335201715,0,39.825539301794841,-29.98227957308859,-27.278878848422966,-2.7034007125360753,76.064999999999998,1.7110876357420084,0,39.827752067145113,25.021448590468818,27.384304032647663,-2.3628554300807223,76.067499999999995,1.7111215587391087,0,39.825908566971243,-18.691237408383781,-22.977511047641478,4.2862736513298989,-1.39239876208435e-07,-0.5450991450404965
16,15,303.15789473684208,284.21052631578948,76.194500000000005,1.7184336815534209,0,40.026467415880887,-24.803296058773565,-27.581166913974037,2.7778708663314964,76.195999999999998,1.7184662442346186,0,40.021203480457608,-38.047230697479343,-36.686066414709025,-1.3611642716624024,76.195999999999998,1.7184668146613931,0,40.017397702525507,-32.557595030859865,-32.221200853591412,-0.33639416610470452,0.0011137637357864156,-0.54471713523387633
16,16,303.15789473684208,303.15789473684208,76.143000000000001,1.7172549086733029,0,40.629656077837033,-0.29736642465370405,-0.50965789957295626,0.21229148369277276,76.144000000000005,1.7172775267297211,0,40.626439435685654,17.099292317227103,18.631704860117893,-1.5324125340282087,76.146999999999991,1.7172908730106777,0,40.628235525125632,0.19426075100139154,0.00051844385707601492,0.19374231589016133,0.0057063339822933032,-0.53129792868245951
16,17,303.15789473684208,322.10526315789474,76.0655,1.7144825152746968,0,40.798888307868239,12.260437119963237,13.715480403006524,-1.455043275559732,76.066999999999993,1.7144914985766742,0,40.796583026512486,5.4910547106013441,4.5919802776342431,0.89907444059844444,76.064999999999998,1.7144505790610778,0,40.792576088528378,13.74738228511722,13.422481551001113,0.32490074164528787,0.0079817309593717412,-0.5219515144938065
16,18,303.15789473684208,341.05263157894734,76.066999999999993,1.714432028625414,0,40.798461208594624,-2.3603989526683571,9.440004779368504,-11.800403723971144,76.0715,1.71449841445964,0,40.793403328944486,-63.050510640374426,-41.443387646780032,-21.607122985398391,76.066999999999993,1.714439118225624,0,40.799678386284,2.5204807419755384,-9.0377985436008519,11.558279293776149,-0.00076590235359696958,-0.51934763990824273
17,0,322.10526315789474,0,75.952500000000001,1.7104519472340394,0,40.963278117773257,-14.49106722788912,-13.452205262637017,-1.0388619591223647,75.9465,1.7103922134162841,0,40.961293008861368,37.109504677099167,36.082544460566183,1.0269602226928027,75.948999999999998,1.7104351805790856,0,40.961155713629061,6.6402329416211749,8.5821899250128215,-1.9419569771991865,-0.00036648376926863812,-0.52415638320578628
17,1,322.10526315789474,18.94736842105263,76.070999999999998,1.7144784615985746,0,40.797338623954317,-2.4742915823676346,-5.1070930435346096,2.6328014668895472,76.067999999999998,1.7144254312489089,0,40.794970784049646,23.394890744964222,22.743474132857042,0.65141661775405746,76.069500000000005,1.7144635539578641,0,40.792598891430401,-7.5879390406410883,-8.3676441889006199,0.77970515404832386,0.0019856966162191433,-0.50078728557227192
17,2,322.10526315789474,37.89473684210526,70.941500000000005,1.9826162327719004,0,50.396054719216792,2005.4759058826089,-18.28042634126427,2023.7563322397846,71.107500000000002,1.9945101020877729,0,50.393219906123065,-4076.2548833273572,-27.152515989846588,-4049.1023673216764,70.942999999999998,1.9825754887982208,0,50.396502794673715,2049.8843132371317,25.070507080324962,2024.8138061726693,-0.0022286289865986872,-0.53899811727917113
17,3,322.10526315789474,56.842105263157897,76.061999999999998,1.7110817189759808,0,39.829472402821942,27.728424299633772,27.432852486498518,0.29557181839614799,76.066000000000003,1.7111181678998102,0,39.831817394765686,-22.647997919285739,-22.858788462354283,0.21079054831384378,76.064499999999995,1.7111020528155865,0,39.826522794907305,28.823840270350026,27.429012208543572,1.3948280671393936,0.0076702086349785025,-0.39100691966241807
17,4,322.10526315789474,75.78947368421052,75.859999999999999,1.7001706099709792,0,39.543993172206221,-17.085021797116951,-17.713208065228198,0.62818627274886518,75.859999999999999,1.7001811804182516,0,39.548411427097079,-14.256795197278201,-13.340738770836936,-0.91605642185232583,75.859499999999997,1.7002100094928008,0,39.54714815012025,-66.858702862239227,-66.923281758408649,0.064578900825831051,0.007582451109066659,-0.3429231015804412
17,5,322.10526315789474,94.736842105263165,75.523499999999999,1.6839586416106511,0,39.135612134085058,-3.5137221649536401,-4.2590765451622214,0.74535438431652568,75.519499999999994,1.6839382278864359,0,39.134779357622222,25.697964841238257,25.439282763648286,0.25868208169190476,75.522999999999996,1.6839587899436594,0,39.13551165714599,-0.98149645640541738,-0.03449159665959483,-0.9470048555752052,0.0071405182111728511,-0.30443513289227386
17,6,322.10526315789474,113.68421052631579,27.950000000000003,0.90183335779773699,0,20.84588294152082,-14.727117365017689,-14.727116544957958,-8.1960375738502606e-07,27.950000000000003,0.90183335779803242,0,20.845882937383656,-14.727116546216077,-14.727116545703703,0,27.950000000000003,0.90183335779803242,0,20.845882937383656,-14.727116546216077,-14.727116545703703,0,-0.0011681522467144618,0.14051737671370496
17,7,322.10526315789474,132.63157894736841,24.399999999999999,0.73590809314695804,0,19.200528084629635,39.634800502295427,39.634800495978475,3.9361423849605449e-09,24.399999999999999,0.73590809314695838,0,19.200528084610617,39.63480049825975,39.634800495895171,0,24.399999999999999,0.73590809314695838,0,19.200528084610617,39.63480049825975,39.634800495895171,0,-0.0012606670600639799,0.12678321092697387
17,8,322.10526315789474,151.57894736842104,27.555000000000003,0.37948018934857375,0,17.989767432189442,-7.4475843766859944,2.7762221144085011,-10.223806494436412,27.571000000000002,0.3791684541219183,0,17.924856361596273,-28.842778373092379,-28.921784938915142,0.079006562516905229,27.570499999999999,0.37915296574600593,0,17.925138464200963,-26.134830341855544,-26.230360631878025,0.095530286645313406,-0.0012659180460049986,0.11485476022513898
17,9,322.10526315789474,170.52631578947367,24.824999999999999,0.45035511601080691,0,18.623605519869521,38.371556103600426,38.371556104368857,0,24.824999999999999,0.45035511601080691,0,18.623605519869521,38.371556103600426,38.371556104368857,0,24.824999999999999,0.45035511601080691,0,18.623605519869521,38.371556103600426,38.371556104368857,0,-0.00072046951048294482,0.02983663001620579
17,10,322.10526315789474,189.47368421052633,22.574999999999999,0.63965606749887838,0,19.369204295539895,38.68758498186542,38.687584982560757,0,22.574999999999999,0.63965606749887849,0,19.369204295539895,38.68758498186542,38.687584982560757,0,22.574999999999999,0.63965606749887849,0,19.369204295539895,38.68758498186542,38.687584982560757,0,-0.0010180961447110667,0.11887486170695015
17,11,322.10526315789474,208.42105263157896,36.082500000000003,0.66292795184153208,0,24.365134269878695,-737.33093689731425,-13.842883793699968,-723.48805310453031,38.155499999999996,0.72284720315869477,0,23.774723835347224,-500.97689352061468,-5.3712293048940811,-495.60566421633121,37.744,0.71921280214611649,0,23.769629201243902,64.878004030144268,-11.883851091913179,76.761855121616207,-0.0010053247895106161,0.04628275673757265
17,12,322.10526315789474,227.36842105263159,75.629500000000007,1.6869761373364689,0,39.215793944163693,-19.420778501072313,-13.172515545299188,-6.2482629449163882,75.628500000000003,1.6869392517883839,0,39.21201311193267,19.032791676556293,24.171781188759407,-5.1389895012572486,75.628,1.6869417084269869,0,39.21792558929068,5.8951793277061393,-0.030991948333054797,5.9261712870040828,-0.00096036006200639627,-0.49616807078592007
17,13,322.10526315789474,246.31578947368422,75.869,1.7001658883307085,0,39.55115508728062,24.873386050374691,22.445534844474114,2.4278512179399989,75.866,1.7001697316806867,0,39.555312721128701,20.615604686490695,22.407288981836682,-1.7916842833343181,75.873000000000005,1.7002048802283614,0,39.549063284699642,-21.894517822673997,-22.527264963444225,0.63274715269701387,2.1081755370198733e-05,-0.53620520915410408
17,14,322.10526315789474,265.26315789473682,76.061000000000007,1.7110683288022019,0,39.828293975110547,51.487057835576557,50.290152169328529,1.1969056771800417,76.061000000000007,1.711061099285466,0,39.829529601293153,57.524927848846637,54.84109354682181,2.6838343132814866,76.060000000000002,1.7110689114178637,0,39.825667929026253,54.046109277180285,54.88381386562466,-0.8377045773659757,0.0011281197909901023,-0.53747664389957039
17,15,322.10526315789474,284.21052631578948,76.213999999999999,1.7196186548792605,0,40.075722689381557,27.657639513968249,18.610996841449783,9.0466426828609823,76.213999999999999,1.7196316431596963,0,40.054215906585277,29.320885820303921,27.754983285831983,1.5659025447384667,76.213499999999996,1.7196280709062544,0,40.054976711869266,21.396482469519722,23.21320114814154,-1.8167186683444454,0.0022451419981607376,-0.53737143961670486
17,16,322.10526315789474,303.15789473684208,76.066999999999993,1.714506447813809,0,40.803437648856679,-17.453742512925704,-17.97223990921885,0.51849740397091981,76.063499999999991,1.7144666212432347,0,40.799990111302499,-23.409633248489442,-23.578218131800057,0.16858489086036185,76.064499999999995,1.7144639101956076,0,40.796990979970843,1.3636445773741024,-0.24004567913531827,1.6036902641191484,0.0080035936751211897,-0.52193642836497556
17,17,322.10526315789474,322.10526315789474,75.944500000000005,1.7104418759592686,0,40.963809114274682,8.8128759659912212,8.8064464240191835,0.0064295474567945899,75.950500000000005,1.7105113815712298,0,40.959751067327133,-40.500504562080827,-41.278915855832807,0.7784112991615757,75.945999999999998,1.7104731900053309,0,40.961378736274874,-23.849707641997846,-22.385009303018141,-1.464698333498182,0.010363147723405648,-0.51306179218424042
17,18,322.10526315789474,341.05263157894734,75.905000000000001,1.7091588190681086,0,41.009716334358401,18.462241076901442,18.393709174340902,0.068531907923498683,75.909499999999994,1.7091819016011558,0,41.014661661303819,-21.85382300736546,-22.328150041794959,0.47432703977378354,75.907499999999999,1.7091560778789157,0,41.007988689455402,2.175333041063729,4.2277427723425554,-2.0524097258714571,0.011683428559875256,-0.50194896318488191
18,0,341.05263157894734,0,75.827500000000001,1.7066313111033533,0,41.091636098268935,17.779944306022443,17.050652449740159,0.72929186169748228,75.829999999999998,1.706658378368288,0,41.089733211426484,4.2136310122114784,4.1712247806388785,0.042406237018897855,75.827500000000001,1.706647005039313,0,41.091062959716282,27.283095755828388,27.381120734547029,-0.098024973298738799,0.014165248153527141,-0.47580903908559485
18,1,341.05263157894734,18.94736842105263,75.910499999999999,1.7091542018781349,0,41.005009905454791,13.603711473480709,12.983652726864628,0.62005875082405304,75.909000000000006,1.7091609543139903,0,41.006614019435624,12.681279024179846,13.35383705914056,-0.67255803064724129,75.911000000000001,1.7091966874218041,0,41.007485525796255,-30.66585778366165,-31.686578049451832,1.0207202700765716,0.014207363436121686,-0.45175289516386674
18,2,341.05263157894734,37.89473684210526,76.064499999999995,1.7144570430025303,0,40.795128255648841,23.358004343932013,23.545235453637346,-0.18723110620909669,76.063999999999993,1.7144631145748896,0,40.799783043975935,4.3014113742610753,4.3136253345174431,-0.012213956747119309,76.066000000000003,1.7144749059939608,0,40.798699933112211,-4.4944905170354135,-4.4723454858677565,-0.022145027546906795,0.013030156531225823,-0.41539515445768249
18,3,341.05263157894734,56.842105263157897,70.930000000000007,1.9630462974162188,0,50.036445723733003,1285.973522622947,11.584025353380589,1274.3894972867265,71.075500000000005,1.9745066832790741,0,50.037319124038461,-4454.0979019911065,14.313012149765571,-4468.410914123916,70.929000000000002,1.9631187690209286,0,50.043903931556457,1258.4150715100648,-14.13265449520139,1272.547726022364,-2.5980373225849469e-05,-0.59732445236772935
18,4,341.05263157894734,75.78947368421052,76.021000000000001,1.7087046707723785,0,39.762510094164888,12.862666222121398,13.586967704940978,-0.72430147966813441,76.019499999999994,1.7086937928499268,0,39.767157432729491,18.700114399982322,18.132390463583594,0.56772393949914857,76.01400000000001,1.7086750988958526,0,39.766830404619427,30.498207681676256,31.925486109497704,-1.4272784246792116,0.0086186733083352604,-0.33015435018325667
18,5,341.05263157894734,94.736842105263165,75.761499999999998,1.695935710997732,0,39.434891458280603,41.736866061822461,39.304317243160959,2.4325488211915705,75.762,1.6959869723682439,0,39.438242343069803,-13.023162566704659,-13.190704957095196,0.1675423928713061,75.762,1.6959611065057445,0,39.433682262139214,31.150425014114397,30.799695639053542,0.3507293775595593,0.0082590233455518292,-0.28919816294667189
18,6,341.05263157894734,113.68421052631579,75.3125,1.672913470761608,0,38.866874050664471,-40.257833478641274,-41.504615568743418,1.2467820924941153,75.316000000000003,1.6729458220544851,0,38.872343611563821,-51.116639021912128,-49.696041252129881,-1.420597767378772,75.314999999999998,1.6729396128379328,0,38.875590015428486,-36.250276474813717,-37.144350534308344,0.89407406181485083,0.0075361585683942616,-0.26755444108870041
18,7,341.05263157894734,132.63157894736841,25.350000000000001,0.91367557210135519,0,20.539959677531677,-35.364409360362139,-35.364557315918645,0.00014795326477163459,25.350000000000001,0.91367557210984951,0,20.539958770270545,-35.364557166800225,-35.364557169640754,0,25.350000000000001,0.91367557210984951,0,20.539958770270545,-35.364557166800225,-35.364557169640754,0,-0.0016346317773358028,0.11396045589074751
18,8,341.05263157894734,151.57894736842104,32.274999999999999,0.67261090623207742,0,21.968593088473483,-8.2993568394485475,-8.180665261011125,-0.11869158093479983,32.274999999999999,0.67260502354579532,0,21.968549683445101,-8.4552900138134071,-8.6524354154034722,0.19714539915754803,32.274999999999999,0.67260323993089877,0,21.968585791306879,-9.588935382473311,-9.1261620079969816,-0.46277337692290305,-0.0015933262598331727,0.14142651296778008
18,9,341.05263157894734,170.52631578947367,44.861000000000004,0.7195539913964103,0,22.173413831745457,-35.305534130692109,-34.960960421948847,-0.34457371102410456,44.862000000000002,0.7195529895517202,0,22.173720916941811,-33.950503978778762,-33.605345884150417,-0.34515809696616578,44.861000000000004,0.71955039153266076,0,22.173898461519148,-37.139140136732898,-35.627077108999757,-1.512063030054255,-0.000415846546720183,0.098921997120603206
18,10,341.05263157894734,189.47368421052633,38.194000000000003,0.62371716936331967,0,23.564033967662006,-680.86463858446268,4.4741838791055661,-685.33882246429766,38.104500000000002,0.60656298944380771,0,23.547317432918323,-608.19913734397915,-7.8658209038093183,-600.33331644121768,37.082999999999998,0.59064528528653837,0,23.608811909988066,846.40483163643353,-1.2518520906448403,847.65668372594473,-0.0015823148899993692,0.06622013512406201
18,11,341.05263157894734,208.42105263157896,75.233999999999995,1.6658717728865753,0,38.690850952108157,14.763040022203894,12.049064861538824,2.7139751716980443,75.237499999999997,1.6658878481573067,0,38.687709337722907,5.3639913064822533,8.0724545550391316,-2.7084632373940014,75.234499999999997,1.6659023064550831,0,38.6792058840119,-9.9095316583476052,-9.4345374744297672,-0.47499417279833461,-0.00077340339980037009,-0.48877842504221874
18,12,341.05263157894734,227.36842105263159,75.546000000000006,1.682323241013054,0,39.098382511200604,-44.115779271624035,-43.324746930888018,-0.7910323288976715,75.546500000000009,1.6823174715440554,0,39.102359491848766,-29.700680518901581,-30.255188647092606,0.55450813991466175,75.545500000000004,1.6823323059987487,0,39.100609320276916,-44.399211913100025,-43.66862920240456,-0.73058269898446893,0.00010138600505490243,-0.52067764040303488
18,13,341.05263157894734,246.31578947368422,75.805000000000007,1.6966282215189974,0,39.462552369041092,4.3220772716057816,4.6882560784091405,-0.3661787958338712,75.8065,1.6966430645687498,0,39.463676238004282,-8.995008583378107,-9.0039595590979147,0.0089509868466149389,75.805999999999997,1.6966337148898907,0,39.461166600921267,-4.8271574484508397,-4.7139656217462118,-0.11319181570016759,0.0010910922769933819,-0.52407148777710899
18,14,341.05263157894734,265.26315789473682,76.021500000000003,1.7087086778262859,0,39.763830244640829,-1.6541061681198979,-0.032018725927083255,-1.6220874319659278,76.018500000000003,1.708674270512712,0,39.76387796507872,27.211784639360648,27.212400722276833,-0.00061607262161842964,76.027999999999992,1.708735937827168,0,39.766103159995602,-35.074440159871941,-36.436703018448462,1.3622628687800853,0.0021365210932156832,-0.52635278590169143
18,15,341.05263157894734,284.21052631578948,76.195999999999998,1.7184443921485038,0,40.023280318918509,-18.447028355702123,-13.913998099786825,-4.5330302465773755,76.194500000000005,1.7184057851114249,0,40.025498695058587,13.636415416148605,13.817215392979231,-0.18079996755599154,76.194500000000005,1.7184317568235556,0,40.021213840661545,-0.60702483025960807,-0.071824498368338541,-0.53520032262438633,0.0031423170954075234,-0.52677053491742787
18,16,341.05263157894734,303.15789473684208,76.070499999999996,1.7144686611294162,0,40.79085714761186,-7.1232419827958005,-9.0507142533713481,1.9274722786425094,76.0715,1.7144811720255542,0,40.794836537696121,-23.82288630229688,-22.764421066414162,-1.0584652277201867,76.067499999999995,1.7144225198570582,0,40.797836795600475,37.887890108726815,22.374527605086758,15.513362511747331,-0.0007960075610232958,-0.51791259701527226
18,17,341.05263157894734,322.10526315789474,75.908500000000004,1.7091790307752095,0,41.010967669882241,-34.183961819406655,-32.170705236877723,-2.0132565771677644,75.911000000000001,1.7092161883689776,0,41.008353592204308,-43.656005888283467,-44.324870288608203,0.66886440579908446,75.908000000000001,1.7091578523781281,0,41.013072277006621,-2.5986777529306555,-4.5314664693800211,1.9327887217918571,0.011680868783614861,-0.50191130690549568
18,18,341.05263157894734,341.05263157894734,75.8215,1.7066524449739349,0,41.087398560680455,28.152622052015328,44.608080037894645,-16.455457980538526,75.826000000000008,1.7066715518610209,0,41.088737624875748,8.390511758999752,4.7583521993697744,3.632159564790804,75.827999999999989,1.7066753744201844,0,41.08893941307069,-4.2564076123912047,-8.9271186931472837,4.6707110861130001,-0.0014775866032893546,-0.47802444007052802
