i2,i3,phi2,phi3,lam_a,skew_a,Fmin_a,Fmax_a,dF_left_ppm_a,Q_ppm_a,R_ppm_a,lam_b,skew_b,Fmin_b,Fmax_b,dF_left_ppm_b,Q_ppm_b,R_ppm_b,lam_c,skew_c,Fmin_c,Fmax_c,dF_left_ppm_c,Q_ppm_c,R_ppm_c,z_end,zd_end
0,0,0,0,75.787000000000006,1.7054283468733571,0,41.118201557092547,15.113077016191774,13.159595113419394,1.9534819081159169,75.786000000000001,1.7054240790531467,0,41.133382905983531,35.059572896208593,36.243455735791571,-1.1838828343549714,75.790500000000009,1.7054961228358765,0,41.120876311604427,-60.177868197853037,-62.116511710074931,1.9386435175136028,0.015341011808165462,-0.46042432622123053
0,1,0,18.94736842105263,75.823499999999996,1.7066550176761959,0,41.088905277660928,50.299089336746519,48.920713742885397,1.3783755977864824,75.828500000000005,1.7066758464898371,0,41.087492322617102,-17.95954670871054,-18.059626430747279,0.10007972578989657,75.826499999999996,1.7066566478499476,0,41.089457380146023,9.168562182211625,8.5213170762618944,0.64724510973340565,0.01576225691145677,-0.43519108787483485
0,2,0,37.89473684210526,75.9465,1.710478851275409,0,40.953338416335463,16.055409972786403,13.956387175699231,2.099022799346733,75.9435,1.7104447645824712,0,40.961756976737888,16.472251449660568,17.796808667332936,-1.3245572154562646,75.9465,1.7104612184978116,0,40.961251373060726,-0.44596518958424741,-0.27266015065133314,-0.17330503669362096,0.015225276606118962,-0.39685827138089497
0,3,0,56.842105263157897,76.144500000000008,1.7172483338847657,0,40.632183380498709,-13.283276603811537,-14.162906865784976,0.87963026413186829,76.143000000000001,1.7172476686524121,0,40.625806665373531,11.711957254000184,9.2717353845505333,2.440221871611215,76.143500000000003,1.7173273298127401,0,40.630939792007986,-34.844678861915789,-32.27685024689309,-2.5678286128467431,0.0061711516218806621,-0.37802080609701538
0,4,0,75.78947368421052,76.129999999999995,1.7147857341476178,0,39.924459208762762,17.208830511543006,18.287990555088822,-1.0791600418151062,76.126000000000005,1.7147326359884068,0,39.918605398248552,43.091129448609436,41.134595964687939,1.9565334854666772,76.125,1.7147443630843444,0,39.921661297643368,38.443990053963148,41.128848311278823,-2.6848582556717582,0.0095909044614704217,-0.3124507685760779
0,5,0,94.736842105263165,75.92649999999999,1.7038408407219212,0,39.646230435141106,-19.844965031524332,-17.943309646938779,-1.9016553836156935,75.924999999999997,1.7038650838393012,0,39.640255842747365,0.8970011613543144,-0.041775062554877222,0.93877622487223045,75.922499999999999,1.7038341303330329,0,39.638492677635895,13.563734196923814,13.465548910403111,0.098185287322659021,0.0092664964532409699,-0.27005232738155183
0,6,0,113.68421052631579,75.588999999999999,1.6875522055313592,0,39.227357842948045,11.936088425588883,12.917545443939433,-0.98145701790276119,75.590000000000003,1.6875741022210708,0,39.224880076766041,-21.81766172756608,-21.265761738929484,-0.55189998817726615,75.590999999999994,1.6875765933157334,0,39.225981036882999,-30.168132151879053,-29.657748961967961,-0.51038318935639615,0.0086316700343116188,-0.24460794899331922
0,7,0,132.63157894736841,24.25,1.0119342380706131,0,21.441685838381737,-30.125616011414458,-30.125616013076467,4.0883595070931472e-10,24.25,1.0119342380706136,0,21.441685838380145,-30.125616011909901,-30.125616013145539,0,24.25,1.0119342380706136,0,21.441685838380145,-30.125616011909901,-30.125616013145539,0,-0.0019326229095793417,0.084065247530589124
0,8,0,151.57894736842104,31.916,0.78454338078308838,0,22.289970174328054,3.7859825296355165,8.5098072808837024,-4.7238247553241761,31.949999999999999,0.78482378066021563,0,22.289896494472956,12.228333524846608,12.253002887384884,-0.024669366631171381,31.949999999999999,0.78482015447950404,0,22.289785154868106,12.197257170627612,12.173092044599024,0.02416512193400773,-0.001561328979171806,0.035652447309961866
0,9,0,170.52631578947367,45.497999999999998,0.76459502570439319,0,23.554317435600979,9.788429183248768,11.409758253781186,-1.6213290732607823,45.499000000000002,0.76459637425216609,0,23.555282746710482,6.1292168455182923,6.1792422049462434,-0.05002536210990393,45.4985,0.76460269165613814,0,23.552996072359729,15.572976271432855,14.815860662441539,0.75711560633660102,-0.00084077416913281536,0.097851898330808304
0,10,0,189.47368421052633,38.714500000000001,0.62183762591130476,0,23.277513856952638,-138.20580126267919,-11.922561867966106,-126.28323939667196,38.135999999999996,0.61139803952120741,0,23.351647180022926,-773.32138760966495,-4.8112365763614378,-768.51015103513191,38.267499999999998,0.61192147856770973,0,23.350314887475964,815.95174987053804,8.1901855052625869,807.76156436339272,-0.0018249931919272963,0.030236691991973874
0,11,0,208.42105263157896,50.038499999999999,1.4164181152234527,0,45.433625479112031,-5260.0814480895306,-4.3383641972365128,-5255.7430838899245,75.092500000000001,1.658026964063442,0,38.489758585863456,-58.935759138778145,-58.487002986010644,-0.44875614116139467,75.091999999999999,1.6580375134201746,0,38.494741925466016,-67.173330699132975,-66.884238872597081,-0.28909181501154968,0.00023020841419946637,-0.49926846981281314
0,12,0,227.36842105263159,75.418499999999995,1.6753139394709091,0,38.925173783275945,-29.765749866780283,-28.082267738469426,-1.683482117607787,75.418499999999995,1.6753011864471752,0,38.923705983031297,-20.842819016767532,-21.751256405531457,0.90843739959643477,75.414999999999992,1.6752986926900961,0,38.924083835498884,-12.509399010444255,-12.905369381862085,0.39597038222560299,0.0010642738403008178,-0.50411767061176138
0,13,0,246.31578947368422,43.641000000000005,0.6342528876703768,0,21.817284568717835,3.043859636661709,9.2732200703290584,-6.2293604316987814,43.650500000000001,0.63430685506247597,0,21.813902980202243,-9.5825373240784941,1.8751460977475942,-11.457683419820874,43.708500000000001,0.63583562787659764,0,21.808097735628373,-10.570024996978969,-9.1127455417839816,-1.4572794531195383,-0.00080510718323113892,0.033747339472626758
0,14,0,265.26315789473682,75.935000000000002,1.7038531132335275,0,39.648512086828767,28.335068179826148,27.192036202305541,1.1430319867924486,75.939000000000007,1.7038821796092576,0,39.650661993576975,0.39394533848411095,0.29325541700904478,0.10068993068364612,75.939000000000007,1.7038822873624018,0,39.644849849354031,-28.94090458529713,-31.329416363846025,2.3885117878620181,0.003012421625056153,-0.5112249972667553
0,15,0,284.21052631578948,76.126999999999995,1.7147576768623454,0,39.921838269661393,40.734053546272143,41.135297047973033,-0.40124349335502163,76.131500000000003,1.7147956611930761,0,39.925910143137017,18.974651855923302,18.280256883397765,0.69439498077679385,76.129000000000005,1.7147767055566174,0,39.920442316278788,-8.7865034812416223,-9.1898677999001546,0.4033643268802436,0.0040642672449681958,-0.51192748056066184
0,16,0,303.15789473684208,76.142499999999998,1.7171969436621726,0,40.626655364736379,27.778290954869775,27.04215188248218,0.73613908050370314,76.146000000000001,1.7172484156045666,0,40.626429673623548,15.245749781219407,13.783934822305133,1.4618149668940332,76.145499999999998,1.7172685902623859,0,40.632807329562297,15.339162052362356,18.151431825723567,-2.8122697653246589,0.0015013230389217685,-0.52499866537467021
0,17,0,322.10526315789474,75.948000000000008,1.710438178141626,0,40.965996105018938,24.257991557145282,23.318443493922647,0.93954806941260172,75.953999999999994,1.7104523591760601,0,40.967276101654264,-3.3873231920754199,-3.8848851467946992,0.49756196089646515,75.951999999999998,1.7104381643245667,0,40.958786257983292,8.7613606614027546,9.5244931180123729,-0.76313245036493593,0.012155069875683659,-0.48804881214401108
0,18,0,341.05263157894734,75.828500000000005,1.7066716131817612,0,41.092130393599817,0.85216119638008736,-0.80448566866179727,1.6566468705337025,75.8245,1.7066259586153991,0,41.085921792011703,44.259545734396511,44.359074768513253,-0.099529028752938536,75.827500000000001,1.7066324282469318,0,41.092729714997517,17.773760381760106,17.853949653491014,-0.080189266398219008,0.014163936183857187,-0.47582058311583691
1,0,18.94736842105263,0,75.827500000000001,1.7066752515950512,0,41.087990008482109,-2.4482150844733552,-4.3770106500652775,1.9287955694087471,75.82950000000001,1.7066982753503321,0,41.08947275425755,-30.864273996639607,-28.20958821136961,-2.6546857814454459,75.82950000000001,1.7067130634876171,0,41.090439089199783,-29.562273228857279,-31.501473607060174,1.9392003819424499,0.015780248196814249,-0.43526145149460366
1,1,18.94736842105263,18.94736842105263,75.822000000000003,1.7066220191824419,0,41.086111126162066,47.452118316718639,48.664436489595644,-1.2123181701549175,75.830500000000001,1.7066768771129091,0,41.085485466824075,-18.85051982887957,-18.247028111234506,-0.60349171485184039,75.828500000000005,1.7066531537764404,0,41.0856590368927,-4.4850955249150282,-4.2091839749184556,-0.27591154718383865,0.0020413317482824607,-0.46653108111894059
1,2,18.94736842105263,37.89473684210526,75.909999999999997,1.7091808704763838,0,41.00711651309706,-6.5973486487986763,-4.8097433123870266,-1.7876053353734076,75.905000000000001,1.7091453487678785,0,41.007936778737005,-6.1059150867437753,-4.7998970986042311,-1.3060179870630686,75.912500000000009,1.7092120384558034,0,41.005807841744684,-42.264146045841755,-41.145631271106708,-1.1185147736021883,0.0034450373286664237,-0.42021788383130043
1,3,18.94736842105263,56.842105263157897,76.067999999999998,1.7144788167446665,0,40.791823475364232,0.32350775990181196,0.1571737859002755,0.16633397479226009,76.0655,1.7144768793575094,0,40.797458555640219,-0.31993360735054865,4.4982091039081409,-4.8181427105246062,76.066999999999993,1.7144497578182329,0,40.797664692290304,39.27838136145143,36.445264738963267,2.8331166232422342,0.0057150959609730753,-0.35788237249515753
1,4,18.94736842105263,75.78947368421052,76.195999999999998,1.7184294187301727,0,40.018365274230796,0.86048731132987366,-4.2972718601618265,5.1577591717828613,76.193999999999988,1.7184020307590977,0,40.029639286715096,29.862567639274349,23.096626881975109,6.7659407574985551,76.193999999999988,1.7184186746490766,0,40.027751170881665,-15.790947312371213,-13.398921580815871,-2.3920257312931876,0.010528888342817797,-0.28363165863907858
1,5,18.94736842105263,94.736842105263165,76.023499999999999,1.708739550661023,0,39.76832687790607,-26.304692553582161,-27.279171616770181,0.97447906251912642,76.024499999999989,1.7087421233298266,0,39.766216608500358,-39.631846235259879,-40.908404248893902,1.2765580129944516,76.021500000000003,1.7087148699379928,0,39.769827041513331,15.382144676593839,18.142590137345334,-2.7604454613672473,0.010119829785426859,-0.24013301429883288
1,6,18.94736842105263,113.68421052631579,75.766500000000008,1.6960031029435407,0,39.438871241502724,-13.456246943593362,-13.28095243469483,-0.17529451010690555,75.766000000000005,1.6960073105643387,0,39.44030317730639,-17.673429930799212,-17.494501645343306,-0.17892828672890287,75.763000000000005,1.6959816235255085,0,39.438988120443661,4.213989066148077,4.4144037839497745,-0.20041471905418443,0.0095513659758922707,-0.21202525079630957
1,7,18.94736842105263,132.63157894736841,21.050000000000001,1.0119370457353163,0,21.789702250480016,25.698521312066724,25.698521310065971,0,21.050000000000001,1.0119370457353163,0,21.789702250480016,25.698521312066724,25.698521310065971,0,21.050000000000001,1.0119370457353163,0,21.789702250480016,25.698521312066724,25.698521310065971,0,-0.0020814134141981895,0.052294237776990479
1,8,18.94736842105263,151.57894736842104,25.350000000000001,0.91361274042246743,0,20.540356745174087,35.572252639239707,35.573308722985665,-0.0010560841322527145,25.350000000000001,0.91361273981446256,0,20.540349843860284,35.573310276017715,35.573310275509726,0,25.350000000000001,0.91361273981446256,0,20.540349843860284,35.573310276017715,35.573310275509726,0,-0.002013704262577859,0.025902760342684239
1,9,18.94736842105263,170.52631578947367,32.2605,0.67252296856836502,0,21.965685285191558,36.891976925443608,36.842823887467837,0.049153034066346232,32.261000000000003,0.67252318835283698,0,21.965650379230443,36.892395844466478,36.842240565197386,0.05015527538621227,32.259999999999998,0.67252550836715319,0,21.965693203403006,36.911997050689799,36.839320265089192,0.072676781696760465,-0.0013377962463016471,-0.0014529110846986382
1,10,18.94736842105263,189.47368421052633,44.842500000000001,0.71960640167384593,0,22.172762802754452,42.582349776829219,41.791892069890032,0.79045770258443859,44.841500000000003,0.71959754165572021,0,22.172820318897767,39.33561449183631,39.876117513010449,-0.54050302556360941,44.842500000000001,0.7196176036563855,0,22.172703215596083,47.328771260965198,46.195785408073483,1.1329858484791528,-0.00095322544488262524,0.10123070376760997
1,11,18.94736842105263,208.42105263157896,37.856499999999997,0.60891887983050297,0,23.532272364783712,229.64991314760752,5.4398332922375356,224.21007985320597,37.957000000000001,0.62243303897052771,0,23.541044490559933,1460.265256167195,8.4366396344619918,1451.8286165305483,37.151000000000003,0.57392359762828915,0,23.609742473680672,-410.33204557095621,-0.36624678670374933,-409.96579878659787,-0.00086918661220732876,0.13289708489649638
1,12,18.94736842105263,227.36842105263159,65.734999999999999,1.7125061421807073,0,45.732298426367819,-6291.7692376175037,24.780787731043862,-6316.5500253416949,75.241,1.6659182082404886,0,38.689368060800625,-42.447575653715283,-42.212022009335627,-0.23555363423080164,75.241,1.6659135017963289,0,38.691235795049884,-44.037807014040389,-42.239722331498776,-1.7980846724724715,0.0018356525628761041,-0.47843191345391167
1,13,18.94736842105263,246.31578947368422,75.545500000000004,1.6822923317886311,0,39.106961453917584,18.07250914880747,17.473127983778525,0.5993811743313503,75.543000000000006,1.6822711575223335,0,39.099807193293152,36.478171580396534,38.637545954126004,-2.1593743646244659,75.546500000000009,1.6823038494472684,0,39.104617636675258,1.7925520500197991,-0.22561690613408567,2.0181689654235933,0.0027446258463342463,-0.4831703758692143
1,14,18.94736842105263,265.26315789473682,44.649999999999999,0.68519322367836577,0,20.320930061094469,-55.848712184402153,-55.848712181053223,-1.5051953340993455e-10,44.649999999999999,0.68519322367836555,0,20.32093006109432,-55.848712184222315,-55.848712181039794,0,44.649999999999999,0.68519322367836555,0,20.32093006109432,-55.848712184222315,-55.848712181039794,0,-0.00073092137894185429,0.053635731188554858
1,15,18.94736842105263,284.21052631578948,76.022500000000008,1.7087012226826199,0,39.765147403254261,2.5197362883224304,4.5495634993304215,-2.0298272033624447,76.019999999999996,1.7086784106197677,0,39.766006566203323,13.329994733617148,13.658489635432817,-0.32849489415912247,76.022500000000008,1.7087143180014375,0,39.769283621549306,-1.4947613269924294,-4.5447802370873385,3.0500189177580852,0.0047962884980183836,-0.48697851919456975
1,16,18.94736842105263,303.15789473684208,71.942999999999998,1.9787505538056318,0,50.543699928066879,1004.3364462809677,49.43113331411157,954.90531298108544,71.721500000000006,1.968174318839272,0,50.55347320755628,2710.6283375423714,-24.50851769370659,2735.1368552500585,71.9435,1.9786563702026509,0,50.550160685442187,998.04009361443821,9.163267021736262,988.87682660685243,-0.0018432558215370008,-0.11317210944911212
1,17,18.94736842105263,322.10526315789474,76.0685,1.714459265443252,0,40.794080588417415,-9.3348314370726957,-8.7736045677415415,-0.5612268636056662,76.067499999999995,1.7144436006833361,0,40.794608911270508,14.101228817480141,13.890446446764667,0.2107823764199426,76.063499999999991,1.7143922325569425,0,40.791378552813939,52.438425354830869,53.895578497448589,-1.4571531369358388,0.0019552473437572694,-0.50113086740970691
1,18,18.94736842105263,341.05263157894734,75.909000000000006,1.7091286807560739,0,41.007398398639481,47.474175580313208,44.255312957146174,3.2188626275044667,75.906999999999996,1.7091791162120977,0,41.007843119693717,2.154554867597648,0.042734903881601505,2.1118199679722354,75.908000000000001,1.7091715875212183,0,41.00348381622738,5.2879123011761378,4.9066390738535643,0.38127323161275156,0.014220792387826869,-0.45161542580542335
2,0,37.89473684210526,0,75.948000000000008,1.7105010755390606,0,40.963708998739996,-30.549778777109466,-31.814265944376164,1.2644871694059876,75.948999999999998,1.710484693952431,0,40.957265423809432,-14.529298384482061,-14.57114219108446,0.041843808840906702,75.944000000000003,1.7104659611950812,0,40.961612205634793,5.4874951959025928,4.236754155781191,1.2507410423451513,0.015232585980704563,-0.39678435575825632
2,1,37.89473684210526,18.94736842105263,75.911500000000004,1.7091790684095554,0,41.009478565948719,6.5126047661206288,8.4022807256865519,-1.8896759585335319,75.906499999999994,1.7091289832300141,0,41.008234021119293,33.610367815079528,30.986213803384796,2.6241540127269687,75.906499999999994,1.7091320068371858,0,41.006718674547805,35.690624776401549,35.355681230821574,0.3349435465835533,0.0034678693789925823,-0.41991121274885046
2,2,37.89473684210526,37.89473684210526,75.9495,1.710426964435056,0,40.972562312029822,-2.7415583126576357,-0.015935536885844228,-2.7256227752100415,75.948999999999998,1.7104237441521823,0,40.962661893096652,-1.9088712572853652,-0.16916398914700176,-1.7397072675468634,75.948499999999996,1.7104104309423003,0,40.959203146777412,10.967125391472189,8.7120397204224567,2.2550856716196948,0.016588376456997837,-0.32829320273858986
2,3,37.89473684210526,56.842105263157897,76.069500000000005,1.7144683503914699,0,40.791409481807356,-41.425602989212123,-41.052370001447493,-0.37323298793407184,76.066000000000003,1.7144366611568547,0,40.791530586071509,19.049997646560865,17.855063587104841,1.1949340592063893,76.064999999999998,1.7144004365111774,0,40.793406621044149,44.875373443301655,45.216135885915229,-0.3407624428208153,0.015568335691314439,-0.27975946530447615
2,4,37.89473684210526,75.78947368421052,76.216999999999999,1.7196341750293096,0,40.067943159184786,0.37775446064695722,-9.2264169665865747,9.6041714261053439,76.216499999999996,1.7196367092545541,0,40.056847224435636,14.425579403607589,9.2501909537028251,5.1753884487473742,76.214500000000001,1.7196190477925528,0,40.051416045583743,45.854667108455224,50.901860767035714,-5.0471936596570153,0.011137642450457725,-0.24004470684231199
2,5,37.89473684210526,94.736842105263165,76.0625,1.7111022631263899,0,39.82753513717639,21.571178440889859,22.878207905135181,-1.3070294663078064,76.066000000000003,1.7111277348466025,0,39.826323708263807,-13.686009350255581,-13.801440794742474,0.11543144234830982,76.061999999999998,1.7110952686634324,0,39.832516726791212,29.128693778561743,27.52322398393218,1.6054697925403585,0.010809912820415409,-0.195070716896833
2,6,37.89473684210526,113.68421052631579,75.859999999999999,1.7001961583548297,0,39.548752126683418,-59.515223920530978,-57.821199011805554,-1.6940249115850672,75.858000000000004,1.7001717448333302,0,39.548604117039737,-29.46996839985955,-26.510333394385988,-2.9596350084363872,75.858999999999995,1.7001737100999263,0,39.547276949108834,-4.2472336247211011,-4.4622253650479973,0.21499173743859853,0.010242371851873051,-0.16516331127191422
2,7,37.89473684210526,132.63157894736841,24.550000000000001,0.96136294362766284,0,21.309447131599452,-7.7244741699992758,-7.7244741744166463,1.4146572688903624e-12,24.550000000000001,0.96136294362766284,0,21.309447131599452,-7.7244741699986497,-7.7244741744164163,8.4879436133421742e-13,24.550000000000001,0.96136294362766284,0,21.309447131599452,-7.7244741699992758,-7.7244741744166463,1.4146572688903624e-12,-0.0020929149494583812,0.024332305972785469
2,8,37.89473684210526,151.57894736842104,28.000000000000004,0.90170524477419267,0,20.846494718019589,-45.686470907845553,-45.686470838602176,-7.2235866059850676e-08,28.000000000000004,0.90170524477398672,0,20.846494716337642,-45.686470837739925,-45.68647084076607,-8.4879436133421742e-13,28.000000000000004,0.90170524477398672,0,20.846494716337642,-45.686470837733758,-45.686470840766752,1.13172581511229e-12,-0.0020621839193272562,0.0068471861401104284
2,9,37.89473684210526,170.52631578947367,24.399999999999999,0.73588519579768719,0,19.200357712313842,-39.59899475969609,-39.59899475331575,-7.4176846565631713e-09,24.399999999999999,0.73588519579766787,0,19.200357712282639,-39.598994752244778,-39.598994753414459,-7.0732863444518123e-14,24.399999999999999,0.73588519579766787,0,19.200357712282639,-39.598994752243335,-39.598994753412569,4.9513004411162682e-13,-0.0018853261765174932,-0.021355147722819226
2,10,37.89473684210526,189.47368421052633,27.646500000000003,0.37341445977187737,0,17.849161693802074,-11.20766236540091,0.073163809662718765,-11.28082617520038,27.561999999999998,0.37883514953633241,0,17.91472572946196,32.158192070727594,32.138460469790758,0.019731600757394455,27.562999999999999,0.37883751876670069,0,17.915221779082682,31.708798038158669,31.714268984796611,-0.0054709469033312579,-0.0014814599057215412,-0.043427393017841279
2,11,37.89473684210526,208.42105263157896,24.824999999999999,0.45023310907778014,0,18.623904561065526,-38.313743442003712,-38.313743444042224,-1.839054449557471e-12,24.824999999999999,0.45023310907777997,0,18.623904561065519,-38.313743442001964,-38.313743444043389,0,24.824999999999999,0.45023310907777997,0,18.623904561065519,-38.313743442001964,-38.313743444043389,0,-0.0008299761076911409,-0.0016691524636931049
2,12,37.89473684210526,227.36842105263159,22.574999999999999,0.63943006507722755,0,19.36722637008959,-38.611500168192606,-38.611500170300879,0,22.574999999999999,0.63943006507722755,0,19.36722637008959,-38.611500168192606,-38.611500170300879,0,22.574999999999999,0.63943006507722755,0,19.36722637008959,-38.611500168192606,-38.611500170300879,0,-0.00067258219487304849,0.050887216525610998
2,13,37.89473684210526,246.31578947368422,37.743500000000004,0.72236181322354076,0,23.770133145695564,946.87525241152264,17.53836463965678,929.33688777017539,37.6845,0.7185716498170549,0,23.735337152311995,-150.95479009792206,23.735282972711058,-174.69007307225181,37.685000000000002,0.72279348814029298,0,23.734756568701162,901.03048645249771,17.655374155845976,883.37511229488041,-0.00073467751866261902,0.10790771977665364
2,14,37.89473684210526,265.26315789473682,34.606999999999999,0.93575209333116194,0,25.313425587009085,-506.2208705934367,-43.875567979670386,-462.34530261152196,34.838000000000001,0.93516753880758052,0,25.125130495580333,1216.0758486623727,-52.592925085898997,1268.6687737499162,34.353000000000002,0.93477144948854518,0,25.125130495580336,-595.46522656096943,-56.835520953094822,-538.62970560623739,-0.00080857646450147914,0.13376805568278241
2,15,37.89473684210526,284.21052631578948,75.86699999999999,1.7001726571119848,0,39.559309634243526,41.231476254245642,40.386246127087347,0.84523013430200211,75.868500000000012,1.7001798621119228,0,39.55039976048154,8.3855885527677074,8.9669417884262312,-0.58135322854433791,75.869,1.7001801124862741,0,39.551711030948532,15.079319506486174,13.44678772093223,1.6325317926497518,0.005298382929038223,-0.44832871708576455
2,16,37.89473684210526,303.15789473684208,76.064499999999995,1.7110961843619432,0,39.82838314292939,3.1377688791266434,4.5454292239383998,-1.4076603383466277,76.061999999999998,1.7110740495999355,0,39.824241785759824,33.723327837028933,31.93731651637847,1.7860113271322289,76.063999999999993,1.7110768749064207,0,39.82404427309914,36.224902612728044,36.483745271622887,-0.25884265252987632,0.0063845007567933862,-0.44562560385185779
2,17,37.89473684210526,322.10526315789474,76.215000000000003,1.7196374421550045,0,40.073934270061379,-13.900873150517352,-4.6103505162581477,-9.2905226284322655,76.213999999999999,1.7196365100955209,0,40.050311011261897,17.213393678768583,18.555150615792865,-1.3417569312878235,76.213499999999996,1.7196059086252906,0,40.059916235828744,22.350349358665113,23.253871703519341,-0.9035223390105851,0.0074042276637627732,-0.43915893744220597
2,18,37.89473684210526,341.05263157894734,76.063000000000002,1.7144402296824808,0,40.795964086725512,27.759093653394366,27.501876428257667,0.25721722865973623,76.067499999999995,1.7144647841858056,0,40.794590401504806,6.6795864465756773,4.6954313926686133,1.9841550575825384,76.0685,1.7144992352434711,0,40.792284328719838,-13.995558560785346,-13.685166542626503,-0.31039201450905402,0.0035911540677455263,-0.45040293301852752
3,0,56.842105263157897,0,76.147500000000008,1.7172693934329741,0,40.629479983386588,-3.3172152923816656,-4.4417930419225442,1.1245777516906814,76.144500000000008,1.717288945068705,0,40.62950908828963,1.3657905577367671,0.035489344857372512,1.3303012149875753,76.146499999999989,1.7172993107491827,0,40.628959089836201,-31.33194377707839,-31.771932688323187,0.43998891333761536,0.0062121910429206832,-0.37781163794352146
3,1,56.842105263157897,18.94736842105263,76.069500000000005,1.7145015148782532,0,40.791486141253472,-39.943865554968184,-41.121560618678885,1.177695064456622,76.066999999999993,1.7144798204787488,0,40.796317542995922,-19.048782100553588,-18.291869372008609,-0.75691272780882801,76.066999999999993,1.7144822972558915,0,40.792588992502701,-0.32006879584942177,0.32040172670008271,-0.64047052181987707,0.0057362483018564732,-0.35760215156820563
3,2,56.842105263157897,37.89473684210526,76.064999999999998,1.7143974967149551,0,40.797837501206416,55.893559329699791,54.762442512277651,1.1311168172397716,76.066500000000005,1.7144447796196916,0,40.79468900244288,21.628033595768176,22.283098331519923,-0.65506473590209613,76.070000000000007,1.7144823477939524,0,40.797084601375843,8.1398806108142292,5.3279711810146573,2.8119094295844795,0.015580193232788132,-0.27989440376531061
3,3,56.842105263157897,56.842105263157897,76.146000000000001,1.71726548055817,0,40.635014507986575,-39.865442489907117,-36.791927406529759,-3.0735150846203849,76.149000000000001,1.7172793304635896,0,40.633320704015965,-2.5032652303367624,-4.6529522050218937,2.1496869734916766,76.146499999999989,1.7172758917358342,0,40.635588759560086,-31.577332727015698,-27.722223519591132,-3.8551092086645347,0.0080113426721910609,-0.25592771614046561
3,4,56.842105263157897,75.78947368421052,76.19550000000001,1.7184496491655039,0,40.015536372903782,-29.118236833102774,-27.652719919658427,-1.4655169159335664,76.192499999999995,1.7184584485914778,0,40.029867638673501,-47.760045541919375,-50.549402523495289,2.7893569791031303,76.192499999999995,1.7184328871534067,0,40.025867566597469,-14.322175604638774,-13.882721712926093,-0.4394538941464724,0.01147959122528755,-0.18682370689103689
3,5,56.842105263157897,94.736842105263165,76.0655,1.7111045700352279,0,39.832018292069527,-13.257167387616766,-13.690823109751763,0.43365571854503027,76.061999999999998,1.7111111686465523,0,39.831389523601729,2.9840403795778103,4.6346568415621343,-1.6506164655164743,76.066500000000005,1.7111287077096218,0,39.830949127750614,-32.007737584361436,-31.98806434835199,-0.019673239542705789,0.011179239663350811,-0.14049735089215035
3,6,56.842105263157897,113.68421052631579,75.890000000000001,1.7013868699700003,0,39.580284180255603,21.928994192762509,22.521957503588567,-0.59296331527313406,75.891500000000008,1.7014330263496218,0,39.576959401283759,-58.482585036390581,-58.296499839421706,-0.18608520137584808,75.887500000000003,1.7014019091495889,0,39.582598993067684,4.6294060557413932,4.2123479102431984,0.41705814102663114,0.010694025429158687,-0.10843505128434158
3,7,56.842105263157897,132.63157894736841,75.630499999999998,1.688660411819997,0,39.255812911574807,17.853950750856519,17.360206719080182,0.49374402661705796,75.632000000000005,1.6886650661422886,0,39.255230154341383,21.551399976657212,21.596024494738458,-0.044624523229411503,75.630499999999998,1.6886401608947772,0,39.251854619024272,24.572686362175585,25.997182130873991,-1.4244957738676607,0.010034932473893683,-0.09576510345850392
3,8,56.842105263157897,151.57894736842104,22.400000000000002,0.86628716542061945,0,20.084299725808375,36.094679110159284,36.094679108653096,-3.3951774453368697e-12,22.400000000000002,0.86628716542061934,0,20.084299725808375,36.094679110161465,36.094679108649103,6.3659577100066314e-13,22.400000000000002,0.86628716542061934,0,20.084299725808375,36.094679110165011,36.094679108654475,3.9787235687541438e-13,-0.0019856397530125663,-0.010454835338895598
3,9,56.842105263157897,170.52631578947367,28.549999999999997,0.70581659586263079,0,19.297783568811585,-54.375861837157565,-54.375861837576437,-6.7501255745896695e-11,28.549999999999997,0.70581659586263135,0,19.297783568810214,-54.375861837058089,-54.37586183757562,0,28.549999999999997,0.70581659586263135,0,19.297783568810214,-54.375861837058089,-54.37586183757562,0,-0.0018842188690923109,-0.028107331669062683
3,10,56.842105263157897,189.47368421052633,21.699999999999999,0.48634791683670137,0,17.447690699862235,-39.694428865695372,-39.694428865643616,0,21.699999999999999,0.48634791683670137,0,17.447690699862235,-39.694428865695372,-39.694428865643616,0,21.699999999999999,0.48634791683670137,0,17.447690699862235,-39.694428865695372,-39.694428865643616,0,-0.001633997493252354,-0.049172215855998312
3,11,56.842105263157897,208.42105263157896,24.949999999999999,0.13636467059736349,0,15.009121860743257,-45.34628395302019,-45.346283852152702,-1.0094280753041629e-07,24.949999999999999,0.13636467060302704,0,15.009121850525013,-45.34628383979517,-45.346283839799071,0,24.949999999999999,0.13636467060302704,0,15.009121850525013,-45.34628383979517,-45.346283839799071,0,-0.0012830355558099984,-0.06208758381644261
3,12,56.842105263157897,227.36842105263159,26.730999999999998,-0.078842520820270365,0,13.87547977196893,-11.890434931285773,-11.818168989237394,-0.072265942725715474,26.729999999999997,-0.07884704089423944,0,13.875478473445273,-9.9150220067543948,-9.9138195698696752,-0.0012024375088827413,26.730999999999998,-0.078842558075558455,0,13.875479139301795,-11.893816733544897,-11.818207637679439,-0.075609096544855092,-0.00097061659868068824,-0.054238023463763912
3,13,56.842105263157897,246.31578947368422,27.354499999999998,0.1621571950163877,0,16.636914238651382,-0.24347895396539149,1.8938353639635517,-2.137314320466245,27.352999999999998,0.16192393274186803,0,16.631027685120866,17.753303366180649,17.999440839091942,-0.24613747542071493,27.353499999999997,0.16193398524263541,0,16.631070221008802,17.860560117009058,17.61878245651474,0.24177765800126633,-0.00064006375223395965,-0.016376045781521645
3,14,56.842105263157897,265.26315789473682,26.128,0.53439816084270142,0,19.46413736165869,24.090227788470269,24.085273082004079,0.004954702471585813,26.128499999999999,0.53441066618618971,0,19.4641274304761,25.086164807096104,24.886680445749437,0.19948435744852769,26.128499999999999,0.53439423894505145,0,19.464127273177542,23.59063758240908,23.703982594769251,-0.11334501629330669,-0.00089586331625180187,-0.014231948659986532
3,15,56.842105263157897,284.21052631578948,22.362500000000001,0.7007192058766859,0,21.127860736361871,-0.1719951016626691,-0.17199510264397913,8.4879436133421742e-13,22.362500000000001,0.70071920587668624,0,21.127860736361871,-0.17199510166578921,-0.17199510264709925,2.8293145377807249e-13,22.362500000000001,0.70071920587668579,0,21.127860736361871,-0.1719951016630257,-0.17199510263452977,-2.8293145377807249e-13,-0.00095142475073474605,0.024241300264460225
3,16,56.842105263157897,303.15789473684208,75.887,1.7013831062073448,0,39.58550341945876,5.6945071521084927,4.401444809013169,1.293062349078909,75.891500000000008,1.7014067709820151,0,39.578879565640861,-5.4501532617469213,-4.5619300576678237,-0.88822319810752004,75.888500000000008,1.7013768847488921,0,39.583065117142034,8.2054242850092773,8.8352512754860442,-0.6298269845281248,0.0065745229510861761,-0.39838088394608329
3,17,56.842105263157897,322.10526315789474,76.067499999999995,1.7111211654398766,0,39.836750242298514,-11.492863929576014,-13.778676178769496,2.2858122545451294,76.061000000000007,1.7110835226147345,0,39.833774073037624,51.801869428305373,50.380549375980998,1.4213200576044767,76.066000000000003,1.7111171921670274,0,39.830611164228841,16.652114457781295,18.258366971080569,-1.6062525079579264,0.0076491288085102282,-0.39102827434418463
3,18,56.842105263157897,341.05263157894734,76.1935,1.7184284712754736,0,40.012055615989425,0.67971688093627336,0.011211403813562627,0.66850548115633057,76.192999999999998,1.7184022961166627,0,40.01646048429442,31.947493076195297,32.268296928752797,-0.32080384854472305,76.1935,1.7184148027099726,0,40.01629239766136,0.05789931596171001,-0.20740449398597322,0.26530381393360519,0.0087137623463645342,-0.37933519605139365
4,0,75.78947368421052,0,76.128,1.7147841744701946,0,39.921642379014536,-2.6149220584129207,-0.0097880101597372128,-2.6051340466126494,76.129999999999995,1.7147709068051988,0,39.92342511687054,22.89068710109218,22.939468792233402,-0.048781689443919848,76.126999999999995,1.7147666505351926,0,39.923233571681202,38.022582808365655,36.524673711950314,1.4979090981269774,0.0096110562875233122,-0.31246110699884155
4,1,75.78947368421052,18.94736842105263,76.194500000000005,1.7184594036433591,0,40.018244488820535,-44.585278833630092,-46.162391152568311,1.5771123191372574,76.195999999999998,1.7184205467918119,0,40.019232629427499,18.924287367745407,13.926790284417937,4.997497083611913,76.194500000000005,1.7184065873245296,0,40.016776030880912,2.4352455891932197,4.571804047206264,-2.136558457747443,0.010527345259965484,-0.28362464774797347
4,2,75.78947368421052,37.89473684210526,76.215000000000003,1.7196217385087598,0,40.08049428286953,0.75575338342592335,-13.823750838058492,14.579504220314108,76.215999999999994,1.7196226737648752,0,40.064354366318454,32.618119414117089,32.340141346804877,0.27797806617029513,76.213499999999996,1.7195886121687849,0,40.057779648452659,47.239504846258818,41.587036855874196,5.6524679892221892,0.011214260512272929,-0.23979212574979636
4,3,75.78947368421052,56.842105263157897,76.1935,1.7184346386588625,0,40.029846260788496,-26.883227857945453,-27.272890272132038,0.38966241176068467,76.193999999999988,1.7184469010535144,0,40.021536392347521,-26.732693461207209,-25.296066421104094,-1.4366270425229324,76.195999999999998,1.7183895417811987,0,40.021462819117886,41.080894866763551,41.596228391537785,-0.51533352722735959,0.011429699157407025,-0.18713630390662206
4,4,75.78947368421052,75.78947368421052,76.129500000000007,1.7147896114839725,0,39.92143491133367,1.1867190811607411,-0.097933753166391718,1.2846528306772984,76.130499999999998,1.7147912198107689,0,39.922444719037131,-9.5906213828597977,-9.225263336951727,-0.3653580495755096,76.126999999999995,1.7147690006415717,0,39.920097543962662,2.1870244871267266,4.4642819884351246,-2.2772575050420509,0.011488772053114627,-0.1321643586285294
4,5,75.78947368421052,94.736842105263165,76.016999999999996,1.7086640172938226,0,39.771295130871373,13.331229597337188,13.666014878509412,-0.33478528611318858,76.022000000000006,1.7086953160593532,0,39.771007934386034,13.405110165293111,13.644578123013208,-0.23946796265443288,76.020499999999998,1.7086949358223802,0,39.770987775992126,28.682228864760482,27.354394054300268,1.3278348054814513,0.011282527105692785,-0.083907852426597693
4,6,75.78947368421052,113.68421052631579,75.873000000000005,1.7002167232734466,0,39.54993979766504,-9.250680387737237,-9.1348953514014397,-0.11578504238294024,75.86699999999999,1.7001704990822666,0,39.547633270791962,41.740520314675621,40.362526175846227,1.3779941328684988,75.867999999999995,1.7001669349568527,0,39.548053738056254,31.931346457867452,31.348431777404524,0.58291467440538292,0.010794894194753404,-0.050147549182029627
4,7,75.78947368421052,132.63157894736841,75.660000000000011,1.6892265741656487,0,39.27862246592062,13.814959025557092,13.12932022920257,0.68563878990984273,75.660499999999999,1.6892366133127279,0,39.278954594659027,-1.2696567698862276,0.011409800243499782,-1.2810665765497922,75.662499999999994,1.6892297182930989,0,39.268784705830406,42.478055915623266,43.781267831094475,-1.3032119219181282,0.010173400924347511,-0.035112555866543375
4,8,75.78947368421052,151.57894736842104,21.699999999999999,0.66018003202653008,0,17.508662113464982,-30.891974583316657,-30.89197458352826,-1.9097873130019893e-12,21.699999999999999,0.66018003202653008,0,17.508662113464982,-30.891974583310979,-30.891974583527759,3.5720096039481654e-12,21.699999999999999,0.66018003202652975,0,17.508662113464982,-30.89197458332066,-30.891974583533241,-3.5720096039481654e-12,-0.0017357986839835464,-0.0035162810463034849
4,9,75.78947368421052,170.52631578947367,17.699999999999999,0.65513082635485009,0,17.520359884060696,32.312990654483322,32.312990653552454,0,17.699999999999999,0.65513082635485009,0,17.520359884060696,32.312990654483322,32.312990653552454,0,17.699999999999999,0.65513082635485009,0,17.520359884060696,32.312990654483322,32.312990653552454,0,-0.0017157952003862458,-0.022485781360288296
4,10,75.78947368421052,189.47368421052633,23.5,0.42514114893241689,0,17.008256535866707,10.610021862343896,10.610021862173127,0,23.5,0.42514114893241689,0,17.008256535866707,10.610021862343896,10.610021862173127,0,23.5,0.42514114893241689,0,17.008256535866707,10.610021862343896,10.610021862173127,0,-0.0016184133659541535,-0.040408387133727422
4,11,75.78947368421052,208.42105263157896,16.25,0.20008462721069289,0,15.206544610924563,30.272577304927314,30.27257730533994,2.1219859033355432e-12,16.25,0.20008462721069289,0,15.206544610924563,30.272577304922489,30.272577305335297,-4.2439718066710871e-13,16.25,0.20008462721069289,0,15.206544610924563,30.272577304927314,30.27257730533994,2.1219859033355432e-12,-0.0013604439781526965,-0.053411155640267834
4,12,75.78947368421052,227.36842105263159,20.100000000000001,-0.070849392193211125,0,12.773730726885589,36.802466811058167,36.802466810821862,0,20.100000000000001,-0.070849392193211125,0,12.773730726885589,36.802466811058167,36.802466810821862,0,20.100000000000001,-0.070849392193211125,0,12.773730726885589,36.802466811058167,36.802466810821862,0,-0.00094293090674926771,-0.059060422259816753
4,13,75.78947368421052,246.31578947368422,21.850000000000001,-0.05171144199490308,0,14.227918472226069,38.85016046320527,38.850160463322069,0,21.850000000000001,-0.05171144199490308,0,14.227918472226069,38.85016046320527,38.850160463322069,0,21.850000000000001,-0.05171144199490308,0,14.227918472226069,38.85016046320527,38.850160463322069,0,-0.00063622697497925525,-0.035883369694199585
4,14,75.78947368421052,265.26315789473682,22.400000000000002,0.34569642457464983,0,15.915133030203394,-36.954751644251836,-36.954751646795195,0,22.400000000000002,0.34569642457464983,0,15.915133030203394,-36.954751644251836,-36.954751646795195,0,22.400000000000002,0.34569642457464983,0,15.915133030203394,-36.954751644251836,-36.954751646795195,0,-0.00051012219221951136,0.0023505247200112378
4,15,75.78947368421052,284.21052631578948,21.699999999999999,0.66019273832477032,0,17.508921930690061,-30.922228488372415,-30.922228491134419,0,21.699999999999999,0.66019273832477032,0,17.508921930690061,-30.922228488372415,-30.922228491134419,0,21.699999999999999,0.66019273832477032,0,17.508921930690061,-30.922228488372415,-30.922228491134419,0,-0.00057980919087770929,0.042884868722516747
4,16,75.78947368421052,303.15789473684208,19,0.73769298594806687,0,18.408467412983892,18.38695988188341,18.386959881355683,-3.3951774453368697e-12,19,0.73769298594806676,0,18.408467412983892,18.386959881886,18.38695988135542,1.6975887226684348e-12,19,0.73769298594806687,0,18.408467412983892,18.38695988188341,18.386959881355683,-3.3951774453368697e-12,-0.00083413045605512919,0.072840252991211246
4,17,75.78947368421052,322.10526315789474,75.855999999999995,1.7001522142909291,0,39.55079160451416,19.306012188890119,17.944616822020116,1.3613953714409728,75.858999999999995,1.7001666738672003,0,39.549762639192096,-6.3879768753490023,-4.5738196213102515,-1.814157249386096,75.858499999999992,1.7001683682671043,0,39.549201915653228,0.88092051492522083,0.074396379617311048,0.80652413990532135,0.00755370818331807,-0.34301071203437949
4,18,75.78947368421052,341.05263157894734,76.019499999999994,1.7086998868743271,0,39.768064642978956,31.718055913451622,31.7350344792664,-0.016978562647448202,76.015500000000003,1.7086829854410472,0,39.769536058756302,39.233588187653659,40.857355310462495,-1.6237671197213324,76.015999999999991,1.7086622200062844,0,39.7651278142446,50.669041972712051,49.948729501602976,0.72031247428490452,0.0086056720445603259,-0.3301355519484202
5,0,94.736842105263165,0,75.927999999999997,1.7038504607780809,0,39.637646887987231,-26.706770691159665,-26.910336868887335,0.20356617870920696,75.921499999999995,1.7038203572259785,0,39.639347881067721,32.732019621076525,31.347953440466622,1.384066181564265,75.9255,1.7038507467675821,0,39.639682956290144,-13.268457152288233,-13.441141439474302,0.1726842881640237,0.009228325453301104,-0.27012371150462205
5,1,94.736842105263165,18.94736842105263,76.023499999999999,1.7087193946426902,0,39.769270435568259,-15.292490953341176,-13.643129211004863,-1.6493617429764267,76.021500000000003,1.708718826033782,0,39.770422707377172,-8.3920421598225872,-9.0340634076762125,0.64202124720952058,76.023499999999999,1.7087297671375725,0,39.767075703080799,-36.613530205197307,-34.18126111612721,-2.4322690897010233,0.010133211195360238,-0.24018787250679219
5,2,94.736842105263165,37.89473684210526,76.0685,1.7111325124386569,0,39.829517211681114,-9.4399702620808039,-9.2411535507514664,-0.19881671348556193,76.066999999999993,1.7111234663800818,0,39.824054305341136,-7.5668174599965443,-9.23484272346737,1.6680252613914919,76.0655,1.7111238691491986,0,39.832923617909287,-0.90764376669952662,0.048921780813709473,-0.9565655495672778,0.010810013322063808,-0.19493913548759043
5,3,94.736842105263165,56.842105263157897,76.070499999999996,1.7111484097565701,0,39.827398713036381,-40.851583226419081,-41.315013131998917,0.46342990200015521,76.066500000000005,1.711152858750727,0,39.831403303872086,-58.636776577882088,-54.821768804297108,-3.8150077771052722,76.066999999999993,1.7111447407909446,0,39.834474691604768,-11.785748922627292,-13.66828704539315,1.8825381192035722,0.011172632932631755,-0.14066548532665404
5,4,94.736842105263165,75.78947368421052,76.018500000000003,1.7086870029500978,0,39.769419326491658,31.846292208084591,31.835080045846425,0.011212157309739247,76.021500000000003,1.708691092126825,0,39.771653037279641,14.00425766653896,13.687824630953948,0.31643303069051149,76.021000000000001,1.7086739369367885,0,39.773528886851047,17.959197702622802,18.18115376603566,-0.22195606828014522,0.01126496881218288,-0.083879450837866451
5,5,94.736842105263165,94.736842105263165,75.938500000000005,1.7039127761866053,0,39.646320994860311,-48.846261896140028,-49.485299192001548,0.63903728962006279,75.936499999999995,1.7039053457636817,0,39.648134895892909,-34.516458748740611,-36.102062307867975,1.5856035529429335,75.9345,1.703874923551818,0,39.641604953290816,-25.890421092720764,-22.548425286991741,-3.3419958119833368,0.011058515802022089,-0.034336989511550557
5,6,94.736842105263165,113.68421052631579,75.805500000000009,1.6966287985163384,0,39.459788918172379,-20.531301655270902,-17.829688511003454,-2.7016131505845586,75.80449999999999,1.6966265482726917,0,39.457593546514481,-7.4720594890251499,-8.982110903240212,1.5100514079021303,75.80449999999999,1.6966385677077676,0,39.46211247171567,-30.103702229881417,-31.225762389850285,1.1220601536232253,0.010597687565795518,0.0014729850746066503
5,7,94.736842105263165,132.63157894736841,75.629000000000005,1.6869490581855993,0,39.218576207551308,6.3147681166801508,4.4411336199523408,1.8736344903618207,75.629999999999995,1.6869609023390102,0,39.220369520653676,-5.4756827765999256,-4.3685427952516704,-1.1071399877542787,75.630499999999998,1.6869645750439073,0,39.219396703479141,14.008428535164251,13.201724219441825,0.80670430930493831,0.0099904036931497686,0.018781731008876673
5,8,94.736842105263165,151.57894736842104,26.130500000000001,0.5344121694391365,0,19.461917216948393,34.629946041470795,34.639344634480111,-0.0093985938034942228,26.130500000000001,0.53441251699260139,0,19.461917778791143,34.628542703532943,34.63912082555499,-0.010578122846810437,26.130500000000001,0.53441191963399348,0,19.461917768560969,34.630857577762811,34.639341894676704,-0.0084843176739616225,-0.0013995223687480987,0.011202248931542327
5,9,94.736842105263165,170.52631578947367,22.400000000000002,0.34610430391073277,0,15.917353947823665,37.109864209110413,37.109864208875884,-1.768321586112953e-12,22.400000000000002,0.34610430391073277,0,15.917353947823665,37.109864209107755,37.109864208873674,-3.4659103087813876e-12,22.400000000000002,0.34610430391073271,0,15.917353947823665,37.109864209112722,37.109864208875514,2.0512530398910256e-12,-0.001567980079680429,-0.014299977720954704
5,10,94.736842105263165,189.47368421052633,15.85,0.21605036110472547,0,14.641323637384517,-28.240679995782415,-28.240679996212258,0,15.85,0.21605036110472547,0,14.641323637384517,-28.240679995782415,-28.240679996212258,0,15.85,0.21605036110472547,0,14.641323637384517,-28.240679995782415,-28.240679996212258,0,-0.0014444588866582455,-0.011416534430307691
5,11,94.736842105263165,208.42105263157896,0.44999999999999996,0.10018002595689972,0,12.995366324959942,0.012057450480657523,0.01205745054138767,0,0.44999999999999996,0.10018002595689972,0,12.995366324959942,0.012057450480657523,0.01205745054138767,0,0.44999999999999996,0.10018002595689972,0,12.995366324959942,0.012057450480657523,0.01205745054138767,0,-0.0012771596300499035,-0.013983966096865788
5,12,94.736842105263165,227.36842105263159,0,-0.091861534522313743,0.75323748254096479,11.332126627974468,5.4231987937764639e-05,5.4232157731459233e-05,0,0,-0.091861534522313743,0.75323748254096479,11.332126627974468,5.4231987937764639e-05,5.4232157731459233e-05,0,0,-0.091861534522313743,0.75323748254096479,11.332126627974468,5.4231987937764639e-05,5.4232157731459233e-05,0,-0.0010120321641480766,-0.035135559899649491
5,13,94.736842105263165,246.31578947368422,10.949999999999999,-0.2877007000950042,0,12.415224649799208,17.851746880794085,17.851746881066443,-6.9848702651461636e-13,10.949999999999999,-0.28770070009500426,0,12.415224649799208,17.851746880796494,17.851746881067186,3.8903074894484968e-13,10.949999999999999,-0.2877007000950042,0,12.415224649799208,17.851746880794085,17.851746881066443,-6.9848702651461636e-13,-0.00064831898514203083,-0.03126289189418708
5,14,94.736842105263165,265.26315789473682,15.9,0.21612776026878611,0,14.642843617378169,-28.639488519738393,-28.639488520467172,0,15.9,0.21612776026878611,0,14.642843617378169,-28.639488519738393,-28.639488520467172,0,15.9,0.21612776026878611,0,14.642843617378169,-28.639488519738393,-28.639488520467172,0,-0.00038997095128924584,0.012783990436384368
5,15,94.736842105263165,284.21052631578948,17.699999999999999,0.65513014264917435,0,17.520648261816596,32.334154387420767,32.334154383014393,2.8293145377807249e-13,17.699999999999999,0.65513014264917435,0,17.520648261816596,32.334154387420732,32.334154383014678,0,17.699999999999999,0.65513014264917435,0,17.520648261816596,32.334154387420767,32.334154383014393,2.8293145377807249e-13,-0.00044793035653741486,0.069622989389091006
5,16,94.736842105263165,303.15789473684208,22.350000000000001,0.86630488168309128,0,20.083308681293595,35.850374425928024,35.850374425624054,0,22.350000000000001,0.8663048816830915,0,20.083308681293595,35.850374425928024,35.850374425624054,0,22.350000000000001,0.8663048816830915,0,20.083308681293595,35.850374425928024,35.850374425624054,0,-0.00074814308641373548,0.11381020489731922
5,17,94.736842105263165,322.10526315789474,24.550000000000001,0.9613602086490749,0,21.308368886399727,-34.836544688183544,-34.836544685322679,0,24.550000000000001,0.9613602086490749,0,21.308368886399727,-34.836544688183544,-34.836544685322679,0,24.550000000000001,0.9613602086490749,0,21.308368886399727,-34.836544688183544,-34.836544685322679,0,-0.0011419658095519146,0.12857791335616681
5,18,94.736842105263165,341.05263157894734,75.760999999999996,1.6959370935104154,0,39.437659128638927,48.650509479267782,48.111250898354321,0.53925858340244304,75.760499999999993,1.6959468017507227,0,39.438623334140466,41.825358875691634,43.893677540048699,-2.0683186618386658,75.763000000000005,1.6959788557340416,0,39.432701183453631,-21.542542984056119,-21.978935547938338,0.43639256646005048,0.0082351037217742191,-0.28946597995975765
6,0,113.68421052631579,0,75.589500000000001,1.6875572283939828,0,39.228102750220124,12.177845783452351,12.897344642764619,-0.7194988588792528,75.591499999999996,1.6875831258160841,0,39.226593629525588,-15.933672652754193,-16.977808423482404,1.0441357712076695,75.590500000000006,1.6875734962963889,0,39.224482331818443,-9.8987485671612898,-12.744300739843752,2.8455521731935542,0.0086444195185584015,-0.24433288745222426
6,1,113.68421052631579,18.94736842105263,75.763000000000005,1.6959948681015515,0,39.43674202660452,-16.372837888198443,-17.384394569099516,1.0115566796566331,75.761499999999998,1.6959731349244411,0,39.437332827769339,-7.4258091951266447,-8.6111146817197177,1.1853054853512994,75.762500000000003,1.6959806809096938,0,39.436482925267839,-1.1415623657394569,0.058727819015849184,-1.2002901860600159,0.0095560595931318219,-0.21200764656963689
6,2,113.68421052631579,37.89473684210526,75.860500000000002,1.7001808867914214,0,39.549187168734512,-27.12220494678439,-26.730942475166607,-0.39126247445091128,75.864000000000004,1.700235374637062,0,39.550038968820125,-57.821853980496748,-57.965100136204356,0.14324615283898506,75.858499999999992,1.7001780611876358,0,39.549993254297974,-22.209462227836475,-22.221207392018535,0.011745161221444934,0.010274464194834194,-0.16479347475771081
6,3,113.68421052631579,56.842105263157897,75.893500000000003,1.7013992118233536,0,39.578671039688487,5.6137753169236531,4.7016988652202247,0.91207644730328064,75.888000000000005,1.7014212507228337,0,39.581469476503884,-41.075601249471525,-40.512170212686875,-0.56343104127626875,75.893000000000001,1.7014186334529315,0,39.581035781920271,-22.525751912263893,-22.373028392776572,-0.15272352398249353,0.010672184652919473,-0.10863254355062654
6,4,113.68421052631579,75.78947368421052,75.866,1.7001514980257422,0,39.550113472452622,53.194305320679959,53.868100385473262,-0.67379507081116841,75.869,1.7001910844878438,0,39.551652098144146,32.198108232520518,31.360932096109199,0.83717613040428496,75.870499999999993,1.7002061410831621,0,39.555244031075333,1.6670997882904357,0.0037722377030610542,1.6633275446504556,0.010788419777912561,-0.050087066469200178
6,5,113.68421052631579,94.736842105263165,75.80449999999999,1.6966094607631446,0,39.461018686574704,16.978597003683898,17.952313311972805,-0.97371631471276787,75.804000000000002,1.6966054924524088,0,39.465761591500893,17.593900026925908,18.116190562841563,-0.5222905422950278,75.805999999999997,1.6966409825032212,0,39.465645734980832,-26.78335759542983,-26.776591693110564,-0.0067659086737348875,0.01059880197976387,0.0012793104828231067
6,6,113.68421052631579,113.68421052631579,75.697000000000003,1.6906463622241585,0,39.307898711565215,26.593123140614786,26.419048130225111,0.17407500394701525,75.695000000000007,1.6906108220267326,0,39.312323238517379,56.651063246762057,57.489324585804368,-0.83826134538423225,75.698499999999996,1.6906525347633259,0,39.308289780210451,23.746744021564165,22.16084030771821,1.5859037074307878,0.010151904967225603,0.039040450412231503
6,7,113.68421052631579,132.63157894736841,75.543999999999997,1.6823196050853693,0,39.102779845316874,-29.651380445016304,-30.468018413916699,0.81663796248913967,75.545000000000002,1.6822969044732146,0,39.096976753869875,-15.768691732239517,-17.218731238426766,1.4500394997471191,75.543999999999997,1.6822988842192355,0,39.102098582455909,-5.5347364672720563,-4.2862224564552394,-1.248514017296394,0.0095686516951567369,0.059051943791050041
6,8,113.68421052631579,151.57894736842104,36.181000000000004,0.67263735960598559,0,24.365828055618316,-595.30788710554862,-2.5928294610618998,-592.71505764610686,35.634500000000003,0.66445355402841488,0,24.332743311917632,155.15840278096292,1.8542579005768514,153.30414487888265,35.374000000000002,0.6549936375063925,0,24.364220794338198,84.617173051715611,-1.0170562999021215,85.634229350107788,-0.0012071351735980431,0.043788771093509704
6,9,113.68421052631579,170.52631578947367,27.379999999999999,0.15966456368234411,0,16.631686686303745,27.287374449186363,-10.55924270101338,37.846617149392642,27.350000000000001,0.16192290311797827,0,16.631811380598343,-16.543800705758912,-16.124737038293365,-0.41906366834195058,27.350000000000001,0.16191661359266402,0,16.631830197501863,-16.721240973716196,-16.683648294375384,-0.037592680195827954,-0.0014245607749148671,-0.0084091890845799933
6,10,113.68421052631579,189.47368421052633,21.899999999999999,-0.052087235714638143,0,14.226238837353025,-38.838659656648375,-38.838659656508312,0,21.899999999999999,-0.052087235714638143,0,14.226238837353025,-38.838659656648375,-38.838659656508312,0,21.899999999999999,-0.052087235714638143,0,14.226238837353025,-38.838659656648375,-38.838659656508312,0,-0.0013912597201151205,-0.019583418131897325
6,11,113.68421052631579,208.42105263157896,10.949999999999999,-0.28799718375674643,0,12.414540751333547,-17.755141378615228,-17.755141378592601,-3.536643172225906e-13,10.949999999999999,-0.28799718375674632,0,12.414540751333547,-17.755141378615257,-17.755141378592231,-4.2439718066710871e-13,10.949999999999999,-0.28799718375674643,0,12.414540751333547,-17.755141378615228,-17.755141378592601,-3.536643172225906e-13,-0.0012193152454577727,0.013067619054753565
6,12,113.68421052631579,227.36842105263159,0,-0.27297370183315123,2.8822089570202265,9.462121774859968,1.0113387218038163e-05,1.0113532287876495e-05,0,0,-0.27297370183315123,2.8822089570202265,9.462121774859968,1.0113387218038163e-05,1.0113532287876495e-05,0,0,-0.27297370183315123,2.8822089570202265,9.462121774859968,1.0113387218038163e-05,1.0113532287876495e-05,0,-0.0009380352837369875,0.00060758161507830019
6,13,113.68421052631579,246.31578947368422,0,-0.27297370121568326,2.8821941524400385,9.4621236284682961,-1.1500794131127928e-07,-1.1492301660611325e-07,0,0,-0.27297370121568326,2.8821941524400385,9.4621236284682961,-1.1500794131127928e-07,-1.1492301660611325e-07,0,0,-0.27297370121568326,2.8821941524400385,9.4621236284682961,-1.1500794131127928e-07,-1.1492301660611325e-07,0,-0.00061580508324381546,0.0015379303494594257
6,14,113.68421052631579,265.26315789473682,0.44999999999999996,0.10017990855626681,0,12.995369822794082,-0.0063662031689875808,-0.0063662027477442594,2.1219859033355436e-13,0.44999999999999996,0.10017990855626678,0,12.995369822794082,-0.0063662031689649462,-0.0063662027482958442,1.4146572688903625e-13,0.44999999999999996,0.10017990855626681,0,12.995369822794082,-0.0063662031689875808,-0.0063662027477442594,2.1219859033355436e-13,-0.00036766521326931127,0.028548512456094584
6,15,113.68421052631579,284.21052631578948,23.5,0.4251350518925488,0,17.008507049696394,10.551393847653278,10.551393844609214,0,23.5,0.4251350518925488,0,17.008507049696394,10.551393847653278,10.551393844609214,0,23.5,0.4251350518925488,0,17.008507049696394,10.551393847653278,10.551393844609214,0,-0.00042869012772753571,0.092167193061794495
6,16,113.68421052631579,303.15789473684208,28.549999999999997,0.70584565360179519,0,19.299536965762165,54.790967846137065,54.790967842868127,1.0338315321050768e-09,28.549999999999997,0.70584565360179419,0,19.29953696575614,54.790967845102308,54.790967842848744,0,28.549999999999997,0.70584565360179419,0,19.29953696575614,54.790967845102308,54.790967842848744,0,-0.00076401114548323385,0.12810250253534908
6,17,113.68421052631579,322.10526315789474,27.950000000000003,0.90178103962505218,0,20.846928460013171,45.652993082123643,45.652994529208847,-1.4474592099155768e-06,27.950000000000003,0.90178103962558531,0,20.846928452495579,45.652994535544586,45.652994534632171,0,27.950000000000003,0.90178103962558531,0,20.846928452495579,45.652994535544586,45.652994534632171,0,-0.0011683812713452627,0.140525027165049
6,18,113.68421052631579,341.05263157894734,21.099999999999998,1.0119267890624297,0,21.789122212275146,-25.790126481492763,-25.790126482966947,-8.4879436133421742e-13,21.099999999999998,1.0119267890624302,0,21.789122212275146,-25.790126481491317,-25.790126482966635,-5.6586290755614498e-13,21.099999999999998,1.0119267890624297,0,21.789122212275146,-25.790126481492763,-25.790126482966947,-8.4879436133421742e-13,-0.0015832808133483666,0.12987712422003467
7,0,132.63157894736841,0,24.25,1.0119342380706116,0,21.441685838381712,-30.125616011194836,-30.125616012994467,4.0006507564219447e-10,24.25,1.0119342380706122,0,21.441685838380138,-30.125616011647761,-30.125616013049292,0,24.25,1.0119342380706122,0,21.441685838380138,-30.125616011647761,-30.125616013049292,0,-0.0019326229095793378,0.08406524753058893
7,1,132.63157894736841,18.94736842105263,21.050000000000001,1.0119370457353158,0,21.78970225048003,25.698521312059928,25.698521310171888,0,21.050000000000001,1.0119370457353158,0,21.78970225048003,25.698521312059928,25.698521310171888,0,21.050000000000001,1.0119370457353158,0,21.78970225048003,25.698521312059928,25.698521310171888,0,-0.0020814134141981912,0.052294237776990493
7,2,132.63157894736841,37.89473684210526,24.550000000000001,0.96136294362766239,0,21.309447131599448,-7.7244741700198656,-7.7244741745059571,0,24.550000000000001,0.96136294362766239,0,21.309447131599448,-7.7244741700198656,-7.7244741745059571,0,24.550000000000001,0.96136294362766239,0,21.309447131599448,-7.7244741700198656,-7.7244741745059571,0,-0.0020929149494583808,0.024332305972785441
7,3,132.63157894736841,56.842105263157897,75.634,1.6886958721567848,0,39.254125734819034,1.5546532769675836,4.3606906047835636,-2.8060373330411821,75.629999999999995,1.6886689304243967,0,39.252209549572292,10.09383142195116,8.6659533583036392,1.4278780584571127,75.633499999999998,1.6886553115549754,0,39.254014014742495,50.110482400308214,52.069549489189185,-1.9590670939731578,0.010037978287199042,-0.095689442860756424
7,4,132.63157894736841,75.78947368421052,75.662499999999994,1.6892367709564067,0,39.267948953709748,30.155588536910976,30.561649276278928,-0.40606074577597406,75.660499999999999,1.6892521774747022,0,39.277541119428967,26.205434949820795,26.473000580632782,-0.26756563726502008,75.662499999999994,1.6892382209509913,0,39.271994015512952,9.7999147541274958,8.6542503850468862,1.1456643626925584,0.010162920355126582,-0.035014700029364951
7,5,132.63157894736841,94.736842105263165,75.634500000000003,1.6869755358664613,0,39.221402840085887,-28.128072503720176,-26.177792780422994,-1.9502797297643937,75.632500000000007,1.6869733167124472,0,39.21854333409815,-40.525714693465204,-39.400397369647237,-1.1253173302306703,75.635499999999993,1.6870010684961796,0,39.225282116756091,-52.758508301953455,-52.551255093383546,-0.20725321497786889,0.0099824552010098332,0.018723658964265116
7,6,132.63157894736841,113.68421052631579,75.546999999999997,1.6823039890810803,0,39.102852959735088,-6.0372429390609073,-8.5539234223849085,2.5166804768148525,75.545000000000002,1.6823196154961522,0,39.10267295420288,-25.559864077958103,-26.182776157353473,0.6229120729490083,75.546500000000009,1.6823134746519621,0,39.099276101882602,-7.216587195717409,-8.6604149430871207,1.4438277409192979,0.0095796830872728576,0.059005286153331775
7,7,132.63157894736841,132.63157894736841,75.418999999999997,1.6753280701029911,0,38.921370679685388,-44.259037013554718,-43.245849096516679,-1.0131879235421426,75.420000000000002,1.6753129753716762,0,38.921859966530668,-33.425455846318407,-34.727766456544323,1.3023106036524379,75.418999999999997,1.675300595232188,0,38.922212346640926,-5.7994614528126451,-4.4883572671914926,-1.311104192132428,0.0089923409382919126,0.081521597369994148
7,8,132.63157894736841,151.57894736842104,75.238,1.6659135364161293,0,38.690327827432533,-48.334935800455817,-46.989745256335546,-1.3451905506846737,75.241,1.6659446794945285,0,38.690195407292649,-63.425633425354079,-63.817085394974882,0.39145196309711461,75.238500000000002,1.6659330992061954,0,38.683571835842528,-69.061806526026359,-68.224934378469086,-0.83687215411007687,0.0083187117772090327,0.094000288829100873
7,9,132.63157894736841,170.52631578947367,22.600000000000001,0.63956748589972701,0,19.368877298686829,-38.738490438049226,-38.738490440126306,0,22.600000000000001,0.63956748589972701,0,19.368877298686829,-38.738490438049226,-38.738490440126306,0,22.600000000000001,0.63956748589972701,0,19.368877298686829,-38.738490438049226,-38.738490440126306,0,-0.00090434076704192683,0.027856405464874626
7,10,132.63157894736841,189.47368421052633,26.709,-0.078806835475306675,0,13.87731876072743,29.962497674579577,30.153572553536101,-0.19107488074266721,26.709,-0.078807204923859633,0,13.877317000192299,30.084799916625048,30.152585915079531,-0.06778600021764021,26.708500000000001,-0.078806034098867453,0,13.877318111358651,31.099167929025214,31.106722677642864,-0.0075547504089005513,-0.0012458563860526103,-0.05954724672611518
7,11,132.63157894736841,208.42105263157896,20.100000000000001,-0.071145486927508453,0,12.770610714869845,-36.269858165929364,-36.26985816511759,0,20.100000000000001,-0.071145486927508453,0,12.770610714869845,-36.269858165929364,-36.26985816511759,0,20.100000000000001,-0.071145486927508453,0,12.770610714869845,-36.269858165929364,-36.26985816511759,0,-0.0012432253301786164,-0.02113575072912699
7,12,132.63157894736841,227.36842105263159,0,-0.091861534577383136,0.7532345499746993,11.332128406630357,3.2217267093494653e-07,3.2233389833568409e-07,0,0,-0.091861534577383136,0.7532345499746993,11.332128406630357,3.2217267093494653e-07,3.2233389833568409e-07,0,0,-0.091861534577383136,0.7532345499746993,11.332128406630357,3.2217267093494653e-07,3.2233389833568409e-07,0,-0.0010238021499558146,0.023285482988181883
7,13,132.63157894736841,246.31578947368422,0,-0.27297370156620554,2.8821995391485187,9.462113815576469,-9.9060697089116875e-06,-9.9059829664807496e-06,0,0,-0.27297370156620554,2.8821995391485187,9.462113815576469,-9.9060697089116875e-06,-9.9059829664807496e-06,0,0,-0.27297370156620554,2.8821995391485187,9.462113815576469,-9.9060697089116875e-06,-9.9059829664807496e-06,0,-0.00070157194946264545,0.02421583172256336
7,14,132.63157894736841,265.26315789473682,0,-0.091861534499592279,0.75323673802736879,11.332127029894487,-5.3873798179819579e-05,-5.3873845033268326e-05,0,0,-0.091861534499592279,0.75323673802736879,11.332127029894487,-5.3873798179819579e-05,-5.3873845033268326e-05,0,0,-0.091861534499592279,0.75323673802736879,11.332127029894487,-5.3873798179819579e-05,-5.3873845033268326e-05,0,-0.00045343214932452511,0.051225498963677951
7,15,132.63157894736841,284.21052631578948,16.25,0.20007129598378159,0,15.206654086760198,30.278814724528484,30.278814724534953,0,16.25,0.20007129598378159,0,15.206654086760198,30.278814724528484,30.278814724534953,0,16.25,0.20007129598378159,0,15.206654086760198,30.278814724528484,30.278814724534953,0,-0.00054052460081694255,0.095233724261023028
7,16,132.63157894736841,303.15789473684208,21.699999999999999,0.48645124927395322,0,17.447364485690482,-39.176751774819977,-39.176751776717786,0,21.699999999999999,0.48645124927395322,0,17.447364485690482,-39.176751774819977,-39.176751776717786,0,21.699999999999999,0.48645124927395322,0,17.447364485690482,-39.176751774819977,-39.176751776717786,0,-0.00087791945578752568,0.12090550094089869
7,17,132.63157894736841,322.10526315789474,24.399999999999999,0.73590809314695838,0,19.200528084649008,39.634800506307407,39.634800496011231,7.9339638268447076e-09,24.399999999999999,0.73590809314695838,0,19.200528084610617,39.634800498259239,39.634800495895774,0,24.399999999999999,0.73590809314695838,0,19.200528084610617,39.634800498259239,39.634800495895774,0,-0.0012606670600639799,0.12678321092697387
7,18,132.63157894736841,341.05263157894734,25.350000000000001,0.91367557210410311,0,20.539959383995779,-35.364457181909522,-35.36455726859576,0.00010008436428698102,25.350000000000001,0.91367557210984884,0,20.539958770270559,-35.36455716674768,-35.364557169499129,0,25.350000000000001,0.91367557210984884,0,20.539958770270559,-35.36455716674768,-35.364557169499129,0,-0.0016346317773358024,0.11396045589074739
8,0,151.57894736842104,0,31.916,0.78454289501262409,0,22.289897080863682,3.6000123261082035,8.3180157120939562,-4.7180033900142844,31.949999999999999,0.78482493054116043,0,22.289976754960236,11.755083953911303,11.760324142931818,-0.0052401931019008998,31.949999999999999,0.78482630415767018,0,22.289964877354382,11.963663233432065,11.943309798680126,0.020353430659496023,-0.0015615709224055508,0.035651068225693458
8,1,151.57894736842104,18.94736842105263,25.350000000000001,0.91361274042246698,0,20.540356745174133,35.572252639270644,35.57330872301435,-0.0010560841311209887,25.350000000000001,0.91361273981446234,0,20.540349843860284,35.573310276079205,35.573310275577903,0,25.350000000000001,0.91361273981446234,0,20.540349843860284,35.573310276079205,35.573310275577903,0,-0.0020137042625778595,0.025902760342684225
8,2,151.57894736842104,37.89473684210526,28.000000000000004,0.901705244774194,0,20.846494718019621,-45.686470907924281,-45.686470838735623,-7.2238058778617461e-08,28.000000000000004,0.90170524477398895,0,20.846494716337638,-45.686470837857158,-45.686470840953277,0,28.000000000000004,0.90170524477398895,0,20.846494716337638,-45.686470837857158,-45.686470840953277,0,-0.0020621839193272562,0.0068471861401104214
8,3,151.57894736842104,56.842105263157897,22.400000000000002,0.86628716542062023,0,20.084299725808364,36.094679110083128,36.094679108657083,0,22.400000000000002,0.86628716542062023,0,20.084299725808364,36.094679110083128,36.094679108657083,0,22.400000000000002,0.86628716542062023,0,20.084299725808364,36.094679110083128,36.094679108657083,0,-0.0019856397530125672,-0.010454835338896119
8,4,151.57894736842104,75.78947368421052,21.699999999999999,0.66018003202653031,0,17.508662113464982,-30.891974583313146,-30.891974583557722,1.4146572688903624e-12,21.699999999999999,0.66018003202653008,0,17.508662113464982,-30.891974583319612,-30.891974583562281,-2.5110166522803932e-12,21.699999999999999,0.66018003202652997,0,17.508662113464982,-30.89197458332043,-30.891974583562398,-1.2024586785568079e-12,-0.0017357986839835516,-0.0035162810463038457
8,5,151.57894736842104,94.736842105263165,26.130500000000001,0.53441216943913705,0,19.461917216948386,34.629946041449749,34.639344634459697,-0.0093985938146700174,26.130500000000001,0.53441251699260039,0,19.461917778791069,34.628542703580287,34.639120825563907,-0.01057812285551058,26.130500000000001,0.53441191963398793,0,19.461917768560877,34.63085757784215,34.639341894645774,-0.0084843176697883826,-0.0013995223687481143,0.011202248931541453
8,6,151.57894736842104,113.68421052631579,35.820500000000003,0.66808540914525272,0,24.347255651292421,101.35538833460933,-0.4354105219028736,101.79079885492445,36.529000000000003,0.67140906622184082,0,24.361459547544218,74.661571305862267,-1.2886209816007885,75.950192285910461,35.894500000000001,0.66210552006529166,0,24.353656200347679,103.66220511629653,-11.885205687085978,115.54741080180992,-0.0015794197468255446,-0.022735758757919611
8,7,151.57894736842104,132.63157894736841,75.244,1.6659108933997524,0,38.696327462331155,-1.7773287178851886,0.12808824570154345,-1.9054169701778407,75.239999999999995,1.6658992150611509,0,38.694895551833341,-11.396138117613408,-8.5202996719724808,-2.8758384522060885,75.237499999999997,1.6658997962104991,0,38.689152333459347,-24.085603281382397,-25.685167568001805,1.5995642799573113,0.0083155704518776685,0.093901325239056574
8,8,151.57894736842104,151.57894736842104,75.082499999999996,1.6579683547455262,0,38.596385478794048,38.835324402190295,25.203076189006012,13.632248206579977,75.080500000000001,1.6579342344975447,0,38.493595013577092,54.029873001744242,54.587190082154038,-0.55731708704154725,75.087499999999991,1.6579740823536233,0,38.495967154869149,38.832885416351445,37.970527354196086,0.86235805561510537,0.0076632239725108603,0.10994672470391734
8,9,151.57894736842104,170.52631578947367,38.206000000000003,0.61753916249761853,0,23.566800661411296,-1844.8170962973691,7.4286114624701156,-1852.24570776327,37.769999999999996,0.58397299678769266,0,23.589989641922617,-1545.2051990749303,2.2804415287772768,-1547.4856406070883,38.015500000000003,0.62320148757721017,0,23.529285206247266,772.2182906788928,-1.5357867426710716,773.7540774180768,-0.00059377650345125807,-0.14549509317088757
8,10,151.57894736842104,189.47368421052633,24.824999999999999,0.45021190551080043,0,18.62405801770138,-38.065810206979087,-38.065810209510808,0,24.824999999999999,0.45021190551080043,0,18.62405801770138,-38.065810206979087,-38.065810209510808,0,24.824999999999999,0.45021190551080043,0,18.62405801770138,-38.065810206979087,-38.065810209510808,0,-0.0010030763079295968,0.023499442369441043
8,11,151.57894736842104,208.42105263157896,24.899999999999999,0.13638159590541987,0,15.009010327489255,-45.071763684752071,-45.071771173630793,7.4869594327606439e-06,24.899999999999999,0.13638159595027183,0,15.009010303286665,-45.07177115609327,-45.071771158072778,0,24.899999999999999,0.13638159595027183,0,15.009010303286665,-45.07177115609327,-45.071771158072778,0,-0.0010076991855932054,-0.069413658315625154
8,12,151.57894736842104,227.36842105263159,16.25,0.20011119754155129,0,15.206325412988432,30.260213621747116,30.26021362202528,0,16.25,0.20011119754155129,0,15.206325412988432,30.260213621747116,30.26021362202528,0,16.25,0.20011119754155129,0,15.206325412988432,30.260213621747116,30.26021362202528,0,-0.0011346214762573514,-0.0084854317170904199
8,13,151.57894736842104,246.31578947368422,0.44999999999999996,0.10018002308145439,0,12.995372943563456,0.011164496432708166,0.011164496349064922,0,0.44999999999999996,0.10018002308145439,0,12.995372943563456,0.011164496432708166,0.011164496349064922,0,0.44999999999999996,0.10018002308145439,0,12.995372943563456,0.011164496432708166,0.011164496349064922,0,-0.00086271459491220229,0.030338004279714573
8,14,151.57894736842104,265.26315789473682,10.949999999999999,-0.28802227477422293,0,12.414238776697053,-17.622415636710972,-17.622415635636113,0,10.949999999999999,-0.28802227477422293,0,12.414238776697053,-17.622415636710972,-17.622415635636113,0,10.949999999999999,-0.28802227477422293,0,12.414238776697053,-17.622415636710972,-17.622415635636113,0,-0.00064655057179518896,0.05564492470335787
8,15,151.57894736842104,284.21052631578948,20.100000000000001,-0.070833660470522447,0,12.774059469896724,36.914708201122281,36.914708199883094,0,20.100000000000001,-0.070833660470522447,0,12.774059469896724,36.914708201122281,36.914708199883094,0,20.100000000000001,-0.070833660470522447,0,12.774059469896724,36.914708201122281,36.914708199883094,0,-0.00074617580986366741,0.082919356862784704
8,16,151.57894736842104,303.15789473684208,24.899999999999999,0.13639868248018916,0,15.008898594409212,-44.796558920766778,-44.796560950035925,2.0265010645887045e-06,24.899999999999999,0.1363986824743238,0,15.008898582207557,-44.796560947993214,-44.796560950763187,0,24.899999999999999,0.1363986824743238,0,15.008898582207557,-44.796560947993214,-44.796560950763187,0,-0.00097758065570366956,0.098109043000956048
8,17,151.57894736842104,322.10526315789474,27.688000000000002,0.36933010443114828,0,17.504071532822771,67.488620779998342,0.92240240175042343,66.566218374871852,27.574999999999999,0.37868449141531313,0,17.905886113441561,17.031652306456255,16.677475643436672,0.3541766596068181,27.578500000000002,0.37824628780765596,0,17.905649941240704,24.951245924275966,9.2437528799532434,15.707493040938054,-0.0012662513716569402,0.11460732613436787
8,18,151.57894736842104,341.05263157894734,32.274999999999999,0.67261286465758663,0,21.968588499184307,-7.949547989640716,-7.9446541898337069,-0.0048938022305968039,32.274999999999999,0.67260856117779133,0,21.96857660261589,-8.4760119290449278,-8.4185696580783933,-0.057442273384372522,32.274999999999999,0.67260306407599857,0,21.968578979545502,-9.8394089383312142,-10.359317313237325,0.51990837242987753,-0.0012061671791249913,0.051617768757028629
9,0,170.52631578947367,0,45.499000000000002,0.76459273063854671,0,23.554316980026385,9.3530912523948242,9.5022493488296469,-0.1491580990516059,45.4985,0.76460137079417756,0,23.5540249068695,10.297603485987826,8.918868724305602,1.3787347590032202,45.497999999999998,0.76460481082032483,0,23.555289664558206,10.922760101687679,9.502957341856817,1.4198027570894354,-0.00084093143394401923,0.097969749817370708
9,1,170.52631578947367,18.94736842105263,32.2605,0.67252296856837157,0,21.965685285191675,36.891976925428274,36.842823887473806,0.049153034073985379,32.261000000000003,0.67252318835272107,0,21.965650379228119,36.892395844085556,36.842240565405262,0.050155274781587759,32.259999999999998,0.67252550836714664,0,21.96569320340301,36.91199705050839,36.839320265074839,0.072676781570431573,-0.0013377962463022933,-0.0014529110847683324
9,2,170.52631578947367,37.89473684210526,24.399999999999999,0.73588519579768785,0,19.200357712313842,-39.5989947599356,-39.598994753392262,-7.4224944912773985e-09,24.399999999999999,0.73588519579766887,0,19.200357712282631,-39.598994752539717,-39.598994753513345,0,24.399999999999999,0.73588519579766887,0,19.200357712282631,-39.598994752539717,-39.598994753513345,0,-0.0018853261765174926,-0.021355147722819261
9,3,170.52631578947367,56.842105263157897,28.549999999999997,0.70581659586263079,0,19.297783568811589,-54.375861837235448,-54.375861837602876,-6.8352260509213562e-11,28.549999999999997,0.70581659586263124,0,19.297783568810214,-54.375861837146559,-54.375861837600588,8.6205677323006464e-14,28.549999999999997,0.70581659586263124,0,19.297783568810214,-54.375861837146914,-54.375861837602514,-8.6205677323006464e-14,-0.0018842188690923116,-0.028107331669062756
9,4,170.52631578947367,75.78947368421052,17.699999999999999,0.65513082635485009,0,17.520359884060696,32.312990654423821,32.312990653499213,0,17.699999999999999,0.65513082635485009,0,17.520359884060696,32.312990654423821,32.312990653499213,0,17.699999999999999,0.65513082635485009,0,17.520359884060696,32.312990654423821,32.312990653499213,0,-0.0017157952003862454,-0.022485781360288247
9,5,170.52631578947367,94.736842105263165,22.400000000000002,0.34610430391073316,0,15.917353947823671,37.109864209151276,37.109864208856862,4.3147046701156044e-12,22.400000000000002,0.34610430391073305,0,15.917353947823671,37.109864209140383,37.109864208854773,-1.4146572688903624e-12,22.400000000000002,0.34610430391073316,0,15.917353947823671,37.109864209146259,37.109864208856493,1.4146572688903625e-13,-0.0015679800796804303,-0.014299977720955044
9,6,170.52631578947367,113.68421052631579,27.3795,0.15966682266976556,0,16.63158029504952,27.460131674666716,-10.559849381787485,38.019981055557459,27.350000000000001,0.16188454505343633,0,16.631790931914878,-18.255144341483664,-18.348778962787893,0.093634620500443619,27.350000000000001,0.16190385556705553,0,16.631771499451201,-17.387117116162042,-17.23665644023292,-0.15046067680646097,-0.0014245955254001783,-0.0083710581526457023
9,7,170.52631578947367,132.63157894736841,22.600000000000001,0.63956748589972656,0,19.368877298686826,-38.738490438111626,-38.738490440179795,0,22.600000000000001,0.63956748589972656,0,19.368877298686826,-38.738490438111626,-38.738490440179795,0,22.600000000000001,0.63956748589972656,0,19.368877298686826,-38.738490438111626,-38.738490440179795,0,-0.00090434076704192727,0.027856405464874549
9,8,170.52631578947367,151.57894736842104,38.167000000000002,0.6080146272635959,0,23.468235875086346,-1006.4068927439738,-0.15290698520219292,-1006.2539857622504,37.458500000000001,0.57424669487082414,0,23.526130993006735,-1199.0151333692577,-7.8795372961475625,-1191.1355960766384,37.208000000000006,0.56251499708104824,0,23.570321969815797,2045.9286723876921,-3.5598377410283257,2049.4885101251953,-0.0011896914112433138,-0.069884544032744828
9,9,170.52631578947367,170.52631578947367,37.649999999999999,0.57060067170214812,0,23.353318860390345,-287.60905720202493,-4.3097242472328414,-283.2993329587008,38.737000000000002,0.62394502753975645,0,23.215736038545867,-1297.2321212061254,9.4966186614784576,-1306.7287398713497,38.263999999999996,0.59670513698808636,0,23.360445091009595,1360.5236396840357,4.0499144529565605,1356.4737252272992,0.00089197481034109546,-0.12535730100437087
9,10,170.52631578947367,189.47368421052633,44.866499999999995,0.71957464528651416,0,22.17668140871255,6.5690037542668627,7.5871151539577353,-1.0181114041176949,44.869500000000002,0.71957664498247398,0,22.177034264283922,3.772388483118855,4.8811171605050472,-1.10872868184052,44.866,0.71955416048633558,0,22.176848495591013,8.9134641186926462,5.7898609804786645,3.1236031337649983,-0.0012623577922033261,0.018261371481605747
9,11,170.52631578947367,208.42105263157896,27.585500000000003,0.37801983321817145,0,17.902883834280647,-26.116948516747286,-3.9340970122334684,-22.18285150779591,27.574999999999999,0.37869304079954369,0,17.90347864713247,-25.549863220388787,-25.479323079286456,-0.070540144346391165,27.574999999999999,0.37868345156408445,0,17.903291284483078,-24.238657261055273,-24.206023079010226,-0.032634185343289886,-0.00042966932471166092,-0.11360698628111839
9,12,170.52631578947367,227.36842105263159,21.699999999999999,0.48632548315661922,0,17.448169822078704,39.919686650580928,39.919686649038219,0,21.699999999999999,0.48632548315661922,0,17.448169822078704,39.919686650580928,39.919686649038219,0,21.699999999999999,0.48632548315661922,0,17.448169822078704,39.919686650580928,39.919686649038219,0,-0.00085925007520677591,-0.063583629015244364
9,13,170.52631578947367,246.31578947368422,23.549999999999997,0.42507275676522427,0,17.008519431386322,-10.475563855709707,-10.475563855525914,0,23.549999999999997,0.42507275676522427,0,17.008519431386322,-10.475563855709709,-10.475563855525916,0,23.549999999999997,0.42507275676522427,0,17.008519431386322,-10.475563855709709,-10.475563855525916,0,-0.0010031873728097976,-0.001740045820328176
9,14,170.52631578947367,265.26315789473682,15.85,0.21637353518115016,0,14.642773102143583,28.447617360156993,28.447617359558123,0,15.85,0.21637353518115016,0,14.642773102143583,28.447617360156993,28.447617359558123,0,15.85,0.21637353518115016,0,14.642773102143583,28.447617360156993,28.447617359558123,0,-0.00080998209531360195,0.031412364370739299
9,15,170.52631578947367,284.21052631578948,21.850000000000001,-0.051665722229587784,0,14.228271495077152,38.87330720381825,38.873307201713907,0,21.850000000000001,-0.051665722229587784,0,14.228271495077152,38.87330720381825,38.873307201713907,0,21.850000000000001,-0.051665722229587784,0,14.228271495077152,38.87330720381825,38.873307201713907,0,-0.0008100447136241693,0.055894945741332157
9,16,170.52631578947367,303.15789473684208,26.737499999999997,-0.078971464503533151,0,13.874584680994619,-23.74045270191008,-23.738047865959373,-0.0024048394912652908,26.738,-0.078970073220600748,0,13.874572090448167,-24.929845046593286,-24.689065784554263,-0.24077926558102267,26.737499999999997,-0.078971464984439743,0,13.874576668166483,-23.74165685542377,-23.738058164074967,-0.0035986948863723088,-0.00095379754674470478,0.070291751116497506
9,17,170.52631578947367,322.10526315789474,24.824999999999999,0.45035511601080719,0,18.623605519869521,38.371556103618254,38.371556104353701,0,24.824999999999999,0.45035511601080724,0,18.623605519869521,38.371556103618254,38.371556104353701,0,24.824999999999999,0.45035511601080724,0,18.623605519869521,38.371556103618254,38.371556104353701,0,-0.00072046951048294417,0.029836630016205831
9,18,170.52631578947367,341.05263157894734,44.861499999999999,0.71955462724091102,0,22.173311319405627,-35.110528774310204,-34.954632817063946,-0.15589595954116686,44.863,0.71955169110155703,0,22.173878104369102,-34.879968339905744,-34.429337411444344,-0.45063093079629185,44.863,0.71955322322441928,0,22.1736244165511,-31.70904545655192,-31.440465397188056,-0.26858006169179927,-0.0004158388726918067,0.098929594026589157
10,0,189.47368421052633,0,38.784999999999997,0.63525752221945542,0,23.249277023146984,-664.41069484582192,-3.300835530495422,-661.10985931702407,38.407499999999999,0.59980737284037089,0,23.247907711868059,-133.06041715452281,-1.6530338750775442,-131.40738328146892,38.780500000000004,0.61179557873430612,0,23.25716418392048,662.44383978177939,5.073815506419705,657.37002427344066,-0.00065991067563374284,0.10962320984596155
10,1,189.47368421052633,18.94736842105263,44.842999999999996,0.7196136952444826,0,22.172765591770744,45.573177681427445,44.678041261433897,0.8951364156818068,44.844000000000001,0.71960755283251188,0,22.172802597940958,41.64189244498111,41.650039536170901,-0.0081470956085776015,44.841500000000003,0.71959989285303438,0,22.17274345919331,39.746479498126931,40.701535179817697,-0.9550556860517746,-0.00095373488010917556,0.10118206390998501
10,2,189.47368421052633,37.89473684210526,27.646999999999998,0.37341340724197369,0,17.852317161464732,-10.872246884678274,0.31671250396707334,-11.188959388785818,27.567000000000004,0.37884887970262976,0,17.914949811378971,29.509905620317671,29.599675950561284,-0.089770330415544275,27.566000000000003,0.37884657521946291,0,17.915177391968115,31.022812997275949,30.865594400799512,0.15721859627209286,-0.0014817885464835979,-0.043434953231481097
10,3,189.47368421052633,56.842105263157897,21.699999999999999,0.48634791683670098,0,17.447690699862218,-39.694428865849119,-39.694428865665813,0,21.699999999999999,0.48634791683670098,0,17.447690699862218,-39.694428865849119,-39.694428865665813,0,21.699999999999999,0.48634791683670098,0,17.447690699862218,-39.694428865849119,-39.694428865665813,0,-0.0016339974932523557,-0.049172215855998305
10,4,189.47368421052633,75.78947368421052,23.5,0.42514114893241711,0,17.00825653586671,10.610021862430811,10.610021862085514,0,23.5,0.42514114893241711,0,17.00825653586671,10.610021862430811,10.610021862085514,0,23.5,0.42514114893241711,0,17.00825653586671,10.610021862430811,10.610021862085514,0,-0.0016184133659541535,-0.040408387133727471
10,5,189.47368421052633,94.736842105263165,15.85,0.21605036110472498,0,14.641323637384518,-28.240679995773501,-28.240679996390273,0,15.85,0.21605036110472498,0,14.641323637384518,-28.240679995773501,-28.240679996390273,0,15.85,0.21605036110472498,0,14.641323637384518,-28.240679995773501,-28.240679996390273,0,-0.0014444588866582458,-0.011416534430307615
10,6,189.47368421052633,113.68421052631579,21.899999999999999,-0.052087235714639343,0,14.226238837353005,-38.838659656867861,-38.83865965646379,0,21.899999999999999,-0.052087235714639343,0,14.226238837353005,-38.838659656867861,-38.83865965646379,0,21.899999999999999,-0.052087235714639343,0,14.226238837353005,-38.838659656867861,-38.83865965646379,0,-0.0013912597201151205,-0.019583418131897186
10,7,189.47368421052633,132.63157894736841,26.709,-0.078806835590057703,0,13.877318753625108,29.962535622490833,30.153572151004326,-0.19103653035824061,26.708500000000001,-0.078806446564196331,0,13.877312692307804,31.235450040392312,31.105592600019758,0.12985743857781082,26.708500000000001,-0.078806241803669227,0,13.877317145584009,31.167620849535041,31.106246542119827,0.061374305593971848,-0.0012456240582802724,-0.059520421481761926
10,8,189.47368421052633,151.57894736842104,24.824999999999999,0.45021190551080037,0,18.624058017701383,-38.065810206943425,-38.065810209457318,0,24.824999999999999,0.45021190551080037,0,18.624058017701383,-38.065810206943425,-38.065810209457318,0,24.824999999999999,0.45021190551080037,0,18.624058017701383,-38.065810206943425,-38.065810209457318,0,-0.0010030763079295979,0.023499442369441056
10,9,189.47368421052633,170.52631578947367,44.8675,0.7195804582568488,0,22.176518669080519,4.097437165989966,6.7601325537574413,-2.6626953921421679,44.866499999999995,0.71957901505065469,0,22.176855803460466,6.2767519171518025,6.1270891244946428,0.14966278822103324,44.867000000000004,0.71957447072954517,0,22.176872022261787,4.6171263398048428,5.2727209126643348,-0.65559457728066994,-0.0012614137894270223,0.018624835572100418
10,10,189.47368421052633,189.47368421052633,45.523499999999999,0.76458831766109814,0,23.554957961028528,-11.035503935267535,-9.2844577517390494,-1.7510461877945138,45.523000000000003,0.76456668725706678,0,23.554848651625637,-7.4320079011611515,-8.6594113931000454,1.2274034876509474,45.518500000000003,0.76459013189349123,0,23.554994713851769,-16.134176566801809,-11.675900480820408,-4.4582760902328911,-0.0011871581000030208,0.013305139231643212
10,11,189.47368421052633,208.42105263157896,32.274999999999999,0.67258367812931708,0,21.967130138586924,-33.327114206918232,-33.201249545714695,-0.12586466387887291,32.274999999999999,0.67259183586550775,0,21.96720099190123,-33.023379462534891,-33.654192542615839,0.63081307739114811,32.274999999999999,0.6725906220450224,0,21.967160236766542,-33.885132979534298,-33.661467803668728,-0.22366517862543076,-0.00091857532741114055,-0.013619174839378783
10,12,189.47368421052633,227.36842105263159,24.399999999999999,0.73599463253549968,0,19.200366563431785,39.223820833532962,39.223820833822352,-2.5306803883179692e-09,24.399999999999999,0.73599463253549102,0,19.200366563413958,39.223820836036069,39.223820833836676,0,24.399999999999999,0.73599463253549102,0,19.200366563413958,39.223820836036069,39.223820833836676,0,-0.00044800305100814279,-0.086889194976062817
10,13,189.47368421052633,246.31578947368422,28.649999999999999,0.70570318057485293,0,19.299199493408125,-54.857805049410153,-54.857805049779223,-2.3840511623974838e-10,28.649999999999999,0.70570318057485204,0,19.299199493407215,-54.857805049154514,-54.857805049763847,0,28.649999999999999,0.70570318057485204,0,19.299199493407215,-54.857805049154514,-54.857805049763847,0,-0.00075820892422668673,-0.049057451600164351
10,14,189.47368421052633,265.26315789473682,17.699999999999999,0.65496794861782526,0,17.518753359433319,-32.269767794834394,-32.269767796171543,0,17.699999999999999,0.65496794861782526,0,17.518753359433319,-32.269767794834394,-32.269767796171543,0,17.699999999999999,0.65496794861782526,0,17.518753359433319,-32.269767794834394,-32.269767796171543,0,-0.00077658693708337152,-0.0043193079740578635
10,15,189.47368421052633,284.21052631578948,22.400000000000002,0.34572746170319779,0,15.915464434498841,-36.984624692331423,-36.984624694868224,0,22.400000000000002,0.34572746170319774,0,15.915464434498841,-36.984624692331415,-36.984624694868224,0,22.400000000000002,0.34572746170319774,0,15.915464434498841,-36.984624692331415,-36.984624694868224,0,-0.00073663197914238866,0.02698875685968484
10,16,189.47368421052633,303.15789473684208,27.371499999999997,0.16217690856099029,0,16.643279251399445,-23.163909091132883,-25.021132332848754,1.8572232388379095,27.375,0.16210676301245225,0,16.63104295091544,-30.305647000795034,-30.563440063171253,0.25779305948615444,27.375,0.16210481808352012,0,16.631017375563573,-29.463810098757019,-29.468780591690535,0.0049704901211176013,-0.00076533659524704299,0.028370344253869265
10,17,189.47368421052633,322.10526315789474,22.574999999999999,0.63965606749887971,0,19.369204295539905,38.687584981673758,38.687584982378006,0,22.574999999999999,0.63965606749887971,0,19.369204295539905,38.687584981673758,38.687584982378006,0,22.574999999999999,0.63965606749887971,0,19.369204295539905,38.687584981673758,38.687584982378006,0,-0.00028819929340889879,0.025227635863710504
10,18,189.47368421052633,341.05263157894734,38.532499999999999,0.6293942646999281,0,23.529021371307806,277.27046332279519,8.7769066850749891,268.4935566369997,37.201000000000001,0.57081866032750428,0,23.61125695266594,44.997766494474106,3.2925433565874993,41.705223136492286,37.192,0.58661219942896181,0,23.604453271160427,-69.15406265795302,-5.7958616910966958,-63.358200967990228,-0.0013952250563566962,0.059555816400634079
11,0,208.42105263157896,0,42.722500000000004,0.81767261989144568,0,26.682911417259881,-1602.7354618189781,-0.65752396296251325,-1602.0779378557584,75.091499999999996,1.6580268698513989,0,38.494743263615071,-74.909077845361509,-75.281396163540521,0.37231832961556799,75.094999999999999,1.658049407021265,0,38.490186207011924,-69.753721462481579,-66.8644888673347,-2.8892325837167281,0.00022620966573652082,-0.49922284266952921
11,1,208.42105263157896,18.94736842105263,37.564,0.60548917890163167,0,23.537739431194041,1674.5549282629172,14.831086405145877,1659.7238418554932,37.771000000000001,0.59800184836412595,0,23.54619169689164,163.64749873574638,-1.6076205191733366,165.25511925256916,37.173999999999999,0.55848050921826164,0,23.57599956772976,16.790412861041027,-3.581352296893956,20.371765155488745,-0.0014289161890746521,-0.01591656220465322
11,2,208.42105263157896,37.89473684210526,24.824999999999999,0.45023310907778008,0,18.623904561065526,-38.313743441989146,-38.313743444060712,-1.5561229957793987e-12,24.824999999999999,0.45023310907778008,0,18.623904561065523,-38.313743441987363,-38.313743444062219,0,24.824999999999999,0.45023310907778008,0,18.623904561065523,-38.313743441987363,-38.313743444062219,0,-0.0008299761076911409,-0.0016691524636931049
11,3,208.42105263157896,56.842105263157897,24.949999999999999,0.13636467059736335,0,15.009121860743292,-45.346283952982624,-45.346283852153526,-1.0094382431532831e-07,24.949999999999999,0.13636467060302698,0,15.009121850525013,-45.346283839736195,-45.346283839797763,0,24.949999999999999,0.13636467060302698,0,15.009121850525013,-45.346283839736195,-45.346283839797763,0,-0.0012830355558099981,-0.062087583816442617
11,4,208.42105263157896,75.78947368421052,16.25,0.20008462721069331,0,15.206544610924563,30.272577304839285,30.272577305296991,0,16.25,0.20008462721069331,0,15.206544610924563,30.272577304839285,30.272577305296991,0,16.25,0.20008462721069331,0,15.206544610924563,30.272577304839285,30.272577305296991,0,-0.0013604439781526962,-0.053411155640267841
11,5,208.42105263157896,94.736842105263165,0.44999999999999996,0.10018002595689965,0,12.99536632495994,0.012057450529713833,0.012057450531598417,5.6586290755614498e-13,0.44999999999999996,0.10018002595689965,0,12.99536632495994,0.012057450528465801,0.012057450530973009,2.8293145377807249e-13,0.44999999999999996,0.10018002595689965,0,12.99536632495994,0.012057450529713833,0.012057450531598417,5.6586290755614498e-13,-0.0012771596300499035,-0.013983966096865698
11,6,208.42105263157896,113.68421052631579,10.949999999999999,-0.28799718375674715,0,12.414540751333547,-17.755141378635084,-17.755141378590416,2.4756502205581341e-13,10.949999999999999,-0.28799718375674715,0,12.414540751333547,-17.755141378635866,-17.755141378589869,-6.0122933927840396e-13,10.949999999999999,-0.28799718375674715,0,12.414540751333547,-17.755141378635084,-17.755141378590416,2.4756502205581341e-13,-0.0012193152454577727,0.013067619054753579
11,7,208.42105263157896,132.63157894736841,20.100000000000001,-0.0711454869275083,0,12.770610714869846,-36.269858165870865,-36.269858165062011,0,20.100000000000001,-0.0711454869275083,0,12.770610714869846,-36.269858165870865,-36.269858165062011,0,20.100000000000001,-0.0711454869275083,0,12.770610714869846,-36.269858165870865,-36.269858165062011,0,-0.0012432253301786164,-0.021135750729127059
11,8,208.42105263157896,151.57894736842104,24.899999999999999,0.13638159590541996,0,15.009010327489252,-45.071763684798249,-45.071771173654518,7.4869597156920972e-06,24.899999999999999,0.13638159595027177,0,15.009010303286662,-45.071771156161311,-45.071771158118885,0,24.899999999999999,0.13638159595027177,0,15.009010303286662,-45.071771156161311,-45.071771158118885,0,-0.0010076991855932061,-0.069413658315625071
11,9,208.42105263157896,170.52631578947367,27.585999999999999,0.37801244985682647,0,17.903294518761264,-28.155637960896456,-6.9329879754023525,-21.222649988783751,27.574999999999999,0.37868684226608373,0,17.903295771043332,-24.683874313024877,-24.629961786214668,-0.053912530081880974,27.574999999999999,0.37868448474580108,0,17.903564123318198,-23.55963001086144,-23.641134328716415,0.081504314513360418,-0.00042978596993150167,-0.11360312133187568
11,10,208.42105263157896,189.47368421052633,32.274999999999999,0.67258367812930941,0,21.967130138586807,-33.327114207029659,-33.201249545773351,-0.12586466395307169,32.274999999999999,0.67259183586417526,0,21.967200991882823,-33.023379478773755,-33.654192544640686,0.63081306315311791,32.274999999999999,0.67259062204481035,0,21.967160236762787,-33.885132981958513,-33.661467803921546,-0.22366518078260625,-0.00091857532740690783,-0.013619174841029348
11,11,208.42105263157896,208.42105263157896,31.937500000000004,0.7846627203241191,0,22.287980795691187,18.4323170985116,2.4245318477042366,16.007785247745318,31.949999999999999,0.78476727699469262,0,22.288056966393224,2.751046971094846,3.1205256004087243,-0.36947863239739959,31.949999999999999,0.78477285330184288,0,22.288057353738974,0.29076673487690224,-0.58896330626245263,0.87973003806921068,-0.00072465239512452262,-0.047687096614668099
11,12,208.42105263157896,227.36842105263159,25.350000000000001,0.91356535080782353,0,20.540434171906679,35.529217971990931,35.529196888221641,2.1080975480379305e-05,25.350000000000001,0.91356535141299955,0,20.540430150536132,35.529199256257989,35.529199253058835,0,25.350000000000001,0.91356535141299955,0,20.540430150536132,35.529199256257989,35.529199253058835,0,-0.00013297432618118981,-0.08420300798231814
11,13,208.42105263157896,246.31578947368422,27.950000000000003,0.90182489674608923,0,20.846225019476762,14.6824940286445,14.682493680864878,3.4590379037691185e-07,27.950000000000003,0.90182489674689359,0,20.846225017162023,14.682493684102232,14.682493682181503,0,27.950000000000003,0.90182489674689359,0,20.846225017162023,14.682493684102232,14.682493682181503,0,-0.00039651917472039756,-0.067572163889109471
11,14,208.42105263157896,265.26315789473682,22.400000000000002,0.86621759560717804,0,20.081676817110029,-35.669708490640929,-35.669708492740661,-5.6586290755614498e-13,22.400000000000002,0.86621759560717804,0,20.081676817110029,-35.669708490640829,-35.669708492741435,-5.6586290755614498e-13,22.400000000000002,0.86621759560717804,0,20.081676817110029,-35.669708490640929,-35.669708492740661,-5.6586290755614498e-13,-0.00058216542299707697,-0.033379531392649035
11,15,208.42105263157896,284.21052631578948,21.699999999999999,0.66020546054637397,0,17.509181309672016,-30.95567642262435,-30.955676426003578,0,21.699999999999999,0.66020546054637397,0,17.509181309672016,-30.95567642262435,-30.955676426003578,0,21.699999999999999,0.66020546054637397,0,17.509181309672016,-30.95567642262435,-30.955676426003578,0,-0.00055954804115348686,0.0056245423718944559
11,16,208.42105263157896,303.15789473684208,26.136500000000002,0.53441231962011393,0,19.462144409858372,30.140112777923267,30.276198235763079,-0.13608545967939717,26.1355,0.53441671008302427,0,19.462149271904543,31.078308808575954,31.034471003971557,0.043837802875524655,26.135999999999999,0.53441530101327217,0,19.462149351354334,30.643541212220612,30.654074460610261,-0.010533250178184506,-0.00046379541638880877,0.0040416524553377603
11,17,208.42105263157896,322.10526315789474,35.321999999999996,0.62104343385205718,0,24.373588729642119,3.0973007442292722,-10.746048367615403,13.843349110738297,36.564999999999998,0.6765281088307521,0,24.340029644632462,-355.37599192307914,-4.003514465027318,-351.37247745889306,37.408000000000001,0.68380245853995036,0,24.335260387112768,403.54959645095448,-0.4498327485456467,403.99942919861513,-0.00059826192177828987,0.029178628965322209
11,18,208.42105263157896,341.05263157894734,75.233000000000004,1.665887788980609,0,38.68888383207792,0.40634835569096156,-0.74315939031303635,1.149507757198825,75.236999999999995,1.6658927092712212,0,38.690650086289821,-2.4604002309483728,-4.8687102646299456,2.4083100448266683,75.231999999999999,1.6658917243209475,0,38.689639950385462,4.2093146080321633,3.4172072693666955,0.79210734992014986,-0.00078055811334640061,-0.48851436028451473
12,0,227.36842105263159,0,75.415500000000009,1.6753043962656593,0,38.925538454691797,-41.167812390420487,-43.250887765637266,2.0830753860768572,75.415500000000009,1.6753040017482927,0,38.924955708443193,-16.773814098747618,-17.284987559845113,0.5111734718147396,75.422499999999999,1.6753339587192477,0,38.924129974213145,-82.478131291961034,-82.211315187652147,-0.26681609352556485,0.0010478676698417021,-0.50423547328170915
12,1,227.36842105263159,18.94736842105263,72.85199999999999,1.6795294342055171,0,46.375949043441608,-4864.5722774728138,-47.379938497823517,-4817.1923389656113,75.243499999999997,1.6659322183514791,0,38.69109555377193,-63.719179368385099,-63.40194085460341,-0.31723850368824658,75.239999999999995,1.6659209662452525,0,38.687510708258195,-52.005339377275185,-50.69053030262954,-1.3148090645504558,0.0018355602207356877,-0.47849929059758722
12,2,227.36842105263159,37.89473684210526,22.574999999999999,0.63943006507722788,0,19.367226370089593,-38.611500168270602,-38.611500170361062,0,22.574999999999999,0.63943006507722766,0,19.367226370089593,-38.611500168270602,-38.611500170361062,0,22.574999999999999,0.63943006507722766,0,19.367226370089593,-38.611500168270602,-38.611500170361062,0,-0.00067258219487304827,0.050887216525611109
12,3,227.36842105263159,56.842105263157897,26.730999999999998,-0.078842520838130994,0,13.875479772250337,-11.890442038498046,-11.818169032473245,-0.072273006653889901,26.730999999999998,-0.078842517847475008,0,13.875480186196555,-11.889276646694377,-11.818163971618615,-0.071112675719527424,26.730999999999998,-0.078843704930655123,0,13.875480746098871,-11.815716821968147,-11.818806221945122,0.0030893993110777565,-0.0009705994143775795,-0.054237291541438692
12,4,227.36842105263159,75.78947368421052,20.100000000000001,-0.070849392193211638,0,12.773730726885587,36.802466811008927,36.80246681077945,0,20.100000000000001,-0.070849392193211638,0,12.773730726885587,36.802466811008927,36.80246681077945,0,20.100000000000001,-0.070849392193211638,0,12.773730726885587,36.802466811008927,36.80246681077945,0,-0.00094293090674926793,-0.059060422259816711
12,5,227.36842105263159,94.736842105263165,0,-0.091861534522313354,0.75323748254096434,11.332126627974471,5.4231990456115741e-05,5.4232111178179e-05,-3.536643172225906e-13,0,-0.091861534522313354,0.75323748254096434,11.332126627974471,5.4231990818268011e-05,5.4232111026353623e-05,-2.1219859033355436e-13,0,-0.091861534522313354,0.75323748254096434,11.332126627974471,5.4231990456115741e-05,5.4232111178179e-05,-3.536643172225906e-13,-0.0010120321641480768,-0.035135559899649511
12,6,227.36842105263159,113.68421052631579,0,-0.27297370183315434,2.8822089570202243,9.4621217748599662,1.0113416886665682e-05,1.0113603325435348e-05,0,0,-0.27297370183315434,2.8822089570202243,9.4621217748599662,1.0113416886665682e-05,1.0113603325435348e-05,0,0,-0.27297370183315434,2.8822089570202243,9.4621217748599662,1.0113416886665682e-05,1.0113603325435348e-05,0,-0.0009380352837369875,0.00060758161507827764
12,7,227.36842105263159,132.63157894736841,0,-0.091861534577383136,0.75323454997470285,11.33212840663036,3.2226515905079085e-07,3.2232609813314303e-07,0,0,-0.091861534577383136,0.75323454997470285,11.33212840663036,3.2226515905079085e-07,3.2232609813314303e-07,0,0,-0.091861534577383136,0.75323454997470285,11.33212840663036,3.2226515905079085e-07,3.2232609813314303e-07,0,-0.0010238021499558141,0.02328548298818198
12,8,227.36842105263159,151.57894736842104,16.25,0.20011119754155124,0,15.206325412988454,30.260213621733328,30.260213622100736,2.6524823791694295e-12,16.25,0.20011119754155124,0,15.206325412988454,30.260213621736071,30.260213622101649,1.9451537447242483e-12,16.25,0.20011119754155124,0,15.206325412988454,30.260213621733328,30.260213622100736,2.6524823791694295e-12,-0.0011346214762573523,-0.0084854317170902551
12,9,227.36842105263159,170.52631578947367,21.699999999999999,0.48632548315662183,0,17.448169822078707,39.919686650721886,39.919686649005214,0,21.699999999999999,0.48632548315662183,0,17.448169822078707,39.919686650721886,39.919686649005214,0,21.699999999999999,0.48632548315662183,0,17.448169822078707,39.919686650721886,39.919686649005214,0,-0.00085925007520677591,-0.06358362901524435
12,10,227.36842105263159,189.47368421052633,24.399999999999999,0.73599463253549913,0,19.200366563431785,39.223820833556154,39.223820833875891,-2.5312462512255255e-09,24.399999999999999,0.73599463253549036,0,19.200366563413954,39.223820836047167,39.223820833885519,0,24.399999999999999,0.73599463253549036,0,19.200366563413954,39.223820836047167,39.223820833885519,0,-0.00044800305100814236,-0.086889194976062831
12,11,227.36842105263159,208.42105263157896,25.350000000000001,0.9135653508078232,0,20.540434171906718,35.529217972017584,35.529196888202186,2.1080976046242213e-05,25.350000000000001,0.9135653514129991,0,20.540430150536132,35.529199256367733,35.529199253130734,-4.9513004411162682e-13,25.350000000000001,0.9135653514129991,0,20.540430150536132,35.529199256362496,35.529199253128581,4.9513004411162682e-13,-0.00013297432618119024,-0.08420300798231814
12,12,227.36842105263159,227.36842105263159,24.25,1.0119804990478733,0,21.441518206788395,-30.20818246801387,-30.208182470615196,-9.2695417544041004e-11,24.25,1.011980499047874,0,21.441518206786867,-30.208182467915243,-30.208182470622614,0,24.25,1.011980499047874,0,21.441518206786867,-30.208182467915243,-30.208182470622614,0,-1.0229742640719373e-05,-0.071987956290260086
12,13,227.36842105263159,246.31578947368422,21.050000000000001,1.0119608242047329,0,21.789502809801284,25.746324633827861,25.746324632309467,0,21.050000000000001,1.0119608242047329,0,21.789502809801284,25.746324633827861,25.746324632309467,0,21.050000000000001,1.0119608242047329,0,21.789502809801284,25.746324633827861,25.746324632309467,0,-0.00011238355240823436,-0.061719902900624811
12,14,227.36842105263159,265.26315789473682,24.600000000000001,0.96133004294351332,0,21.30942580222019,-35.31319204355038,-35.313192046552331,0,24.600000000000001,0.96133004294351332,0,21.30942580222019,-35.31319204355038,-35.313192046552331,0,24.600000000000001,0.96133004294351332,0,21.30942580222019,-35.31319204355038,-35.313192046552331,0,-0.00029081833985571907,-0.04243503524033182
12,15,227.36842105263159,284.21052631578948,19,0.73769489932406074,0,18.408568089357438,18.406934830935267,18.406934827355094,0,19,0.73769489932406074,0,18.408568089357438,18.406934830935267,18.406934827355094,0,19,0.73769489932406074,0,18.408568089357438,18.406934830935267,18.406934827355094,0,-0.00032752956261485229,3.9561342933369659e-05
12,16,227.36842105263159,303.15789473684208,22.375,0.70068623141524333,0,21.126190536428314,-25.986303549193718,-25.986303550009392,0,22.375,0.70068623141524333,0,21.126190536428314,-25.986303549193718,-25.986303550009392,0,22.375,0.70068623141524333,0,21.126190536428314,-25.986303549193718,-25.986303550009392,0,-0.00044269525462928717,0.046519754269081184
12,17,227.36842105263159,322.10526315789474,35.333999999999996,0.93716990126296928,0,25.314117160251286,-483.95222734937596,10.580232014634365,-494.5324593622168,34.719000000000001,0.93315852450993331,0,25.313024413584014,597.62890176103951,14.603765298355396,583.02513646441935,35.233499999999999,0.93703747555554329,0,25.313024413584088,-497.71288786395962,14.152987641864634,-511.86587550410349,-0.0007522210086282591,0.076833009899796578
12,18,227.36842105263159,341.05263157894734,75.544499999999999,1.6822917639774564,0,39.101301485472604,24.945396696425441,26.137389878998977,-1.1919931707573252,75.544499999999999,1.6822793642308971,0,39.101907848967286,12.869585876038455,13.111838859628831,-0.24225297181055999,75.543499999999995,1.6822958532823065,0,39.101084390389708,-22.692464421659828,-21.684302741402913,-1.0081616685880059,7.9358467608103139e-05,-0.52074158792821035
13,0,246.31578947368422,0,43.657499999999999,0.6342968046962344,0,21.817316748098396,-11.758346784231749,-5.4606173009555752,-6.2977294812679432,43.639000000000003,0.63412592190989936,0,21.81037689855436,6.3522661270331193,-3.9626855520936179,10.314951681183283,43.591000000000001,0.63279998746269028,0,21.818024598790995,-11.230496676933008,-2.693756672083059,-8.5367400028604177,-0.00085490902191285049,0.034206532927996691
13,1,246.31578947368422,18.94736842105263,75.545500000000004,1.6823188329136536,0,39.100885105135248,-11.704762856088081,-13.235054677526986,1.5302918306378748,75.545000000000002,1.682284159963215,0,39.104054785894377,12.940768907942292,13.318371977786168,-0.37760306064189902,75.543999999999997,1.6822769643209461,0,39.10164216365596,26.662269230370107,26.097344930707862,0.56492430888799505,0.0027485927735132485,-0.48315892939217353
13,2,246.31578947368422,37.89473684210526,37.7425,0.72235651276890567,0,23.7708458472224,949.98071145098936,20.639356333799366,929.34135511539876,37.682000000000002,0.71859598919484113,0,23.734838166028755,-156.56337430620582,18.341799142115079,-174.90517344999498,37.6905,0.722751913483347,0,23.735375329468233,905.58570513257166,22.993937337283025,882.59176779362076,-0.00073467622403955142,0.10789774394715237
13,3,246.31578947368422,56.842105263157897,27.355,0.16216658247459259,0,16.636914238626023,-0.77218650476354345,1.1433330565450779,-1.9155195638232141,27.350999999999999,0.16190083129197361,0,16.630820161622772,21.534346553706349,21.358592456215092,0.17575409499446631,27.351999999999997,0.16191147242285853,0,16.630990267818717,19.891616557288216,19.86533326108005,0.026283293741401943,-0.00064001769948554294,-0.016346323003382984
13,4,246.31578947368422,75.78947368421052,21.850000000000001,-0.051711441994902942,0,14.227918472226069,38.850160463261638,38.850160463441668,0,21.850000000000001,-0.051711441994902942,0,14.227918472226069,38.850160463261638,38.850160463441668,0,21.850000000000001,-0.051711441994902942,0,14.227918472226069,38.850160463261638,38.850160463441668,0,-0.00063622697497925547,-0.035883369694199599
13,5,246.31578947368422,94.736842105263165,10.949999999999999,-0.28770070009500431,0,12.415224649799208,17.851746880832241,17.851746881070948,0,10.949999999999999,-0.28770070009500431,0,12.415224649799208,17.851746880832241,17.851746881070948,0,10.949999999999999,-0.28770070009500431,0,12.415224649799208,17.851746880832241,17.851746881070948,0,-0.00064831898514203115,-0.031262891894187093
13,6,246.31578947368422,113.68421052631579,0,-0.27297370121568337,2.8821941524400376,9.4621236284682944,-1.1501405611291416e-07,-1.1495845181194275e-07,0,0,-0.27297370121568337,2.8821941524400376,9.4621236284682944,-1.1501405611291416e-07,-1.1495845181194275e-07,0,0,-0.27297370121568337,2.8821941524400376,9.4621236284682944,-1.1501405611291416e-07,-1.1495845181194275e-07,0,-0.00061580508324381557,0.001537930349459299
13,7,246.31578947368422,132.63157894736841,0,-0.27297370156620593,2.8821995391485191,9.4621138155764672,-9.9060754545965958e-06,-9.9059652767357035e-06,0,0,-0.27297370156620593,2.8821995391485191,9.4621138155764672,-9.9060754545965958e-06,-9.9059652767357035e-06,0,0,-0.27297370156620593,2.8821995391485191,9.4621138155764672,-9.9060754545965958e-06,-9.9059652767357035e-06,0,-0.00070157194946264545,0.024215831722563346
13,8,246.31578947368422,151.57894736842104,0.44999999999999996,0.10018002308145452,0,12.995372943563458,0.011164496471535067,0.011164496414809487,0,0.44999999999999996,0.10018002308145452,0,12.995372943563458,0.011164496471535067,0.011164496414809487,0,0.44999999999999996,0.10018002308145452,0,12.995372943563458,0.011164496471535067,0.011164496414809487,0,-0.00086271459491220207,0.030338004279714559
13,9,246.31578947368422,170.52631578947367,23.549999999999997,0.4250727567652241,0,17.008519431386322,-10.475563855651011,-10.47556385549597,1.2024586785568079e-12,23.549999999999997,0.4250727567652241,0,17.008519431386322,-10.475563855655107,-10.475563855496439,-2.1927187667800616e-12,23.549999999999997,0.4250727567652241,0,17.008519431386322,-10.475563855651011,-10.47556385549597,1.2024586785568079e-12,-0.0010031873728097978,-0.001740045820328228
13,10,246.31578947368422,189.47368421052633,28.649999999999999,0.70570318057485115,0,19.299199493408111,-54.857805049441225,-54.857805049768537,-2.221011912157869e-10,28.649999999999999,0.70570318057485071,0,19.299199493407322,-54.857805049204693,-54.857805049758305,0,28.649999999999999,0.70570318057485071,0,19.299199493407322,-54.857805049204693,-54.857805049758305,0,-0.00075820892422670278,-0.049057451600162061
13,11,246.31578947368422,208.42105263157896,27.950000000000003,0.90182489674608646,0,20.846225019476762,14.682494028517558,14.682493680718597,3.4590315378114087e-07,27.950000000000003,0.90182489674689048,0,20.846225017162052,14.682493683865884,14.682493681926054,0,27.950000000000003,0.90182489674689048,0,20.846225017162052,14.682493683865884,14.682493681926054,0,-0.00039651917472039323,-0.067572163889109735
13,12,246.31578947368422,227.36842105263159,21.050000000000001,1.0119608242047342,0,21.789502809801299,25.746324633930836,25.746324632112117,0,21.050000000000001,1.0119608242047342,0,21.789502809801299,25.746324633930836,25.746324632112117,0,21.050000000000001,1.0119608242047342,0,21.789502809801299,25.746324633930836,25.746324632112117,0,-0.00011238355240823436,-0.061719902900624811
13,13,246.31578947368422,246.31578947368422,18.199999999999999,1.0384294551459408,0,22.106708633756327,18.87098026734947,18.870980266843155,0,18.199999999999999,1.0384294551459408,0,22.106708633756327,18.87098026734947,18.870980266843155,0,18.199999999999999,1.0384294551459408,0,22.106708633756327,18.87098026734947,18.870980266843155,0,1.5275458896157976e-05,-0.044330394220105783
13,14,246.31578947368422,265.26315789473682,75.763000000000005,1.6959508774444263,0,39.436758699557004,20.382211970177007,4.4587024075655872,15.92350956683835,75.762,1.6959120972349715,0,39.43613986464031,45.873739503028403,13.134754559460584,32.738984947777084,75.762,1.6960211774875456,0,39.438755964736771,-31.100727871425693,0.15925654451272878,-31.259984411670011,-0.0029569005129231911,-0.31925076892701643
13,15,246.31578947368422,284.21052631578948,75.863,1.7002206200142604,0,39.54952244422374,-56.862463755127706,-49.181233087930153,-7.6812306592935773,75.866500000000002,1.7002274079446844,0,39.547983644146342,-70.446437246140633,-67.295159096140068,-3.151278142026142,75.861500000000007,1.7002097110675651,0,39.546748732298106,-66.780109368768265,-62.698776529022929,-4.0813328318819293,-0.0020850218058756989,-0.42860094416515154
13,16,246.31578947368422,303.15789473684208,75.888999999999996,1.7013903151262364,0,39.579183443189422,3.06726536232487,9.0294904690724582,-5.9622250959038317,75.889499999999998,1.7014030391225432,0,39.57971537012358,-6.1280593808324113,0.043707230710576701,-6.1717666006126937,75.89200000000001,1.701395387396456,0,39.57890275733547,18.687691953383776,13.580995707710862,5.1066962565711354,-0.0010603438231222011,-0.50152256207787826
13,17,246.31578947368422,322.10526315789474,75.867999999999995,1.7001875656707561,0,39.552110739717037,31.321330088176275,31.42854709424752,-0.10721699402865818,75.869,1.7001807038026502,0,39.548633191313201,18.570808307906674,17.914641588773279,0.65616673110858892,75.86699999999999,1.7001724382420873,0,39.550427335436133,18.980697752228007,17.938026313706949,1.0426714504691574,4.6967304705541803e-05,-0.53599272366220507
13,18,246.31578947368422,341.05263157894734,44.600000000000001,0.68522051786203919,0,20.320956662447689,55.452420074414661,55.452420076234759,-1.0864567825077983e-10,44.600000000000001,0.6852205178620393,0,20.320956662447571,55.452420074557658,55.452420076229942,0,44.600000000000001,0.6852205178620393,0,20.320956662447571,55.452420074557658,55.452420076229942,0,-0.00044130637862454082,0.056347120057810174
14,0,265.26315789473682,0,75.939999999999998,1.7039131257645186,0,39.647485514061358,-26.800123422030047,-26.98858281848123,0.18845940564939589,75.941000000000003,1.7039249950019359,0,39.650328707332129,-41.951258848593874,-40.368256357902887,-1.5830024814621817,75.935500000000005,1.7038605968070411,0,39.647797931440614,24.908518442934071,22.561647448791348,2.3468710033994831,0.0030024079149803956,-0.51134591338362656
14,1,265.26315789473682,18.94736842105263,44.649999999999999,0.68519322367836843,0,20.320930061094437,-55.848712184728058,-55.848712181062673,-1.6749542063661894e-10,44.649999999999999,0.68519322367836866,0,20.320930061094433,-55.848712184556696,-55.848712181034458,0,44.649999999999999,0.68519322367836866,0,20.320930061094433,-55.848712184556696,-55.848712181034458,0,-0.0007309213789418571,0.053635731188552693
14,2,265.26315789473682,37.89473684210526,35.198499999999996,0.93735962679960239,0,25.32600835167321,-467.55729170931841,-0.54276100748403155,-467.01453069958882,34.838000000000001,0.9351675388075813,0,25.125130495580375,1216.0758486619438,-52.592925086012308,1268.6687737497766,34.353000000000002,0.93477141411838149,0,25.125160657342999,-595.28996623768796,-56.835282382208234,-538.45468385324386,-0.00080857646450147849,0.13376805568278224
14,3,265.26315789473682,56.842105263157897,26.128,0.53439816084258496,0,19.464137361655254,24.090227788292516,24.08527308200069,0.004954702315973513,26.128499999999999,0.5344106661861947,0,19.464127430476154,25.086164807028709,24.8866804456963,0.19948435744315199,26.128499999999999,0.53439423894504345,0,19.464127273177414,23.590637582325726,23.703982594664325,-0.11334501630207756,-0.00089586331625182236,-0.014231948659986948
14,4,265.26315789473682,75.78947368421052,22.400000000000002,0.34569642457464683,0,15.915133030203373,-36.954751644182736,-36.954751646577677,0,22.400000000000002,0.34569642457464683,0,15.915133030203373,-36.954751644182736,-36.954751646577677,0,22.400000000000002,0.34569642457464683,0,15.915133030203373,-36.954751644182736,-36.954751646577677,0,-0.00051012219221951169,0.0023505247200113211
14,5,265.26315789473682,94.736842105263165,15.9,0.21612776026878538,0,14.642843617378167,-28.639488519803788,-28.639488520539452,4.9513004411162682e-13,15.9,0.21612776026878541,0,14.642843617378167,-28.6394885198042,-28.639488520538851,-7.0732863444518123e-14,15.9,0.21612776026878538,0,14.642843617378167,-28.639488519803788,-28.639488520539452,4.9513004411162682e-13,-0.00038997095128924595,0.012783990436384389
14,6,265.26315789473682,113.68421052631579,0.44999999999999996,0.10017990855626578,0,12.995369822794077,-0.0063662029913801026,-0.006366202565537795,0,0.44999999999999996,0.10017990855626578,0,12.995369822794077,-0.0063662029913801026,-0.006366202565537795,0,0.44999999999999996,0.10017990855626578,0,12.995369822794077,-0.0063662029913801026,-0.006366202565537795,0,-0.00036766521326931148,0.028548512456094535
14,7,265.26315789473682,132.63157894736841,0,-0.091861534499591405,0.75323673802736679,11.332127029894487,-5.3873848323978769e-05,-5.3873915879304347e-05,0,0,-0.091861534499591405,0.75323673802736679,11.332127029894487,-5.3873848323978769e-05,-5.3873915879304347e-05,0,0,-0.091861534499591405,0.75323673802736679,11.332127029894487,-5.3873848323978769e-05,-5.3873915879304347e-05,0,-0.00045343214932452532,0.051225498963677993
14,8,265.26315789473682,151.57894736842104,10.949999999999999,-0.28802227477422354,0,12.414238776697051,-17.622415636865888,-17.622415635694189,0,10.949999999999999,-0.28802227477422354,0,12.414238776697051,-17.622415636865888,-17.622415635694189,0,10.949999999999999,-0.28802227477422354,0,12.414238776697051,-17.622415636865888,-17.622415635694189,0,-0.00064655057179518853,0.055644924703357898
14,9,265.26315789473682,170.52631578947367,15.85,0.21637353518115046,0,14.642773102143583,28.447617360098839,28.447617359502853,0,15.85,0.21637353518115046,0,14.642773102143583,28.447617360098839,28.447617359502853,0,15.85,0.21637353518115046,0,14.642773102143583,28.447617360098839,28.447617359502853,0,-0.00080998209531360152,0.031412364370739368
14,10,265.26315789473682,189.47368421052633,17.699999999999999,0.65496794861782659,0,17.518753359433322,-32.269767794933891,-32.269767796266734,1.2024586785568079e-12,17.699999999999999,0.65496794861782659,0,17.518753359433322,-32.269767794934225,-32.26976779626581,1.2024586785568079e-12,17.699999999999999,0.65496794861782681,0,17.518753359433322,-32.269767794935213,-32.269767796265846,-7.073286344451812e-13,-0.00077658693708337195,-0.0043193079740578635
14,11,265.26315789473682,208.42105263157896,22.400000000000002,0.86621759560717748,0,20.081676817110029,-35.66970849062438,-35.669708492722883,0,22.400000000000002,0.86621759560717759,0,20.081676817110029,-35.66970849062438,-35.669708492722883,0,22.400000000000002,0.86621759560717759,0,20.081676817110029,-35.66970849062438,-35.669708492722883,0,-0.00058216542299707697,-0.033379531392649042
14,12,265.26315789473682,227.36842105263159,24.600000000000001,0.96133004294351287,0,21.309425802220193,-35.313192043597873,-35.31319204653483,-7.7806149788969936e-13,24.600000000000001,0.96133004294351299,0,21.309425802220193,-35.313192043596736,-35.313192046535747,2.8293145377807249e-13,24.600000000000001,0.96133004294351287,0,21.309425802220193,-35.313192043597873,-35.31319204653483,-7.7806149788969936e-13,-0.00029081833985571907,-0.042435035240331903
14,13,265.26315789473682,246.31578947368422,75.766000000000005,1.6959900099402412,0,39.434160879745448,-19.616286725329083,-26.334980222120389,6.7186935010673849,75.768500000000003,1.6959948649156307,0,39.440166774555188,-26.773269603544975,-31.029632752811843,4.2563631536076176,75.768999999999991,1.6960248094267736,0,39.436768202275594,-41.119008350642076,-30.900565388644015,-10.218442957823322,-0.0029493267996233774,-0.32040744106730018
14,14,265.26315789473682,265.26315789473682,75.921999999999997,1.703844189549115,0,39.643671889537167,6.9089760051960321,13.501455767156436,-6.5924797540471332,75.92649999999999,1.7038548666925095,0,39.640035560703986,-17.929194316376087,-22.428789042123547,4.4995947335822137,75.922499999999999,1.7038139399095069,0,39.645410699462737,19.108354815505631,13.426451833298602,5.6819029900786679,-0.0021197514444882661,-0.42777590445352776
14,15,265.26315789473682,284.21052631578948,76.016999999999996,1.708681652668784,0,39.770029491181333,38.607959154461568,36.347777196799569,2.2601819684717706,76.015999999999991,1.708640620049118,0,39.774074896829589,43.198115356658477,18.025323528943026,25.172791838496597,76.019499999999994,1.7087531558789728,0,39.768474842910052,-20.903064650607959,13.868954108072415,-34.772018747935292,-0.0011089474281766546,-0.50453690217946501
14,16,265.26315789473682,303.15789473684208,76.063000000000002,1.7110926098658246,0,39.82680160492658,12.214395481183171,12.628025942552499,-0.4136304492695167,76.066999999999993,1.7111195919839792,0,39.827614530882983,-3.6232867301394931,-4.6731313826561864,1.0498446645611899,76.0655,1.7111185288232966,0,39.823994349729446,-21.849661001920595,-23.13730043510731,1.2876394453196103,1.7098501836458786e-05,-0.54522670316842181
14,17,265.26315789473682,322.10526315789474,76.063999999999993,1.7110977227488069,0,39.830343801476808,18.782586834497032,18.238051201695811,0.54453564390072617,76.064499999999995,1.7111128947379604,0,39.828300025199091,6.7325083210568,9.183147052326456,-2.450638720156475,76.064499999999995,1.7111178586204259,0,39.833083370075919,-7.5076590144237336,-9.1014237077671272,1.5937647045060652,0.0010846451742458334,-0.5378298423921356
14,18,265.26315789473682,341.05263157894734,76.019499999999994,1.7086858266498037,0,39.769004536266998,37.973913635322774,36.340260981436337,1.6336526641312354,76.020499999999998,1.708679261765069,0,39.76525297658165,34.191898178243122,36.305154318144602,-2.1132561296290442,76.017499999999998,1.7086876838928582,0,39.76478826770191,32.83440283390749,31.888501819115426,0.94590102515420826,0.0020887147900840583,-0.52650785300337155
15,0,284.21052631578948,0,76.124000000000009,1.7147278116090299,0,39.918318467058143,44.437717074200002,45.662490124249246,-1.2247730417161855,76.129000000000005,1.7147733858078751,0,39.925319475130102,16.772238522034641,18.328735338256251,-1.5564968079362984,76.129999999999995,1.7147943117184321,0,39.913682978671979,-22.058896309828746,-22.986128103091609,0.92723180173194353,0.0040378818183054079,-0.51220224244380719
15,1,284.21052631578948,18.94736842105263,76.019000000000005,1.7086931539779073,0,39.773437761525727,3.3054643355770374,4.6504031512156265,-1.3449388080535156,76.021000000000001,1.708699828862517,0,39.768392689126443,-6.9583160804203308,-9.0477278582029736,2.0894117853856056,76.024999999999991,1.7087344445740005,0,39.769184012654136,-39.012360809115414,-36.34438977742456,-2.6679710241079055,0.0048074251184345509,-0.48704573502545628
15,2,284.21052631578948,37.89473684210526,75.864500000000007,1.7001624269754099,0,39.554726086522933,28.069273018998647,31.418110200230664,-3.3488371741497729,75.863,1.7001424753952235,0,39.553125326907249,52.969321757535873,53.879599213398158,-0.91027744878997818,75.867999999999995,1.7001780724900732,0,39.552491576591549,18.811662650770987,17.954497974601757,0.85716468326780604,0.0052820199335335723,-0.44844962982673053
15,3,284.21052631578948,56.842105263157897,22.362500000000001,0.70071920587668668,0,21.127860736361857,-0.17199510159893033,-0.17199510265815326,1.4146572688903624e-12,22.362500000000001,0.70071920587668679,0,21.127860736361857,-0.1719951016038333,-0.17199510266528484,8.4879436133421742e-13,22.362500000000001,0.70071920587668668,0,21.127860736361857,-0.17199510160329842,-0.17199510267660628,0,-0.00095142475073474735,0.024241300264460253
15,4,284.21052631578948,75.78947368421052,21.699999999999999,0.6601927383247691,0,17.508921930690054,-30.922228488237369,-30.922228491372497,0,21.699999999999999,0.6601927383247691,0,17.508921930690054,-30.922228488237369,-30.922228491372497,0,21.699999999999999,0.6601927383247691,0,17.508921930690054,-30.922228488237369,-30.922228491372497,0,-0.00057980919087770929,0.042884868722516692
15,5,284.21052631578948,94.736842105263165,17.699999999999999,0.65513014264917502,0,17.520648261816596,32.334154387249278,32.334154382745012,0,17.699999999999999,0.65513014264917502,0,17.520648261816596,32.334154387249278,32.334154382745012,0,17.699999999999999,0.65513014264917502,0,17.520648261816596,32.334154387249278,32.334154382745012,0,-0.00044793035653741448,0.069622989389091006
15,6,284.21052631578948,113.68421052631579,23.5,0.42513505189254819,0,17.008507049696391,10.551393847682721,10.551393844636307,-1.13172581511229e-12,23.5,0.42513505189254824,0,17.008507049696391,10.551393847684858,10.55139384463364,5.6586290755614498e-13,23.5,0.42513505189254819,0,17.008507049696391,10.551393847682721,10.551393844636307,-1.13172581511229e-12,-0.00042869012772753516,0.092167193061794467
15,7,284.21052631578948,132.63157894736841,16.25,0.20007129598378098,0,15.206654086760192,30.278814724604416,30.278814724526065,-2.8293145377807249e-13,16.25,0.20007129598378098,0,15.206654086760192,30.278814724602221,30.278814724523158,2.8293145377807249e-13,16.25,0.20007129598378098,0,15.206654086760192,30.278814724604416,30.278814724526065,-2.8293145377807249e-13,-0.00054052460081694233,0.095233724261023056
15,8,284.21052631578948,151.57894736842104,20.100000000000001,-0.070833660470522961,0,12.774059469896725,36.914708201011152,36.914708199853415,0,20.100000000000001,-0.070833660470522961,0,12.774059469896725,36.914708201011152,36.914708199853415,0,20.100000000000001,-0.070833660470522961,0,12.774059469896725,36.914708201011152,36.914708199853415,0,-0.00074617580986366719,0.082919356862784704
15,9,284.21052631578948,170.52631578947367,21.850000000000001,-0.051665722229587735,0,14.228271495077152,38.873307203851589,38.873307201699113,0,21.850000000000001,-0.051665722229587735,0,14.228271495077152,38.873307203851589,38.873307201699113,0,21.850000000000001,-0.051665722229587735,0,14.228271495077152,38.873307203851589,38.873307201699113,0,-0.00081004471362416995,0.055894945741332185
15,10,284.21052631578948,189.47368421052633,22.400000000000002,0.34572746170319629,0,15.91546443449883,-36.984624692270842,-36.984624694793162,0,22.400000000000002,0.34572746170319629,0,15.91546443449883,-36.984624692270842,-36.984624694793162,0,22.400000000000002,0.34572746170319629,0,15.91546443449883,-36.984624692270842,-36.984624694793162,0,-0.00073663197914238974,0.026988756859684909
15,11,284.21052631578948,208.42105263157896,21.699999999999999,0.66020546054637064,0,17.509181309672027,-30.955676422697149,-30.955676426199862,0,21.699999999999999,0.66020546054637064,0,17.509181309672027,-30.955676422697149,-30.955676426199862,0,21.699999999999999,0.66020546054637064,0,17.509181309672027,-30.955676422697149,-30.955676426199862,0,-0.00055954804115348816,0.0056245423718948584
15,12,284.21052631578948,227.36842105263159,19,0.7376948993240614,0,18.408568089357438,18.406934830914651,18.406934827285845,-1.13172581511229e-12,19,0.73769489932406151,0,18.408568089357438,18.406934830915752,18.40693482728814,5.6586290755614498e-13,19,0.7376948993240614,0,18.408568089357438,18.406934830914651,18.406934827285845,-1.13172581511229e-12,-0.00032752956261485229,3.956134293342517e-05
15,13,284.21052631578948,246.31578947368422,75.858999999999995,1.7001432991001642,0,39.54666853691996,16.971487822029307,8.7342767983818952,8.2372110315686129,75.856999999999999,1.7001124779924524,0,39.547326054268993,23.391694782803903,-4.4502498290427335,27.841944619673527,75.861000000000004,1.7002404121608423,0,39.545901685699008,-29.465171746011485,-4.2496286347768937,-25.215543103301989,-0.0020997106128770116,-0.42735002048760484
15,14,284.21052631578948,265.26315789473682,76.022500000000008,1.7086801816142358,0,39.765838352132995,15.495792851237209,-18.350763383658386,33.846556245736942,76.018500000000003,1.7086869453320959,0,39.768528620349542,28.552479693395696,18.166808832447803,10.385670871759324,76.017499999999998,1.7087120343246671,0,39.773138103926854,22.893588627571965,31.944417258952409,-9.0508286205329007,-0.0011032453656366584,-0.50478122957918792
15,15,284.21052631578948,284.21052631578948,76.123499999999993,1.7147358605697984,0,39.922873904459749,64.035538549711077,65.176504493869288,-1.1409659319270318,76.125,1.7147548083030111,0,39.927137857808638,31.817255955690587,33.155886326295764,-1.3386303585748947,76.126000000000005,1.7147477204851331,0,39.922656991338357,47.473102473508121,46.96891913677338,0.50418334882020599,2.1055302471261871e-05,-0.54841788228305111
15,16,284.21052631578948,303.15789473684208,71.216999999999999,1.9779132288969659,0,50.034963285410178,-6548.1118565336546,7.7652834543093388,-6555.8771399748903,70.772500000000008,1.954241518121155,0,50.044812586952993,5900.413026580718,-8.4592580480731225,5908.8722846418095,71.216999999999999,1.9779087835518367,0,50.031591964684374,-6501.6714397352953,-9.5755823314219342,-6492.0958573907865,-0.0016606803736045218,0.13075903288583501
15,17,284.21052631578948,322.10526315789474,76.215999999999994,1.7196330282865155,0,40.082716067444125,6.6406686551556238,9.2885064838575673,-2.6478378184881932,76.215999999999994,1.7196285073437663,0,40.051405139353072,34.529204550867561,32.394469071088608,2.1347354899530555,76.217500000000001,1.7196484396327354,0,40.049793324708439,-7.6296338385762121,-4.703975285667684,-2.925658542538637,0.0022450151683269365,-0.53746540954598887
15,18,284.21052631578948,341.05263157894734,76.194500000000005,1.7184596761084847,0,40.016758230576741,-53.839741025871724,-50.789679260137319,-3.0500617564632586,76.192499999999995,1.7183846398964662,0,40.024636359224061,49.379432755626581,45.971192126167715,3.4082406387503674,76.194500000000005,1.7184679998105081,0,40.023320252076786,-41.473610594702961,-41.735398650861654,0.261788065343174,0.0032509814652755889,-0.52640431013210764
16,0,303.15789473684208,0,76.144500000000008,1.7172318128549471,0,40.627404875955975,33.792142132301819,32.232392217195333,1.5597499231056589,76.145499999999998,1.7172489719674358,0,40.623578970606715,41.62046010429335,41.11942063355206,0.5010394788167094,76.144999999999996,1.7172242150009782,0,40.627004173538268,2.7944602865716188,4.4225795384688622,-1.6281192438484924,0.0014916892426548461,-0.5249619353140369
16,1,303.15789473684208,18.94736842105263,71.9435,1.9786395863064674,0,50.552356698684619,1015.1770243404801,10.008661257565763,1005.1683630971355,71.722999999999999,1.9681367488294319,0,50.550626903589986,2719.8132942752727,-16.069101695162441,2735.8823959844049,71.941500000000005,1.9789299660991313,0,50.551793702976163,962.38056443099811,5.3227623911309001,957.05780205402391,-0.0018501180562452426,-0.1131119607762735
16,2,303.15789473684208,37.89473684210526,76.066000000000003,1.7111268063263447,0,39.828205610493434,-27.733682179322116,-27.393341613892368,-0.34034055892760828,76.066999999999993,1.7111213589421468,0,39.825589238159836,-3.9033308833977625,-4.6834475197993601,0.7801166427716999,76.066500000000005,1.7111271664156713,0,39.827713813213805,-19.947334721064188,-18.327573425025847,-1.6197612896087024,0.0063609408717007097,-0.44572229001656882
16,3,303.15789473684208,56.842105263157897,75.890999999999991,1.7013934081272926,0,39.586795552566777,8.5737122001339117,9.0057477856148118,-0.43203557949209975,75.888000000000005,1.7013824638994306,0,39.584175175521565,18.600552429869449,17.756043792271058,0.84450864357834121,75.890999999999991,1.7014084050445704,0,39.581727327088963,-20.48370589608918,-17.82143943010238,-2.662266460002864,0.0065891820687851745,-0.3983670983041413
16,4,303.15789473684208,75.78947368421052,19,0.73769298594806743,0,18.408467412983899,18.386959882078479,18.386959881386694,0,19,0.73769298594806743,0,18.408467412983899,18.386959882078479,18.386959881386694,0,19,0.73769298594806743,0,18.408467412983899,18.386959882078479,18.386959881386694,0,-0.00083413045605512941,0.072840252991211094
16,5,303.15789473684208,94.736842105263165,22.350000000000001,0.86630488168309183,0,20.083308681293577,35.850374426144484,35.850374425668015,0,22.350000000000001,0.86630488168309183,0,20.083308681293577,35.850374426144484,35.850374425668015,0,22.350000000000001,0.86630488168309183,0,20.083308681293577,35.850374426144484,35.850374425668015,0,-0.00074814308641373635,0.11381020489731934
16,6,303.15789473684208,113.68421052631579,28.549999999999997,0.70584565360179563,0,19.299536965762154,54.790967846329629,54.790967843198544,1.0293046288446277e-09,28.549999999999997,0.70584565360179374,0,19.299536965756108,54.790967845348682,54.790967843251963,0,28.549999999999997,0.70584565360179374,0,19.299536965756108,54.790967845348682,54.790967843251963,0,-0.00076401114548323287,0.12810250253534886
16,7,303.15789473684208,132.63157894736841,21.699999999999999,0.48645124927395356,0,17.447364485690489,-39.176751774859916,-39.176751776832418,0,21.699999999999999,0.48645124927395356,0,17.447364485690489,-39.176751774859923,-39.176751776832425,0,21.699999999999999,0.48645124927395356,0,17.447364485690489,-39.176751774859923,-39.176751776832425,0,-0.00087791945578752535,0.12090550094089872
16,8,303.15789473684208,151.57894736842104,24.899999999999999,0.13639868248018872,0,15.008898594409208,-44.796558920802937,-44.796560950016641,2.0264973864798057e-06,24.899999999999999,0.13639868247432316,0,15.008898582207561,-44.796560948054776,-44.796560950718764,1.13172581511229e-12,24.899999999999999,0.13639868247432321,0,15.008898582207561,-44.796560948056957,-44.796560950717826,-5.6586290755614498e-13,-0.00097758065570366934,0.098109043000956089
16,9,303.15789473684208,170.52631578947367,26.737499999999997,-0.078971464503306957,0,13.874584680991157,-23.740451670329755,-23.738047875429267,-0.0024037984514885371,26.737499999999997,-0.078971458624593691,0,13.874583356804111,-23.692616444640137,-23.738383588231532,0.045767140040693037,26.738,-0.07897007237530132,0,13.874576753775795,-24.943719551203163,-24.68876119138578,-0.25495836336082639,-0.00095380410814763531,0.070295220239080941
16,10,303.15789473684208,189.47368421052633,27.371499999999997,0.1621753820067087,0,16.643279251393047,-23.992185721661301,-26.118426633779169,2.126240909265626,27.375,0.16210628157648826,0,16.631023822516681,-29.18668339482879,-29.102063185598478,-0.084620212142751505,27.375,0.16209689978730221,0,16.631049983556377,-28.950433757313668,-29.109374331555586,0.15894057140175913,-0.00076519581801079168,0.02835246170333737
16,11,303.15789473684208,208.42105263157896,26.136500000000002,0.5344123196201771,0,19.462144409858755,30.140112778100665,30.276198235693013,-0.13608545943565176,26.1355,0.53441671008302805,0,19.462149271904792,31.078308808625252,31.034471003950877,0.043837802878636908,26.135999999999999,0.53441530101326673,0,19.462149351354334,30.643541212252522,30.654074460595901,-0.010533250191199356,-0.00046379541638880877,0.0040416524553378852
16,12,303.15789473684208,227.36842105263159,22.375,0.70068623141524555,0,21.126190536428393,-25.986303549203878,-25.986303550094526,4.2439718066710864e-12,22.375,0.70068623141524533,0,21.126190536428393,-25.986303549209673,-25.986303550102463,8.4879436133421742e-13,22.375,0.70068623141524555,0,21.126190536428393,-25.986303549209584,-25.986303550097826,-1.6975887226684348e-12,-0.0004426952546292863,0.046519754269081365
16,13,303.15789473684208,246.31578947368422,75.888999999999996,1.7013939769995974,0,39.580840497279802,9.0693171797870082,13.166864899868848,-4.0975477091996559,75.883499999999998,1.7013316698979812,0,39.583731649254752,62.174443218055742,51.07206002716223,11.102383201791406,75.890500000000003,1.7014487751552478,0,39.581319838340988,-31.957749502791366,-17.967688205390466,-13.990061286540595,-0.0010568140958225657,-0.50177013022546724
16,14,303.15789473684208,265.26315789473682,76.066500000000005,1.7111359195465803,0,39.832239261900071,-28.376757919781429,-27.469657692996126,-0.90710021479533309,76.070999999999998,1.7111411185553234,0,39.829559009988387,-28.382952334298942,-27.530620706482605,-0.85233161571534077,76.066500000000005,1.7111442394066552,0,39.825684591904299,-36.201242464910464,-36.565924056838682,0.36468160391930959,4.3583185997681049e-05,-0.54528828910632399
16,15,303.15789473684208,284.21052631578948,71.213000000000008,1.9780056324343704,0,50.049770586258525,-6511.6258640435772,21.763585551684308,-6533.3894495821323,70.769999999999996,1.9542423786781702,0,50.031870796014651,5917.4854313691685,3.7770330784129031,5913.7083983038328,71.215499999999992,1.9779491074642679,0,50.049585066171275,-6524.8804204341095,59.607599676710713,-6584.4880200977532,-0.0016610690967138919,0.13124725569183518
16,16,303.15789473684208,303.15789473684208,76.141999999999996,1.7172291707400489,0,40.634463406535133,71.937567153773927,82.617108829653716,-10.679541667096512,76.143500000000003,1.7172123337074161,0,40.630414442409375,7.5276712477866434,0.16489500714299521,7.3627762493882996,76.14800000000001,1.7172924251713158,0,40.625276324485284,0.14266792558312055,-17.711069595981055,17.853737530310578,-0.0014029007518962413,-0.49238959753372663
16,17,303.15789473684208,322.10526315789474,76.063499999999991,1.714468404833724,0,40.797628645853003,13.628607937206519,31.484658498373044,-17.856050553685176,76.070000000000007,1.7145058642941877,0,40.794241605425988,-32.764034477790055,-31.874077210225721,-0.88995725996696573,76.070000000000007,1.7145523295476228,0,40.799070185514552,-51.669291915091328,-9.2808646098271002,-42.388427297652811,-0.0016598390933490973,-0.47383949309244422
16,18,303.15789473684208,341.05263157894734,76.0715,1.7144560538033897,0,40.79848398883707,-21.660936041264112,-36.935628647470701,15.27469261436007,76.0685,1.7144575173282735,0,40.795569770184485,-28.425597343283243,-18.156996969183997,-10.268600365889682,76.069000000000003,1.7144560512171823,0,40.79479799274489,-42.425373927917313,-36.815592548654813,-5.6097813710398805,-0.0007695135638643763,-0.51892832283301815
17,0,322.10526315789474,0,75.9495,1.7104204616025702,0,40.967571253371744,5.7222875369454158,4.3956688553788892,1.3266186877392085,75.950500000000005,1.7104489178124069,0,40.966351153780927,8.2796961054964946,9.660813821844334,-1.3811177101776384,75.9495,1.7104373290181618,0,40.969474131886315,6.3458673534473595,4.8323727293261625,1.5134946302324479,0.012157606793981183,-0.48810872753666479
17,1,322.10526315789474,18.94736842105263,76.0685,1.7144440178510145,0,40.793740310723202,-5.4066806430555943,-4.8781911274464731,-0.52848950981169951,76.069500000000005,1.7144569651675876,0,40.79654017984484,0.30675955234912905,0.19475010575434748,0.11200945235147347,76.067999999999998,1.7144327148371692,0,40.795910203458668,14.993343930533513,13.4146577230914,1.5786862131742163,0.0020001771898708613,-0.50082281902915948
17,2,322.10526315789474,37.89473684210526,76.215000000000003,1.7196521038257229,0,40.09572378787648,-26.523024505890266,-9.2711855601075062,-17.25183893998955,76.213499999999996,1.7196149835545216,0,40.058983909999164,30.749714772064522,32.391295276738951,-1.6415804989226426,76.215999999999994,1.7196485170608995,0,40.050859996193104,15.160037138972198,13.888510212352813,1.2715269324196523,0.0074180033429796077,-0.43921822472370031
17,3,322.10526315789474,56.842105263157897,76.063000000000002,1.7110908916232321,0,39.833710637720877,25.359595108691344,27.383366614500456,-2.0237715005221437,76.061000000000007,1.7110767487867629,0,39.832664931035673,52.349481802991832,54.920860611258284,-2.5713788029546567,76.064999999999998,1.7111141071248055,0,39.834492996895818,4.3818058351132319,2.4083497979883028,1.9734560423760787,0.0076510799521075819,-0.39126472222988218
17,4,322.10526315789474,75.78947368421052,75.858999999999995,1.7001694289099194,0,39.550066116625771,18.596563891719104,17.986224950228095,0.61033894611609918,75.859999999999999,1.7001778668577026,0,39.548562833654572,-2.7966304596691445,-4.8007401554758076,2.0041097003779655,75.858999999999995,1.7001710349141823,0,39.549673608812263,-11.558999315415935,-8.883195041377439,-2.6758042693875321,0.0075673585017539706,-0.34285308814123761
17,5,322.10526315789474,94.736842105263165,24.550000000000001,0.96136020864907523,0,21.30836888639973,-34.836544688276298,-34.836544685284586,1.4146572688903624e-12,24.550000000000001,0.96136020864907523,0,21.30836888639973,-34.83654468827951,-34.836544685281496,-1.4146572688903624e-12,24.550000000000001,0.96136020864907523,0,21.30836888639973,-34.836544688276298,-34.836544685284586,1.4146572688903624e-12,-0.0011419658095519151,0.12857791335616689
17,6,322.10526315789474,113.68421052631579,27.950000000000003,0.90178103962505263,0,20.846928460013181,45.652993082081657,45.652994529245127,-1.4474628880244762e-06,27.950000000000003,0.9017810396255862,0,20.8469284524956,45.652994535485128,45.652994534715297,-2.5463830840026526e-12,27.950000000000003,0.9017810396255862,0,20.8469284524956,45.652994535484076,45.652994534713166,-1.13172581511229e-12,-0.0011683812713452592,0.14052502716504872
17,7,322.10526315789474,132.63157894736841,24.399999999999999,0.73590809314695949,0,19.200528084648955,39.634800506297822,39.634800496029456,7.9294369235842607e-09,24.399999999999999,0.73590809314695926,0,19.200528084610617,39.634800498265086,39.634800495913055,0,24.399999999999999,0.73590809314695926,0,19.200528084610617,39.634800498265086,39.634800495913055,0,-0.0012606670600639788,0.12678321092697376
17,8,322.10526315789474,151.57894736842104,27.686,0.36928444387553477,0,17.485700071803496,65.06252550017193,0.96651140392593271,64.096014092789915,27.574999999999999,0.37869282112236613,0,17.905982017006913,15.998320636308531,15.821437348576158,0.17688328439544296,27.579500000000003,0.37820798417514218,0,17.90576428304475,21.564481650840456,4.775677817239,16.788803830245818,-0.001266251637582683,0.11460785876222128
17,9,322.10526315789474,170.52631578947367,24.824999999999999,0.45035511601080691,0,18.623605519869521,38.371556103600426,38.371556104368857,0,24.824999999999999,0.45035511601080691,0,18.623605519869521,38.371556103600426,38.371556104368857,0,24.824999999999999,0.45035511601080691,0,18.623605519869521,38.371556103600426,38.371556104368857,0,-0.00072046951048294395,0.029836630016205873
17,10,322.10526315789474,189.47368421052633,22.574999999999999,0.63965606749887849,0,19.369204295539895,38.68758498186542,38.687584982560757,0,22.574999999999999,0.63965606749887849,0,19.369204295539895,38.68758498186542,38.687584982560757,0,22.574999999999999,0.63965606749887849,0,19.369204295539895,38.68758498186542,38.687584982560757,0,-0.00028819929340890074,0.025227635863710046
17,11,322.10526315789474,208.42105263157896,35.789999999999999,0.64414355205236484,0,24.339893141547101,-11.948906761209106,5.5782130862516182,-17.527119848535467,35.870999999999995,0.64913770405438342,0,24.361222605784079,95.219723631107044,-4.5993339798292574,99.819057609857509,35.644999999999996,0.63519024274182412,0,24.37321256252832,-449.39502753272029,-3.1171862697799622,-446.27784126391288,5.5405674638987594e-05,0.04118665199010646
17,12,322.10526315789474,227.36842105263159,35.333999999999996,0.93716990126290745,0,25.314117160251531,-483.95222735117255,10.580232015110385,-494.53245936444989,34.719000000000001,0.93315852450993375,0,25.313024413584021,597.62890176111023,14.603765298465239,583.02513646440809,35.233499999999999,0.93703747555554018,0,25.313024413584021,-497.71288786387487,14.152987641926595,-511.86587550403397,-0.00075222100862825823,0.076833009899796578
17,13,322.10526315789474,246.31578947368422,75.869500000000002,1.700182253413693,0,39.551404504680868,13.969465084100591,13.434663442909134,0.53480165304136795,75.865499999999997,1.700179992670253,0,39.546916798438929,31.302677438981984,31.505223569745091,-0.20254611884977039,75.869500000000002,1.7001969943424076,0,39.54959348890911,1.8022547345214748,-0.033732521305324406,1.8359872677985838,4.0375400757569971e-05,-0.53593390533861995
17,14,322.10526315789474,265.26315789473682,76.061999999999998,1.7110802484147183,0,39.832441669840982,45.044183360891743,45.833969910047905,-0.78978653799434295,76.063000000000002,1.711080942984504,0,39.827344748511848,25.774903182295478,27.389145584787908,-1.6142423913984836,76.064499999999995,1.7110888845806562,0,39.82595474825159,29.242229048347504,27.339802389488206,1.9024266700070003,0.0011063933476613973,-0.53762716966128898
17,15,322.10526315789474,284.21052631578948,76.216999999999999,1.7196457832436509,0,40.056533111383686,-9.0719314688614929,-4.7294189578405206,-4.3425125007143368,76.215999999999994,1.7196195953778382,0,40.059381103432017,15.356370348930424,18.408099920458966,-3.0517295612866024,76.215000000000003,1.7196426182111801,0,40.057311537269136,25.021338189637689,23.181156627691603,1.8401815722973853,0.0021571446056409898,-0.53781043685995189
17,16,322.10526315789474,303.15789473684208,76.063499999999991,1.7144611014261117,0,40.798907404956118,7.0018219672229485,0.25389585721470703,6.7479261176581007,76.063000000000002,1.7144537985946857,0,40.795276046291711,-1.3001095535760572,-9.3342656564718975,8.0341561104864194,76.064999999999998,1.7144720046213608,0,40.796117767332746,-11.301790955001891,-18.583480884930939,7.2816899376700768,-0.0016986498825137539,-0.47075164296495597
17,17,322.10526315789474,322.10526315789474,75.943000000000012,1.7104318130540279,0,40.958981161962413,42.937825240102192,44.940838430239573,-2.0030131846449568,75.947000000000003,1.7104855002875359,0,40.962546597858427,-27.177463203114399,-27.375782248972587,0.19831905131754571,75.947500000000005,1.7104780480868085,0,40.957430212732739,-19.204997422782156,-18.514258949885587,-0.69073846737178857,0.010360831389904011,-0.51304980619133256
17,18,322.10526315789474,341.05263157894734,75.908000000000001,1.7091655769246186,0,41.001055937716011,-15.983427415221389,-12.918660415758138,-3.0647669940441742,75.906499999999994,1.7091549254137932,0,41.010107875050579,4.3259289930980982,4.5177975840796698,-0.19186858552799252,75.910499999999999,1.7091953590299194,0,41.012332879177002,-29.200146177447042,-27.188736679326691,-2.0114094927783719,0.011674944011423813,-0.50205559576074266
18,0,341.05263157894734,0,75.827999999999989,1.7066438090668468,0,41.091784304875162,14.821493454148623,12.121020336079498,2.7004731233541235,75.82950000000001,1.706655318068055,0,41.09057309171817,5.6271970183562496,5.6086630634753636,0.018533960246024654,75.826999999999998,1.7066403724710715,0,41.091762959887987,10.814090490564004,8.9755236416196773,1.8385668542920277,0.014175844161994985,-0.47567957405705774
18,1,341.05263157894734,18.94736842105263,75.909000000000006,1.709182813728872,0,41.007846490871195,-9.0876555599992255,-8.9186348047931645,-0.16902075105527956,75.905500000000004,1.7091821863211532,0,41.00249886452557,-4.2915930516352248,-3.3257041731925523,-0.96588887419574743,75.907499999999999,1.7091468499576128,0,41.00528118938,5.3523385846086731,4.6247679549190117,0.72757063398621069,0.014205661791862632,-0.45177036630695999
18,2,341.05263157894734,37.89473684210526,76.066999999999993,1.7144736241313951,0,40.794597200363718,-6.6286035724602037,-9.0823151988228563,2.4537116300669206,76.067999999999998,1.7145042814545721,0,40.800042038687472,-1.3512252623608143,0.46928377732993387,-1.8205090360832292,76.064999999999998,1.7144492574000221,0,40.798434088913922,4.0018868255599109,4.5424642482312132,-0.54057741902136425,0.0035926233567380172,-0.45055349620243335
18,3,341.05263157894734,56.842105263157897,76.195000000000007,1.7184381685615906,0,40.018031557657267,-7.089783425019113,-9.4006220841439898,2.3108386630939939,76.191500000000005,1.7184050770947255,0,40.019685453499896,20.047262640110802,18.142607260235732,1.9046553838610853,76.1965,1.7184578738498346,0,40.020711935882723,-37.515779752238814,-36.933994664849784,-0.58178508338674428,0.008716999818339264,-0.37927013369097518
18,4,341.05263157894734,75.78947368421052,76.016999999999996,1.7086816298203231,0,39.765440408822727,44.030649430610687,45.380970709777003,-1.3503212760054331,76.015999999999991,1.7086648690000392,0,39.769348822983275,42.963592871994521,45.370078537660987,-2.4064856625204385,76.017499999999998,1.7086968586721103,0,39.770851197623138,3.6172930735797815,4.5828484197554262,-0.96555534298596113,0.0086144029188867568,-0.33020010618901946
18,5,341.05263157894734,94.736842105263165,75.760000000000005,1.6959504651132169,0,39.444009003273926,14.578717298194798,13.266219288850634,1.3124980118686904,75.761499999999998,1.6959690327385353,0,39.433613441577535,35.219480533517526,35.23665607127036,-0.017175535158804437,75.763499999999993,1.6959762948303019,0,39.433739831215398,17.830744173622069,17.691108844931257,0.13963533127086086,0.0082402842560205317,-0.28939741424359727
18,6,341.05263157894734,113.68421052631579,21.099999999999998,1.0119267890624297,0,21.789122212275146,-25.790126481678545,-25.790126483158563,0,21.099999999999998,1.0119267890624297,0,21.789122212275146,-25.790126481678545,-25.790126483158563,0,21.099999999999998,1.0119267890624297,0,21.789122212275146,-25.790126481678545,-25.790126483158563,0,-0.001583280813348367,0.12987712422003467
18,7,341.05263157894734,132.63157894736841,25.350000000000001,0.91367557210410355,0,20.539959383995797,-35.364457181920343,-35.364557268595796,0.00010008436428698102,25.350000000000001,0.91367557210984907,0,20.539958770270552,-35.364557166780088,-35.36455716963399,0,25.350000000000001,0.91367557210984907,0,20.539958770270552,-35.364557166780088,-35.36455716963399,0,-0.0016346317773358024,0.11396045589074739
18,8,341.05263157894734,151.57894736842104,32.274999999999999,0.67261286465750814,0,21.968588499182701,-7.9495479897967192,-7.9446541899847194,-0.0048938022484214857,32.274999999999999,0.67260856116884093,0,21.968576602489623,-8.4760119415288191,-8.4185696691083258,-0.057442274912202378,32.274999999999999,0.67260306407461012,0,21.968578979527315,-9.8394089404462743,-10.359317315034493,0.51990837219589325,-0.0012061671791877072,0.05161776875685041
18,9,341.05263157894734,170.52631578947367,44.859999999999999,0.71955310672228356,0,22.173343791988476,-37.169736005389289,-36.30156935158724,-0.86816665614086475,44.861499999999999,0.71955140074558721,0,22.173285531254169,-27.305739461279046,-26.271548593599565,-1.0341908700156197,44.858499999999999,0.71956223247789819,0,22.173423351350582,-24.722030573812152,-25.961162813485824,1.2391322373727982,-0.00041585608580136605,0.099009763190975264
18,10,341.05263157894734,189.47368421052633,37.670500000000004,0.59455070928112563,0,23.418087630046212,682.15171999230665,-1.7055661728369167,683.85728616397751,37.646000000000001,0.60860664894535477,0,23.436449740886005,8.6387207806022435,2.5930360891110453,6.0456846906125064,38.391999999999996,0.62261238712066969,0,23.533694581625305,-715.31693869891569,0.26937237425980221,-715.5863110740429,-0.00084083755214908187,0.037413753204605146
18,11,341.05263157894734,208.42105263157896,75.236999999999995,1.6658800156211033,0,38.690837828255468,7.0505766760184851,8.2262038892605283,-1.1756272020389096,75.235500000000002,1.6658663555657571,0,38.691051583589591,13.796078739395314,7.8395680875093161,5.9565106629561573,75.238500000000002,1.6658937880618356,0,38.691649569357921,-1.9238302260015447,8.4606677816846005,-10.384497996517497,-0.0007856321311599441,-0.4883092050774307
18,12,341.05263157894734,227.36842105263159,75.543499999999995,1.6822881610570186,0,39.098445241839762,29.155610087090196,26.02999369285045,3.1256164062005913,75.545000000000002,1.6822947102547525,0,39.10247468843729,15.812850151234784,15.235232627809156,0.57761753512533187,75.544499999999999,1.6823142634371402,0,39.101485431599087,-26.883890143889289,-26.276362687433085,-0.60752744459351071,8.5018566164770087e-05,-0.52086585120833961
18,13,341.05263157894734,246.31578947368422,44.600000000000001,0.68522051786203964,0,20.320956662447649,55.452420074149472,55.452420076089531,-1.0836274679700176e-10,44.600000000000001,0.68522051786204008,0,20.320956662447614,55.452420074282728,55.452420076050331,0,44.600000000000001,0.68522051786204008,0,20.320956662447614,55.452420074282728,55.452420076050331,0,-0.00044130637862454429,0.056347120057810174
18,14,341.05263157894734,265.26315789473682,76.026499999999999,1.7087409246515457,0,39.764735275215223,-59.310507658489122,-59.098526988241261,-0.21198065999107685,76.024000000000001,1.7087182581720171,0,39.763451666802524,-20.767844049247284,-22.717477987443988,1.9496339484178429,76.028499999999994,1.708743359989592,0,39.766500998773374,-64.132929656111216,-63.734193810329138,-0.39873583555348552,0.0021370642716375364,-0.52620063141568663
18,15,341.05263157894734,284.21052631578948,76.195999999999998,1.718450737330347,0,40.019023308572855,-26.537900519186827,-22.99452708065721,-3.5433734292503787,76.197000000000003,1.7184598146214163,0,40.034936461462273,-31.015684039765578,-32.120814559007584,1.1051305283969584,76.1965,1.7184257122541777,0,40.025279495368821,6.1778517609974539,4.8464667841218354,1.3313849861728406,0.0032225714391132939,-0.526640741025731
18,16,341.05263157894734,303.15789473684208,76.071999999999989,1.714483496345552,0,40.799898698716227,-37.916325475699836,-45.858476528394078,7.9421510608954646,76.0685,1.7144679867516106,0,40.796550648278249,-17.813166569331031,-13.89907288133508,-3.9140936797600445,76.072500000000005,1.7144989024501192,0,40.798040044015593,-29.460992576788364,-22.399798925946662,-7.0611936426323005,-0.0007587310999537173,-0.51936024778760137
18,17,341.05263157894734,322.10526315789474,75.909499999999994,1.7091734382177994,0,41.01189585907575,-7.7847978680589858,-8.9489871695550658,1.1641893068762499,75.908500000000004,1.7091790156615003,0,41.008830398332066,-28.158727354521545,-27.526488656739751,-0.63223869239291208,75.908000000000001,1.7091763153276005,0,41.010217556574112,10.525623725952078,8.755611102686645,1.770012628626809,0.011705699975537442,-0.50195344997023184
18,18,341.05263157894734,341.05263157894734,75.826999999999998,1.7066837825151682,0,41.085628757609683,7.655323204674426,10.167869706426622,-2.512546496439211,75.827500000000001,1.7066844490269482,0,41.087999641427949,-6.0418131834997766,-8.68441518019835,2.6426020019440228,75.822000000000003,1.7066158672246845,0,41.084486975096446,42.470845479632608,44.584323736545258,-2.1134782516349611,0.013327754352516701,-0.49042980786916746
