laufart,phi1_deg,phi2_deg,phi3_deg,hub1_mm,hub2_mm,hub3_mm,m0_kg,m_modul_kg,M_kg,f_Hz,profil,gesetz,K_N_m,zeta,C_Ns_m,hc_n,hc_Kh_N_m_n,hc_alpha_s_m,g_m_s2,start,t0_T,dv_m_s,impuls_Ns,attraktor,zustand,periode,aufsetzer_je_periode,lambda_pct,F_max_N,stossspitze_N,F_max_lauf_N,stossspitze_lauf_N,perioden,status
L1,0,0,0,8,0,0,0.35,0.1,0.65,10,egg THOLD=0.65,Kelvin-Voigt,1.5e+06,0.02,39.4968,,,,9.81,Kontaktast,0,-1,-0.65,H2,Hüpfen,2,0.5,98.9751,965.744,965.744,995.516,995.516,400,eingeschwungen
L1,0,0,0,8,0,0,0.35,0.1,0.65,10,egg THOLD=0.65,Kelvin-Voigt,1.5e+06,0.02,39.4968,,,,9.81,Kontaktast,0,-0.9,-0.585,K,Kontaktast,1,0,0,8.66938,,868.478,861.927,80,eingeschwungen
L1,0,0,0,8,0,0,0.35,0.1,0.65,10,egg THOLD=0.65,Kelvin-Voigt,1.5e+06,0.02,39.4968,,,,9.81,Kontaktast,0,-0.8,-0.52,K,Kontaktast,1,0,0,8.66938,,772.676,726.161,80,eingeschwungen
L1,0,0,0,8,0,0,0.35,0.1,0.65,10,egg THOLD=0.65,Kelvin-Voigt,1.5e+06,0.02,39.4968,,,,9.81,Kontaktast,0,-0.7,-0.455,K,Kontaktast,1,0,0,8.66938,,676.873,645.449,80,eingeschwungen
L1,0,0,0,8,0,0,0.35,0.1,0.65,10,egg THOLD=0.65,Kelvin-Voigt,1.5e+06,0.02,39.4968,,,,9.81,Kontaktast,0,-0.6,-0.39,H1,Hüpfen,1,1,97.9433,481.452,481.452,586.879,586.879,240,eingeschwungen
L1,0,0,0,8,0,0,0.35,0.1,0.65,10,egg THOLD=0.65,Kelvin-Voigt,1.5e+06,0.02,39.4968,,,,9.81,Kontaktast,0,-0.5,-0.325,H1,Hüpfen,1,1,97.9433,481.452,481.452,546.219,546.219,240,eingeschwungen
L1,0,0,0,8,0,0,0.35,0.1,0.65,10,egg THOLD=0.65,Kelvin-Voigt,1.5e+06,0.02,39.4968,,,,9.81,Kontaktast,0,-0.4,-0.26,K,Kontaktast,1,0,0,8.66938,,431.668,431.668,80,eingeschwungen
L1,0,0,0,8,0,0,0.35,0.1,0.65,10,egg THOLD=0.65,Kelvin-Voigt,1.5e+06,0.02,39.4968,,,,9.81,Kontaktast,0,-0.3,-0.195,K,Kontaktast,1,0,0,8.66938,,293.663,283.326,80,eingeschwungen
L1,0,0,0,8,0,0,0.35,0.1,0.65,10,egg THOLD=0.65,Kelvin-Voigt,1.5e+06,0.02,39.4968,,,,9.81,Kontaktast,0,-0.2,-0.13,K,Kontaktast,1,0,0,8.66938,,198.836,198.836,80,eingeschwungen
L1,0,0,0,8,0,0,0.35,0.1,0.65,10,egg THOLD=0.65,Kelvin-Voigt,1.5e+06,0.02,39.4968,,,,9.81,Kontaktast,0,-0.1,-0.065,K,Kontaktast,1,0,0,8.66938,,102.058,89.8481,80,eingeschwungen
L1,0,0,0,8,0,0,0.35,0.1,0.65,10,egg THOLD=0.65,Kelvin-Voigt,1.5e+06,0.02,39.4968,,,,9.81,Kontaktast,0,0,0,K,Kontaktast,1,0,0,8.66938,,8.66938,,80,eingeschwungen
L1,0,0,0,8,0,0,0.35,0.1,0.65,10,egg THOLD=0.65,Kelvin-Voigt,1.5e+06,0.02,39.4968,,,,9.81,Kontaktast,0,0.1,0.065,K,Kontaktast,1,0,0,8.66938,,95.0705,95.0705,80,eingeschwungen
L1,0,0,0,8,0,0,0.35,0.1,0.65,10,egg THOLD=0.65,Kelvin-Voigt,1.5e+06,0.02,39.4968,,,,9.81,Kontaktast,0,0.2,0.13,K,Kontaktast,1,0,0,8.66938,,210.642,210.642,80,eingeschwungen
L1,0,0,0,8,0,0,0.35,0.1,0.65,10,egg THOLD=0.65,Kelvin-Voigt,1.5e+06,0.02,39.4968,,,,9.81,Kontaktast,0,0.3,0.195,K,Kontaktast,1,0,0,8.66938,,302.308,302.308,80,eingeschwungen
L1,0,0,0,8,0,0,0.35,0.1,0.65,10,egg THOLD=0.65,Kelvin-Voigt,1.5e+06,0.02,39.4968,,,,9.81,Kontaktast,0,0.4,0.26,H1,Hüpfen,1,1,97.9433,481.452,481.452,560.338,560.338,240,eingeschwungen
L1,0,0,0,8,0,0,0.35,0.1,0.65,10,egg THOLD=0.65,Kelvin-Voigt,1.5e+06,0.02,39.4968,,,,9.81,Kontaktast,0,0.5,0.325,H1,Hüpfen,1,1,97.9433,481.452,481.452,552.765,552.765,240,eingeschwungen
L1,0,0,0,8,0,0,0.35,0.1,0.65,10,egg THOLD=0.65,Kelvin-Voigt,1.5e+06,0.02,39.4968,,,,9.81,Kontaktast,0,0.6,0.39,K,Kontaktast,1,0,0,8.66938,,611.458,611.458,80,eingeschwungen
L1,0,0,0,8,0,0,0.35,0.1,0.65,10,egg THOLD=0.65,Kelvin-Voigt,1.5e+06,0.02,39.4968,,,,9.81,Kontaktast,0,0.7,0.455,H1,Hüpfen,1,1,97.9433,481.452,481.452,678.681,678.681,240,eingeschwungen
L1,0,0,0,8,0,0,0.35,0.1,0.65,10,egg THOLD=0.65,Kelvin-Voigt,1.5e+06,0.02,39.4968,,,,9.81,Kontaktast,0,0.8,0.52,K,Kontaktast,1,0,0,8.66938,,782.143,782.143,80,eingeschwungen
L1,0,0,0,8,0,0,0.35,0.1,0.65,10,egg THOLD=0.65,Kelvin-Voigt,1.5e+06,0.02,39.4968,,,,9.81,Kontaktast,0,0.9,0.585,K,Kontaktast,1,0,0,8.66938,,937.042,937.042,80,eingeschwungen
L1,0,0,0,8,0,0,0.35,0.1,0.65,10,egg THOLD=0.65,Kelvin-Voigt,1.5e+06,0.02,39.4968,,,,9.81,Kontaktast,0,1,0.65,H2,Hüpfen,2,0.5,98.9751,965.745,965.745,1028.45,1028.45,400,eingeschwungen
L1,0,0,0,8,0,0,0.35,0.1,0.65,10,egg THOLD=0.65,Kelvin-Voigt,1.5e+06,0.02,39.4968,,,,9.81,Kontaktast,0.125,-1,-0.65,H2,Hüpfen,2,0.5,98.9751,965.744,965.744,967.953,967.953,320,eingeschwungen
L1,0,0,0,8,0,0,0.35,0.1,0.65,10,egg THOLD=0.65,Kelvin-Voigt,1.5e+06,0.02,39.4968,,,,9.81,Kontaktast,0.125,-0.9,-0.585,K,Kontaktast,1,0,0,8.66938,,885.028,885.028,80,eingeschwungen
L1,0,0,0,8,0,0,0.35,0.1,0.65,10,egg THOLD=0.65,Kelvin-Voigt,1.5e+06,0.02,39.4968,,,,9.81,Kontaktast,0.125,-0.8,-0.52,H1,Hüpfen,1,1,97.9433,481.452,481.452,772.017,743.02,240,eingeschwungen
L1,0,0,0,8,0,0,0.35,0.1,0.65,10,egg THOLD=0.65,Kelvin-Voigt,1.5e+06,0.02,39.4968,,,,9.81,Kontaktast,0.125,-0.7,-0.455,H1,Hüpfen,1,1,97.9433,481.452,481.452,676.214,633.124,240,eingeschwungen
L1,0,0,0,8,0,0,0.35,0.1,0.65,10,egg THOLD=0.65,Kelvin-Voigt,1.5e+06,0.02,39.4968,,,,9.81,Kontaktast,0.125,-0.6,-0.39,H1,Hüpfen,1,1,97.9433,481.452,481.452,580.412,564.301,240,eingeschwungen
L1,0,0,0,8,0,0,0.35,0.1,0.65,10,egg THOLD=0.65,Kelvin-Voigt,1.5e+06,0.02,39.4968,,,,9.81,Kontaktast,0.125,-0.5,-0.325,H1,Hüpfen,1,1,97.9433,481.452,481.452,514.616,514.616,240,eingeschwungen
L1,0,0,0,8,0,0,0.35,0.1,0.65,10,egg THOLD=0.65,Kelvin-Voigt,1.5e+06,0.02,39.4968,,,,9.81,Kontaktast,0.125,-0.4,-0.26,H1,Hüpfen,1,1,97.9433,481.452,481.452,553.805,553.805,240,eingeschwungen
L1,0,0,0,8,0,0,0.35,0.1,0.65,10,egg THOLD=0.65,Kelvin-Voigt,1.5e+06,0.02,39.4968,,,,9.81,Kontaktast,0.125,-0.3,-0.195,K,Kontaktast,1,0,0,8.66938,,328.475,328.475,80,eingeschwungen
L1,0,0,0,8,0,0,0.35,0.1,0.65,10,egg THOLD=0.65,Kelvin-Voigt,1.5e+06,0.02,39.4968,,,,9.81,Kontaktast,0.125,-0.2,-0.13,K,Kontaktast,1,0,0,8.66938,,197.202,196.22,80,eingeschwungen
L1,0,0,0,8,0,0,0.35,0.1,0.65,10,egg THOLD=0.65,Kelvin-Voigt,1.5e+06,0.02,39.4968,,,,9.81,Kontaktast,0.125,-0.1,-0.065,K,Kontaktast,1,0,0,8.66938,,101.399,98.6785,80,eingeschwungen
L1,0,0,0,8,0,0,0.35,0.1,0.65,10,egg THOLD=0.65,Kelvin-Voigt,1.5e+06,0.02,39.4968,,,,9.81,Kontaktast,0.125,0,0,K,Kontaktast,1,0,0,8.66938,,8.66938,,80,eingeschwungen
L1,0,0,0,8,0,0,0.35,0.1,0.65,10,egg THOLD=0.65,Kelvin-Voigt,1.5e+06,0.02,39.4968,,,,9.81,Kontaktast,0.125,0.1,0.065,K,Kontaktast,1,0,0,8.66938,,104.495,104.495,80,eingeschwungen
L1,0,0,0,8,0,0,0.35,0.1,0.65,10,egg THOLD=0.65,Kelvin-Voigt,1.5e+06,0.02,39.4968,,,,9.81,Kontaktast,0.125,0.2,0.13,K,Kontaktast,1,0,0,8.66938,,203.588,203.588,80,eingeschwungen
L1,0,0,0,8,0,0,0.35,0.1,0.65,10,egg THOLD=0.65,Kelvin-Voigt,1.5e+06,0.02,39.4968,,,,9.81,Kontaktast,0.125,0.3,0.195,K,Kontaktast,1,0,0,8.66938,,351.153,351.153,80,eingeschwungen
L1,0,0,0,8,0,0,0.35,0.1,0.65,10,egg THOLD=0.65,Kelvin-Voigt,1.5e+06,0.02,39.4968,,,,9.81,Kontaktast,0.125,0.4,0.26,H1,Hüpfen,1,1,97.9433,481.452,481.452,540.124,540.124,240,eingeschwungen
L1,0,0,0,8,0,0,0.35,0.1,0.65,10,egg THOLD=0.65,Kelvin-Voigt,1.5e+06,0.02,39.4968,,,,9.81,Kontaktast,0.125,0.5,0.325,H1,Hüpfen,1,1,97.9433,481.452,481.452,531.112,531.112,240,eingeschwungen
L1,0,0,0,8,0,0,0.35,0.1,0.65,10,egg THOLD=0.65,Kelvin-Voigt,1.5e+06,0.02,39.4968,,,,9.81,Kontaktast,0.125,0.6,0.39,K,Kontaktast,1,0,0,8.66938,,591.623,591.623,80,eingeschwungen
L1,0,0,0,8,0,0,0.35,0.1,0.65,10,egg THOLD=0.65,Kelvin-Voigt,1.5e+06,0.02,39.4968,,,,9.81,Kontaktast,0.125,0.7,0.455,K,Kontaktast,1,0,0,8.66938,,674.873,674.873,80,eingeschwungen
L1,0,0,0,8,0,0,0.35,0.1,0.65,10,egg THOLD=0.65,Kelvin-Voigt,1.5e+06,0.02,39.4968,,,,9.81,Kontaktast,0.125,0.8,0.52,H1,Hüpfen,1,1,97.9433,481.452,481.452,817.371,817.371,240,eingeschwungen
L1,0,0,0,8,0,0,0.35,0.1,0.65,10,egg THOLD=0.65,Kelvin-Voigt,1.5e+06,0.02,39.4968,,,,9.81,Kontaktast,0.125,0.9,0.585,H2,Hüpfen,2,0.5,98.9751,965.744,965.744,997.054,997.054,400,eingeschwungen
L1,0,0,0,8,0,0,0.35,0.1,0.65,10,egg THOLD=0.65,Kelvin-Voigt,1.5e+06,0.02,39.4968,,,,9.81,Kontaktast,0.125,1,0.65,H2,Hüpfen,2,0.5,98.9751,965.744,965.744,1008.33,1008.33,400,eingeschwungen
L1,0,0,0,8,0,0,0.35,0.1,0.65,10,egg THOLD=0.65,Kelvin-Voigt,1.5e+06,0.02,39.4968,,,,9.81,Kontaktast,0.25,-1,-0.65,H2,Hüpfen,2,0.5,98.9751,965.744,965.744,992.437,992.437,400,eingeschwungen
L1,0,0,0,8,0,0,0.35,0.1,0.65,10,egg THOLD=0.65,Kelvin-Voigt,1.5e+06,0.02,39.4968,,,,9.81,Kontaktast,0.25,-0.9,-0.585,K,Kontaktast,1,0,0,8.66938,,872.037,872.037,80,eingeschwungen
L1,0,0,0,8,0,0,0.35,0.1,0.65,10,egg THOLD=0.65,Kelvin-Voigt,1.5e+06,0.02,39.4968,,,,9.81,Kontaktast,0.25,-0.8,-0.52,K,Kontaktast,1,0,0,8.66938,,771.613,757.346,80,eingeschwungen
L1,0,0,0,8,0,0,0.35,0.1,0.65,10,egg THOLD=0.65,Kelvin-Voigt,1.5e+06,0.02,39.4968,,,,9.81,Kontaktast,0.25,-0.7,-0.455,H1,Hüpfen,1,1,97.9433,481.452,481.452,675.811,619.173,240,eingeschwungen
L1,0,0,0,8,0,0,0.35,0.1,0.65,10,egg THOLD=0.65,Kelvin-Voigt,1.5e+06,0.02,39.4968,,,,9.81,Kontaktast,0.25,-0.6,-0.39,H1,Hüpfen,1,1,97.9433,481.452,481.452,580.008,544.756,240,eingeschwungen
L1,0,0,0,8,0,0,0.35,0.1,0.65,10,egg THOLD=0.65,Kelvin-Voigt,1.5e+06,0.02,39.4968,,,,9.81,Kontaktast,0.25,-0.5,-0.325,H1,Hüpfen,1,1,97.9433,481.452,481.452,486.272,486.272,240,eingeschwungen
L1,0,0,0,8,0,0,0.35,0.1,0.65,10,egg THOLD=0.65,Kelvin-Voigt,1.5e+06,0.02,39.4968,,,,9.81,Kontaktast,0.25,-0.4,-0.26,H1,Hüpfen,1,1,97.9433,481.452,481.452,544.171,544.171,240,eingeschwungen
L1,0,0,0,8,0,0,0.35,0.1,0.65,10,egg THOLD=0.65,Kelvin-Voigt,1.5e+06,0.02,39.4968,,,,9.81,Kontaktast,0.25,-0.3,-0.195,K,Kontaktast,1,0,0,8.66938,,344.345,344.345,80,eingeschwungen
L1,0,0,0,8,0,0,0.35,0.1,0.65,10,egg THOLD=0.65,Kelvin-Voigt,1.5e+06,0.02,39.4968,,,,9.81,Kontaktast,0.25,-0.2,-0.13,K,Kontaktast,1,0,0,8.66938,,210.886,210.886,80,eingeschwungen
L1,0,0,0,8,0,0,0.35,0.1,0.65,10,egg THOLD=0.65,Kelvin-Voigt,1.5e+06,0.02,39.4968,,,,9.81,Kontaktast,0.25,-0.1,-0.065,K,Kontaktast,1,0,0,8.66938,,102.361,102.361,80,eingeschwungen
L1,0,0,0,8,0,0,0.35,0.1,0.65,10,egg THOLD=0.65,Kelvin-Voigt,1.5e+06,0.02,39.4968,,,,9.81,Kontaktast,0.25,0,0,K,Kontaktast,1,0,0,8.66938,,8.66938,,80,eingeschwungen
L1,0,0,0,8,0,0,0.35,0.1,0.65,10,egg THOLD=0.65,Kelvin-Voigt,1.5e+06,0.02,39.4968,,,,9.81,Kontaktast,0.25,0.1,0.065,K,Kontaktast,1,0,0,8.66938,,109.082,109.082,80,eingeschwungen
L1,0,0,0,8,0,0,0.35,0.1,0.65,10,egg THOLD=0.65,Kelvin-Voigt,1.5e+06,0.02,39.4968,,,,9.81,Kontaktast,0.25,0.2,0.13,K,Kontaktast,1,0,0,8.66938,,225.513,225.513,80,eingeschwungen
L1,0,0,0,8,0,0,0.35,0.1,0.65,10,egg THOLD=0.65,Kelvin-Voigt,1.5e+06,0.02,39.4968,,,,9.81,Kontaktast,0.25,0.3,0.195,K,Kontaktast,1,0,0,8.66938,,365.518,365.518,80,eingeschwungen
L1,0,0,0,8,0,0,0.35,0.1,0.65,10,egg THOLD=0.65,Kelvin-Voigt,1.5e+06,0.02,39.4968,,,,9.81,Kontaktast,0.25,0.4,0.26,H1,Hüpfen,1,1,97.9433,481.452,481.452,530.909,530.909,240,eingeschwungen
L1,0,0,0,8,0,0,0.35,0.1,0.65,10,egg THOLD=0.65,Kelvin-Voigt,1.5e+06,0.02,39.4968,,,,9.81,Kontaktast,0.25,0.5,0.325,H1,Hüpfen,1,1,97.9433,481.452,481.452,503.066,503.066,240,eingeschwungen
L1,0,0,0,8,0,0,0.35,0.1,0.65,10,egg THOLD=0.65,Kelvin-Voigt,1.5e+06,0.02,39.4968,,,,9.81,Kontaktast,0.25,0.6,0.39,K,Kontaktast,1,0,0,8.66938,,568.589,568.589,80,eingeschwungen
L1,0,0,0,8,0,0,0.35,0.1,0.65,10,egg THOLD=0.65,Kelvin-Voigt,1.5e+06,0.02,39.4968,,,,9.81,Kontaktast,0.25,0.7,0.455,K,Kontaktast,1,0,0,8.66938,,674.082,674.082,80,eingeschwungen
L1,0,0,0,8,0,0,0.35,0.1,0.65,10,egg THOLD=0.65,Kelvin-Voigt,1.5e+06,0.02,39.4968,,,,9.81,Kontaktast,0.25,0.8,0.52,H1,Hüpfen,1,1,97.9433,481.452,481.452,827.065,827.065,320,eingeschwungen
L1,0,0,0,8,0,0,0.35,0.1,0.65,10,egg THOLD=0.65,Kelvin-Voigt,1.5e+06,0.02,39.4968,,,,9.81,Kontaktast,0.25,0.9,0.585,H2,Hüpfen,2,0.5,98.9751,965.745,965.745,1001.7,1001.7,400,eingeschwungen
L1,0,0,0,8,0,0,0.35,0.1,0.65,10,egg THOLD=0.65,Kelvin-Voigt,1.5e+06,0.02,39.4968,,,,9.81,Kontaktast,0.25,1,0.65,K,Kontaktast,1,0,0,8.66938,,977.237,977.237,80,eingeschwungen
L1,0,0,0,8,0,0,0.35,0.1,0.65,10,egg THOLD=0.65,Kelvin-Voigt,1.5e+06,0.02,39.4968,,,,9.81,Kontaktast,0.375,-1,-0.65,K,Kontaktast,1,0,0,8.66938,,963.219,905.341,80,eingeschwungen
L1,0,0,0,8,0,0,0.35,0.1,0.65,10,egg THOLD=0.65,Kelvin-Voigt,1.5e+06,0.02,39.4968,,,,9.81,Kontaktast,0.375,-0.9,-0.585,K,Kontaktast,1,0,0,8.66938,,867.417,845.641,80,eingeschwungen
L1,0,0,0,8,0,0,0.35,0.1,0.65,10,egg THOLD=0.65,Kelvin-Voigt,1.5e+06,0.02,39.4968,,,,9.81,Kontaktast,0.375,-0.8,-0.52,K,Kontaktast,1,0,0,8.66938,,771.614,755.415,80,eingeschwungen
L1,0,0,0,8,0,0,0.35,0.1,0.65,10,egg THOLD=0.65,Kelvin-Voigt,1.5e+06,0.02,39.4968,,,,9.81,Kontaktast,0.375,-0.7,-0.455,H1,Hüpfen,1,1,97.9433,481.452,481.452,675.812,611.15,240,eingeschwungen
L1,0,0,0,8,0,0,0.35,0.1,0.65,10,egg THOLD=0.65,Kelvin-Voigt,1.5e+06,0.02,39.4968,,,,9.81,Kontaktast,0.375,-0.6,-0.39,H1,Hüpfen,1,1,97.9433,481.452,481.452,580.009,555.32,240,eingeschwungen
L1,0,0,0,8,0,0,0.35,0.1,0.65,10,egg THOLD=0.65,Kelvin-Voigt,1.5e+06,0.02,39.4968,,,,9.81,Kontaktast,0.375,-0.5,-0.325,H1,Hüpfen,1,1,97.9433,481.452,481.452,516.662,516.662,240,eingeschwungen
L1,0,0,0,8,0,0,0.35,0.1,0.65,10,egg THOLD=0.65,Kelvin-Voigt,1.5e+06,0.02,39.4968,,,,9.81,Kontaktast,0.375,-0.4,-0.26,H1,Hüpfen,1,1,97.9433,481.452,481.452,552.523,552.523,240,eingeschwungen
L1,0,0,0,8,0,0,0.35,0.1,0.65,10,egg THOLD=0.65,Kelvin-Voigt,1.5e+06,0.02,39.4968,,,,9.81,Kontaktast,0.375,-0.3,-0.195,K,Kontaktast,1,0,0,8.66938,,328.379,328.379,80,eingeschwungen
L1,0,0,0,8,0,0,0.35,0.1,0.65,10,egg THOLD=0.65,Kelvin-Voigt,1.5e+06,0.02,39.4968,,,,9.81,Kontaktast,0.375,-0.2,-0.13,K,Kontaktast,1,0,0,8.66938,,225.436,225.436,80,eingeschwungen
L1,0,0,0,8,0,0,0.35,0.1,0.65,10,egg THOLD=0.65,Kelvin-Voigt,1.5e+06,0.02,39.4968,,,,9.81,Kontaktast,0.375,-0.1,-0.065,K,Kontaktast,1,0,0,8.66938,,107.586,107.586,80,eingeschwungen
L1,0,0,0,8,0,0,0.35,0.1,0.65,10,egg THOLD=0.65,Kelvin-Voigt,1.5e+06,0.02,39.4968,,,,9.81,Kontaktast,0.375,0,0,K,Kontaktast,1,0,0,8.66938,,8.66938,,80,eingeschwungen
L1,0,0,0,8,0,0,0.35,0.1,0.65,10,egg THOLD=0.65,Kelvin-Voigt,1.5e+06,0.02,39.4968,,,,9.81,Kontaktast,0.375,0.1,0.065,K,Kontaktast,1,0,0,8.66938,,114.719,114.719,80,eingeschwungen
L1,0,0,0,8,0,0,0.35,0.1,0.65,10,egg THOLD=0.65,Kelvin-Voigt,1.5e+06,0.02,39.4968,,,,9.81,Kontaktast,0.375,0.2,0.13,K,Kontaktast,1,0,0,8.66938,,241.167,241.167,80,eingeschwungen
L1,0,0,0,8,0,0,0.35,0.1,0.65,10,egg THOLD=0.65,Kelvin-Voigt,1.5e+06,0.02,39.4968,,,,9.81,Kontaktast,0.375,0.3,0.195,K,Kontaktast,1,0,0,8.66938,,363.157,363.157,80,eingeschwungen
L1,0,0,0,8,0,0,0.35,0.1,0.65,10,egg THOLD=0.65,Kelvin-Voigt,1.5e+06,0.02,39.4968,,,,9.81,Kontaktast,0.375,0.4,0.26,H1,Hüpfen,1,1,97.9433,481.452,481.452,536.53,536.53,240,eingeschwungen
L1,0,0,0,8,0,0,0.35,0.1,0.65,10,egg THOLD=0.65,Kelvin-Voigt,1.5e+06,0.02,39.4968,,,,9.81,Kontaktast,0.375,0.5,0.325,H1,Hüpfen,1,1,97.9433,481.452,481.452,520.18,520.18,240,eingeschwungen
L1,0,0,0,8,0,0,0.35,0.1,0.65,10,egg THOLD=0.65,Kelvin-Voigt,1.5e+06,0.02,39.4968,,,,9.81,Kontaktast,0.375,0.6,0.39,K,Kontaktast,1,0,0,8.66938,,544.89,544.89,80,eingeschwungen
L1,0,0,0,8,0,0,0.35,0.1,0.65,10,egg THOLD=0.65,Kelvin-Voigt,1.5e+06,0.02,39.4968,,,,9.81,Kontaktast,0.375,0.7,0.455,K,Kontaktast,1,0,0,8.66938,,677.984,677.984,80,eingeschwungen
L1,0,0,0,8,0,0,0.35,0.1,0.65,10,egg THOLD=0.65,Kelvin-Voigt,1.5e+06,0.02,39.4968,,,,9.81,Kontaktast,0.375,0.8,0.52,H1,Hüpfen,1,1,97.9433,481.452,481.452,810.023,810.023,240,eingeschwungen
L1,0,0,0,8,0,0,0.35,0.1,0.65,10,egg THOLD=0.65,Kelvin-Voigt,1.5e+06,0.02,39.4968,,,,9.81,Kontaktast,0.375,0.9,0.585,H1,Hüpfen,1,1,97.9433,481.452,481.452,902.753,902.753,240,eingeschwungen
L1,0,0,0,8,0,0,0.35,0.1,0.65,10,egg THOLD=0.65,Kelvin-Voigt,1.5e+06,0.02,39.4968,,,,9.81,Kontaktast,0.375,1,0.65,H1,Hüpfen,1,1,97.9433,481.452,481.452,942.088,942.088,240,eingeschwungen
L1,0,0,0,8,0,0,0.35,0.1,0.65,10,egg THOLD=0.65,Kelvin-Voigt,1.5e+06,0.02,39.4968,,,,9.81,Kontaktast,0.5,-1,-0.65,K,Kontaktast,1,0,0,8.66938,,963.629,864.033,80,eingeschwungen
L1,0,0,0,8,0,0,0.35,0.1,0.65,10,egg THOLD=0.65,Kelvin-Voigt,1.5e+06,0.02,39.4968,,,,9.81,Kontaktast,0.5,-0.9,-0.585,H1,Hüpfen,1,1,97.9433,481.452,481.452,867.827,807.676,240,eingeschwungen
L1,0,0,0,8,0,0,0.35,0.1,0.65,10,egg THOLD=0.65,Kelvin-Voigt,1.5e+06,0.02,39.4968,,,,9.81,Kontaktast,0.5,-0.8,-0.52,K,Kontaktast,1,0,0,8.66938,,772.024,739.47,80,eingeschwungen
L1,0,0,0,8,0,0,0.35,0.1,0.65,10,egg THOLD=0.65,Kelvin-Voigt,1.5e+06,0.02,39.4968,,,,9.81,Kontaktast,0.5,-0.7,-0.455,H1,Hüpfen,1,1,97.9433,481.452,481.452,676.222,617.139,240,eingeschwungen
L1,0,0,0,8,0,0,0.35,0.1,0.65,10,egg THOLD=0.65,Kelvin-Voigt,1.5e+06,0.02,39.4968,,,,9.81,Kontaktast,0.5,-0.6,-0.39,K,Kontaktast,1,0,0,8.66938,,580.419,485.098,80,eingeschwungen
L1,0,0,0,8,0,0,0.35,0.1,0.65,10,egg THOLD=0.65,Kelvin-Voigt,1.5e+06,0.02,39.4968,,,,9.81,Kontaktast,0.5,-0.5,-0.325,H1,Hüpfen,1,1,97.9433,481.452,481.452,548.899,548.899,240,eingeschwungen
L1,0,0,0,8,0,0,0.35,0.1,0.65,10,egg THOLD=0.65,Kelvin-Voigt,1.5e+06,0.02,39.4968,,,,9.81,Kontaktast,0.5,-0.4,-0.26,K,Kontaktast,1,0,0,8.66938,,438.784,438.784,80,eingeschwungen
L1,0,0,0,8,0,0,0.35,0.1,0.65,10,egg THOLD=0.65,Kelvin-Voigt,1.5e+06,0.02,39.4968,,,,9.81,Kontaktast,0.5,-0.3,-0.195,K,Kontaktast,1,0,0,8.66938,,299.223,299.223,80,eingeschwungen
L1,0,0,0,8,0,0,0.35,0.1,0.65,10,egg THOLD=0.65,Kelvin-Voigt,1.5e+06,0.02,39.4968,,,,9.81,Kontaktast,0.5,-0.2,-0.13,K,Kontaktast,1,0,0,8.66938,,220.881,220.881,80,eingeschwungen
L1,0,0,0,8,0,0,0.35,0.1,0.65,10,egg THOLD=0.65,Kelvin-Voigt,1.5e+06,0.02,39.4968,,,,9.81,Kontaktast,0.5,-0.1,-0.065,K,Kontaktast,1,0,0,8.66938,,106.913,106.913,80,eingeschwungen
L1,0,0,0,8,0,0,0.35,0.1,0.65,10,egg THOLD=0.65,Kelvin-Voigt,1.5e+06,0.02,39.4968,,,,9.81,Kontaktast,0.5,0,0,K,Kontaktast,1,0,0,8.66938,,8.66938,,80,eingeschwungen
L1,0,0,0,8,0,0,0.35,0.1,0.65,10,egg THOLD=0.65,Kelvin-Voigt,1.5e+06,0.02,39.4968,,,,9.81,Kontaktast,0.5,0.1,0.065,K,Kontaktast,1,0,0,8.66938,,113.287,113.287,80,eingeschwungen
L1,0,0,0,8,0,0,0.35,0.1,0.65,10,egg THOLD=0.65,Kelvin-Voigt,1.5e+06,0.02,39.4968,,,,9.81,Kontaktast,0.5,0.2,0.13,K,Kontaktast,1,0,0,8.66938,,236.032,236.032,80,eingeschwungen
L1,0,0,0,8,0,0,0.35,0.1,0.65,10,egg THOLD=0.65,Kelvin-Voigt,1.5e+06,0.02,39.4968,,,,9.81,Kontaktast,0.5,0.3,0.195,K,Kontaktast,1,0,0,8.66938,,335.339,335.339,80,eingeschwungen
L1,0,0,0,8,0,0,0.35,0.1,0.65,10,egg THOLD=0.65,Kelvin-Voigt,1.5e+06,0.02,39.4968,,,,9.81,Kontaktast,0.5,0.4,0.26,H1,Hüpfen,1,1,97.9433,481.452,481.452,557.463,557.463,240,eingeschwungen
L1,0,0,0,8,0,0,0.35,0.1,0.65,10,egg THOLD=0.65,Kelvin-Voigt,1.5e+06,0.02,39.4968,,,,9.81,Kontaktast,0.5,0.5,0.325,H1,Hüpfen,1,1,97.9433,481.452,481.452,543.671,543.671,240,eingeschwungen
L1,0,0,0,8,0,0,0.35,0.1,0.65,10,egg THOLD=0.65,Kelvin-Voigt,1.5e+06,0.02,39.4968,,,,9.81,Kontaktast,0.5,0.6,0.39,K,Kontaktast,1,0,0,8.66938,,527.837,527.837,80,eingeschwungen
L1,0,0,0,8,0,0,0.35,0.1,0.65,10,egg THOLD=0.65,Kelvin-Voigt,1.5e+06,0.02,39.4968,,,,9.81,Kontaktast,0.5,0.7,0.455,K,Kontaktast,1,0,0,8.66938,,681.407,681.407,80,eingeschwungen
L1,0,0,0,8,0,0,0.35,0.1,0.65,10,egg THOLD=0.65,Kelvin-Voigt,1.5e+06,0.02,39.4968,,,,9.81,Kontaktast,0.5,0.8,0.52,H1,Hüpfen,1,1,97.9433,481.452,481.452,781.976,781.976,240,eingeschwungen
L1,0,0,0,8,0,0,0.35,0.1,0.65,10,egg THOLD=0.65,Kelvin-Voigt,1.5e+06,0.02,39.4968,,,,9.81,Kontaktast,0.5,0.9,0.585,H1,Hüpfen,1,1,97.9433,481.452,481.452,847.86,847.86,240,eingeschwungen
L1,0,0,0,8,0,0,0.35,0.1,0.65,10,egg THOLD=0.65,Kelvin-Voigt,1.5e+06,0.02,39.4968,,,,9.81,Kontaktast,0.5,1,0.65,K,Kontaktast,1,0,0,8.66938,,909.883,909.883,80,eingeschwungen
L1,0,0,0,8,0,0,0.35,0.1,0.65,10,egg THOLD=0.65,Kelvin-Voigt,1.5e+06,0.02,39.4968,,,,9.81,Kontaktast,0.625,-1,-0.65,K,Kontaktast,1,0,0,8.66938,,964.307,837.581,80,eingeschwungen
L1,0,0,0,8,0,0,0.35,0.1,0.65,10,egg THOLD=0.65,Kelvin-Voigt,1.5e+06,0.02,39.4968,,,,9.81,Kontaktast,0.625,-0.9,-0.585,K,Kontaktast,1,0,0,8.66938,,868.504,776.819,80,eingeschwungen
L1,0,0,0,8,0,0,0.35,0.1,0.65,10,egg THOLD=0.65,Kelvin-Voigt,1.5e+06,0.02,39.4968,,,,9.81,Kontaktast,0.625,-0.8,-0.52,K,Kontaktast,1,0,0,8.66938,,772.702,717.39,80,eingeschwungen
L1,0,0,0,8,0,0,0.35,0.1,0.65,10,egg THOLD=0.65,Kelvin-Voigt,1.5e+06,0.02,39.4968,,,,9.81,Kontaktast,0.625,-0.7,-0.455,K,Kontaktast,1,0,0,8.66938,,676.899,631.656,80,eingeschwungen
L1,0,0,0,8,0,0,0.35,0.1,0.65,10,egg THOLD=0.65,Kelvin-Voigt,1.5e+06,0.02,39.4968,,,,9.81,Kontaktast,0.625,-0.6,-0.39,K,Kontaktast,1,0,0,8.66938,,581.097,485.521,80,eingeschwungen
L1,0,0,0,8,0,0,0.35,0.1,0.65,10,egg THOLD=0.65,Kelvin-Voigt,1.5e+06,0.02,39.4968,,,,9.81,Kontaktast,0.625,-0.5,-0.325,K,Kontaktast,1,0,0,8.66938,,485.294,414.618,80,eingeschwungen
L1,0,0,0,8,0,0,0.35,0.1,0.65,10,egg THOLD=0.65,Kelvin-Voigt,1.5e+06,0.02,39.4968,,,,9.81,Kontaktast,0.625,-0.4,-0.26,K,Kontaktast,1,0,0,8.66938,,389.492,359.066,80,eingeschwungen
L1,0,0,0,8,0,0,0.35,0.1,0.65,10,egg THOLD=0.65,Kelvin-Voigt,1.5e+06,0.02,39.4968,,,,9.81,Kontaktast,0.625,-0.3,-0.195,K,Kontaktast,1,0,0,8.66938,,293.689,263.263,80,eingeschwungen
L1,0,0,0,8,0,0,0.35,0.1,0.65,10,egg THOLD=0.65,Kelvin-Voigt,1.5e+06,0.02,39.4968,,,,9.81,Kontaktast,0.625,-0.2,-0.13,K,Kontaktast,1,0,0,8.66938,,197.887,194.433,80,eingeschwungen
L1,0,0,0,8,0,0,0.35,0.1,0.65,10,egg THOLD=0.65,Kelvin-Voigt,1.5e+06,0.02,39.4968,,,,9.81,Kontaktast,0.625,-0.1,-0.065,K,Kontaktast,1,0,0,8.66938,,107.996,107.996,80,eingeschwungen
L1,0,0,0,8,0,0,0.35,0.1,0.65,10,egg THOLD=0.65,Kelvin-Voigt,1.5e+06,0.02,39.4968,,,,9.81,Kontaktast,0.625,0,0,K,Kontaktast,1,0,0,8.66938,,8.66938,,80,eingeschwungen
L1,0,0,0,8,0,0,0.35,0.1,0.65,10,egg THOLD=0.65,Kelvin-Voigt,1.5e+06,0.02,39.4968,,,,9.81,Kontaktast,0.625,0.1,0.065,K,Kontaktast,1,0,0,8.66938,,116.266,116.266,80,eingeschwungen
L1,0,0,0,8,0,0,0.35,0.1,0.65,10,egg THOLD=0.65,Kelvin-Voigt,1.5e+06,0.02,39.4968,,,,9.81,Kontaktast,0.625,0.2,0.13,K,Kontaktast,1,0,0,8.66938,,209.193,209.193,80,eingeschwungen
L1,0,0,0,8,0,0,0.35,0.1,0.65,10,egg THOLD=0.65,Kelvin-Voigt,1.5e+06,0.02,39.4968,,,,9.81,Kontaktast,0.625,0.3,0.195,K,Kontaktast,1,0,0,8.66938,,296.588,296.588,80,eingeschwungen
L1,0,0,0,8,0,0,0.35,0.1,0.65,10,egg THOLD=0.65,Kelvin-Voigt,1.5e+06,0.02,39.4968,,,,9.81,Kontaktast,0.625,0.4,0.26,K,Kontaktast,1,0,0,8.66938,,397.968,397.968,80,eingeschwungen
L1,0,0,0,8,0,0,0.35,0.1,0.65,10,egg THOLD=0.65,Kelvin-Voigt,1.5e+06,0.02,39.4968,,,,9.81,Kontaktast,0.625,0.5,0.325,K,Kontaktast,1,0,0,8.66938,,420.602,420.602,80,eingeschwungen
L1,0,0,0,8,0,0,0.35,0.1,0.65,10,egg THOLD=0.65,Kelvin-Voigt,1.5e+06,0.02,39.4968,,,,9.81,Kontaktast,0.625,0.6,0.39,H1,Hüpfen,1,1,97.9433,481.452,481.452,562.689,562.689,240,eingeschwungen
L1,0,0,0,8,0,0,0.35,0.1,0.65,10,egg THOLD=0.65,Kelvin-Voigt,1.5e+06,0.02,39.4968,,,,9.81,Kontaktast,0.625,0.7,0.455,K,Kontaktast,1,0,0,8.66938,,679.166,679.166,80,eingeschwungen
L1,0,0,0,8,0,0,0.35,0.1,0.65,10,egg THOLD=0.65,Kelvin-Voigt,1.5e+06,0.02,39.4968,,,,9.81,Kontaktast,0.625,0.8,0.52,H1,Hüpfen,1,1,97.9433,481.452,481.452,753.818,753.818,240,eingeschwungen
L1,0,0,0,8,0,0,0.35,0.1,0.65,10,egg THOLD=0.65,Kelvin-Voigt,1.5e+06,0.02,39.4968,,,,9.81,Kontaktast,0.625,0.9,0.585,H1,Hüpfen,1,1,97.9433,481.452,481.452,814.307,814.307,240,eingeschwungen
L1,0,0,0,8,0,0,0.35,0.1,0.65,10,egg THOLD=0.65,Kelvin-Voigt,1.5e+06,0.02,39.4968,,,,9.81,Kontaktast,0.625,1,0.65,H1,Hüpfen,1,1,97.9433,481.452,481.452,890.302,890.302,240,eingeschwungen
L1,0,0,0,8,0,0,0.35,0.1,0.65,10,egg THOLD=0.65,Kelvin-Voigt,1.5e+06,0.02,39.4968,,,,9.81,Kontaktast,0.75,-1,-0.65,H1,Hüpfen,1,1,97.9433,481.452,481.452,966.344,847.705,240,eingeschwungen
L1,0,0,0,8,0,0,0.35,0.1,0.65,10,egg THOLD=0.65,Kelvin-Voigt,1.5e+06,0.02,39.4968,,,,9.81,Kontaktast,0.75,-0.9,-0.585,K,Kontaktast,1,0,0,8.66938,,870.541,765.539,80,eingeschwungen
L1,0,0,0,8,0,0,0.35,0.1,0.65,10,egg THOLD=0.65,Kelvin-Voigt,1.5e+06,0.02,39.4968,,,,9.81,Kontaktast,0.75,-0.8,-0.52,K,Kontaktast,1,0,0,8.66938,,774.739,706.098,80,eingeschwungen
L1,0,0,0,8,0,0,0.35,0.1,0.65,10,egg THOLD=0.65,Kelvin-Voigt,1.5e+06,0.02,39.4968,,,,9.81,Kontaktast,0.75,-0.7,-0.455,K,Kontaktast,1,0,0,8.66938,,678.936,644.324,80,eingeschwungen
L1,0,0,0,8,0,0,0.35,0.1,0.65,10,egg THOLD=0.65,Kelvin-Voigt,1.5e+06,0.02,39.4968,,,,9.81,Kontaktast,0.75,-0.6,-0.39,H1,Hüpfen,1,1,97.9433,481.452,481.452,583.134,574.604,240,eingeschwungen
L1,0,0,0,8,0,0,0.35,0.1,0.65,10,egg THOLD=0.65,Kelvin-Voigt,1.5e+06,0.02,39.4968,,,,9.81,Kontaktast,0.75,-0.5,-0.325,K,Kontaktast,1,0,0,8.66938,,487.331,399.112,80,eingeschwungen
L1,0,0,0,8,0,0,0.35,0.1,0.65,10,egg THOLD=0.65,Kelvin-Voigt,1.5e+06,0.02,39.4968,,,,9.81,Kontaktast,0.75,-0.4,-0.26,K,Kontaktast,1,0,0,8.66938,,391.529,312.841,80,eingeschwungen
L1,0,0,0,8,0,0,0.35,0.1,0.65,10,egg THOLD=0.65,Kelvin-Voigt,1.5e+06,0.02,39.4968,,,,9.81,Kontaktast,0.75,-0.3,-0.195,K,Kontaktast,1,0,0,8.66938,,295.726,253.145,80,eingeschwungen
L1,0,0,0,8,0,0,0.35,0.1,0.65,10,egg THOLD=0.65,Kelvin-Voigt,1.5e+06,0.02,39.4968,,,,9.81,Kontaktast,0.75,-0.2,-0.13,K,Kontaktast,1,0,0,8.66938,,199.923,162.944,80,eingeschwungen
L1,0,0,0,8,0,0,0.35,0.1,0.65,10,egg THOLD=0.65,Kelvin-Voigt,1.5e+06,0.02,39.4968,,,,9.81,Kontaktast,0.75,-0.1,-0.065,K,Kontaktast,1,0,0,8.66938,,104.121,95.7651,80,eingeschwungen
L1,0,0,0,8,0,0,0.35,0.1,0.65,10,egg THOLD=0.65,Kelvin-Voigt,1.5e+06,0.02,39.4968,,,,9.81,Kontaktast,0.75,0,0,K,Kontaktast,1,0,0,8.66938,,8.66938,,80,eingeschwungen
L1,0,0,0,8,0,0,0.35,0.1,0.65,10,egg THOLD=0.65,Kelvin-Voigt,1.5e+06,0.02,39.4968,,,,9.81,Kontaktast,0.75,0.1,0.065,K,Kontaktast,1,0,0,8.66938,,102.987,102.987,80,eingeschwungen
L1,0,0,0,8,0,0,0.35,0.1,0.65,10,egg THOLD=0.65,Kelvin-Voigt,1.5e+06,0.02,39.4968,,,,9.81,Kontaktast,0.75,0.2,0.13,K,Kontaktast,1,0,0,8.66938,,177.944,177.944,80,eingeschwungen
L1,0,0,0,8,0,0,0.35,0.1,0.65,10,egg THOLD=0.65,Kelvin-Voigt,1.5e+06,0.02,39.4968,,,,9.81,Kontaktast,0.75,0.3,0.195,K,Kontaktast,1,0,0,8.66938,,274.587,274.587,80,eingeschwungen
L1,0,0,0,8,0,0,0.35,0.1,0.65,10,egg THOLD=0.65,Kelvin-Voigt,1.5e+06,0.02,39.4968,,,,9.81,Kontaktast,0.75,0.4,0.26,K,Kontaktast,1,0,0,8.66938,,338.008,338.008,80,eingeschwungen
L1,0,0,0,8,0,0,0.35,0.1,0.65,10,egg THOLD=0.65,Kelvin-Voigt,1.5e+06,0.02,39.4968,,,,9.81,Kontaktast,0.75,0.5,0.325,K,Kontaktast,1,0,0,8.66938,,431.016,431.016,80,eingeschwungen
L1,0,0,0,8,0,0,0.35,0.1,0.65,10,egg THOLD=0.65,Kelvin-Voigt,1.5e+06,0.02,39.4968,,,,9.81,Kontaktast,0.75,0.6,0.39,H1,Hüpfen,1,1,97.9433,481.452,481.452,596.394,596.394,240,eingeschwungen
L1,0,0,0,8,0,0,0.35,0.1,0.65,10,egg THOLD=0.65,Kelvin-Voigt,1.5e+06,0.02,39.4968,,,,9.81,Kontaktast,0.75,0.7,0.455,K,Kontaktast,1,0,0,8.66938,,673.476,673.476,80,eingeschwungen
L1,0,0,0,8,0,0,0.35,0.1,0.65,10,egg THOLD=0.65,Kelvin-Voigt,1.5e+06,0.02,39.4968,,,,9.81,Kontaktast,0.75,0.8,0.52,K,Kontaktast,1,0,0,8.66938,,735.693,735.693,80,eingeschwungen
L1,0,0,0,8,0,0,0.35,0.1,0.65,10,egg THOLD=0.65,Kelvin-Voigt,1.5e+06,0.02,39.4968,,,,9.81,Kontaktast,0.75,0.9,0.585,K,Kontaktast,1,0,0,8.66938,,805.333,805.333,80,eingeschwungen
L1,0,0,0,8,0,0,0.35,0.1,0.65,10,egg THOLD=0.65,Kelvin-Voigt,1.5e+06,0.02,39.4968,,,,9.81,Kontaktast,0.75,1,0.65,K,Kontaktast,1,0,0,8.66938,,916.386,916.386,80,eingeschwungen
L1,0,0,0,8,0,0,0.35,0.1,0.65,10,egg THOLD=0.65,Kelvin-Voigt,1.5e+06,0.02,39.4968,,,,9.81,Kontaktast,0.875,-1,-0.65,K,Kontaktast,1,0,0,8.66938,,966.386,942.016,80,eingeschwungen
L1,0,0,0,8,0,0,0.35,0.1,0.65,10,egg THOLD=0.65,Kelvin-Voigt,1.5e+06,0.02,39.4968,,,,9.81,Kontaktast,0.875,-0.9,-0.585,K,Kontaktast,1,0,0,8.66938,,870.583,798.563,80,eingeschwungen
L1,0,0,0,8,0,0,0.35,0.1,0.65,10,egg THOLD=0.65,Kelvin-Voigt,1.5e+06,0.02,39.4968,,,,9.81,Kontaktast,0.875,-0.8,-0.52,K,Kontaktast,1,0,0,8.66938,,774.781,712.533,80,eingeschwungen
L1,0,0,0,8,0,0,0.35,0.1,0.65,10,egg THOLD=0.65,Kelvin-Voigt,1.5e+06,0.02,39.4968,,,,9.81,Kontaktast,0.875,-0.7,-0.455,K,Kontaktast,1,0,0,8.66938,,678.978,651.739,80,eingeschwungen
L1,0,0,0,8,0,0,0.35,0.1,0.65,10,egg THOLD=0.65,Kelvin-Voigt,1.5e+06,0.02,39.4968,,,,9.81,Kontaktast,0.875,-0.6,-0.39,H1,Hüpfen,1,1,97.9433,481.452,481.452,591.413,591.413,240,eingeschwungen
L1,0,0,0,8,0,0,0.35,0.1,0.65,10,egg THOLD=0.65,Kelvin-Voigt,1.5e+06,0.02,39.4968,,,,9.81,Kontaktast,0.875,-0.5,-0.325,H1,Hüpfen,1,1,97.9433,481.452,481.452,560.259,560.259,240,eingeschwungen
L1,0,0,0,8,0,0,0.35,0.1,0.65,10,egg THOLD=0.65,Kelvin-Voigt,1.5e+06,0.02,39.4968,,,,9.81,Kontaktast,0.875,-0.4,-0.26,K,Kontaktast,1,0,0,8.66938,,391.571,353.126,80,eingeschwungen
L1,0,0,0,8,0,0,0.35,0.1,0.65,10,egg THOLD=0.65,Kelvin-Voigt,1.5e+06,0.02,39.4968,,,,9.81,Kontaktast,0.875,-0.3,-0.195,K,Kontaktast,1,0,0,8.66938,,295.768,263.69,80,eingeschwungen
L1,0,0,0,8,0,0,0.35,0.1,0.65,10,egg THOLD=0.65,Kelvin-Voigt,1.5e+06,0.02,39.4968,,,,9.81,Kontaktast,0.875,-0.2,-0.13,K,Kontaktast,1,0,0,8.66938,,199.965,162.864,80,eingeschwungen
L1,0,0,0,8,0,0,0.35,0.1,0.65,10,egg THOLD=0.65,Kelvin-Voigt,1.5e+06,0.02,39.4968,,,,9.81,Kontaktast,0.875,-0.1,-0.065,K,Kontaktast,1,0,0,8.66938,,104.163,85.6916,80,eingeschwungen
L1,0,0,0,8,0,0,0.35,0.1,0.65,10,egg THOLD=0.65,Kelvin-Voigt,1.5e+06,0.02,39.4968,,,,9.81,Kontaktast,0.875,0,0,K,Kontaktast,1,0,0,8.66938,,8.66938,,80,eingeschwungen
L1,0,0,0,8,0,0,0.35,0.1,0.65,10,egg THOLD=0.65,Kelvin-Voigt,1.5e+06,0.02,39.4968,,,,9.81,Kontaktast,0.875,0.1,0.065,K,Kontaktast,1,0,0,8.66938,,90.3536,90.3536,80,eingeschwungen
L1,0,0,0,8,0,0,0.35,0.1,0.65,10,egg THOLD=0.65,Kelvin-Voigt,1.5e+06,0.02,39.4968,,,,9.81,Kontaktast,0.875,0.2,0.13,K,Kontaktast,1,0,0,8.66938,,171.196,171.196,80,eingeschwungen
L1,0,0,0,8,0,0,0.35,0.1,0.65,10,egg THOLD=0.65,Kelvin-Voigt,1.5e+06,0.02,39.4968,,,,9.81,Kontaktast,0.875,0.3,0.195,K,Kontaktast,1,0,0,8.66938,,271.16,271.16,80,eingeschwungen
L1,0,0,0,8,0,0,0.35,0.1,0.65,10,egg THOLD=0.65,Kelvin-Voigt,1.5e+06,0.02,39.4968,,,,9.81,Kontaktast,0.875,0.4,0.26,K,Kontaktast,1,0,0,8.66938,,374.1,374.1,80,eingeschwungen
L1,0,0,0,8,0,0,0.35,0.1,0.65,10,egg THOLD=0.65,Kelvin-Voigt,1.5e+06,0.02,39.4968,,,,9.81,Kontaktast,0.875,0.5,0.325,H1,Hüpfen,1,1,97.9433,481.452,481.452,565.035,565.035,240,eingeschwungen
L1,0,0,0,8,0,0,0.35,0.1,0.65,10,egg THOLD=0.65,Kelvin-Voigt,1.5e+06,0.02,39.4968,,,,9.81,Kontaktast,0.875,0.6,0.39,H1,Hüpfen,1,1,97.9433,481.452,481.452,614.735,614.735,240,eingeschwungen
L1,0,0,0,8,0,0,0.35,0.1,0.65,10,egg THOLD=0.65,Kelvin-Voigt,1.5e+06,0.02,39.4968,,,,9.81,Kontaktast,0.875,0.7,0.455,H1,Hüpfen,1,1,97.9433,481.452,481.452,676.839,676.839,240,eingeschwungen
L1,0,0,0,8,0,0,0.35,0.1,0.65,10,egg THOLD=0.65,Kelvin-Voigt,1.5e+06,0.02,39.4968,,,,9.81,Kontaktast,0.875,0.8,0.52,H1,Hüpfen,1,1,97.9433,481.452,481.452,747.418,747.418,240,eingeschwungen
L1,0,0,0,8,0,0,0.35,0.1,0.65,10,egg THOLD=0.65,Kelvin-Voigt,1.5e+06,0.02,39.4968,,,,9.81,Kontaktast,0.875,0.9,0.585,K,Kontaktast,1,0,0,8.66938,,860.582,860.582,80,eingeschwungen
L1,0,0,0,8,0,0,0.35,0.1,0.65,10,egg THOLD=0.65,Kelvin-Voigt,1.5e+06,0.02,39.4968,,,,9.81,Kontaktast,0.875,1,0.65,H2,Hüpfen,2,0.5,98.9751,965.745,965.745,1018.74,1018.74,400,eingeschwungen
"Schnitt (120°,240°)",0,120,240,8,8,8,0.35,0.1,0.65,10,egg THOLD=0.65,Kelvin-Voigt,1.5e+06,0.02,39.4968,,,,9.81,Kontaktast,0,-1,-0.65,K,Kontaktast,1,0,0,6.99918,,963.648,907.906,80,eingeschwungen
"Schnitt (120°,240°)",0,120,240,8,8,8,0.35,0.1,0.65,10,egg THOLD=0.65,Kelvin-Voigt,1.5e+06,0.02,39.4968,,,,9.81,Kontaktast,0,-0.9,-0.585,K,Kontaktast,1,0,0,6.99918,,867.845,808.089,80,eingeschwungen
"Schnitt (120°,240°)",0,120,240,8,8,8,0.35,0.1,0.65,10,egg THOLD=0.65,Kelvin-Voigt,1.5e+06,0.02,39.4968,,,,9.81,Kontaktast,0,-0.8,-0.52,K,Kontaktast,1,0,0,6.99918,,772.043,727.694,80,eingeschwungen
"Schnitt (120°,240°)",0,120,240,8,8,8,0.35,0.1,0.65,10,egg THOLD=0.65,Kelvin-Voigt,1.5e+06,0.02,39.4968,,,,9.81,Kontaktast,0,-0.7,-0.455,K,Kontaktast,1,0,0,6.99918,,676.24,628.941,80,eingeschwungen
"Schnitt (120°,240°)",0,120,240,8,8,8,0.35,0.1,0.65,10,egg THOLD=0.65,Kelvin-Voigt,1.5e+06,0.02,39.4968,,,,9.81,Kontaktast,0,-0.6,-0.39,K,Kontaktast,1,0,0,6.99918,,580.438,544.6,80,eingeschwungen
"Schnitt (120°,240°)",0,120,240,8,8,8,0.35,0.1,0.65,10,egg THOLD=0.65,Kelvin-Voigt,1.5e+06,0.02,39.4968,,,,9.81,Kontaktast,0,-0.5,-0.325,K,Kontaktast,1,0,0,6.99918,,484.635,454.424,80,eingeschwungen
"Schnitt (120°,240°)",0,120,240,8,8,8,0.35,0.1,0.65,10,egg THOLD=0.65,Kelvin-Voigt,1.5e+06,0.02,39.4968,,,,9.81,Kontaktast,0,-0.4,-0.26,K,Kontaktast,1,0,0,6.99918,,388.833,360.767,80,eingeschwungen
"Schnitt (120°,240°)",0,120,240,8,8,8,0.35,0.1,0.65,10,egg THOLD=0.65,Kelvin-Voigt,1.5e+06,0.02,39.4968,,,,9.81,Kontaktast,0,-0.3,-0.195,K,Kontaktast,1,0,0,6.99918,,293.03,278.309,80,eingeschwungen
"Schnitt (120°,240°)",0,120,240,8,8,8,0.35,0.1,0.65,10,egg THOLD=0.65,Kelvin-Voigt,1.5e+06,0.02,39.4968,,,,9.81,Kontaktast,0,-0.2,-0.13,K,Kontaktast,1,0,0,6.99918,,197.227,178.487,80,eingeschwungen
"Schnitt (120°,240°)",0,120,240,8,8,8,0.35,0.1,0.65,10,egg THOLD=0.65,Kelvin-Voigt,1.5e+06,0.02,39.4968,,,,9.81,Kontaktast,0,-0.1,-0.065,K,Kontaktast,1,0,0,6.99918,,101.425,100.991,80,eingeschwungen
"Schnitt (120°,240°)",0,120,240,8,8,8,0.35,0.1,0.65,10,egg THOLD=0.65,Kelvin-Voigt,1.5e+06,0.02,39.4968,,,,9.81,Kontaktast,0,0,0,K,Kontaktast,1,0,0,6.99918,,6.99918,,80,eingeschwungen
"Schnitt (120°,240°)",0,120,240,8,8,8,0.35,0.1,0.65,10,egg THOLD=0.65,Kelvin-Voigt,1.5e+06,0.02,39.4968,,,,9.81,Kontaktast,0,0.1,0.065,K,Kontaktast,1,0,0,6.99918,,109.152,109.152,80,eingeschwungen
"Schnitt (120°,240°)",0,120,240,8,8,8,0.35,0.1,0.65,10,egg THOLD=0.65,Kelvin-Voigt,1.5e+06,0.02,39.4968,,,,9.81,Kontaktast,0,0.2,0.13,K,Kontaktast,1,0,0,6.99918,,192.967,192.967,80,eingeschwungen
"Schnitt (120°,240°)",0,120,240,8,8,8,0.35,0.1,0.65,10,egg THOLD=0.65,Kelvin-Voigt,1.5e+06,0.02,39.4968,,,,9.81,Kontaktast,0,0.3,0.195,K,Kontaktast,1,0,0,6.99918,,296.997,296.997,80,eingeschwungen
"Schnitt (120°,240°)",0,120,240,8,8,8,0.35,0.1,0.65,10,egg THOLD=0.65,Kelvin-Voigt,1.5e+06,0.02,39.4968,,,,9.81,Kontaktast,0,0.4,0.26,H1,Hüpfen,1,3,93.7162,157.919,157.919,389.158,389.158,80,eingeschwungen
"Schnitt (120°,240°)",0,120,240,8,8,8,0.35,0.1,0.65,10,egg THOLD=0.65,Kelvin-Voigt,1.5e+06,0.02,39.4968,,,,9.81,Kontaktast,0,0.5,0.325,K,Kontaktast,1,0,0,6.99918,,480.501,480.501,80,eingeschwungen
"Schnitt (120°,240°)",0,120,240,8,8,8,0.35,0.1,0.65,10,egg THOLD=0.65,Kelvin-Voigt,1.5e+06,0.02,39.4968,,,,9.81,Kontaktast,0,0.6,0.39,K,Kontaktast,1,0,0,6.99918,,585.142,585.142,80,eingeschwungen
"Schnitt (120°,240°)",0,120,240,8,8,8,0.35,0.1,0.65,10,egg THOLD=0.65,Kelvin-Voigt,1.5e+06,0.02,39.4968,,,,9.81,Kontaktast,0,0.7,0.455,K,Kontaktast,1,0,0,6.99918,,671.794,671.794,80,eingeschwungen
"Schnitt (120°,240°)",0,120,240,8,8,8,0.35,0.1,0.65,10,egg THOLD=0.65,Kelvin-Voigt,1.5e+06,0.02,39.4968,,,,9.81,Kontaktast,0,0.8,0.52,K,Kontaktast,1,0,0,6.99918,,774.201,774.201,80,eingeschwungen
"Schnitt (120°,240°)",0,120,240,8,8,8,0.35,0.1,0.65,10,egg THOLD=0.65,Kelvin-Voigt,1.5e+06,0.02,39.4968,,,,9.81,Kontaktast,0,0.9,0.585,H1,Hüpfen,1,3,93.7162,157.925,157.925,869.001,869.001,80,eingeschwungen
"Schnitt (120°,240°)",0,120,240,8,8,8,0.35,0.1,0.65,10,egg THOLD=0.65,Kelvin-Voigt,1.5e+06,0.02,39.4968,,,,9.81,Kontaktast,0,1,0.65,K,Kontaktast,1,0,0,6.99918,,958.396,958.396,80,eingeschwungen
"Schnitt (120°,240°)",0,120,240,8,8,8,0.35,0.1,0.65,10,egg THOLD=0.65,Kelvin-Voigt,1.5e+06,0.02,39.4968,,,,9.81,Kontaktast,0.125,-1,-0.65,K,Kontaktast,1,0,0,6.99918,,964.936,899.679,80,eingeschwungen
"Schnitt (120°,240°)",0,120,240,8,8,8,0.35,0.1,0.65,10,egg THOLD=0.65,Kelvin-Voigt,1.5e+06,0.02,39.4968,,,,9.81,Kontaktast,0.125,-0.9,-0.585,K,Kontaktast,1,0,0,6.99918,,869.133,818.773,80,eingeschwungen
"Schnitt (120°,240°)",0,120,240,8,8,8,0.35,0.1,0.65,10,egg THOLD=0.65,Kelvin-Voigt,1.5e+06,0.02,39.4968,,,,9.81,Kontaktast,0.125,-0.8,-0.52,K,Kontaktast,1,0,0,6.99918,,773.331,721.64,80,eingeschwungen
"Schnitt (120°,240°)",0,120,240,8,8,8,0.35,0.1,0.65,10,egg THOLD=0.65,Kelvin-Voigt,1.5e+06,0.02,39.4968,,,,9.81,Kontaktast,0.125,-0.7,-0.455,H1,Hüpfen,1,3,93.7162,157.92,157.92,677.528,634.978,80,eingeschwungen
"Schnitt (120°,240°)",0,120,240,8,8,8,0.35,0.1,0.65,10,egg THOLD=0.65,Kelvin-Voigt,1.5e+06,0.02,39.4968,,,,9.81,Kontaktast,0.125,-0.6,-0.39,K,Kontaktast,1,0,0,6.99918,,581.726,547.275,80,eingeschwungen
"Schnitt (120°,240°)",0,120,240,8,8,8,0.35,0.1,0.65,10,egg THOLD=0.65,Kelvin-Voigt,1.5e+06,0.02,39.4968,,,,9.81,Kontaktast,0.125,-0.5,-0.325,K,Kontaktast,1,0,0,6.99918,,485.923,450.864,80,eingeschwungen
"Schnitt (120°,240°)",0,120,240,8,8,8,0.35,0.1,0.65,10,egg THOLD=0.65,Kelvin-Voigt,1.5e+06,0.02,39.4968,,,,9.81,Kontaktast,0.125,-0.4,-0.26,K,Kontaktast,1,0,0,6.99918,,390.12,369.434,80,eingeschwungen
"Schnitt (120°,240°)",0,120,240,8,8,8,0.35,0.1,0.65,10,egg THOLD=0.65,Kelvin-Voigt,1.5e+06,0.02,39.4968,,,,9.81,Kontaktast,0.125,-0.3,-0.195,K,Kontaktast,1,0,0,6.99918,,294.318,268.509,80,eingeschwungen
"Schnitt (120°,240°)",0,120,240,8,8,8,0.35,0.1,0.65,10,egg THOLD=0.65,Kelvin-Voigt,1.5e+06,0.02,39.4968,,,,9.81,Kontaktast,0.125,-0.2,-0.13,K,Kontaktast,1,0,0,6.99918,,198.515,187.855,80,eingeschwungen
"Schnitt (120°,240°)",0,120,240,8,8,8,0.35,0.1,0.65,10,egg THOLD=0.65,Kelvin-Voigt,1.5e+06,0.02,39.4968,,,,9.81,Kontaktast,0.125,-0.1,-0.065,K,Kontaktast,1,0,0,6.99918,,102.713,88.3775,80,eingeschwungen
"Schnitt (120°,240°)",0,120,240,8,8,8,0.35,0.1,0.65,10,egg THOLD=0.65,Kelvin-Voigt,1.5e+06,0.02,39.4968,,,,9.81,Kontaktast,0.125,0,0,K,Kontaktast,1,0,0,6.99918,,6.99918,,80,eingeschwungen
"Schnitt (120°,240°)",0,120,240,8,8,8,0.35,0.1,0.65,10,egg THOLD=0.65,Kelvin-Voigt,1.5e+06,0.02,39.4968,,,,9.81,Kontaktast,0.125,0.1,0.065,K,Kontaktast,1,0,0,6.99918,,95.6712,95.6712,80,eingeschwungen
"Schnitt (120°,240°)",0,120,240,8,8,8,0.35,0.1,0.65,10,egg THOLD=0.65,Kelvin-Voigt,1.5e+06,0.02,39.4968,,,,9.81,Kontaktast,0.125,0.2,0.13,K,Kontaktast,1,0,0,6.99918,,198.156,198.156,80,eingeschwungen
"Schnitt (120°,240°)",0,120,240,8,8,8,0.35,0.1,0.65,10,egg THOLD=0.65,Kelvin-Voigt,1.5e+06,0.02,39.4968,,,,9.81,Kontaktast,0.125,0.3,0.195,K,Kontaktast,1,0,0,6.99918,,284.731,284.731,80,eingeschwungen
"Schnitt (120°,240°)",0,120,240,8,8,8,0.35,0.1,0.65,10,egg THOLD=0.65,Kelvin-Voigt,1.5e+06,0.02,39.4968,,,,9.81,Kontaktast,0.125,0.4,0.26,H1,Hüpfen,1,3,93.7162,157.919,157.919,390.44,390.44,80,eingeschwungen
"Schnitt (120°,240°)",0,120,240,8,8,8,0.35,0.1,0.65,10,egg THOLD=0.65,Kelvin-Voigt,1.5e+06,0.02,39.4968,,,,9.81,Kontaktast,0.125,0.5,0.325,K,Kontaktast,1,0,0,6.99918,,481.34,481.34,80,eingeschwungen
"Schnitt (120°,240°)",0,120,240,8,8,8,0.35,0.1,0.65,10,egg THOLD=0.65,Kelvin-Voigt,1.5e+06,0.02,39.4968,,,,9.81,Kontaktast,0.125,0.6,0.39,K,Kontaktast,1,0,0,6.99918,,574.632,574.632,80,eingeschwungen
"Schnitt (120°,240°)",0,120,240,8,8,8,0.35,0.1,0.65,10,egg THOLD=0.65,Kelvin-Voigt,1.5e+06,0.02,39.4968,,,,9.81,Kontaktast,0.125,0.7,0.455,K,Kontaktast,1,0,0,6.99918,,678.273,678.273,80,eingeschwungen
"Schnitt (120°,240°)",0,120,240,8,8,8,0.35,0.1,0.65,10,egg THOLD=0.65,Kelvin-Voigt,1.5e+06,0.02,39.4968,,,,9.81,Kontaktast,0.125,0.8,0.52,K,Kontaktast,1,0,0,6.99918,,764.926,764.926,80,eingeschwungen
"Schnitt (120°,240°)",0,120,240,8,8,8,0.35,0.1,0.65,10,egg THOLD=0.65,Kelvin-Voigt,1.5e+06,0.02,39.4968,,,,9.81,Kontaktast,0.125,0.9,0.585,K,Kontaktast,1,0,0,6.99918,,868.655,868.655,80,eingeschwungen
"Schnitt (120°,240°)",0,120,240,8,8,8,0.35,0.1,0.65,10,egg THOLD=0.65,Kelvin-Voigt,1.5e+06,0.02,39.4968,,,,9.81,Kontaktast,0.125,1,0.65,K,Kontaktast,1,0,0,6.99918,,961.987,961.987,80,eingeschwungen
"Schnitt (120°,240°)",0,120,240,8,8,8,0.35,0.1,0.65,10,egg THOLD=0.65,Kelvin-Voigt,1.5e+06,0.02,39.4968,,,,9.81,Kontaktast,0.25,-1,-0.65,K,Kontaktast,1,0,0,6.99918,,964.303,915.038,80,eingeschwungen
"Schnitt (120°,240°)",0,120,240,8,8,8,0.35,0.1,0.65,10,egg THOLD=0.65,Kelvin-Voigt,1.5e+06,0.02,39.4968,,,,9.81,Kontaktast,0.25,-0.9,-0.585,K,Kontaktast,1,0,0,6.99918,,868.5,818.563,80,eingeschwungen
"Schnitt (120°,240°)",0,120,240,8,8,8,0.35,0.1,0.65,10,egg THOLD=0.65,Kelvin-Voigt,1.5e+06,0.02,39.4968,,,,9.81,Kontaktast,0.25,-0.8,-0.52,K,Kontaktast,1,0,0,6.99918,,772.698,731.248,80,eingeschwungen
"Schnitt (120°,240°)",0,120,240,8,8,8,0.35,0.1,0.65,10,egg THOLD=0.65,Kelvin-Voigt,1.5e+06,0.02,39.4968,,,,9.81,Kontaktast,0.25,-0.7,-0.455,K,Kontaktast,1,0,0,6.99918,,676.895,644.331,80,eingeschwungen
"Schnitt (120°,240°)",0,120,240,8,8,8,0.35,0.1,0.65,10,egg THOLD=0.65,Kelvin-Voigt,1.5e+06,0.02,39.4968,,,,9.81,Kontaktast,0.25,-0.6,-0.39,K,Kontaktast,1,0,0,6.99918,,581.093,547.436,80,eingeschwungen
"Schnitt (120°,240°)",0,120,240,8,8,8,0.35,0.1,0.65,10,egg THOLD=0.65,Kelvin-Voigt,1.5e+06,0.02,39.4968,,,,9.81,Kontaktast,0.25,-0.5,-0.325,K,Kontaktast,1,0,0,6.99918,,485.29,466.446,80,eingeschwungen
"Schnitt (120°,240°)",0,120,240,8,8,8,0.35,0.1,0.65,10,egg THOLD=0.65,Kelvin-Voigt,1.5e+06,0.02,39.4968,,,,9.81,Kontaktast,0.25,-0.4,-0.26,K,Kontaktast,1,0,0,6.99918,,389.488,365.936,80,eingeschwungen
"Schnitt (120°,240°)",0,120,240,8,8,8,0.35,0.1,0.65,10,egg THOLD=0.65,Kelvin-Voigt,1.5e+06,0.02,39.4968,,,,9.81,Kontaktast,0.25,-0.3,-0.195,K,Kontaktast,1,0,0,6.99918,,293.685,285.177,80,eingeschwungen
"Schnitt (120°,240°)",0,120,240,8,8,8,0.35,0.1,0.65,10,egg THOLD=0.65,Kelvin-Voigt,1.5e+06,0.02,39.4968,,,,9.81,Kontaktast,0.25,-0.2,-0.13,K,Kontaktast,1,0,0,6.99918,,197.882,188.627,80,eingeschwungen
"Schnitt (120°,240°)",0,120,240,8,8,8,0.35,0.1,0.65,10,egg THOLD=0.65,Kelvin-Voigt,1.5e+06,0.02,39.4968,,,,9.81,Kontaktast,0.25,-0.1,-0.065,K,Kontaktast,1,0,0,6.99918,,103.922,103.922,80,eingeschwungen
"Schnitt (120°,240°)",0,120,240,8,8,8,0.35,0.1,0.65,10,egg THOLD=0.65,Kelvin-Voigt,1.5e+06,0.02,39.4968,,,,9.81,Kontaktast,0.25,0,0,K,Kontaktast,1,0,0,6.99918,,6.99918,,80,eingeschwungen
"Schnitt (120°,240°)",0,120,240,8,8,8,0.35,0.1,0.65,10,egg THOLD=0.65,Kelvin-Voigt,1.5e+06,0.02,39.4968,,,,9.81,Kontaktast,0.25,0.1,0.065,K,Kontaktast,1,0,0,6.99918,,108.031,108.031,80,eingeschwungen
"Schnitt (120°,240°)",0,120,240,8,8,8,0.35,0.1,0.65,10,egg THOLD=0.65,Kelvin-Voigt,1.5e+06,0.02,39.4968,,,,9.81,Kontaktast,0.25,0.2,0.13,K,Kontaktast,1,0,0,6.99918,,199.664,199.664,80,eingeschwungen
"Schnitt (120°,240°)",0,120,240,8,8,8,0.35,0.1,0.65,10,egg THOLD=0.65,Kelvin-Voigt,1.5e+06,0.02,39.4968,,,,9.81,Kontaktast,0.25,0.3,0.195,K,Kontaktast,1,0,0,6.99918,,303.405,303.405,80,eingeschwungen
"Schnitt (120°,240°)",0,120,240,8,8,8,0.35,0.1,0.65,10,egg THOLD=0.65,Kelvin-Voigt,1.5e+06,0.02,39.4968,,,,9.81,Kontaktast,0.25,0.4,0.26,K,Kontaktast,1,0,0,6.99918,,389.744,389.744,80,eingeschwungen
"Schnitt (120°,240°)",0,120,240,8,8,8,0.35,0.1,0.65,10,egg THOLD=0.65,Kelvin-Voigt,1.5e+06,0.02,39.4968,,,,9.81,Kontaktast,0.25,0.5,0.325,K,Kontaktast,1,0,0,6.99918,,494.041,494.041,80,eingeschwungen
"Schnitt (120°,240°)",0,120,240,8,8,8,0.35,0.1,0.65,10,egg THOLD=0.65,Kelvin-Voigt,1.5e+06,0.02,39.4968,,,,9.81,Kontaktast,0.25,0.6,0.39,H1,Hüpfen,1,3,93.7162,157.921,157.921,586.586,586.586,80,eingeschwungen
"Schnitt (120°,240°)",0,120,240,8,8,8,0.35,0.1,0.65,10,egg THOLD=0.65,Kelvin-Voigt,1.5e+06,0.02,39.4968,,,,9.81,Kontaktast,0.25,0.7,0.455,K,Kontaktast,1,0,0,6.99918,,677.802,677.802,80,eingeschwungen
"Schnitt (120°,240°)",0,120,240,8,8,8,0.35,0.1,0.65,10,egg THOLD=0.65,Kelvin-Voigt,1.5e+06,0.02,39.4968,,,,9.81,Kontaktast,0.25,0.8,0.52,K,Kontaktast,1,0,0,6.99918,,782.755,782.755,80,eingeschwungen
"Schnitt (120°,240°)",0,120,240,8,8,8,0.35,0.1,0.65,10,egg THOLD=0.65,Kelvin-Voigt,1.5e+06,0.02,39.4968,,,,9.81,Kontaktast,0.25,0.9,0.585,K,Kontaktast,1,0,0,6.99918,,869.607,869.607,80,eingeschwungen
"Schnitt (120°,240°)",0,120,240,8,8,8,0.35,0.1,0.65,10,egg THOLD=0.65,Kelvin-Voigt,1.5e+06,0.02,39.4968,,,,9.81,Kontaktast,0.25,1,0.65,K,Kontaktast,1,0,0,6.99918,,971.458,971.458,80,eingeschwungen
"Schnitt (120°,240°)",0,120,240,8,8,8,0.35,0.1,0.65,10,egg THOLD=0.65,Kelvin-Voigt,1.5e+06,0.02,39.4968,,,,9.81,Kontaktast,0.375,-1,-0.65,K,Kontaktast,1,0,0,6.99918,,964.224,903.112,80,eingeschwungen
"Schnitt (120°,240°)",0,120,240,8,8,8,0.35,0.1,0.65,10,egg THOLD=0.65,Kelvin-Voigt,1.5e+06,0.02,39.4968,,,,9.81,Kontaktast,0.375,-0.9,-0.585,K,Kontaktast,1,0,0,6.99918,,868.422,807.903,80,eingeschwungen
"Schnitt (120°,240°)",0,120,240,8,8,8,0.35,0.1,0.65,10,egg THOLD=0.65,Kelvin-Voigt,1.5e+06,0.02,39.4968,,,,9.81,Kontaktast,0.375,-0.8,-0.52,K,Kontaktast,1,0,0,6.99918,,772.619,726.11,80,eingeschwungen
"Schnitt (120°,240°)",0,120,240,8,8,8,0.35,0.1,0.65,10,egg THOLD=0.65,Kelvin-Voigt,1.5e+06,0.02,39.4968,,,,9.81,Kontaktast,0.375,-0.7,-0.455,K,Kontaktast,1,0,0,6.99918,,676.816,625.743,80,eingeschwungen
"Schnitt (120°,240°)",0,120,240,8,8,8,0.35,0.1,0.65,10,egg THOLD=0.65,Kelvin-Voigt,1.5e+06,0.02,39.4968,,,,9.81,Kontaktast,0.375,-0.6,-0.39,K,Kontaktast,1,0,0,6.99918,,581.014,545.042,80,eingeschwungen
"Schnitt (120°,240°)",0,120,240,8,8,8,0.35,0.1,0.65,10,egg THOLD=0.65,Kelvin-Voigt,1.5e+06,0.02,39.4968,,,,9.81,Kontaktast,0.375,-0.5,-0.325,K,Kontaktast,1,0,0,6.99918,,485.211,447.617,80,eingeschwungen
"Schnitt (120°,240°)",0,120,240,8,8,8,0.35,0.1,0.65,10,egg THOLD=0.65,Kelvin-Voigt,1.5e+06,0.02,39.4968,,,,9.81,Kontaktast,0.375,-0.4,-0.26,K,Kontaktast,1,0,0,6.99918,,389.409,361.607,80,eingeschwungen
"Schnitt (120°,240°)",0,120,240,8,8,8,0.35,0.1,0.65,10,egg THOLD=0.65,Kelvin-Voigt,1.5e+06,0.02,39.4968,,,,9.81,Kontaktast,0.375,-0.3,-0.195,K,Kontaktast,1,0,0,6.99918,,293.606,273.25,80,eingeschwungen
"Schnitt (120°,240°)",0,120,240,8,8,8,0.35,0.1,0.65,10,egg THOLD=0.65,Kelvin-Voigt,1.5e+06,0.02,39.4968,,,,9.81,Kontaktast,0.375,-0.2,-0.13,K,Kontaktast,1,0,0,6.99918,,197.804,177.963,80,eingeschwungen
"Schnitt (120°,240°)",0,120,240,8,8,8,0.35,0.1,0.65,10,egg THOLD=0.65,Kelvin-Voigt,1.5e+06,0.02,39.4968,,,,9.81,Kontaktast,0.375,-0.1,-0.065,K,Kontaktast,1,0,0,6.99918,,102.001,96.8057,80,eingeschwungen
"Schnitt (120°,240°)",0,120,240,8,8,8,0.35,0.1,0.65,10,egg THOLD=0.65,Kelvin-Voigt,1.5e+06,0.02,39.4968,,,,9.81,Kontaktast,0.375,0,0,K,Kontaktast,1,0,0,6.99918,,6.99918,,80,eingeschwungen
"Schnitt (120°,240°)",0,120,240,8,8,8,0.35,0.1,0.65,10,egg THOLD=0.65,Kelvin-Voigt,1.5e+06,0.02,39.4968,,,,9.81,Kontaktast,0.375,0.1,0.065,K,Kontaktast,1,0,0,6.99918,,104.423,104.423,80,eingeschwungen
"Schnitt (120°,240°)",0,120,240,8,8,8,0.35,0.1,0.65,10,egg THOLD=0.65,Kelvin-Voigt,1.5e+06,0.02,39.4968,,,,9.81,Kontaktast,0.375,0.2,0.13,H1,Hüpfen,1,3,93.7162,157.919,157.919,191.084,191.084,80,eingeschwungen
"Schnitt (120°,240°)",0,120,240,8,8,8,0.35,0.1,0.65,10,egg THOLD=0.65,Kelvin-Voigt,1.5e+06,0.02,39.4968,,,,9.81,Kontaktast,0.375,0.3,0.195,K,Kontaktast,1,0,0,6.99918,,289.511,289.511,80,eingeschwungen
"Schnitt (120°,240°)",0,120,240,8,8,8,0.35,0.1,0.65,10,egg THOLD=0.65,Kelvin-Voigt,1.5e+06,0.02,39.4968,,,,9.81,Kontaktast,0.375,0.4,0.26,K,Kontaktast,1,0,0,6.99918,,387.971,387.971,80,eingeschwungen
"Schnitt (120°,240°)",0,120,240,8,8,8,0.35,0.1,0.65,10,egg THOLD=0.65,Kelvin-Voigt,1.5e+06,0.02,39.4968,,,,9.81,Kontaktast,0.375,0.5,0.325,K,Kontaktast,1,0,0,6.99918,,475.376,475.376,80,eingeschwungen
"Schnitt (120°,240°)",0,120,240,8,8,8,0.35,0.1,0.65,10,egg THOLD=0.65,Kelvin-Voigt,1.5e+06,0.02,39.4968,,,,9.81,Kontaktast,0.375,0.6,0.39,K,Kontaktast,1,0,0,6.99918,,581.411,581.411,80,eingeschwungen
"Schnitt (120°,240°)",0,120,240,8,8,8,0.35,0.1,0.65,10,egg THOLD=0.65,Kelvin-Voigt,1.5e+06,0.02,39.4968,,,,9.81,Kontaktast,0.375,0.7,0.455,K,Kontaktast,1,0,0,6.99918,,670.408,670.408,80,eingeschwungen
"Schnitt (120°,240°)",0,120,240,8,8,8,0.35,0.1,0.65,10,egg THOLD=0.65,Kelvin-Voigt,1.5e+06,0.02,39.4968,,,,9.81,Kontaktast,0.375,0.8,0.52,K,Kontaktast,1,0,0,6.99918,,766.275,766.275,80,eingeschwungen
"Schnitt (120°,240°)",0,120,240,8,8,8,0.35,0.1,0.65,10,egg THOLD=0.65,Kelvin-Voigt,1.5e+06,0.02,39.4968,,,,9.81,Kontaktast,0.375,0.9,0.585,K,Kontaktast,1,0,0,6.99918,,867.683,867.683,80,eingeschwungen
"Schnitt (120°,240°)",0,120,240,8,8,8,0.35,0.1,0.65,10,egg THOLD=0.65,Kelvin-Voigt,1.5e+06,0.02,39.4968,,,,9.81,Kontaktast,0.375,1,0.65,K,Kontaktast,1,0,0,6.99918,,954.516,954.516,80,eingeschwungen
"Schnitt (120°,240°)",0,120,240,8,8,8,0.35,0.1,0.65,10,egg THOLD=0.65,Kelvin-Voigt,1.5e+06,0.02,39.4968,,,,9.81,Kontaktast,0.5,-1,-0.65,K,Kontaktast,1,0,0,6.99918,,964.954,905.162,80,eingeschwungen
"Schnitt (120°,240°)",0,120,240,8,8,8,0.35,0.1,0.65,10,egg THOLD=0.65,Kelvin-Voigt,1.5e+06,0.02,39.4968,,,,9.81,Kontaktast,0.5,-0.9,-0.585,H1,Hüpfen,1,3,93.7162,157.925,157.925,869.151,823.436,80,eingeschwungen
"Schnitt (120°,240°)",0,120,240,8,8,8,0.35,0.1,0.65,10,egg THOLD=0.65,Kelvin-Voigt,1.5e+06,0.02,39.4968,,,,9.81,Kontaktast,0.5,-0.8,-0.52,K,Kontaktast,1,0,0,6.99918,,773.349,723.017,80,eingeschwungen
"Schnitt (120°,240°)",0,120,240,8,8,8,0.35,0.1,0.65,10,egg THOLD=0.65,Kelvin-Voigt,1.5e+06,0.02,39.4968,,,,9.81,Kontaktast,0.5,-0.7,-0.455,K,Kontaktast,1,0,0,6.99918,,677.546,642.14,80,eingeschwungen
"Schnitt (120°,240°)",0,120,240,8,8,8,0.35,0.1,0.65,10,egg THOLD=0.65,Kelvin-Voigt,1.5e+06,0.02,39.4968,,,,9.81,Kontaktast,0.5,-0.6,-0.39,K,Kontaktast,1,0,0,6.99918,,581.744,544.949,80,eingeschwungen
"Schnitt (120°,240°)",0,120,240,8,8,8,0.35,0.1,0.65,10,egg THOLD=0.65,Kelvin-Voigt,1.5e+06,0.02,39.4968,,,,9.81,Kontaktast,0.5,-0.5,-0.325,K,Kontaktast,1,0,0,6.99918,,485.941,458.367,80,eingeschwungen
"Schnitt (120°,240°)",0,120,240,8,8,8,0.35,0.1,0.65,10,egg THOLD=0.65,Kelvin-Voigt,1.5e+06,0.02,39.4968,,,,9.81,Kontaktast,0.5,-0.4,-0.26,K,Kontaktast,1,0,0,6.99918,,390.139,370.441,80,eingeschwungen
"Schnitt (120°,240°)",0,120,240,8,8,8,0.35,0.1,0.65,10,egg THOLD=0.65,Kelvin-Voigt,1.5e+06,0.02,39.4968,,,,9.81,Kontaktast,0.5,-0.3,-0.195,K,Kontaktast,1,0,0,6.99918,,294.336,274.122,80,eingeschwungen
"Schnitt (120°,240°)",0,120,240,8,8,8,0.35,0.1,0.65,10,egg THOLD=0.65,Kelvin-Voigt,1.5e+06,0.02,39.4968,,,,9.81,Kontaktast,0.5,-0.2,-0.13,K,Kontaktast,1,0,0,6.99918,,198.533,192.369,80,eingeschwungen
"Schnitt (120°,240°)",0,120,240,8,8,8,0.35,0.1,0.65,10,egg THOLD=0.65,Kelvin-Voigt,1.5e+06,0.02,39.4968,,,,9.81,Kontaktast,0.5,-0.1,-0.065,K,Kontaktast,1,0,0,6.99918,,102.731,89.5084,80,eingeschwungen
"Schnitt (120°,240°)",0,120,240,8,8,8,0.35,0.1,0.65,10,egg THOLD=0.65,Kelvin-Voigt,1.5e+06,0.02,39.4968,,,,9.81,Kontaktast,0.5,0,0,K,Kontaktast,1,0,0,6.99918,,6.99918,,80,eingeschwungen
"Schnitt (120°,240°)",0,120,240,8,8,8,0.35,0.1,0.65,10,egg THOLD=0.65,Kelvin-Voigt,1.5e+06,0.02,39.4968,,,,9.81,Kontaktast,0.5,0.1,0.065,K,Kontaktast,1,0,0,6.99918,,93.3458,93.3458,80,eingeschwungen
"Schnitt (120°,240°)",0,120,240,8,8,8,0.35,0.1,0.65,10,egg THOLD=0.65,Kelvin-Voigt,1.5e+06,0.02,39.4968,,,,9.81,Kontaktast,0.5,0.2,0.13,K,Kontaktast,1,0,0,6.99918,,202.259,202.259,80,eingeschwungen
"Schnitt (120°,240°)",0,120,240,8,8,8,0.35,0.1,0.65,10,egg THOLD=0.65,Kelvin-Voigt,1.5e+06,0.02,39.4968,,,,9.81,Kontaktast,0.5,0.3,0.195,K,Kontaktast,1,0,0,6.99918,,290.823,290.823,80,eingeschwungen
"Schnitt (120°,240°)",0,120,240,8,8,8,0.35,0.1,0.65,10,egg THOLD=0.65,Kelvin-Voigt,1.5e+06,0.02,39.4968,,,,9.81,Kontaktast,0.5,0.4,0.26,K,Kontaktast,1,0,0,6.99918,,389.027,389.027,80,eingeschwungen
"Schnitt (120°,240°)",0,120,240,8,8,8,0.35,0.1,0.65,10,egg THOLD=0.65,Kelvin-Voigt,1.5e+06,0.02,39.4968,,,,9.81,Kontaktast,0.5,0.5,0.325,K,Kontaktast,1,0,0,6.99918,,488.595,488.595,80,eingeschwungen
"Schnitt (120°,240°)",0,120,240,8,8,8,0.35,0.1,0.65,10,egg THOLD=0.65,Kelvin-Voigt,1.5e+06,0.02,39.4968,,,,9.81,Kontaktast,0.5,0.6,0.39,K,Kontaktast,1,0,0,6.99918,,575.914,575.914,80,eingeschwungen
"Schnitt (120°,240°)",0,120,240,8,8,8,0.35,0.1,0.65,10,egg THOLD=0.65,Kelvin-Voigt,1.5e+06,0.02,39.4968,,,,9.81,Kontaktast,0.5,0.7,0.455,K,Kontaktast,1,0,0,6.99918,,681.837,681.837,80,eingeschwungen
"Schnitt (120°,240°)",0,120,240,8,8,8,0.35,0.1,0.65,10,egg THOLD=0.65,Kelvin-Voigt,1.5e+06,0.02,39.4968,,,,9.81,Kontaktast,0.5,0.8,0.52,K,Kontaktast,1,0,0,6.99918,,771.593,771.593,80,eingeschwungen
"Schnitt (120°,240°)",0,120,240,8,8,8,0.35,0.1,0.65,10,egg THOLD=0.65,Kelvin-Voigt,1.5e+06,0.02,39.4968,,,,9.81,Kontaktast,0.5,0.9,0.585,K,Kontaktast,1,0,0,6.99918,,866.301,866.301,80,eingeschwungen
"Schnitt (120°,240°)",0,120,240,8,8,8,0.35,0.1,0.65,10,egg THOLD=0.65,Kelvin-Voigt,1.5e+06,0.02,39.4968,,,,9.81,Kontaktast,0.5,1,0.65,K,Kontaktast,1,0,0,6.99918,,968.82,968.82,80,eingeschwungen
"Schnitt (120°,240°)",0,120,240,8,8,8,0.35,0.1,0.65,10,egg THOLD=0.65,Kelvin-Voigt,1.5e+06,0.02,39.4968,,,,9.81,Kontaktast,0.625,-1,-0.65,K,Kontaktast,1,0,0,6.99918,,963.743,913.391,80,eingeschwungen
"Schnitt (120°,240°)",0,120,240,8,8,8,0.35,0.1,0.65,10,egg THOLD=0.65,Kelvin-Voigt,1.5e+06,0.02,39.4968,,,,9.81,Kontaktast,0.625,-0.9,-0.585,K,Kontaktast,1,0,0,6.99918,,867.941,813.275,80,eingeschwungen
"Schnitt (120°,240°)",0,120,240,8,8,8,0.35,0.1,0.65,10,egg THOLD=0.65,Kelvin-Voigt,1.5e+06,0.02,39.4968,,,,9.81,Kontaktast,0.625,-0.8,-0.52,K,Kontaktast,1,0,0,6.99918,,772.138,731.106,80,eingeschwungen
"Schnitt (120°,240°)",0,120,240,8,8,8,0.35,0.1,0.65,10,egg THOLD=0.65,Kelvin-Voigt,1.5e+06,0.02,39.4968,,,,9.81,Kontaktast,0.625,-0.7,-0.455,K,Kontaktast,1,0,0,6.99918,,676.336,637.234,80,eingeschwungen
"Schnitt (120°,240°)",0,120,240,8,8,8,0.35,0.1,0.65,10,egg THOLD=0.65,Kelvin-Voigt,1.5e+06,0.02,39.4968,,,,9.81,Kontaktast,0.625,-0.6,-0.39,K,Kontaktast,1,0,0,6.99918,,580.533,547.184,80,eingeschwungen
"Schnitt (120°,240°)",0,120,240,8,8,8,0.35,0.1,0.65,10,egg THOLD=0.65,Kelvin-Voigt,1.5e+06,0.02,39.4968,,,,9.81,Kontaktast,0.625,-0.5,-0.325,K,Kontaktast,1,0,0,6.99918,,484.731,462.471,80,eingeschwungen
"Schnitt (120°,240°)",0,120,240,8,8,8,0.35,0.1,0.65,10,egg THOLD=0.65,Kelvin-Voigt,1.5e+06,0.02,39.4968,,,,9.81,Kontaktast,0.625,-0.4,-0.26,K,Kontaktast,1,0,0,6.99918,,388.928,363.953,80,eingeschwungen
"Schnitt (120°,240°)",0,120,240,8,8,8,0.35,0.1,0.65,10,egg THOLD=0.65,Kelvin-Voigt,1.5e+06,0.02,39.4968,,,,9.81,Kontaktast,0.625,-0.3,-0.195,K,Kontaktast,1,0,0,6.99918,,293.126,283.881,80,eingeschwungen
"Schnitt (120°,240°)",0,120,240,8,8,8,0.35,0.1,0.65,10,egg THOLD=0.65,Kelvin-Voigt,1.5e+06,0.02,39.4968,,,,9.81,Kontaktast,0.625,-0.2,-0.13,K,Kontaktast,1,0,0,6.99918,,197.323,183.613,80,eingeschwungen
"Schnitt (120°,240°)",0,120,240,8,8,8,0.35,0.1,0.65,10,egg THOLD=0.65,Kelvin-Voigt,1.5e+06,0.02,39.4968,,,,9.81,Kontaktast,0.625,-0.1,-0.065,K,Kontaktast,1,0,0,6.99918,,105.211,105.211,80,eingeschwungen
"Schnitt (120°,240°)",0,120,240,8,8,8,0.35,0.1,0.65,10,egg THOLD=0.65,Kelvin-Voigt,1.5e+06,0.02,39.4968,,,,9.81,Kontaktast,0.625,0,0,K,Kontaktast,1,0,0,6.99918,,6.99918,,80,eingeschwungen
"Schnitt (120°,240°)",0,120,240,8,8,8,0.35,0.1,0.65,10,egg THOLD=0.65,Kelvin-Voigt,1.5e+06,0.02,39.4968,,,,9.81,Kontaktast,0.625,0.1,0.065,K,Kontaktast,1,0,0,6.99918,,111.86,111.86,80,eingeschwungen
"Schnitt (120°,240°)",0,120,240,8,8,8,0.35,0.1,0.65,10,egg THOLD=0.65,Kelvin-Voigt,1.5e+06,0.02,39.4968,,,,9.81,Kontaktast,0.625,0.2,0.13,K,Kontaktast,1,0,0,6.99918,,196.843,196.843,80,eingeschwungen
"Schnitt (120°,240°)",0,120,240,8,8,8,0.35,0.1,0.65,10,egg THOLD=0.65,Kelvin-Voigt,1.5e+06,0.02,39.4968,,,,9.81,Kontaktast,0.625,0.3,0.195,K,Kontaktast,1,0,0,6.99918,,303.076,303.076,80,eingeschwungen
"Schnitt (120°,240°)",0,120,240,8,8,8,0.35,0.1,0.65,10,egg THOLD=0.65,Kelvin-Voigt,1.5e+06,0.02,39.4968,,,,9.81,Kontaktast,0.625,0.4,0.26,K,Kontaktast,1,0,0,6.99918,,391.2,391.2,80,eingeschwungen
"Schnitt (120°,240°)",0,120,240,8,8,8,0.35,0.1,0.65,10,egg THOLD=0.65,Kelvin-Voigt,1.5e+06,0.02,39.4968,,,,9.81,Kontaktast,0.625,0.5,0.325,K,Kontaktast,1,0,0,6.99918,,488.673,488.673,80,eingeschwungen
"Schnitt (120°,240°)",0,120,240,8,8,8,0.35,0.1,0.65,10,egg THOLD=0.65,Kelvin-Voigt,1.5e+06,0.02,39.4968,,,,9.81,Kontaktast,0.625,0.6,0.39,K,Kontaktast,1,0,0,6.99918,,588.432,588.432,80,eingeschwungen
"Schnitt (120°,240°)",0,120,240,8,8,8,0.35,0.1,0.65,10,egg THOLD=0.65,Kelvin-Voigt,1.5e+06,0.02,39.4968,,,,9.81,Kontaktast,0.625,0.7,0.455,K,Kontaktast,1,0,0,6.99918,,675.539,675.539,80,eingeschwungen
"Schnitt (120°,240°)",0,120,240,8,8,8,0.35,0.1,0.65,10,egg THOLD=0.65,Kelvin-Voigt,1.5e+06,0.02,39.4968,,,,9.81,Kontaktast,0.625,0.8,0.52,K,Kontaktast,1,0,0,6.99918,,781.233,781.233,80,eingeschwungen
"Schnitt (120°,240°)",0,120,240,8,8,8,0.35,0.1,0.65,10,egg THOLD=0.65,Kelvin-Voigt,1.5e+06,0.02,39.4968,,,,9.81,Kontaktast,0.625,0.9,0.585,K,Kontaktast,1,0,0,6.99918,,871.178,871.178,80,eingeschwungen
"Schnitt (120°,240°)",0,120,240,8,8,8,0.35,0.1,0.65,10,egg THOLD=0.65,Kelvin-Voigt,1.5e+06,0.02,39.4968,,,,9.81,Kontaktast,0.625,1,0.65,K,Kontaktast,1,0,0,6.99918,,965.404,965.404,80,eingeschwungen
"Schnitt (120°,240°)",0,120,240,8,8,8,0.35,0.1,0.65,10,egg THOLD=0.65,Kelvin-Voigt,1.5e+06,0.02,39.4968,,,,9.81,Kontaktast,0.75,-1,-0.65,K,Kontaktast,1,0,0,6.99918,,964.679,898.771,80,eingeschwungen
"Schnitt (120°,240°)",0,120,240,8,8,8,0.35,0.1,0.65,10,egg THOLD=0.65,Kelvin-Voigt,1.5e+06,0.02,39.4968,,,,9.81,Kontaktast,0.75,-0.9,-0.585,K,Kontaktast,1,0,0,6.99918,,868.876,812.344,80,eingeschwungen
"Schnitt (120°,240°)",0,120,240,8,8,8,0.35,0.1,0.65,10,egg THOLD=0.65,Kelvin-Voigt,1.5e+06,0.02,39.4968,,,,9.81,Kontaktast,0.75,-0.8,-0.52,K,Kontaktast,1,0,0,6.99918,,773.073,724.491,80,eingeschwungen
"Schnitt (120°,240°)",0,120,240,8,8,8,0.35,0.1,0.65,10,egg THOLD=0.65,Kelvin-Voigt,1.5e+06,0.02,39.4968,,,,9.81,Kontaktast,0.75,-0.7,-0.455,K,Kontaktast,1,0,0,6.99918,,677.271,628.31,80,eingeschwungen
"Schnitt (120°,240°)",0,120,240,8,8,8,0.35,0.1,0.65,10,egg THOLD=0.65,Kelvin-Voigt,1.5e+06,0.02,39.4968,,,,9.81,Kontaktast,0.75,-0.6,-0.39,K,Kontaktast,1,0,0,6.99918,,581.468,546.901,80,eingeschwungen
"Schnitt (120°,240°)",0,120,240,8,8,8,0.35,0.1,0.65,10,egg THOLD=0.65,Kelvin-Voigt,1.5e+06,0.02,39.4968,,,,9.81,Kontaktast,0.75,-0.5,-0.325,K,Kontaktast,1,0,0,6.99918,,485.666,446.33,80,eingeschwungen
"Schnitt (120°,240°)",0,120,240,8,8,8,0.35,0.1,0.65,10,egg THOLD=0.65,Kelvin-Voigt,1.5e+06,0.02,39.4968,,,,9.81,Kontaktast,0.75,-0.4,-0.26,K,Kontaktast,1,0,0,6.99918,,389.863,365.451,80,eingeschwungen
"Schnitt (120°,240°)",0,120,240,8,8,8,0.35,0.1,0.65,10,egg THOLD=0.65,Kelvin-Voigt,1.5e+06,0.02,39.4968,,,,9.81,Kontaktast,0.75,-0.3,-0.195,H1,Hüpfen,1,3,93.7162,157.919,157.919,294.061,268.324,80,eingeschwungen
"Schnitt (120°,240°)",0,120,240,8,8,8,0.35,0.1,0.65,10,egg THOLD=0.65,Kelvin-Voigt,1.5e+06,0.02,39.4968,,,,9.81,Kontaktast,0.75,-0.2,-0.13,H1,Hüpfen,1,3,93.7162,157.919,157.919,198.258,181.909,80,eingeschwungen
"Schnitt (120°,240°)",0,120,240,8,8,8,0.35,0.1,0.65,10,egg THOLD=0.65,Kelvin-Voigt,1.5e+06,0.02,39.4968,,,,9.81,Kontaktast,0.75,-0.1,-0.065,K,Kontaktast,1,0,0,6.99918,,102.456,95.3594,80,eingeschwungen
"Schnitt (120°,240°)",0,120,240,8,8,8,0.35,0.1,0.65,10,egg THOLD=0.65,Kelvin-Voigt,1.5e+06,0.02,39.4968,,,,9.81,Kontaktast,0.75,0,0,K,Kontaktast,1,0,0,6.99918,,6.99918,,80,eingeschwungen
"Schnitt (120°,240°)",0,120,240,8,8,8,0.35,0.1,0.65,10,egg THOLD=0.65,Kelvin-Voigt,1.5e+06,0.02,39.4968,,,,9.81,Kontaktast,0.75,0.1,0.065,K,Kontaktast,1,0,0,6.99918,,102.602,102.602,80,eingeschwungen
"Schnitt (120°,240°)",0,120,240,8,8,8,0.35,0.1,0.65,10,egg THOLD=0.65,Kelvin-Voigt,1.5e+06,0.02,39.4968,,,,9.81,Kontaktast,0.75,0.2,0.13,K,Kontaktast,1,0,0,6.99918,,193.415,193.415,80,eingeschwungen
"Schnitt (120°,240°)",0,120,240,8,8,8,0.35,0.1,0.65,10,egg THOLD=0.65,Kelvin-Voigt,1.5e+06,0.02,39.4968,,,,9.81,Kontaktast,0.75,0.3,0.195,K,Kontaktast,1,0,0,6.99918,,283.989,283.989,80,eingeschwungen
"Schnitt (120°,240°)",0,120,240,8,8,8,0.35,0.1,0.65,10,egg THOLD=0.65,Kelvin-Voigt,1.5e+06,0.02,39.4968,,,,9.81,Kontaktast,0.75,0.4,0.26,K,Kontaktast,1,0,0,6.99918,,389.204,389.204,80,eingeschwungen
"Schnitt (120°,240°)",0,120,240,8,8,8,0.35,0.1,0.65,10,egg THOLD=0.65,Kelvin-Voigt,1.5e+06,0.02,39.4968,,,,9.81,Kontaktast,0.75,0.5,0.325,K,Kontaktast,1,0,0,6.99918,,475.932,475.932,80,eingeschwungen
"Schnitt (120°,240°)",0,120,240,8,8,8,0.35,0.1,0.65,10,egg THOLD=0.65,Kelvin-Voigt,1.5e+06,0.02,39.4968,,,,9.81,Kontaktast,0.75,0.6,0.39,K,Kontaktast,1,0,0,6.99918,,578.211,578.211,80,eingeschwungen
"Schnitt (120°,240°)",0,120,240,8,8,8,0.35,0.1,0.65,10,egg THOLD=0.65,Kelvin-Voigt,1.5e+06,0.02,39.4968,,,,9.81,Kontaktast,0.75,0.7,0.455,K,Kontaktast,1,0,0,6.99918,,673.318,673.318,80,eingeschwungen
"Schnitt (120°,240°)",0,120,240,8,8,8,0.35,0.1,0.65,10,egg THOLD=0.65,Kelvin-Voigt,1.5e+06,0.02,39.4968,,,,9.81,Kontaktast,0.75,0.8,0.52,K,Kontaktast,1,0,0,6.99918,,762.571,762.571,80,eingeschwungen
"Schnitt (120°,240°)",0,120,240,8,8,8,0.35,0.1,0.65,10,egg THOLD=0.65,Kelvin-Voigt,1.5e+06,0.02,39.4968,,,,9.81,Kontaktast,0.75,0.9,0.585,K,Kontaktast,1,0,0,6.99918,,868.473,868.473,80,eingeschwungen
"Schnitt (120°,240°)",0,120,240,8,8,8,0.35,0.1,0.65,10,egg THOLD=0.65,Kelvin-Voigt,1.5e+06,0.02,39.4968,,,,9.81,Kontaktast,0.75,1,0.65,K,Kontaktast,1,0,0,6.99918,,956.139,956.139,80,eingeschwungen
"Schnitt (120°,240°)",0,120,240,8,8,8,0.35,0.1,0.65,10,egg THOLD=0.65,Kelvin-Voigt,1.5e+06,0.02,39.4968,,,,9.81,Kontaktast,0.875,-1,-0.65,K,Kontaktast,1,0,0,6.99918,,964.73,911.558,80,eingeschwungen
"Schnitt (120°,240°)",0,120,240,8,8,8,0.35,0.1,0.65,10,egg THOLD=0.65,Kelvin-Voigt,1.5e+06,0.02,39.4968,,,,9.81,Kontaktast,0.875,-0.9,-0.585,K,Kontaktast,1,0,0,6.99918,,868.928,823.351,80,eingeschwungen
"Schnitt (120°,240°)",0,120,240,8,8,8,0.35,0.1,0.65,10,egg THOLD=0.65,Kelvin-Voigt,1.5e+06,0.02,39.4968,,,,9.81,Kontaktast,0.875,-0.8,-0.52,K,Kontaktast,1,0,0,6.99918,,773.125,727.518,80,eingeschwungen
"Schnitt (120°,240°)",0,120,240,8,8,8,0.35,0.1,0.65,10,egg THOLD=0.65,Kelvin-Voigt,1.5e+06,0.02,39.4968,,,,9.81,Kontaktast,0.875,-0.7,-0.455,K,Kontaktast,1,0,0,6.99918,,677.323,645.985,80,eingeschwungen
"Schnitt (120°,240°)",0,120,240,8,8,8,0.35,0.1,0.65,10,egg THOLD=0.65,Kelvin-Voigt,1.5e+06,0.02,39.4968,,,,9.81,Kontaktast,0.875,-0.6,-0.39,K,Kontaktast,1,0,0,6.99918,,581.52,545.507,80,eingeschwungen
"Schnitt (120°,240°)",0,120,240,8,8,8,0.35,0.1,0.65,10,egg THOLD=0.65,Kelvin-Voigt,1.5e+06,0.02,39.4968,,,,9.81,Kontaktast,0.875,-0.5,-0.325,K,Kontaktast,1,0,0,6.99918,,485.718,464.658,80,eingeschwungen
"Schnitt (120°,240°)",0,120,240,8,8,8,0.35,0.1,0.65,10,egg THOLD=0.65,Kelvin-Voigt,1.5e+06,0.02,39.4968,,,,9.81,Kontaktast,0.875,-0.4,-0.26,K,Kontaktast,1,0,0,6.99918,,389.915,367.585,80,eingeschwungen
"Schnitt (120°,240°)",0,120,240,8,8,8,0.35,0.1,0.65,10,egg THOLD=0.65,Kelvin-Voigt,1.5e+06,0.02,39.4968,,,,9.81,Kontaktast,0.875,-0.3,-0.195,K,Kontaktast,1,0,0,6.99918,,294.113,281.099,80,eingeschwungen
"Schnitt (120°,240°)",0,120,240,8,8,8,0.35,0.1,0.65,10,egg THOLD=0.65,Kelvin-Voigt,1.5e+06,0.02,39.4968,,,,9.81,Kontaktast,0.875,-0.2,-0.13,K,Kontaktast,1,0,0,6.99918,,198.31,192.804,80,eingeschwungen
"Schnitt (120°,240°)",0,120,240,8,8,8,0.35,0.1,0.65,10,egg THOLD=0.65,Kelvin-Voigt,1.5e+06,0.02,39.4968,,,,9.81,Kontaktast,0.875,-0.1,-0.065,K,Kontaktast,1,0,0,6.99918,,102.507,97.1983,80,eingeschwungen
"Schnitt (120°,240°)",0,120,240,8,8,8,0.35,0.1,0.65,10,egg THOLD=0.65,Kelvin-Voigt,1.5e+06,0.02,39.4968,,,,9.81,Kontaktast,0.875,0,0,K,Kontaktast,1,0,0,6.99918,,6.99918,,80,eingeschwungen
"Schnitt (120°,240°)",0,120,240,8,8,8,0.35,0.1,0.65,10,egg THOLD=0.65,Kelvin-Voigt,1.5e+06,0.02,39.4968,,,,9.81,Kontaktast,0.875,0.1,0.065,K,Kontaktast,1,0,0,6.99918,,100.089,100.089,80,eingeschwungen
"Schnitt (120°,240°)",0,120,240,8,8,8,0.35,0.1,0.65,10,egg THOLD=0.65,Kelvin-Voigt,1.5e+06,0.02,39.4968,,,,9.81,Kontaktast,0.875,0.2,0.13,K,Kontaktast,1,0,0,6.99918,,202.967,202.967,80,eingeschwungen
"Schnitt (120°,240°)",0,120,240,8,8,8,0.35,0.1,0.65,10,egg THOLD=0.65,Kelvin-Voigt,1.5e+06,0.02,39.4968,,,,9.81,Kontaktast,0.875,0.3,0.195,K,Kontaktast,1,0,0,6.99918,,298.457,298.457,80,eingeschwungen
"Schnitt (120°,240°)",0,120,240,8,8,8,0.35,0.1,0.65,10,egg THOLD=0.65,Kelvin-Voigt,1.5e+06,0.02,39.4968,,,,9.81,Kontaktast,0.875,0.4,0.26,H1,Hüpfen,1,3,93.7162,157.92,157.92,387.777,387.777,80,eingeschwungen
"Schnitt (120°,240°)",0,120,240,8,8,8,0.35,0.1,0.65,10,egg THOLD=0.65,Kelvin-Voigt,1.5e+06,0.02,39.4968,,,,9.81,Kontaktast,0.875,0.5,0.325,K,Kontaktast,1,0,0,6.99918,,493.777,493.777,80,eingeschwungen
"Schnitt (120°,240°)",0,120,240,8,8,8,0.35,0.1,0.65,10,egg THOLD=0.65,Kelvin-Voigt,1.5e+06,0.02,39.4968,,,,9.81,Kontaktast,0.875,0.6,0.39,K,Kontaktast,1,0,0,6.99918,,581.22,581.22,80,eingeschwungen
"Schnitt (120°,240°)",0,120,240,8,8,8,0.35,0.1,0.65,10,egg THOLD=0.65,Kelvin-Voigt,1.5e+06,0.02,39.4968,,,,9.81,Kontaktast,0.875,0.7,0.455,K,Kontaktast,1,0,0,6.99918,,681.077,681.077,80,eingeschwungen
"Schnitt (120°,240°)",0,120,240,8,8,8,0.35,0.1,0.65,10,egg THOLD=0.65,Kelvin-Voigt,1.5e+06,0.02,39.4968,,,,9.81,Kontaktast,0.875,0.8,0.52,K,Kontaktast,1,0,0,6.99918,,778.822,778.822,80,eingeschwungen
"Schnitt (120°,240°)",0,120,240,8,8,8,0.35,0.1,0.65,10,egg THOLD=0.65,Kelvin-Voigt,1.5e+06,0.02,39.4968,,,,9.81,Kontaktast,0.875,0.9,0.585,K,Kontaktast,1,0,0,6.99918,,866.767,866.767,80,eingeschwungen
"Schnitt (120°,240°)",0,120,240,8,8,8,0.35,0.1,0.65,10,egg THOLD=0.65,Kelvin-Voigt,1.5e+06,0.02,39.4968,,,,9.81,Kontaktast,0.875,1,0.65,K,Kontaktast,1,0,0,6.99918,,972.808,972.808,80,eingeschwungen
"Schnitt (100°,240°)",0,100,240,8,8,8,0.35,0.1,0.65,10,egg THOLD=0.65,Kelvin-Voigt,1.5e+06,0.02,39.4968,,,,9.81,Kontaktast,0,-1,-0.65,K,Kontaktast,1,0,0,7.2429,,964.585,918.068,80,eingeschwungen
"Schnitt (100°,240°)",0,100,240,8,8,8,0.35,0.1,0.65,10,egg THOLD=0.65,Kelvin-Voigt,1.5e+06,0.02,39.4968,,,,9.81,Kontaktast,0,-0.9,-0.585,K,Kontaktast,1,0,0,7.2429,,868.782,810.486,80,eingeschwungen
"Schnitt (100°,240°)",0,100,240,8,8,8,0.35,0.1,0.65,10,egg THOLD=0.65,Kelvin-Voigt,1.5e+06,0.02,39.4968,,,,9.81,Kontaktast,0,-0.8,-0.52,K,Kontaktast,1,0,0,7.2429,,772.98,725.701,80,eingeschwungen
"Schnitt (100°,240°)",0,100,240,8,8,8,0.35,0.1,0.65,10,egg THOLD=0.65,Kelvin-Voigt,1.5e+06,0.02,39.4968,,,,9.81,Kontaktast,0,-0.7,-0.455,K,Kontaktast,1,0,0,7.2429,,677.177,629.447,80,eingeschwungen
"Schnitt (100°,240°)",0,100,240,8,8,8,0.35,0.1,0.65,10,egg THOLD=0.65,Kelvin-Voigt,1.5e+06,0.02,39.4968,,,,9.81,Kontaktast,0,-0.6,-0.39,K,Kontaktast,1,0,0,7.2429,,581.375,567.482,80,eingeschwungen
"Schnitt (100°,240°)",0,100,240,8,8,8,0.35,0.1,0.65,10,egg THOLD=0.65,Kelvin-Voigt,1.5e+06,0.02,39.4968,,,,9.81,Kontaktast,0,-0.5,-0.325,K,Kontaktast,1,0,0,7.2429,,485.572,469.099,80,eingeschwungen
"Schnitt (100°,240°)",0,100,240,8,8,8,0.35,0.1,0.65,10,egg THOLD=0.65,Kelvin-Voigt,1.5e+06,0.02,39.4968,,,,9.81,Kontaktast,0,-0.4,-0.26,K,Kontaktast,1,0,0,7.2429,,389.769,365.562,80,eingeschwungen
"Schnitt (100°,240°)",0,100,240,8,8,8,0.35,0.1,0.65,10,egg THOLD=0.65,Kelvin-Voigt,1.5e+06,0.02,39.4968,,,,9.81,Kontaktast,0,-0.3,-0.195,K,Kontaktast,1,0,0,7.2429,,293.967,271,80,eingeschwungen
"Schnitt (100°,240°)",0,100,240,8,8,8,0.35,0.1,0.65,10,egg THOLD=0.65,Kelvin-Voigt,1.5e+06,0.02,39.4968,,,,9.81,Kontaktast,0,-0.2,-0.13,K,Kontaktast,1,0,0,7.2429,,198.164,165.224,80,eingeschwungen
"Schnitt (100°,240°)",0,100,240,8,8,8,0.35,0.1,0.65,10,egg THOLD=0.65,Kelvin-Voigt,1.5e+06,0.02,39.4968,,,,9.81,Kontaktast,0,-0.1,-0.065,K,Kontaktast,1,0,0,7.2429,,102.362,93.3066,80,eingeschwungen
"Schnitt (100°,240°)",0,100,240,8,8,8,0.35,0.1,0.65,10,egg THOLD=0.65,Kelvin-Voigt,1.5e+06,0.02,39.4968,,,,9.81,Kontaktast,0,0,0,K,Kontaktast,1,0,0,7.2429,,7.2429,,80,eingeschwungen
"Schnitt (100°,240°)",0,100,240,8,8,8,0.35,0.1,0.65,10,egg THOLD=0.65,Kelvin-Voigt,1.5e+06,0.02,39.4968,,,,9.81,Kontaktast,0,0.1,0.065,K,Kontaktast,1,0,0,7.2429,,100.693,100.693,80,eingeschwungen
"Schnitt (100°,240°)",0,100,240,8,8,8,0.35,0.1,0.65,10,egg THOLD=0.65,Kelvin-Voigt,1.5e+06,0.02,39.4968,,,,9.81,Kontaktast,0,0.2,0.13,K,Kontaktast,1,0,0,7.2429,,176.735,176.735,80,eingeschwungen
"Schnitt (100°,240°)",0,100,240,8,8,8,0.35,0.1,0.65,10,egg THOLD=0.65,Kelvin-Voigt,1.5e+06,0.02,39.4968,,,,9.81,Kontaktast,0,0.3,0.195,K,Kontaktast,1,0,0,7.2429,,287.082,287.082,80,eingeschwungen
"Schnitt (100°,240°)",0,100,240,8,8,8,0.35,0.1,0.65,10,egg THOLD=0.65,Kelvin-Voigt,1.5e+06,0.02,39.4968,,,,9.81,Kontaktast,0,0.4,0.26,H2,Hüpfen,1,3,93.7127,163.907,163.907,391.648,391.648,80,eingeschwungen
"Schnitt (100°,240°)",0,100,240,8,8,8,0.35,0.1,0.65,10,egg THOLD=0.65,Kelvin-Voigt,1.5e+06,0.02,39.4968,,,,9.81,Kontaktast,0,0.5,0.325,K,Kontaktast,1,0,0,7.2429,,498.593,498.593,80,eingeschwungen
"Schnitt (100°,240°)",0,100,240,8,8,8,0.35,0.1,0.65,10,egg THOLD=0.65,Kelvin-Voigt,1.5e+06,0.02,39.4968,,,,9.81,Kontaktast,0,0.6,0.39,K,Kontaktast,1,0,0,7.2429,,597.387,597.387,80,eingeschwungen
"Schnitt (100°,240°)",0,100,240,8,8,8,0.35,0.1,0.65,10,egg THOLD=0.65,Kelvin-Voigt,1.5e+06,0.02,39.4968,,,,9.81,Kontaktast,0,0.7,0.455,K,Kontaktast,1,0,0,7.2429,,668.562,668.562,80,eingeschwungen
"Schnitt (100°,240°)",0,100,240,8,8,8,0.35,0.1,0.65,10,egg THOLD=0.65,Kelvin-Voigt,1.5e+06,0.02,39.4968,,,,9.81,Kontaktast,0,0.8,0.52,K,Kontaktast,1,0,0,7.2429,,767.852,767.852,80,eingeschwungen
"Schnitt (100°,240°)",0,100,240,8,8,8,0.35,0.1,0.65,10,egg THOLD=0.65,Kelvin-Voigt,1.5e+06,0.02,39.4968,,,,9.81,Kontaktast,0,0.9,0.585,K,Kontaktast,1,0,0,7.2429,,872.598,872.598,80,eingeschwungen
"Schnitt (100°,240°)",0,100,240,8,8,8,0.35,0.1,0.65,10,egg THOLD=0.65,Kelvin-Voigt,1.5e+06,0.02,39.4968,,,,9.81,Kontaktast,0,1,0.65,H1,Hüpfen,1,1,97.9428,481.336,481.336,979.212,979.212,240,eingeschwungen
"Schnitt (100°,240°)",0,100,240,8,8,8,0.35,0.1,0.65,10,egg THOLD=0.65,Kelvin-Voigt,1.5e+06,0.02,39.4968,,,,9.81,Kontaktast,0.125,-1,-0.65,K,Kontaktast,1,0,0,7.2429,,964.846,937.86,80,eingeschwungen
"Schnitt (100°,240°)",0,100,240,8,8,8,0.35,0.1,0.65,10,egg THOLD=0.65,Kelvin-Voigt,1.5e+06,0.02,39.4968,,,,9.81,Kontaktast,0.125,-0.9,-0.585,K,Kontaktast,1,0,0,7.2429,,869.043,838.782,80,eingeschwungen
"Schnitt (100°,240°)",0,100,240,8,8,8,0.35,0.1,0.65,10,egg THOLD=0.65,Kelvin-Voigt,1.5e+06,0.02,39.4968,,,,9.81,Kontaktast,0.125,-0.8,-0.52,K,Kontaktast,1,0,0,7.2429,,773.241,730.118,80,eingeschwungen
"Schnitt (100°,240°)",0,100,240,8,8,8,0.35,0.1,0.65,10,egg THOLD=0.65,Kelvin-Voigt,1.5e+06,0.02,39.4968,,,,9.81,Kontaktast,0.125,-0.7,-0.455,K,Kontaktast,1,0,0,7.2429,,677.438,646.231,80,eingeschwungen
"Schnitt (100°,240°)",0,100,240,8,8,8,0.35,0.1,0.65,10,egg THOLD=0.65,Kelvin-Voigt,1.5e+06,0.02,39.4968,,,,9.81,Kontaktast,0.125,-0.6,-0.39,K,Kontaktast,1,0,0,7.2429,,581.636,556.811,80,eingeschwungen
"Schnitt (100°,240°)",0,100,240,8,8,8,0.35,0.1,0.65,10,egg THOLD=0.65,Kelvin-Voigt,1.5e+06,0.02,39.4968,,,,9.81,Kontaktast,0.125,-0.5,-0.325,H1,Hüpfen,1,1,97.9428,481.336,481.336,501.69,501.69,240,eingeschwungen
"Schnitt (100°,240°)",0,100,240,8,8,8,0.35,0.1,0.65,10,egg THOLD=0.65,Kelvin-Voigt,1.5e+06,0.02,39.4968,,,,9.81,Kontaktast,0.125,-0.4,-0.26,K,Kontaktast,1,0,0,7.2429,,392.492,392.492,80,eingeschwungen
"Schnitt (100°,240°)",0,100,240,8,8,8,0.35,0.1,0.65,10,egg THOLD=0.65,Kelvin-Voigt,1.5e+06,0.02,39.4968,,,,9.81,Kontaktast,0.125,-0.3,-0.195,K,Kontaktast,1,0,0,7.2429,,294.228,285.359,80,eingeschwungen
"Schnitt (100°,240°)",0,100,240,8,8,8,0.35,0.1,0.65,10,egg THOLD=0.65,Kelvin-Voigt,1.5e+06,0.02,39.4968,,,,9.81,Kontaktast,0.125,-0.2,-0.13,K,Kontaktast,1,0,0,7.2429,,198.425,196.525,80,eingeschwungen
"Schnitt (100°,240°)",0,100,240,8,8,8,0.35,0.1,0.65,10,egg THOLD=0.65,Kelvin-Voigt,1.5e+06,0.02,39.4968,,,,9.81,Kontaktast,0.125,-0.1,-0.065,K,Kontaktast,1,0,0,7.2429,,102.623,85.1051,80,eingeschwungen
"Schnitt (100°,240°)",0,100,240,8,8,8,0.35,0.1,0.65,10,egg THOLD=0.65,Kelvin-Voigt,1.5e+06,0.02,39.4968,,,,9.81,Kontaktast,0.125,0,0,K,Kontaktast,1,0,0,7.2429,,7.2429,,80,eingeschwungen
"Schnitt (100°,240°)",0,100,240,8,8,8,0.35,0.1,0.65,10,egg THOLD=0.65,Kelvin-Voigt,1.5e+06,0.02,39.4968,,,,9.81,Kontaktast,0.125,0.1,0.065,K,Kontaktast,1,0,0,7.2429,,89.5284,89.5284,80,eingeschwungen
"Schnitt (100°,240°)",0,100,240,8,8,8,0.35,0.1,0.65,10,egg THOLD=0.65,Kelvin-Voigt,1.5e+06,0.02,39.4968,,,,9.81,Kontaktast,0.125,0.2,0.13,K,Kontaktast,1,0,0,7.2429,,204.563,204.563,80,eingeschwungen
"Schnitt (100°,240°)",0,100,240,8,8,8,0.35,0.1,0.65,10,egg THOLD=0.65,Kelvin-Voigt,1.5e+06,0.02,39.4968,,,,9.81,Kontaktast,0.125,0.3,0.195,K,Kontaktast,1,0,0,7.2429,,301.76,301.76,80,eingeschwungen
"Schnitt (100°,240°)",0,100,240,8,8,8,0.35,0.1,0.65,10,egg THOLD=0.65,Kelvin-Voigt,1.5e+06,0.02,39.4968,,,,9.81,Kontaktast,0.125,0.4,0.26,K,Kontaktast,1,0,0,7.2429,,413.83,413.83,80,eingeschwungen
"Schnitt (100°,240°)",0,100,240,8,8,8,0.35,0.1,0.65,10,egg THOLD=0.65,Kelvin-Voigt,1.5e+06,0.02,39.4968,,,,9.81,Kontaktast,0.125,0.5,0.325,H1,Hüpfen,1,1,97.9428,481.336,481.336,517.407,517.407,240,eingeschwungen
"Schnitt (100°,240°)",0,100,240,8,8,8,0.35,0.1,0.65,10,egg THOLD=0.65,Kelvin-Voigt,1.5e+06,0.02,39.4968,,,,9.81,Kontaktast,0.125,0.6,0.39,K,Kontaktast,1,0,0,7.2429,,584.116,584.116,80,eingeschwungen
"Schnitt (100°,240°)",0,100,240,8,8,8,0.35,0.1,0.65,10,egg THOLD=0.65,Kelvin-Voigt,1.5e+06,0.02,39.4968,,,,9.81,Kontaktast,0.125,0.7,0.455,K,Kontaktast,1,0,0,7.2429,,686.646,686.646,80,eingeschwungen
"Schnitt (100°,240°)",0,100,240,8,8,8,0.35,0.1,0.65,10,egg THOLD=0.65,Kelvin-Voigt,1.5e+06,0.02,39.4968,,,,9.81,Kontaktast,0.125,0.8,0.52,K,Kontaktast,1,0,0,7.2429,,780.677,780.677,80,eingeschwungen
"Schnitt (100°,240°)",0,100,240,8,8,8,0.35,0.1,0.65,10,egg THOLD=0.65,Kelvin-Voigt,1.5e+06,0.02,39.4968,,,,9.81,Kontaktast,0.125,0.9,0.585,K,Kontaktast,1,0,0,7.2429,,891.432,891.432,80,eingeschwungen
"Schnitt (100°,240°)",0,100,240,8,8,8,0.35,0.1,0.65,10,egg THOLD=0.65,Kelvin-Voigt,1.5e+06,0.02,39.4968,,,,9.81,Kontaktast,0.125,1,0.65,K,Kontaktast,1,0,0,7.2429,,996.627,996.627,80,eingeschwungen
"Schnitt (100°,240°)",0,100,240,8,8,8,0.35,0.1,0.65,10,egg THOLD=0.65,Kelvin-Voigt,1.5e+06,0.02,39.4968,,,,9.81,Kontaktast,0.25,-1,-0.65,H1,Hüpfen,1,1,97.9428,481.336,481.336,963.239,935.12,240,eingeschwungen
"Schnitt (100°,240°)",0,100,240,8,8,8,0.35,0.1,0.65,10,egg THOLD=0.65,Kelvin-Voigt,1.5e+06,0.02,39.4968,,,,9.81,Kontaktast,0.25,-0.9,-0.585,K,Kontaktast,1,0,0,7.2429,,867.436,838.025,80,eingeschwungen
"Schnitt (100°,240°)",0,100,240,8,8,8,0.35,0.1,0.65,10,egg THOLD=0.65,Kelvin-Voigt,1.5e+06,0.02,39.4968,,,,9.81,Kontaktast,0.25,-0.8,-0.52,K,Kontaktast,1,0,0,7.2429,,771.634,737.625,80,eingeschwungen
"Schnitt (100°,240°)",0,100,240,8,8,8,0.35,0.1,0.65,10,egg THOLD=0.65,Kelvin-Voigt,1.5e+06,0.02,39.4968,,,,9.81,Kontaktast,0.25,-0.7,-0.455,K,Kontaktast,1,0,0,7.2429,,675.831,641.448,80,eingeschwungen
"Schnitt (100°,240°)",0,100,240,8,8,8,0.35,0.1,0.65,10,egg THOLD=0.65,Kelvin-Voigt,1.5e+06,0.02,39.4968,,,,9.81,Kontaktast,0.25,-0.6,-0.39,K,Kontaktast,1,0,0,7.2429,,580.029,548.122,80,eingeschwungen
"Schnitt (100°,240°)",0,100,240,8,8,8,0.35,0.1,0.65,10,egg THOLD=0.65,Kelvin-Voigt,1.5e+06,0.02,39.4968,,,,9.81,Kontaktast,0.25,-0.5,-0.325,H1,Hüpfen,1,1,97.9428,481.336,481.336,484.833,484.833,240,eingeschwungen
"Schnitt (100°,240°)",0,100,240,8,8,8,0.35,0.1,0.65,10,egg THOLD=0.65,Kelvin-Voigt,1.5e+06,0.02,39.4968,,,,9.81,Kontaktast,0.25,-0.4,-0.26,K,Kontaktast,1,0,0,7.2429,,395.376,395.376,80,eingeschwungen
"Schnitt (100°,240°)",0,100,240,8,8,8,0.35,0.1,0.65,10,egg THOLD=0.65,Kelvin-Voigt,1.5e+06,0.02,39.4968,,,,9.81,Kontaktast,0.25,-0.3,-0.195,K,Kontaktast,1,0,0,7.2429,,301.415,301.415,80,eingeschwungen
"Schnitt (100°,240°)",0,100,240,8,8,8,0.35,0.1,0.65,10,egg THOLD=0.65,Kelvin-Voigt,1.5e+06,0.02,39.4968,,,,9.81,Kontaktast,0.25,-0.2,-0.13,K,Kontaktast,1,0,0,7.2429,,196.818,194.711,80,eingeschwungen
"Schnitt (100°,240°)",0,100,240,8,8,8,0.35,0.1,0.65,10,egg THOLD=0.65,Kelvin-Voigt,1.5e+06,0.02,39.4968,,,,9.81,Kontaktast,0.25,-0.1,-0.065,K,Kontaktast,1,0,0,7.2429,,108.968,108.968,80,eingeschwungen
"Schnitt (100°,240°)",0,100,240,8,8,8,0.35,0.1,0.65,10,egg THOLD=0.65,Kelvin-Voigt,1.5e+06,0.02,39.4968,,,,9.81,Kontaktast,0.25,0,0,K,Kontaktast,1,0,0,7.2429,,7.2429,,80,eingeschwungen
"Schnitt (100°,240°)",0,100,240,8,8,8,0.35,0.1,0.65,10,egg THOLD=0.65,Kelvin-Voigt,1.5e+06,0.02,39.4968,,,,9.81,Kontaktast,0.25,0.1,0.065,K,Kontaktast,1,0,0,7.2429,,115.06,115.06,80,eingeschwungen
"Schnitt (100°,240°)",0,100,240,8,8,8,0.35,0.1,0.65,10,egg THOLD=0.65,Kelvin-Voigt,1.5e+06,0.02,39.4968,,,,9.81,Kontaktast,0.25,0.2,0.13,K,Kontaktast,1,0,0,7.2429,,208.111,208.111,80,eingeschwungen
"Schnitt (100°,240°)",0,100,240,8,8,8,0.35,0.1,0.65,10,egg THOLD=0.65,Kelvin-Voigt,1.5e+06,0.02,39.4968,,,,9.81,Kontaktast,0.25,0.3,0.195,K,Kontaktast,1,0,0,7.2429,,322.246,322.246,80,eingeschwungen
"Schnitt (100°,240°)",0,100,240,8,8,8,0.35,0.1,0.65,10,egg THOLD=0.65,Kelvin-Voigt,1.5e+06,0.02,39.4968,,,,9.81,Kontaktast,0.25,0.4,0.26,K,Kontaktast,1,0,0,7.2429,,423.278,423.278,80,eingeschwungen
"Schnitt (100°,240°)",0,100,240,8,8,8,0.35,0.1,0.65,10,egg THOLD=0.65,Kelvin-Voigt,1.5e+06,0.02,39.4968,,,,9.81,Kontaktast,0.25,0.5,0.325,H1,Hüpfen,1,1,97.9428,481.336,481.336,501.619,501.619,240,eingeschwungen
"Schnitt (100°,240°)",0,100,240,8,8,8,0.35,0.1,0.65,10,egg THOLD=0.65,Kelvin-Voigt,1.5e+06,0.02,39.4968,,,,9.81,Kontaktast,0.25,0.6,0.39,K,Kontaktast,1,0,0,7.2429,,589.71,589.71,80,eingeschwungen
"Schnitt (100°,240°)",0,100,240,8,8,8,0.35,0.1,0.65,10,egg THOLD=0.65,Kelvin-Voigt,1.5e+06,0.02,39.4968,,,,9.81,Kontaktast,0.25,0.7,0.455,K,Kontaktast,1,0,0,7.2429,,680.105,680.105,80,eingeschwungen
"Schnitt (100°,240°)",0,100,240,8,8,8,0.35,0.1,0.65,10,egg THOLD=0.65,Kelvin-Voigt,1.5e+06,0.02,39.4968,,,,9.81,Kontaktast,0.25,0.8,0.52,K,Kontaktast,1,0,0,7.2429,,794.687,794.687,80,eingeschwungen
"Schnitt (100°,240°)",0,100,240,8,8,8,0.35,0.1,0.65,10,egg THOLD=0.65,Kelvin-Voigt,1.5e+06,0.02,39.4968,,,,9.81,Kontaktast,0.25,0.9,0.585,K,Kontaktast,1,0,0,7.2429,,900.268,900.268,80,eingeschwungen
"Schnitt (100°,240°)",0,100,240,8,8,8,0.35,0.1,0.65,10,egg THOLD=0.65,Kelvin-Voigt,1.5e+06,0.02,39.4968,,,,9.81,Kontaktast,0.25,1,0.65,H1,Hüpfen,1,1,97.9428,481.336,481.336,976.907,976.907,320,eingeschwungen
"Schnitt (100°,240°)",0,100,240,8,8,8,0.35,0.1,0.65,10,egg THOLD=0.65,Kelvin-Voigt,1.5e+06,0.02,39.4968,,,,9.81,Kontaktast,0.375,-1,-0.65,K,Kontaktast,1,0,0,7.2429,,964.009,901.477,80,eingeschwungen
"Schnitt (100°,240°)",0,100,240,8,8,8,0.35,0.1,0.65,10,egg THOLD=0.65,Kelvin-Voigt,1.5e+06,0.02,39.4968,,,,9.81,Kontaktast,0.375,-0.9,-0.585,K,Kontaktast,1,0,0,7.2429,,868.207,824.133,80,eingeschwungen
"Schnitt (100°,240°)",0,100,240,8,8,8,0.35,0.1,0.65,10,egg THOLD=0.65,Kelvin-Voigt,1.5e+06,0.02,39.4968,,,,9.81,Kontaktast,0.375,-0.8,-0.52,K,Kontaktast,1,0,0,7.2429,,772.404,725.473,80,eingeschwungen
"Schnitt (100°,240°)",0,100,240,8,8,8,0.35,0.1,0.65,10,egg THOLD=0.65,Kelvin-Voigt,1.5e+06,0.02,39.4968,,,,9.81,Kontaktast,0.375,-0.7,-0.455,K,Kontaktast,1,0,0,7.2429,,676.601,616.901,80,eingeschwungen
"Schnitt (100°,240°)",0,100,240,8,8,8,0.35,0.1,0.65,10,egg THOLD=0.65,Kelvin-Voigt,1.5e+06,0.02,39.4968,,,,9.81,Kontaktast,0.375,-0.6,-0.39,K,Kontaktast,1,0,0,7.2429,,580.799,533.245,80,eingeschwungen
"Schnitt (100°,240°)",0,100,240,8,8,8,0.35,0.1,0.65,10,egg THOLD=0.65,Kelvin-Voigt,1.5e+06,0.02,39.4968,,,,9.81,Kontaktast,0.375,-0.5,-0.325,K,Kontaktast,1,0,0,7.2429,,484.996,442.893,80,eingeschwungen
"Schnitt (100°,240°)",0,100,240,8,8,8,0.35,0.1,0.65,10,egg THOLD=0.65,Kelvin-Voigt,1.5e+06,0.02,39.4968,,,,9.81,Kontaktast,0.375,-0.4,-0.26,K,Kontaktast,1,0,0,7.2429,,389.194,384.691,80,eingeschwungen
"Schnitt (100°,240°)",0,100,240,8,8,8,0.35,0.1,0.65,10,egg THOLD=0.65,Kelvin-Voigt,1.5e+06,0.02,39.4968,,,,9.81,Kontaktast,0.375,-0.3,-0.195,K,Kontaktast,1,0,0,7.2429,,293.391,284.879,80,eingeschwungen
"Schnitt (100°,240°)",0,100,240,8,8,8,0.35,0.1,0.65,10,egg THOLD=0.65,Kelvin-Voigt,1.5e+06,0.02,39.4968,,,,9.81,Kontaktast,0.375,-0.2,-0.13,K,Kontaktast,1,0,0,7.2429,,197.589,184.071,80,eingeschwungen
"Schnitt (100°,240°)",0,100,240,8,8,8,0.35,0.1,0.65,10,egg THOLD=0.65,Kelvin-Voigt,1.5e+06,0.02,39.4968,,,,9.81,Kontaktast,0.375,-0.1,-0.065,K,Kontaktast,1,0,0,7.2429,,101.786,99.9538,80,eingeschwungen
"Schnitt (100°,240°)",0,100,240,8,8,8,0.35,0.1,0.65,10,egg THOLD=0.65,Kelvin-Voigt,1.5e+06,0.02,39.4968,,,,9.81,Kontaktast,0.375,0,0,K,Kontaktast,1,0,0,7.2429,,7.2429,,80,eingeschwungen
"Schnitt (100°,240°)",0,100,240,8,8,8,0.35,0.1,0.65,10,egg THOLD=0.65,Kelvin-Voigt,1.5e+06,0.02,39.4968,,,,9.81,Kontaktast,0.375,0.1,0.065,K,Kontaktast,1,0,0,7.2429,,107.842,107.842,80,eingeschwungen
"Schnitt (100°,240°)",0,100,240,8,8,8,0.35,0.1,0.65,10,egg THOLD=0.65,Kelvin-Voigt,1.5e+06,0.02,39.4968,,,,9.81,Kontaktast,0.375,0.2,0.13,K,Kontaktast,1,0,0,7.2429,,197.758,197.758,80,eingeschwungen
"Schnitt (100°,240°)",0,100,240,8,8,8,0.35,0.1,0.65,10,egg THOLD=0.65,Kelvin-Voigt,1.5e+06,0.02,39.4968,,,,9.81,Kontaktast,0.375,0.3,0.195,K,Kontaktast,1,0,0,7.2429,,303.611,303.611,80,eingeschwungen
"Schnitt (100°,240°)",0,100,240,8,8,8,0.35,0.1,0.65,10,egg THOLD=0.65,Kelvin-Voigt,1.5e+06,0.02,39.4968,,,,9.81,Kontaktast,0.375,0.4,0.26,K,Kontaktast,1,0,0,7.2429,,410.92,410.92,80,eingeschwungen
"Schnitt (100°,240°)",0,100,240,8,8,8,0.35,0.1,0.65,10,egg THOLD=0.65,Kelvin-Voigt,1.5e+06,0.02,39.4968,,,,9.81,Kontaktast,0.375,0.5,0.325,K,Kontaktast,1,0,0,7.2429,,468.455,468.455,80,eingeschwungen
"Schnitt (100°,240°)",0,100,240,8,8,8,0.35,0.1,0.65,10,egg THOLD=0.65,Kelvin-Voigt,1.5e+06,0.02,39.4968,,,,9.81,Kontaktast,0.375,0.6,0.39,K,Kontaktast,1,0,0,7.2429,,570.875,570.875,80,eingeschwungen
"Schnitt (100°,240°)",0,100,240,8,8,8,0.35,0.1,0.65,10,egg THOLD=0.65,Kelvin-Voigt,1.5e+06,0.02,39.4968,,,,9.81,Kontaktast,0.375,0.7,0.455,K,Kontaktast,1,0,0,7.2429,,664.774,664.774,80,eingeschwungen
"Schnitt (100°,240°)",0,100,240,8,8,8,0.35,0.1,0.65,10,egg THOLD=0.65,Kelvin-Voigt,1.5e+06,0.02,39.4968,,,,9.81,Kontaktast,0.375,0.8,0.52,H2,Hüpfen,1,3,93.7127,163.911,163.911,775.075,775.075,80,eingeschwungen
"Schnitt (100°,240°)",0,100,240,8,8,8,0.35,0.1,0.65,10,egg THOLD=0.65,Kelvin-Voigt,1.5e+06,0.02,39.4968,,,,9.81,Kontaktast,0.375,0.9,0.585,K,Kontaktast,1,0,0,7.2429,,879.666,879.666,80,eingeschwungen
"Schnitt (100°,240°)",0,100,240,8,8,8,0.35,0.1,0.65,10,egg THOLD=0.65,Kelvin-Voigt,1.5e+06,0.02,39.4968,,,,9.81,Kontaktast,0.375,1,0.65,K,Kontaktast,1,0,0,7.2429,,946.602,946.602,80,eingeschwungen
"Schnitt (100°,240°)",0,100,240,8,8,8,0.35,0.1,0.65,10,egg THOLD=0.65,Kelvin-Voigt,1.5e+06,0.02,39.4968,,,,9.81,Kontaktast,0.5,-1,-0.65,K,Kontaktast,1,0,0,7.2429,,964.836,889.243,80,eingeschwungen
"Schnitt (100°,240°)",0,100,240,8,8,8,0.35,0.1,0.65,10,egg THOLD=0.65,Kelvin-Voigt,1.5e+06,0.02,39.4968,,,,9.81,Kontaktast,0.5,-0.9,-0.585,K,Kontaktast,1,0,0,7.2429,,869.033,824.772,80,eingeschwungen
"Schnitt (100°,240°)",0,100,240,8,8,8,0.35,0.1,0.65,10,egg THOLD=0.65,Kelvin-Voigt,1.5e+06,0.02,39.4968,,,,9.81,Kontaktast,0.5,-0.8,-0.52,K,Kontaktast,1,0,0,7.2429,,773.231,731.553,80,eingeschwungen
"Schnitt (100°,240°)",0,100,240,8,8,8,0.35,0.1,0.65,10,egg THOLD=0.65,Kelvin-Voigt,1.5e+06,0.02,39.4968,,,,9.81,Kontaktast,0.5,-0.7,-0.455,K,Kontaktast,1,0,0,7.2429,,677.428,632.632,80,eingeschwungen
"Schnitt (100°,240°)",0,100,240,8,8,8,0.35,0.1,0.65,10,egg THOLD=0.65,Kelvin-Voigt,1.5e+06,0.02,39.4968,,,,9.81,Kontaktast,0.5,-0.6,-0.39,K,Kontaktast,1,0,0,7.2429,,581.626,530.759,80,eingeschwungen
"Schnitt (100°,240°)",0,100,240,8,8,8,0.35,0.1,0.65,10,egg THOLD=0.65,Kelvin-Voigt,1.5e+06,0.02,39.4968,,,,9.81,Kontaktast,0.5,-0.5,-0.325,K,Kontaktast,1,0,0,7.2429,,485.823,440.195,80,eingeschwungen
"Schnitt (100°,240°)",0,100,240,8,8,8,0.35,0.1,0.65,10,egg THOLD=0.65,Kelvin-Voigt,1.5e+06,0.02,39.4968,,,,9.81,Kontaktast,0.5,-0.4,-0.26,K,Kontaktast,1,0,0,7.2429,,390.021,369.23,80,eingeschwungen
"Schnitt (100°,240°)",0,100,240,8,8,8,0.35,0.1,0.65,10,egg THOLD=0.65,Kelvin-Voigt,1.5e+06,0.02,39.4968,,,,9.81,Kontaktast,0.5,-0.3,-0.195,K,Kontaktast,1,0,0,7.2429,,294.218,288.522,80,eingeschwungen
"Schnitt (100°,240°)",0,100,240,8,8,8,0.35,0.1,0.65,10,egg THOLD=0.65,Kelvin-Voigt,1.5e+06,0.02,39.4968,,,,9.81,Kontaktast,0.5,-0.2,-0.13,K,Kontaktast,1,0,0,7.2429,,198.415,197.592,80,eingeschwungen
"Schnitt (100°,240°)",0,100,240,8,8,8,0.35,0.1,0.65,10,egg THOLD=0.65,Kelvin-Voigt,1.5e+06,0.02,39.4968,,,,9.81,Kontaktast,0.5,-0.1,-0.065,K,Kontaktast,1,0,0,7.2429,,102.613,91.2489,80,eingeschwungen
"Schnitt (100°,240°)",0,100,240,8,8,8,0.35,0.1,0.65,10,egg THOLD=0.65,Kelvin-Voigt,1.5e+06,0.02,39.4968,,,,9.81,Kontaktast,0.5,0,0,K,Kontaktast,1,0,0,7.2429,,7.2429,,80,eingeschwungen
"Schnitt (100°,240°)",0,100,240,8,8,8,0.35,0.1,0.65,10,egg THOLD=0.65,Kelvin-Voigt,1.5e+06,0.02,39.4968,,,,9.81,Kontaktast,0.5,0.1,0.065,K,Kontaktast,1,0,0,7.2429,,95.0182,95.0182,80,eingeschwungen
"Schnitt (100°,240°)",0,100,240,8,8,8,0.35,0.1,0.65,10,egg THOLD=0.65,Kelvin-Voigt,1.5e+06,0.02,39.4968,,,,9.81,Kontaktast,0.5,0.2,0.13,K,Kontaktast,1,0,0,7.2429,,207.962,207.962,80,eingeschwungen
"Schnitt (100°,240°)",0,100,240,8,8,8,0.35,0.1,0.65,10,egg THOLD=0.65,Kelvin-Voigt,1.5e+06,0.02,39.4968,,,,9.81,Kontaktast,0.5,0.3,0.195,K,Kontaktast,1,0,0,7.2429,,305.561,305.561,80,eingeschwungen
"Schnitt (100°,240°)",0,100,240,8,8,8,0.35,0.1,0.65,10,egg THOLD=0.65,Kelvin-Voigt,1.5e+06,0.02,39.4968,,,,9.81,Kontaktast,0.5,0.4,0.26,K,Kontaktast,1,0,0,7.2429,,382.374,382.374,80,eingeschwungen
"Schnitt (100°,240°)",0,100,240,8,8,8,0.35,0.1,0.65,10,egg THOLD=0.65,Kelvin-Voigt,1.5e+06,0.02,39.4968,,,,9.81,Kontaktast,0.5,0.5,0.325,K,Kontaktast,1,0,0,7.2429,,471.045,471.045,80,eingeschwungen
"Schnitt (100°,240°)",0,100,240,8,8,8,0.35,0.1,0.65,10,egg THOLD=0.65,Kelvin-Voigt,1.5e+06,0.02,39.4968,,,,9.81,Kontaktast,0.5,0.6,0.39,K,Kontaktast,1,0,0,7.2429,,562.132,562.132,80,eingeschwungen
"Schnitt (100°,240°)",0,100,240,8,8,8,0.35,0.1,0.65,10,egg THOLD=0.65,Kelvin-Voigt,1.5e+06,0.02,39.4968,,,,9.81,Kontaktast,0.5,0.7,0.455,K,Kontaktast,1,0,0,7.2429,,677.047,677.047,80,eingeschwungen
"Schnitt (100°,240°)",0,100,240,8,8,8,0.35,0.1,0.65,10,egg THOLD=0.65,Kelvin-Voigt,1.5e+06,0.02,39.4968,,,,9.81,Kontaktast,0.5,0.8,0.52,K,Kontaktast,1,0,0,7.2429,,782.335,782.335,80,eingeschwungen
"Schnitt (100°,240°)",0,100,240,8,8,8,0.35,0.1,0.65,10,egg THOLD=0.65,Kelvin-Voigt,1.5e+06,0.02,39.4968,,,,9.81,Kontaktast,0.5,0.9,0.585,K,Kontaktast,1,0,0,7.2429,,858.766,858.766,80,eingeschwungen
"Schnitt (100°,240°)",0,100,240,8,8,8,0.35,0.1,0.65,10,egg THOLD=0.65,Kelvin-Voigt,1.5e+06,0.02,39.4968,,,,9.81,Kontaktast,0.5,1,0.65,H1,Hüpfen,1,1,97.9428,481.336,481.336,951.179,951.179,240,eingeschwungen
"Schnitt (100°,240°)",0,100,240,8,8,8,0.35,0.1,0.65,10,egg THOLD=0.65,Kelvin-Voigt,1.5e+06,0.02,39.4968,,,,9.81,Kontaktast,0.625,-1,-0.65,K,Kontaktast,1,0,0,7.2429,,963.793,892.638,80,eingeschwungen
"Schnitt (100°,240°)",0,100,240,8,8,8,0.35,0.1,0.65,10,egg THOLD=0.65,Kelvin-Voigt,1.5e+06,0.02,39.4968,,,,9.81,Kontaktast,0.625,-0.9,-0.585,K,Kontaktast,1,0,0,7.2429,,867.99,799.73,80,eingeschwungen
"Schnitt (100°,240°)",0,100,240,8,8,8,0.35,0.1,0.65,10,egg THOLD=0.65,Kelvin-Voigt,1.5e+06,0.02,39.4968,,,,9.81,Kontaktast,0.625,-0.8,-0.52,K,Kontaktast,1,0,0,7.2429,,772.188,735.923,80,eingeschwungen
"Schnitt (100°,240°)",0,100,240,8,8,8,0.35,0.1,0.65,10,egg THOLD=0.65,Kelvin-Voigt,1.5e+06,0.02,39.4968,,,,9.81,Kontaktast,0.625,-0.7,-0.455,K,Kontaktast,1,0,0,7.2429,,676.385,636.317,80,eingeschwungen
"Schnitt (100°,240°)",0,100,240,8,8,8,0.35,0.1,0.65,10,egg THOLD=0.65,Kelvin-Voigt,1.5e+06,0.02,39.4968,,,,9.81,Kontaktast,0.625,-0.6,-0.39,K,Kontaktast,1,0,0,7.2429,,580.583,530.752,80,eingeschwungen
"Schnitt (100°,240°)",0,100,240,8,8,8,0.35,0.1,0.65,10,egg THOLD=0.65,Kelvin-Voigt,1.5e+06,0.02,39.4968,,,,9.81,Kontaktast,0.625,-0.5,-0.325,K,Kontaktast,1,0,0,7.2429,,484.78,442.566,80,eingeschwungen
"Schnitt (100°,240°)",0,100,240,8,8,8,0.35,0.1,0.65,10,egg THOLD=0.65,Kelvin-Voigt,1.5e+06,0.02,39.4968,,,,9.81,Kontaktast,0.625,-0.4,-0.26,K,Kontaktast,1,0,0,7.2429,,388.977,343.639,80,eingeschwungen
"Schnitt (100°,240°)",0,100,240,8,8,8,0.35,0.1,0.65,10,egg THOLD=0.65,Kelvin-Voigt,1.5e+06,0.02,39.4968,,,,9.81,Kontaktast,0.625,-0.3,-0.195,K,Kontaktast,1,0,0,7.2429,,293.175,288.393,80,eingeschwungen
"Schnitt (100°,240°)",0,100,240,8,8,8,0.35,0.1,0.65,10,egg THOLD=0.65,Kelvin-Voigt,1.5e+06,0.02,39.4968,,,,9.81,Kontaktast,0.625,-0.2,-0.13,K,Kontaktast,1,0,0,7.2429,,197.372,193.476,80,eingeschwungen
"Schnitt (100°,240°)",0,100,240,8,8,8,0.35,0.1,0.65,10,egg THOLD=0.65,Kelvin-Voigt,1.5e+06,0.02,39.4968,,,,9.81,Kontaktast,0.625,-0.1,-0.065,K,Kontaktast,1,0,0,7.2429,,106.648,106.648,80,eingeschwungen
"Schnitt (100°,240°)",0,100,240,8,8,8,0.35,0.1,0.65,10,egg THOLD=0.65,Kelvin-Voigt,1.5e+06,0.02,39.4968,,,,9.81,Kontaktast,0.625,0,0,K,Kontaktast,1,0,0,7.2429,,7.2429,,80,eingeschwungen
"Schnitt (100°,240°)",0,100,240,8,8,8,0.35,0.1,0.65,10,egg THOLD=0.65,Kelvin-Voigt,1.5e+06,0.02,39.4968,,,,9.81,Kontaktast,0.625,0.1,0.065,K,Kontaktast,1,0,0,7.2429,,113.435,113.435,80,eingeschwungen
"Schnitt (100°,240°)",0,100,240,8,8,8,0.35,0.1,0.65,10,egg THOLD=0.65,Kelvin-Voigt,1.5e+06,0.02,39.4968,,,,9.81,Kontaktast,0.625,0.2,0.13,H2,Hüpfen,1,3,93.7127,163.907,163.907,207.42,207.42,80,eingeschwungen
"Schnitt (100°,240°)",0,100,240,8,8,8,0.35,0.1,0.65,10,egg THOLD=0.65,Kelvin-Voigt,1.5e+06,0.02,39.4968,,,,9.81,Kontaktast,0.625,0.3,0.195,K,Kontaktast,1,0,0,7.2429,,310.414,310.414,80,eingeschwungen
"Schnitt (100°,240°)",0,100,240,8,8,8,0.35,0.1,0.65,10,egg THOLD=0.65,Kelvin-Voigt,1.5e+06,0.02,39.4968,,,,9.81,Kontaktast,0.625,0.4,0.26,K,Kontaktast,1,0,0,7.2429,,369.656,369.656,80,eingeschwungen
"Schnitt (100°,240°)",0,100,240,8,8,8,0.35,0.1,0.65,10,egg THOLD=0.65,Kelvin-Voigt,1.5e+06,0.02,39.4968,,,,9.81,Kontaktast,0.625,0.5,0.325,K,Kontaktast,1,0,0,7.2429,,471.55,471.55,80,eingeschwungen
"Schnitt (100°,240°)",0,100,240,8,8,8,0.35,0.1,0.65,10,egg THOLD=0.65,Kelvin-Voigt,1.5e+06,0.02,39.4968,,,,9.81,Kontaktast,0.625,0.6,0.39,K,Kontaktast,1,0,0,7.2429,,575.101,575.101,80,eingeschwungen
"Schnitt (100°,240°)",0,100,240,8,8,8,0.35,0.1,0.65,10,egg THOLD=0.65,Kelvin-Voigt,1.5e+06,0.02,39.4968,,,,9.81,Kontaktast,0.625,0.7,0.455,K,Kontaktast,1,0,0,7.2429,,681.321,681.321,80,eingeschwungen
"Schnitt (100°,240°)",0,100,240,8,8,8,0.35,0.1,0.65,10,egg THOLD=0.65,Kelvin-Voigt,1.5e+06,0.02,39.4968,,,,9.81,Kontaktast,0.625,0.8,0.52,K,Kontaktast,1,0,0,7.2429,,778.811,778.811,80,eingeschwungen
"Schnitt (100°,240°)",0,100,240,8,8,8,0.35,0.1,0.65,10,egg THOLD=0.65,Kelvin-Voigt,1.5e+06,0.02,39.4968,,,,9.81,Kontaktast,0.625,0.9,0.585,K,Kontaktast,1,0,0,7.2429,,851.265,851.265,80,eingeschwungen
"Schnitt (100°,240°)",0,100,240,8,8,8,0.35,0.1,0.65,10,egg THOLD=0.65,Kelvin-Voigt,1.5e+06,0.02,39.4968,,,,9.81,Kontaktast,0.625,1,0.65,H1,Hüpfen,1,1,97.9428,481.336,481.336,948.411,948.411,240,eingeschwungen
"Schnitt (100°,240°)",0,100,240,8,8,8,0.35,0.1,0.65,10,egg THOLD=0.65,Kelvin-Voigt,1.5e+06,0.02,39.4968,,,,9.81,Kontaktast,0.75,-1,-0.65,K,Kontaktast,1,0,0,7.2429,,964.898,882.163,80,eingeschwungen
"Schnitt (100°,240°)",0,100,240,8,8,8,0.35,0.1,0.65,10,egg THOLD=0.65,Kelvin-Voigt,1.5e+06,0.02,39.4968,,,,9.81,Kontaktast,0.75,-0.9,-0.585,K,Kontaktast,1,0,0,7.2429,,869.095,792.531,80,eingeschwungen
"Schnitt (100°,240°)",0,100,240,8,8,8,0.35,0.1,0.65,10,egg THOLD=0.65,Kelvin-Voigt,1.5e+06,0.02,39.4968,,,,9.81,Kontaktast,0.75,-0.8,-0.52,K,Kontaktast,1,0,0,7.2429,,773.293,718.359,80,eingeschwungen
"Schnitt (100°,240°)",0,100,240,8,8,8,0.35,0.1,0.65,10,egg THOLD=0.65,Kelvin-Voigt,1.5e+06,0.02,39.4968,,,,9.81,Kontaktast,0.75,-0.7,-0.455,K,Kontaktast,1,0,0,7.2429,,677.49,636.062,80,eingeschwungen
"Schnitt (100°,240°)",0,100,240,8,8,8,0.35,0.1,0.65,10,egg THOLD=0.65,Kelvin-Voigt,1.5e+06,0.02,39.4968,,,,9.81,Kontaktast,0.75,-0.6,-0.39,K,Kontaktast,1,0,0,7.2429,,581.688,537.812,80,eingeschwungen
"Schnitt (100°,240°)",0,100,240,8,8,8,0.35,0.1,0.65,10,egg THOLD=0.65,Kelvin-Voigt,1.5e+06,0.02,39.4968,,,,9.81,Kontaktast,0.75,-0.5,-0.325,K,Kontaktast,1,0,0,7.2429,,485.885,428.394,80,eingeschwungen
"Schnitt (100°,240°)",0,100,240,8,8,8,0.35,0.1,0.65,10,egg THOLD=0.65,Kelvin-Voigt,1.5e+06,0.02,39.4968,,,,9.81,Kontaktast,0.75,-0.4,-0.26,K,Kontaktast,1,0,0,7.2429,,390.083,342.622,80,eingeschwungen
"Schnitt (100°,240°)",0,100,240,8,8,8,0.35,0.1,0.65,10,egg THOLD=0.65,Kelvin-Voigt,1.5e+06,0.02,39.4968,,,,9.81,Kontaktast,0.75,-0.3,-0.195,K,Kontaktast,1,0,0,7.2429,,294.28,252.077,80,eingeschwungen
"Schnitt (100°,240°)",0,100,240,8,8,8,0.35,0.1,0.65,10,egg THOLD=0.65,Kelvin-Voigt,1.5e+06,0.02,39.4968,,,,9.81,Kontaktast,0.75,-0.2,-0.13,K,Kontaktast,1,0,0,7.2429,,198.478,183.914,80,eingeschwungen
"Schnitt (100°,240°)",0,100,240,8,8,8,0.35,0.1,0.65,10,egg THOLD=0.65,Kelvin-Voigt,1.5e+06,0.02,39.4968,,,,9.81,Kontaktast,0.75,-0.1,-0.065,K,Kontaktast,1,0,0,7.2429,,102.675,93.8115,80,eingeschwungen
"Schnitt (100°,240°)",0,100,240,8,8,8,0.35,0.1,0.65,10,egg THOLD=0.65,Kelvin-Voigt,1.5e+06,0.02,39.4968,,,,9.81,Kontaktast,0.75,0,0,K,Kontaktast,1,0,0,7.2429,,7.2429,,80,eingeschwungen
"Schnitt (100°,240°)",0,100,240,8,8,8,0.35,0.1,0.65,10,egg THOLD=0.65,Kelvin-Voigt,1.5e+06,0.02,39.4968,,,,9.81,Kontaktast,0.75,0.1,0.065,K,Kontaktast,1,0,0,7.2429,,100.718,100.718,80,eingeschwungen
"Schnitt (100°,240°)",0,100,240,8,8,8,0.35,0.1,0.65,10,egg THOLD=0.65,Kelvin-Voigt,1.5e+06,0.02,39.4968,,,,9.81,Kontaktast,0.75,0.2,0.13,K,Kontaktast,1,0,0,7.2429,,195.85,195.85,80,eingeschwungen
"Schnitt (100°,240°)",0,100,240,8,8,8,0.35,0.1,0.65,10,egg THOLD=0.65,Kelvin-Voigt,1.5e+06,0.02,39.4968,,,,9.81,Kontaktast,0.75,0.3,0.195,K,Kontaktast,1,0,0,7.2429,,266.665,266.665,80,eingeschwungen
"Schnitt (100°,240°)",0,100,240,8,8,8,0.35,0.1,0.65,10,egg THOLD=0.65,Kelvin-Voigt,1.5e+06,0.02,39.4968,,,,9.81,Kontaktast,0.75,0.4,0.26,K,Kontaktast,1,0,0,7.2429,,365.726,365.726,80,eingeschwungen
"Schnitt (100°,240°)",0,100,240,8,8,8,0.35,0.1,0.65,10,egg THOLD=0.65,Kelvin-Voigt,1.5e+06,0.02,39.4968,,,,9.81,Kontaktast,0.75,0.5,0.325,K,Kontaktast,1,0,0,7.2429,,458.206,458.206,80,eingeschwungen
"Schnitt (100°,240°)",0,100,240,8,8,8,0.35,0.1,0.65,10,egg THOLD=0.65,Kelvin-Voigt,1.5e+06,0.02,39.4968,,,,9.81,Kontaktast,0.75,0.6,0.39,K,Kontaktast,1,0,0,7.2429,,573.345,573.345,80,eingeschwungen
"Schnitt (100°,240°)",0,100,240,8,8,8,0.35,0.1,0.65,10,egg THOLD=0.65,Kelvin-Voigt,1.5e+06,0.02,39.4968,,,,9.81,Kontaktast,0.75,0.7,0.455,H2,Hüpfen,1,3,93.7127,163.911,163.911,679.162,679.162,80,eingeschwungen
"Schnitt (100°,240°)",0,100,240,8,8,8,0.35,0.1,0.65,10,egg THOLD=0.65,Kelvin-Voigt,1.5e+06,0.02,39.4968,,,,9.81,Kontaktast,0.75,0.8,0.52,K,Kontaktast,1,0,0,7.2429,,749.241,749.241,80,eingeschwungen
"Schnitt (100°,240°)",0,100,240,8,8,8,0.35,0.1,0.65,10,egg THOLD=0.65,Kelvin-Voigt,1.5e+06,0.02,39.4968,,,,9.81,Kontaktast,0.75,0.9,0.585,K,Kontaktast,1,0,0,7.2429,,848.383,848.383,80,eingeschwungen
"Schnitt (100°,240°)",0,100,240,8,8,8,0.35,0.1,0.65,10,egg THOLD=0.65,Kelvin-Voigt,1.5e+06,0.02,39.4968,,,,9.81,Kontaktast,0.75,1,0.65,K,Kontaktast,1,0,0,7.2429,,938.917,938.917,80,eingeschwungen
"Schnitt (100°,240°)",0,100,240,8,8,8,0.35,0.1,0.65,10,egg THOLD=0.65,Kelvin-Voigt,1.5e+06,0.02,39.4968,,,,9.81,Kontaktast,0.875,-1,-0.65,K,Kontaktast,1,0,0,7.2429,,965.056,901.831,80,eingeschwungen
"Schnitt (100°,240°)",0,100,240,8,8,8,0.35,0.1,0.65,10,egg THOLD=0.65,Kelvin-Voigt,1.5e+06,0.02,39.4968,,,,9.81,Kontaktast,0.875,-0.9,-0.585,K,Kontaktast,1,0,0,7.2429,,869.254,809.029,80,eingeschwungen
"Schnitt (100°,240°)",0,100,240,8,8,8,0.35,0.1,0.65,10,egg THOLD=0.65,Kelvin-Voigt,1.5e+06,0.02,39.4968,,,,9.81,Kontaktast,0.875,-0.8,-0.52,K,Kontaktast,1,0,0,7.2429,,773.451,713.445,80,eingeschwungen
"Schnitt (100°,240°)",0,100,240,8,8,8,0.35,0.1,0.65,10,egg THOLD=0.65,Kelvin-Voigt,1.5e+06,0.02,39.4968,,,,9.81,Kontaktast,0.875,-0.7,-0.455,H1,Hüpfen,1,1,97.9428,481.336,481.336,677.649,647.729,240,eingeschwungen
"Schnitt (100°,240°)",0,100,240,8,8,8,0.35,0.1,0.65,10,egg THOLD=0.65,Kelvin-Voigt,1.5e+06,0.02,39.4968,,,,9.81,Kontaktast,0.875,-0.6,-0.39,K,Kontaktast,1,0,0,7.2429,,581.846,555.843,80,eingeschwungen
"Schnitt (100°,240°)",0,100,240,8,8,8,0.35,0.1,0.65,10,egg THOLD=0.65,Kelvin-Voigt,1.5e+06,0.02,39.4968,,,,9.81,Kontaktast,0.875,-0.5,-0.325,K,Kontaktast,1,0,0,7.2429,,486.044,456.92,80,eingeschwungen
"Schnitt (100°,240°)",0,100,240,8,8,8,0.35,0.1,0.65,10,egg THOLD=0.65,Kelvin-Voigt,1.5e+06,0.02,39.4968,,,,9.81,Kontaktast,0.875,-0.4,-0.26,K,Kontaktast,1,0,0,7.2429,,390.241,351.834,80,eingeschwungen
"Schnitt (100°,240°)",0,100,240,8,8,8,0.35,0.1,0.65,10,egg THOLD=0.65,Kelvin-Voigt,1.5e+06,0.02,39.4968,,,,9.81,Kontaktast,0.875,-0.3,-0.195,K,Kontaktast,1,0,0,7.2429,,294.438,257.362,80,eingeschwungen
"Schnitt (100°,240°)",0,100,240,8,8,8,0.35,0.1,0.65,10,egg THOLD=0.65,Kelvin-Voigt,1.5e+06,0.02,39.4968,,,,9.81,Kontaktast,0.875,-0.2,-0.13,K,Kontaktast,1,0,0,7.2429,,198.636,177.534,80,eingeschwungen
"Schnitt (100°,240°)",0,100,240,8,8,8,0.35,0.1,0.65,10,egg THOLD=0.65,Kelvin-Voigt,1.5e+06,0.02,39.4968,,,,9.81,Kontaktast,0.875,-0.1,-0.065,K,Kontaktast,1,0,0,7.2429,,102.833,97.881,80,eingeschwungen
"Schnitt (100°,240°)",0,100,240,8,8,8,0.35,0.1,0.65,10,egg THOLD=0.65,Kelvin-Voigt,1.5e+06,0.02,39.4968,,,,9.81,Kontaktast,0.875,0,0,K,Kontaktast,1,0,0,7.2429,,7.2429,,80,eingeschwungen
"Schnitt (100°,240°)",0,100,240,8,8,8,0.35,0.1,0.65,10,egg THOLD=0.65,Kelvin-Voigt,1.5e+06,0.02,39.4968,,,,9.81,Kontaktast,0.875,0.1,0.065,K,Kontaktast,1,0,0,7.2429,,102.336,102.336,80,eingeschwungen
"Schnitt (100°,240°)",0,100,240,8,8,8,0.35,0.1,0.65,10,egg THOLD=0.65,Kelvin-Voigt,1.5e+06,0.02,39.4968,,,,9.81,Kontaktast,0.875,0.2,0.13,K,Kontaktast,1,0,0,7.2429,,187.908,187.908,80,eingeschwungen
"Schnitt (100°,240°)",0,100,240,8,8,8,0.35,0.1,0.65,10,egg THOLD=0.65,Kelvin-Voigt,1.5e+06,0.02,39.4968,,,,9.81,Kontaktast,0.875,0.3,0.195,K,Kontaktast,1,0,0,7.2429,,274.522,274.522,80,eingeschwungen
"Schnitt (100°,240°)",0,100,240,8,8,8,0.35,0.1,0.65,10,egg THOLD=0.65,Kelvin-Voigt,1.5e+06,0.02,39.4968,,,,9.81,Kontaktast,0.875,0.4,0.26,K,Kontaktast,1,0,0,7.2429,,371.79,371.79,80,eingeschwungen
"Schnitt (100°,240°)",0,100,240,8,8,8,0.35,0.1,0.65,10,egg THOLD=0.65,Kelvin-Voigt,1.5e+06,0.02,39.4968,,,,9.81,Kontaktast,0.875,0.5,0.325,K,Kontaktast,1,0,0,7.2429,,487.435,487.435,80,eingeschwungen
"Schnitt (100°,240°)",0,100,240,8,8,8,0.35,0.1,0.65,10,egg THOLD=0.65,Kelvin-Voigt,1.5e+06,0.02,39.4968,,,,9.81,Kontaktast,0.875,0.6,0.39,K,Kontaktast,1,0,0,7.2429,,592.369,592.369,80,eingeschwungen
"Schnitt (100°,240°)",0,100,240,8,8,8,0.35,0.1,0.65,10,egg THOLD=0.65,Kelvin-Voigt,1.5e+06,0.02,39.4968,,,,9.81,Kontaktast,0.875,0.7,0.455,K,Kontaktast,1,0,0,7.2429,,674.559,674.559,80,eingeschwungen
"Schnitt (100°,240°)",0,100,240,8,8,8,0.35,0.1,0.65,10,egg THOLD=0.65,Kelvin-Voigt,1.5e+06,0.02,39.4968,,,,9.81,Kontaktast,0.875,0.8,0.52,K,Kontaktast,1,0,0,7.2429,,762.057,762.057,80,eingeschwungen
"Schnitt (100°,240°)",0,100,240,8,8,8,0.35,0.1,0.65,10,egg THOLD=0.65,Kelvin-Voigt,1.5e+06,0.02,39.4968,,,,9.81,Kontaktast,0.875,0.9,0.585,K,Kontaktast,1,0,0,7.2429,,852.782,852.782,80,eingeschwungen
"Schnitt (100°,240°)",0,100,240,8,8,8,0.35,0.1,0.65,10,egg THOLD=0.65,Kelvin-Voigt,1.5e+06,0.02,39.4968,,,,9.81,Kontaktast,0.875,1,0.65,K,Kontaktast,1,0,0,7.2429,,967.573,967.573,80,eingeschwungen
"Schnitt (140°,240°)",0,140,240,8,8,8,0.35,0.1,0.65,10,egg THOLD=0.65,Kelvin-Voigt,1.5e+06,0.02,39.4968,,,,9.81,Kontaktast,0,-1,-0.65,K,Kontaktast,1,0,0,7.25316,,962.877,910.034,80,eingeschwungen
"Schnitt (140°,240°)",0,140,240,8,8,8,0.35,0.1,0.65,10,egg THOLD=0.65,Kelvin-Voigt,1.5e+06,0.02,39.4968,,,,9.81,Kontaktast,0,-0.9,-0.585,K,Kontaktast,1,0,0,7.25316,,867.075,817.533,80,eingeschwungen
"Schnitt (140°,240°)",0,140,240,8,8,8,0.35,0.1,0.65,10,egg THOLD=0.65,Kelvin-Voigt,1.5e+06,0.02,39.4968,,,,9.81,Kontaktast,0,-0.8,-0.52,K,Kontaktast,1,0,0,7.25316,,771.272,738.144,80,eingeschwungen
"Schnitt (140°,240°)",0,140,240,8,8,8,0.35,0.1,0.65,10,egg THOLD=0.65,Kelvin-Voigt,1.5e+06,0.02,39.4968,,,,9.81,Kontaktast,0,-0.7,-0.455,K,Kontaktast,1,0,0,7.25316,,675.469,632.423,80,eingeschwungen
"Schnitt (140°,240°)",0,140,240,8,8,8,0.35,0.1,0.65,10,egg THOLD=0.65,Kelvin-Voigt,1.5e+06,0.02,39.4968,,,,9.81,Kontaktast,0,-0.6,-0.39,K,Kontaktast,1,0,0,7.25316,,579.667,527.404,80,eingeschwungen
"Schnitt (140°,240°)",0,140,240,8,8,8,0.35,0.1,0.65,10,egg THOLD=0.65,Kelvin-Voigt,1.5e+06,0.02,39.4968,,,,9.81,Kontaktast,0,-0.5,-0.325,K,Kontaktast,1,0,0,7.25316,,483.864,454.866,80,eingeschwungen
"Schnitt (140°,240°)",0,140,240,8,8,8,0.35,0.1,0.65,10,egg THOLD=0.65,Kelvin-Voigt,1.5e+06,0.02,39.4968,,,,9.81,Kontaktast,0,-0.4,-0.26,K,Kontaktast,1,0,0,7.25316,,388.062,372.727,80,eingeschwungen
"Schnitt (140°,240°)",0,140,240,8,8,8,0.35,0.1,0.65,10,egg THOLD=0.65,Kelvin-Voigt,1.5e+06,0.02,39.4968,,,,9.81,Kontaktast,0,-0.3,-0.195,K,Kontaktast,1,0,0,7.25316,,295.375,295.375,80,eingeschwungen
"Schnitt (140°,240°)",0,140,240,8,8,8,0.35,0.1,0.65,10,egg THOLD=0.65,Kelvin-Voigt,1.5e+06,0.02,39.4968,,,,9.81,Kontaktast,0,-0.2,-0.13,K,Kontaktast,1,0,0,7.25316,,200.667,200.667,80,eingeschwungen
"Schnitt (140°,240°)",0,140,240,8,8,8,0.35,0.1,0.65,10,egg THOLD=0.65,Kelvin-Voigt,1.5e+06,0.02,39.4968,,,,9.81,Kontaktast,0,-0.1,-0.065,K,Kontaktast,1,0,0,7.25316,,109.258,109.258,80,eingeschwungen
"Schnitt (140°,240°)",0,140,240,8,8,8,0.35,0.1,0.65,10,egg THOLD=0.65,Kelvin-Voigt,1.5e+06,0.02,39.4968,,,,9.81,Kontaktast,0,0,0,K,Kontaktast,1,0,0,7.25316,,7.25316,,80,eingeschwungen
"Schnitt (140°,240°)",0,140,240,8,8,8,0.35,0.1,0.65,10,egg THOLD=0.65,Kelvin-Voigt,1.5e+06,0.02,39.4968,,,,9.81,Kontaktast,0,0.1,0.065,K,Kontaktast,1,0,0,7.25316,,117.477,117.477,80,eingeschwungen
"Schnitt (140°,240°)",0,140,240,8,8,8,0.35,0.1,0.65,10,egg THOLD=0.65,Kelvin-Voigt,1.5e+06,0.02,39.4968,,,,9.81,Kontaktast,0,0.2,0.13,K,Kontaktast,1,0,0,7.25316,,216.698,216.698,80,eingeschwungen
"Schnitt (140°,240°)",0,140,240,8,8,8,0.35,0.1,0.65,10,egg THOLD=0.65,Kelvin-Voigt,1.5e+06,0.02,39.4968,,,,9.81,Kontaktast,0,0.3,0.195,K,Kontaktast,1,0,0,7.25316,,314.779,314.779,80,eingeschwungen
"Schnitt (140°,240°)",0,140,240,8,8,8,0.35,0.1,0.65,10,egg THOLD=0.65,Kelvin-Voigt,1.5e+06,0.02,39.4968,,,,9.81,Kontaktast,0,0.4,0.26,K,Kontaktast,1,0,0,7.25316,,399.644,399.644,80,eingeschwungen
"Schnitt (140°,240°)",0,140,240,8,8,8,0.35,0.1,0.65,10,egg THOLD=0.65,Kelvin-Voigt,1.5e+06,0.02,39.4968,,,,9.81,Kontaktast,0,0.5,0.325,K,Kontaktast,1,0,0,7.25316,,478.46,478.46,80,eingeschwungen
"Schnitt (140°,240°)",0,140,240,8,8,8,0.35,0.1,0.65,10,egg THOLD=0.65,Kelvin-Voigt,1.5e+06,0.02,39.4968,,,,9.81,Kontaktast,0,0.6,0.39,H1,Hüpfen,1,3,93.7131,165.029,165.029,573.57,573.57,80,eingeschwungen
"Schnitt (140°,240°)",0,140,240,8,8,8,0.35,0.1,0.65,10,egg THOLD=0.65,Kelvin-Voigt,1.5e+06,0.02,39.4968,,,,9.81,Kontaktast,0,0.7,0.455,K,Kontaktast,1,0,0,7.25316,,681.773,681.773,80,eingeschwungen
"Schnitt (140°,240°)",0,140,240,8,8,8,0.35,0.1,0.65,10,egg THOLD=0.65,Kelvin-Voigt,1.5e+06,0.02,39.4968,,,,9.81,Kontaktast,0,0.8,0.52,K,Kontaktast,1,0,0,7.25316,,786.97,786.97,80,eingeschwungen
"Schnitt (140°,240°)",0,140,240,8,8,8,0.35,0.1,0.65,10,egg THOLD=0.65,Kelvin-Voigt,1.5e+06,0.02,39.4968,,,,9.81,Kontaktast,0,0.9,0.585,K,Kontaktast,1,0,0,7.25316,,877.554,877.554,80,eingeschwungen
"Schnitt (140°,240°)",0,140,240,8,8,8,0.35,0.1,0.65,10,egg THOLD=0.65,Kelvin-Voigt,1.5e+06,0.02,39.4968,,,,9.81,Kontaktast,0,1,0.65,K,Kontaktast,1,0,0,7.25316,,953.537,953.537,80,eingeschwungen
"Schnitt (140°,240°)",0,140,240,8,8,8,0.35,0.1,0.65,10,egg THOLD=0.65,Kelvin-Voigt,1.5e+06,0.02,39.4968,,,,9.81,Kontaktast,0.125,-1,-0.65,K,Kontaktast,1,0,0,7.25316,,964.326,879.51,80,eingeschwungen
"Schnitt (140°,240°)",0,140,240,8,8,8,0.35,0.1,0.65,10,egg THOLD=0.65,Kelvin-Voigt,1.5e+06,0.02,39.4968,,,,9.81,Kontaktast,0.125,-0.9,-0.585,K,Kontaktast,1,0,0,7.25316,,868.523,805.567,80,eingeschwungen
"Schnitt (140°,240°)",0,140,240,8,8,8,0.35,0.1,0.65,10,egg THOLD=0.65,Kelvin-Voigt,1.5e+06,0.02,39.4968,,,,9.81,Kontaktast,0.125,-0.8,-0.52,K,Kontaktast,1,0,0,7.25316,,772.721,719.966,80,eingeschwungen
"Schnitt (140°,240°)",0,140,240,8,8,8,0.35,0.1,0.65,10,egg THOLD=0.65,Kelvin-Voigt,1.5e+06,0.02,39.4968,,,,9.81,Kontaktast,0.125,-0.7,-0.455,K,Kontaktast,1,0,0,7.25316,,676.918,623.452,80,eingeschwungen
"Schnitt (140°,240°)",0,140,240,8,8,8,0.35,0.1,0.65,10,egg THOLD=0.65,Kelvin-Voigt,1.5e+06,0.02,39.4968,,,,9.81,Kontaktast,0.125,-0.6,-0.39,K,Kontaktast,1,0,0,7.25316,,581.116,521.836,80,eingeschwungen
"Schnitt (140°,240°)",0,140,240,8,8,8,0.35,0.1,0.65,10,egg THOLD=0.65,Kelvin-Voigt,1.5e+06,0.02,39.4968,,,,9.81,Kontaktast,0.125,-0.5,-0.325,K,Kontaktast,1,0,0,7.25316,,485.313,420.604,80,eingeschwungen
"Schnitt (140°,240°)",0,140,240,8,8,8,0.35,0.1,0.65,10,egg THOLD=0.65,Kelvin-Voigt,1.5e+06,0.02,39.4968,,,,9.81,Kontaktast,0.125,-0.4,-0.26,K,Kontaktast,1,0,0,7.25316,,389.51,362.697,80,eingeschwungen
"Schnitt (140°,240°)",0,140,240,8,8,8,0.35,0.1,0.65,10,egg THOLD=0.65,Kelvin-Voigt,1.5e+06,0.02,39.4968,,,,9.81,Kontaktast,0.125,-0.3,-0.195,K,Kontaktast,1,0,0,7.25316,,293.708,265.094,80,eingeschwungen
"Schnitt (140°,240°)",0,140,240,8,8,8,0.35,0.1,0.65,10,egg THOLD=0.65,Kelvin-Voigt,1.5e+06,0.02,39.4968,,,,9.81,Kontaktast,0.125,-0.2,-0.13,K,Kontaktast,1,0,0,7.25316,,197.905,188.578,80,eingeschwungen
"Schnitt (140°,240°)",0,140,240,8,8,8,0.35,0.1,0.65,10,egg THOLD=0.65,Kelvin-Voigt,1.5e+06,0.02,39.4968,,,,9.81,Kontaktast,0.125,-0.1,-0.065,K,Kontaktast,1,0,0,7.25316,,102.103,95.4698,80,eingeschwungen
"Schnitt (140°,240°)",0,140,240,8,8,8,0.35,0.1,0.65,10,egg THOLD=0.65,Kelvin-Voigt,1.5e+06,0.02,39.4968,,,,9.81,Kontaktast,0.125,0,0,K,Kontaktast,1,0,0,7.25316,,7.25316,,80,eingeschwungen
"Schnitt (140°,240°)",0,140,240,8,8,8,0.35,0.1,0.65,10,egg THOLD=0.65,Kelvin-Voigt,1.5e+06,0.02,39.4968,,,,9.81,Kontaktast,0.125,0.1,0.065,K,Kontaktast,1,0,0,7.25316,,103.022,103.022,80,eingeschwungen
"Schnitt (140°,240°)",0,140,240,8,8,8,0.35,0.1,0.65,10,egg THOLD=0.65,Kelvin-Voigt,1.5e+06,0.02,39.4968,,,,9.81,Kontaktast,0.125,0.2,0.13,K,Kontaktast,1,0,0,7.25316,,201.85,201.85,80,eingeschwungen
"Schnitt (140°,240°)",0,140,240,8,8,8,0.35,0.1,0.65,10,egg THOLD=0.65,Kelvin-Voigt,1.5e+06,0.02,39.4968,,,,9.81,Kontaktast,0.125,0.3,0.195,K,Kontaktast,1,0,0,7.25316,,282.334,282.334,80,eingeschwungen
"Schnitt (140°,240°)",0,140,240,8,8,8,0.35,0.1,0.65,10,egg THOLD=0.65,Kelvin-Voigt,1.5e+06,0.02,39.4968,,,,9.81,Kontaktast,0.125,0.4,0.26,K,Kontaktast,1,0,0,7.25316,,378.684,378.684,80,eingeschwungen
"Schnitt (140°,240°)",0,140,240,8,8,8,0.35,0.1,0.65,10,egg THOLD=0.65,Kelvin-Voigt,1.5e+06,0.02,39.4968,,,,9.81,Kontaktast,0.125,0.5,0.325,K,Kontaktast,1,0,0,7.25316,,448.189,448.189,80,eingeschwungen
"Schnitt (140°,240°)",0,140,240,8,8,8,0.35,0.1,0.65,10,egg THOLD=0.65,Kelvin-Voigt,1.5e+06,0.02,39.4968,,,,9.81,Kontaktast,0.125,0.6,0.39,H1,Hüpfen,1,3,93.7131,165.029,165.029,560.785,560.785,80,eingeschwungen
"Schnitt (140°,240°)",0,140,240,8,8,8,0.35,0.1,0.65,10,egg THOLD=0.65,Kelvin-Voigt,1.5e+06,0.02,39.4968,,,,9.81,Kontaktast,0.125,0.7,0.455,K,Kontaktast,1,0,0,7.25316,,671.777,671.777,80,eingeschwungen
"Schnitt (140°,240°)",0,140,240,8,8,8,0.35,0.1,0.65,10,egg THOLD=0.65,Kelvin-Voigt,1.5e+06,0.02,39.4968,,,,9.81,Kontaktast,0.125,0.8,0.52,K,Kontaktast,1,0,0,7.25316,,759.456,759.456,80,eingeschwungen
"Schnitt (140°,240°)",0,140,240,8,8,8,0.35,0.1,0.65,10,egg THOLD=0.65,Kelvin-Voigt,1.5e+06,0.02,39.4968,,,,9.81,Kontaktast,0.125,0.9,0.585,K,Kontaktast,1,0,0,7.25316,,857.942,857.942,80,eingeschwungen
"Schnitt (140°,240°)",0,140,240,8,8,8,0.35,0.1,0.65,10,egg THOLD=0.65,Kelvin-Voigt,1.5e+06,0.02,39.4968,,,,9.81,Kontaktast,0.125,1,0.65,K,Kontaktast,1,0,0,7.25316,,927.561,927.561,80,eingeschwungen
"Schnitt (140°,240°)",0,140,240,8,8,8,0.35,0.1,0.65,10,egg THOLD=0.65,Kelvin-Voigt,1.5e+06,0.02,39.4968,,,,9.81,Kontaktast,0.25,-1,-0.65,K,Kontaktast,1,0,0,7.25316,,964.912,879.429,80,eingeschwungen
"Schnitt (140°,240°)",0,140,240,8,8,8,0.35,0.1,0.65,10,egg THOLD=0.65,Kelvin-Voigt,1.5e+06,0.02,39.4968,,,,9.81,Kontaktast,0.25,-0.9,-0.585,K,Kontaktast,1,0,0,7.25316,,869.109,806.76,80,eingeschwungen
"Schnitt (140°,240°)",0,140,240,8,8,8,0.35,0.1,0.65,10,egg THOLD=0.65,Kelvin-Voigt,1.5e+06,0.02,39.4968,,,,9.81,Kontaktast,0.25,-0.8,-0.52,K,Kontaktast,1,0,0,7.25316,,773.306,720.88,80,eingeschwungen
"Schnitt (140°,240°)",0,140,240,8,8,8,0.35,0.1,0.65,10,egg THOLD=0.65,Kelvin-Voigt,1.5e+06,0.02,39.4968,,,,9.81,Kontaktast,0.25,-0.7,-0.455,K,Kontaktast,1,0,0,7.25316,,677.504,640.991,80,eingeschwungen
"Schnitt (140°,240°)",0,140,240,8,8,8,0.35,0.1,0.65,10,egg THOLD=0.65,Kelvin-Voigt,1.5e+06,0.02,39.4968,,,,9.81,Kontaktast,0.25,-0.6,-0.39,K,Kontaktast,1,0,0,7.25316,,581.701,536.158,80,eingeschwungen
"Schnitt (140°,240°)",0,140,240,8,8,8,0.35,0.1,0.65,10,egg THOLD=0.65,Kelvin-Voigt,1.5e+06,0.02,39.4968,,,,9.81,Kontaktast,0.25,-0.5,-0.325,H1,Hüpfen,1,3,93.7131,165.029,165.029,485.899,432.599,80,eingeschwungen
"Schnitt (140°,240°)",0,140,240,8,8,8,0.35,0.1,0.65,10,egg THOLD=0.65,Kelvin-Voigt,1.5e+06,0.02,39.4968,,,,9.81,Kontaktast,0.25,-0.4,-0.26,K,Kontaktast,1,0,0,7.25316,,390.096,343.835,80,eingeschwungen
"Schnitt (140°,240°)",0,140,240,8,8,8,0.35,0.1,0.65,10,egg THOLD=0.65,Kelvin-Voigt,1.5e+06,0.02,39.4968,,,,9.81,Kontaktast,0.25,-0.3,-0.195,K,Kontaktast,1,0,0,7.25316,,294.294,267.119,80,eingeschwungen
"Schnitt (140°,240°)",0,140,240,8,8,8,0.35,0.1,0.65,10,egg THOLD=0.65,Kelvin-Voigt,1.5e+06,0.02,39.4968,,,,9.81,Kontaktast,0.25,-0.2,-0.13,K,Kontaktast,1,0,0,7.25316,,198.491,184.393,80,eingeschwungen
"Schnitt (140°,240°)",0,140,240,8,8,8,0.35,0.1,0.65,10,egg THOLD=0.65,Kelvin-Voigt,1.5e+06,0.02,39.4968,,,,9.81,Kontaktast,0.25,-0.1,-0.065,K,Kontaktast,1,0,0,7.25316,,102.689,98.0451,80,eingeschwungen
"Schnitt (140°,240°)",0,140,240,8,8,8,0.35,0.1,0.65,10,egg THOLD=0.65,Kelvin-Voigt,1.5e+06,0.02,39.4968,,,,9.81,Kontaktast,0.25,0,0,K,Kontaktast,1,0,0,7.25316,,7.25316,,80,eingeschwungen
"Schnitt (140°,240°)",0,140,240,8,8,8,0.35,0.1,0.65,10,egg THOLD=0.65,Kelvin-Voigt,1.5e+06,0.02,39.4968,,,,9.81,Kontaktast,0.25,0.1,0.065,K,Kontaktast,1,0,0,7.25316,,102.697,102.697,80,eingeschwungen
"Schnitt (140°,240°)",0,140,240,8,8,8,0.35,0.1,0.65,10,egg THOLD=0.65,Kelvin-Voigt,1.5e+06,0.02,39.4968,,,,9.81,Kontaktast,0.25,0.2,0.13,K,Kontaktast,1,0,0,7.25316,,195.455,195.455,80,eingeschwungen
"Schnitt (140°,240°)",0,140,240,8,8,8,0.35,0.1,0.65,10,egg THOLD=0.65,Kelvin-Voigt,1.5e+06,0.02,39.4968,,,,9.81,Kontaktast,0.25,0.3,0.195,K,Kontaktast,1,0,0,7.25316,,287.845,287.845,80,eingeschwungen
"Schnitt (140°,240°)",0,140,240,8,8,8,0.35,0.1,0.65,10,egg THOLD=0.65,Kelvin-Voigt,1.5e+06,0.02,39.4968,,,,9.81,Kontaktast,0.25,0.4,0.26,K,Kontaktast,1,0,0,7.25316,,361.296,361.296,80,eingeschwungen
"Schnitt (140°,240°)",0,140,240,8,8,8,0.35,0.1,0.65,10,egg THOLD=0.65,Kelvin-Voigt,1.5e+06,0.02,39.4968,,,,9.81,Kontaktast,0.25,0.5,0.325,K,Kontaktast,1,0,0,7.25316,,465.124,465.124,80,eingeschwungen
"Schnitt (140°,240°)",0,140,240,8,8,8,0.35,0.1,0.65,10,egg THOLD=0.65,Kelvin-Voigt,1.5e+06,0.02,39.4968,,,,9.81,Kontaktast,0.25,0.6,0.39,K,Kontaktast,1,0,0,7.25316,,574.424,574.424,80,eingeschwungen
"Schnitt (140°,240°)",0,140,240,8,8,8,0.35,0.1,0.65,10,egg THOLD=0.65,Kelvin-Voigt,1.5e+06,0.02,39.4968,,,,9.81,Kontaktast,0.25,0.7,0.455,K,Kontaktast,1,0,0,7.25316,,674.669,674.669,80,eingeschwungen
"Schnitt (140°,240°)",0,140,240,8,8,8,0.35,0.1,0.65,10,egg THOLD=0.65,Kelvin-Voigt,1.5e+06,0.02,39.4968,,,,9.81,Kontaktast,0.25,0.8,0.52,K,Kontaktast,1,0,0,7.25316,,768.999,768.999,80,eingeschwungen
"Schnitt (140°,240°)",0,140,240,8,8,8,0.35,0.1,0.65,10,egg THOLD=0.65,Kelvin-Voigt,1.5e+06,0.02,39.4968,,,,9.81,Kontaktast,0.25,0.9,0.585,H1,Hüpfen,1,3,93.7131,165.029,165.029,841.073,841.073,160,eingeschwungen
"Schnitt (140°,240°)",0,140,240,8,8,8,0.35,0.1,0.65,10,egg THOLD=0.65,Kelvin-Voigt,1.5e+06,0.02,39.4968,,,,9.81,Kontaktast,0.25,1,0.65,K,Kontaktast,1,0,0,7.25316,,945.988,945.988,80,eingeschwungen
"Schnitt (140°,240°)",0,140,240,8,8,8,0.35,0.1,0.65,10,egg THOLD=0.65,Kelvin-Voigt,1.5e+06,0.02,39.4968,,,,9.81,Kontaktast,0.375,-1,-0.65,K,Kontaktast,1,0,0,7.25316,,964.633,896.055,80,eingeschwungen
"Schnitt (140°,240°)",0,140,240,8,8,8,0.35,0.1,0.65,10,egg THOLD=0.65,Kelvin-Voigt,1.5e+06,0.02,39.4968,,,,9.81,Kontaktast,0.375,-0.9,-0.585,K,Kontaktast,1,0,0,7.25316,,868.83,791.029,80,eingeschwungen
"Schnitt (140°,240°)",0,140,240,8,8,8,0.35,0.1,0.65,10,egg THOLD=0.65,Kelvin-Voigt,1.5e+06,0.02,39.4968,,,,9.81,Kontaktast,0.375,-0.8,-0.52,H1,Hüpfen,1,3,93.7131,165.031,165.031,773.028,726.925,80,eingeschwungen
"Schnitt (140°,240°)",0,140,240,8,8,8,0.35,0.1,0.65,10,egg THOLD=0.65,Kelvin-Voigt,1.5e+06,0.02,39.4968,,,,9.81,Kontaktast,0.375,-0.7,-0.455,K,Kontaktast,1,0,0,7.25316,,677.225,633.513,80,eingeschwungen
"Schnitt (140°,240°)",0,140,240,8,8,8,0.35,0.1,0.65,10,egg THOLD=0.65,Kelvin-Voigt,1.5e+06,0.02,39.4968,,,,9.81,Kontaktast,0.375,-0.6,-0.39,K,Kontaktast,1,0,0,7.25316,,581.422,553.356,80,eingeschwungen
"Schnitt (140°,240°)",0,140,240,8,8,8,0.35,0.1,0.65,10,egg THOLD=0.65,Kelvin-Voigt,1.5e+06,0.02,39.4968,,,,9.81,Kontaktast,0.375,-0.5,-0.325,K,Kontaktast,1,0,0,7.25316,,485.62,447.107,80,eingeschwungen
"Schnitt (140°,240°)",0,140,240,8,8,8,0.35,0.1,0.65,10,egg THOLD=0.65,Kelvin-Voigt,1.5e+06,0.02,39.4968,,,,9.81,Kontaktast,0.375,-0.4,-0.26,K,Kontaktast,1,0,0,7.25316,,389.817,338.228,80,eingeschwungen
"Schnitt (140°,240°)",0,140,240,8,8,8,0.35,0.1,0.65,10,egg THOLD=0.65,Kelvin-Voigt,1.5e+06,0.02,39.4968,,,,9.81,Kontaktast,0.375,-0.3,-0.195,K,Kontaktast,1,0,0,7.25316,,294.015,277.984,80,eingeschwungen
"Schnitt (140°,240°)",0,140,240,8,8,8,0.35,0.1,0.65,10,egg THOLD=0.65,Kelvin-Voigt,1.5e+06,0.02,39.4968,,,,9.81,Kontaktast,0.375,-0.2,-0.13,K,Kontaktast,1,0,0,7.25316,,198.212,172.991,80,eingeschwungen
"Schnitt (140°,240°)",0,140,240,8,8,8,0.35,0.1,0.65,10,egg THOLD=0.65,Kelvin-Voigt,1.5e+06,0.02,39.4968,,,,9.81,Kontaktast,0.375,-0.1,-0.065,K,Kontaktast,1,0,0,7.25316,,102.41,96.4334,80,eingeschwungen
"Schnitt (140°,240°)",0,140,240,8,8,8,0.35,0.1,0.65,10,egg THOLD=0.65,Kelvin-Voigt,1.5e+06,0.02,39.4968,,,,9.81,Kontaktast,0.375,0,0,K,Kontaktast,1,0,0,7.25316,,7.25316,,80,eingeschwungen
"Schnitt (140°,240°)",0,140,240,8,8,8,0.35,0.1,0.65,10,egg THOLD=0.65,Kelvin-Voigt,1.5e+06,0.02,39.4968,,,,9.81,Kontaktast,0.375,0.1,0.065,K,Kontaktast,1,0,0,7.25316,,103.817,103.817,80,eingeschwungen
"Schnitt (140°,240°)",0,140,240,8,8,8,0.35,0.1,0.65,10,egg THOLD=0.65,Kelvin-Voigt,1.5e+06,0.02,39.4968,,,,9.81,Kontaktast,0.375,0.2,0.13,K,Kontaktast,1,0,0,7.25316,,185.329,185.329,80,eingeschwungen
"Schnitt (140°,240°)",0,140,240,8,8,8,0.35,0.1,0.65,10,egg THOLD=0.65,Kelvin-Voigt,1.5e+06,0.02,39.4968,,,,9.81,Kontaktast,0.375,0.3,0.195,K,Kontaktast,1,0,0,7.25316,,292.126,292.126,80,eingeschwungen
"Schnitt (140°,240°)",0,140,240,8,8,8,0.35,0.1,0.65,10,egg THOLD=0.65,Kelvin-Voigt,1.5e+06,0.02,39.4968,,,,9.81,Kontaktast,0.375,0.4,0.26,K,Kontaktast,1,0,0,7.25316,,364.344,364.344,80,eingeschwungen
"Schnitt (140°,240°)",0,140,240,8,8,8,0.35,0.1,0.65,10,egg THOLD=0.65,Kelvin-Voigt,1.5e+06,0.02,39.4968,,,,9.81,Kontaktast,0.375,0.5,0.325,K,Kontaktast,1,0,0,7.25316,,477.35,477.35,80,eingeschwungen
"Schnitt (140°,240°)",0,140,240,8,8,8,0.35,0.1,0.65,10,egg THOLD=0.65,Kelvin-Voigt,1.5e+06,0.02,39.4968,,,,9.81,Kontaktast,0.375,0.6,0.39,K,Kontaktast,1,0,0,7.25316,,589.08,589.08,80,eingeschwungen
"Schnitt (140°,240°)",0,140,240,8,8,8,0.35,0.1,0.65,10,egg THOLD=0.65,Kelvin-Voigt,1.5e+06,0.02,39.4968,,,,9.81,Kontaktast,0.375,0.7,0.455,K,Kontaktast,1,0,0,7.25316,,674.929,674.929,80,eingeschwungen
"Schnitt (140°,240°)",0,140,240,8,8,8,0.35,0.1,0.65,10,egg THOLD=0.65,Kelvin-Voigt,1.5e+06,0.02,39.4968,,,,9.81,Kontaktast,0.375,0.8,0.52,K,Kontaktast,1,0,0,7.25316,,762.671,762.671,80,eingeschwungen
"Schnitt (140°,240°)",0,140,240,8,8,8,0.35,0.1,0.65,10,egg THOLD=0.65,Kelvin-Voigt,1.5e+06,0.02,39.4968,,,,9.81,Kontaktast,0.375,0.9,0.585,K,Kontaktast,1,0,0,7.25316,,848.172,848.172,80,eingeschwungen
"Schnitt (140°,240°)",0,140,240,8,8,8,0.35,0.1,0.65,10,egg THOLD=0.65,Kelvin-Voigt,1.5e+06,0.02,39.4968,,,,9.81,Kontaktast,0.375,1,0.65,K,Kontaktast,1,0,0,7.25316,,957.412,957.412,80,eingeschwungen
"Schnitt (140°,240°)",0,140,240,8,8,8,0.35,0.1,0.65,10,egg THOLD=0.65,Kelvin-Voigt,1.5e+06,0.02,39.4968,,,,9.81,Kontaktast,0.5,-1,-0.65,K,Kontaktast,1,0,0,7.25316,,965.248,918.318,80,eingeschwungen
"Schnitt (140°,240°)",0,140,240,8,8,8,0.35,0.1,0.65,10,egg THOLD=0.65,Kelvin-Voigt,1.5e+06,0.02,39.4968,,,,9.81,Kontaktast,0.5,-0.9,-0.585,K,Kontaktast,1,0,0,7.25316,,869.446,816.533,80,eingeschwungen
"Schnitt (140°,240°)",0,140,240,8,8,8,0.35,0.1,0.65,10,egg THOLD=0.65,Kelvin-Voigt,1.5e+06,0.02,39.4968,,,,9.81,Kontaktast,0.5,-0.8,-0.52,K,Kontaktast,1,0,0,7.25316,,773.643,716.05,80,eingeschwungen
"Schnitt (140°,240°)",0,140,240,8,8,8,0.35,0.1,0.65,10,egg THOLD=0.65,Kelvin-Voigt,1.5e+06,0.02,39.4968,,,,9.81,Kontaktast,0.5,-0.7,-0.455,K,Kontaktast,1,0,0,7.25316,,677.841,650.777,80,eingeschwungen
"Schnitt (140°,240°)",0,140,240,8,8,8,0.35,0.1,0.65,10,egg THOLD=0.65,Kelvin-Voigt,1.5e+06,0.02,39.4968,,,,9.81,Kontaktast,0.5,-0.6,-0.39,K,Kontaktast,1,0,0,7.25316,,582.038,558.291,80,eingeschwungen
"Schnitt (140°,240°)",0,140,240,8,8,8,0.35,0.1,0.65,10,egg THOLD=0.65,Kelvin-Voigt,1.5e+06,0.02,39.4968,,,,9.81,Kontaktast,0.5,-0.5,-0.325,K,Kontaktast,1,0,0,7.25316,,486.236,473.245,80,eingeschwungen
"Schnitt (140°,240°)",0,140,240,8,8,8,0.35,0.1,0.65,10,egg THOLD=0.65,Kelvin-Voigt,1.5e+06,0.02,39.4968,,,,9.81,Kontaktast,0.5,-0.4,-0.26,K,Kontaktast,1,0,0,7.25316,,390.433,368.787,80,eingeschwungen
"Schnitt (140°,240°)",0,140,240,8,8,8,0.35,0.1,0.65,10,egg THOLD=0.65,Kelvin-Voigt,1.5e+06,0.02,39.4968,,,,9.81,Kontaktast,0.5,-0.3,-0.195,K,Kontaktast,1,0,0,7.25316,,294.63,257.428,80,eingeschwungen
"Schnitt (140°,240°)",0,140,240,8,8,8,0.35,0.1,0.65,10,egg THOLD=0.65,Kelvin-Voigt,1.5e+06,0.02,39.4968,,,,9.81,Kontaktast,0.5,-0.2,-0.13,K,Kontaktast,1,0,0,7.25316,,198.828,197.419,80,eingeschwungen
"Schnitt (140°,240°)",0,140,240,8,8,8,0.35,0.1,0.65,10,egg THOLD=0.65,Kelvin-Voigt,1.5e+06,0.02,39.4968,,,,9.81,Kontaktast,0.5,-0.1,-0.065,K,Kontaktast,1,0,0,7.25316,,103.025,88.0433,80,eingeschwungen
"Schnitt (140°,240°)",0,140,240,8,8,8,0.35,0.1,0.65,10,egg THOLD=0.65,Kelvin-Voigt,1.5e+06,0.02,39.4968,,,,9.81,Kontaktast,0.5,0,0,K,Kontaktast,1,0,0,7.25316,,7.25316,,80,eingeschwungen
"Schnitt (140°,240°)",0,140,240,8,8,8,0.35,0.1,0.65,10,egg THOLD=0.65,Kelvin-Voigt,1.5e+06,0.02,39.4968,,,,9.81,Kontaktast,0.5,0.1,0.065,K,Kontaktast,1,0,0,7.25316,,91.8889,91.8889,80,eingeschwungen
"Schnitt (140°,240°)",0,140,240,8,8,8,0.35,0.1,0.65,10,egg THOLD=0.65,Kelvin-Voigt,1.5e+06,0.02,39.4968,,,,9.81,Kontaktast,0.5,0.2,0.13,K,Kontaktast,1,0,0,7.25316,,206.366,206.366,80,eingeschwungen
"Schnitt (140°,240°)",0,140,240,8,8,8,0.35,0.1,0.65,10,egg THOLD=0.65,Kelvin-Voigt,1.5e+06,0.02,39.4968,,,,9.81,Kontaktast,0.5,0.3,0.195,K,Kontaktast,1,0,0,7.25316,,272.721,272.721,80,eingeschwungen
"Schnitt (140°,240°)",0,140,240,8,8,8,0.35,0.1,0.65,10,egg THOLD=0.65,Kelvin-Voigt,1.5e+06,0.02,39.4968,,,,9.81,Kontaktast,0.5,0.4,0.26,K,Kontaktast,1,0,0,7.25316,,390.118,390.118,80,eingeschwungen
"Schnitt (140°,240°)",0,140,240,8,8,8,0.35,0.1,0.65,10,egg THOLD=0.65,Kelvin-Voigt,1.5e+06,0.02,39.4968,,,,9.81,Kontaktast,0.5,0.5,0.325,K,Kontaktast,1,0,0,7.25316,,502.581,502.581,80,eingeschwungen
"Schnitt (140°,240°)",0,140,240,8,8,8,0.35,0.1,0.65,10,egg THOLD=0.65,Kelvin-Voigt,1.5e+06,0.02,39.4968,,,,9.81,Kontaktast,0.5,0.6,0.39,K,Kontaktast,1,0,0,7.25316,,588.391,588.391,80,eingeschwungen
"Schnitt (140°,240°)",0,140,240,8,8,8,0.35,0.1,0.65,10,egg THOLD=0.65,Kelvin-Voigt,1.5e+06,0.02,39.4968,,,,9.81,Kontaktast,0.5,0.7,0.455,K,Kontaktast,1,0,0,7.25316,,685.946,685.946,80,eingeschwungen
"Schnitt (140°,240°)",0,140,240,8,8,8,0.35,0.1,0.65,10,egg THOLD=0.65,Kelvin-Voigt,1.5e+06,0.02,39.4968,,,,9.81,Kontaktast,0.5,0.8,0.52,K,Kontaktast,1,0,0,7.25316,,758.384,758.384,80,eingeschwungen
"Schnitt (140°,240°)",0,140,240,8,8,8,0.35,0.1,0.65,10,egg THOLD=0.65,Kelvin-Voigt,1.5e+06,0.02,39.4968,,,,9.81,Kontaktast,0.5,0.9,0.585,K,Kontaktast,1,0,0,7.25316,,870.205,870.205,80,eingeschwungen
"Schnitt (140°,240°)",0,140,240,8,8,8,0.35,0.1,0.65,10,egg THOLD=0.65,Kelvin-Voigt,1.5e+06,0.02,39.4968,,,,9.81,Kontaktast,0.5,1,0.65,K,Kontaktast,1,0,0,7.25316,,983.222,983.222,80,eingeschwungen
"Schnitt (140°,240°)",0,140,240,8,8,8,0.35,0.1,0.65,10,egg THOLD=0.65,Kelvin-Voigt,1.5e+06,0.02,39.4968,,,,9.81,Kontaktast,0.625,-1,-0.65,K,Kontaktast,1,0,0,7.25316,,963.852,932.604,80,eingeschwungen
"Schnitt (140°,240°)",0,140,240,8,8,8,0.35,0.1,0.65,10,egg THOLD=0.65,Kelvin-Voigt,1.5e+06,0.02,39.4968,,,,9.81,Kontaktast,0.625,-0.9,-0.585,K,Kontaktast,1,0,0,7.25316,,868.049,826.715,80,eingeschwungen
"Schnitt (140°,240°)",0,140,240,8,8,8,0.35,0.1,0.65,10,egg THOLD=0.65,Kelvin-Voigt,1.5e+06,0.02,39.4968,,,,9.81,Kontaktast,0.625,-0.8,-0.52,K,Kontaktast,1,0,0,7.25316,,772.247,724.17,80,eingeschwungen
"Schnitt (140°,240°)",0,140,240,8,8,8,0.35,0.1,0.65,10,egg THOLD=0.65,Kelvin-Voigt,1.5e+06,0.02,39.4968,,,,9.81,Kontaktast,0.625,-0.7,-0.455,K,Kontaktast,1,0,0,7.25316,,676.444,640.341,80,eingeschwungen
"Schnitt (140°,240°)",0,140,240,8,8,8,0.35,0.1,0.65,10,egg THOLD=0.65,Kelvin-Voigt,1.5e+06,0.02,39.4968,,,,9.81,Kontaktast,0.625,-0.6,-0.39,K,Kontaktast,1,0,0,7.25316,,580.642,563.5,80,eingeschwungen
"Schnitt (140°,240°)",0,140,240,8,8,8,0.35,0.1,0.65,10,egg THOLD=0.65,Kelvin-Voigt,1.5e+06,0.02,39.4968,,,,9.81,Kontaktast,0.625,-0.5,-0.325,K,Kontaktast,1,0,0,7.25316,,484.839,480.428,80,eingeschwungen
"Schnitt (140°,240°)",0,140,240,8,8,8,0.35,0.1,0.65,10,egg THOLD=0.65,Kelvin-Voigt,1.5e+06,0.02,39.4968,,,,9.81,Kontaktast,0.625,-0.4,-0.26,K,Kontaktast,1,0,0,7.25316,,389.036,383.071,80,eingeschwungen
"Schnitt (140°,240°)",0,140,240,8,8,8,0.35,0.1,0.65,10,egg THOLD=0.65,Kelvin-Voigt,1.5e+06,0.02,39.4968,,,,9.81,Kontaktast,0.625,-0.3,-0.195,K,Kontaktast,1,0,0,7.25316,,293.234,280.808,80,eingeschwungen
"Schnitt (140°,240°)",0,140,240,8,8,8,0.35,0.1,0.65,10,egg THOLD=0.65,Kelvin-Voigt,1.5e+06,0.02,39.4968,,,,9.81,Kontaktast,0.625,-0.2,-0.13,K,Kontaktast,1,0,0,7.25316,,197.431,175.4,80,eingeschwungen
"Schnitt (140°,240°)",0,140,240,8,8,8,0.35,0.1,0.65,10,egg THOLD=0.65,Kelvin-Voigt,1.5e+06,0.02,39.4968,,,,9.81,Kontaktast,0.625,-0.1,-0.065,K,Kontaktast,1,0,0,7.25316,,103.585,103.585,80,eingeschwungen
"Schnitt (140°,240°)",0,140,240,8,8,8,0.35,0.1,0.65,10,egg THOLD=0.65,Kelvin-Voigt,1.5e+06,0.02,39.4968,,,,9.81,Kontaktast,0.625,0,0,K,Kontaktast,1,0,0,7.25316,,7.25316,,80,eingeschwungen
"Schnitt (140°,240°)",0,140,240,8,8,8,0.35,0.1,0.65,10,egg THOLD=0.65,Kelvin-Voigt,1.5e+06,0.02,39.4968,,,,9.81,Kontaktast,0.625,0.1,0.065,K,Kontaktast,1,0,0,7.25316,,109.915,109.915,80,eingeschwungen
"Schnitt (140°,240°)",0,140,240,8,8,8,0.35,0.1,0.65,10,egg THOLD=0.65,Kelvin-Voigt,1.5e+06,0.02,39.4968,,,,9.81,Kontaktast,0.625,0.2,0.13,K,Kontaktast,1,0,0,7.25316,,187.34,187.34,80,eingeschwungen
"Schnitt (140°,240°)",0,140,240,8,8,8,0.35,0.1,0.65,10,egg THOLD=0.65,Kelvin-Voigt,1.5e+06,0.02,39.4968,,,,9.81,Kontaktast,0.625,0.3,0.195,K,Kontaktast,1,0,0,7.25316,,301.211,301.211,80,eingeschwungen
"Schnitt (140°,240°)",0,140,240,8,8,8,0.35,0.1,0.65,10,egg THOLD=0.65,Kelvin-Voigt,1.5e+06,0.02,39.4968,,,,9.81,Kontaktast,0.625,0.4,0.26,K,Kontaktast,1,0,0,7.25316,,410.687,410.687,80,eingeschwungen
"Schnitt (140°,240°)",0,140,240,8,8,8,0.35,0.1,0.65,10,egg THOLD=0.65,Kelvin-Voigt,1.5e+06,0.02,39.4968,,,,9.81,Kontaktast,0.625,0.5,0.325,K,Kontaktast,1,0,0,7.25316,,504.857,504.857,80,eingeschwungen
"Schnitt (140°,240°)",0,140,240,8,8,8,0.35,0.1,0.65,10,egg THOLD=0.65,Kelvin-Voigt,1.5e+06,0.02,39.4968,,,,9.81,Kontaktast,0.625,0.6,0.39,K,Kontaktast,1,0,0,7.25316,,601.153,601.153,80,eingeschwungen
"Schnitt (140°,240°)",0,140,240,8,8,8,0.35,0.1,0.65,10,egg THOLD=0.65,Kelvin-Voigt,1.5e+06,0.02,39.4968,,,,9.81,Kontaktast,0.625,0.7,0.455,K,Kontaktast,1,0,0,7.25316,,671.152,671.152,80,eingeschwungen
"Schnitt (140°,240°)",0,140,240,8,8,8,0.35,0.1,0.65,10,egg THOLD=0.65,Kelvin-Voigt,1.5e+06,0.02,39.4968,,,,9.81,Kontaktast,0.625,0.8,0.52,K,Kontaktast,1,0,0,7.25316,,779.944,779.944,80,eingeschwungen
"Schnitt (140°,240°)",0,140,240,8,8,8,0.35,0.1,0.65,10,egg THOLD=0.65,Kelvin-Voigt,1.5e+06,0.02,39.4968,,,,9.81,Kontaktast,0.625,0.9,0.585,K,Kontaktast,1,0,0,7.25316,,889.629,889.629,80,eingeschwungen
"Schnitt (140°,240°)",0,140,240,8,8,8,0.35,0.1,0.65,10,egg THOLD=0.65,Kelvin-Voigt,1.5e+06,0.02,39.4968,,,,9.81,Kontaktast,0.625,1,0.65,K,Kontaktast,1,0,0,7.25316,,982.545,982.545,80,eingeschwungen
"Schnitt (140°,240°)",0,140,240,8,8,8,0.35,0.1,0.65,10,egg THOLD=0.65,Kelvin-Voigt,1.5e+06,0.02,39.4968,,,,9.81,Kontaktast,0.75,-1,-0.65,K,Kontaktast,1,0,0,7.25316,,964.58,917.11,80,eingeschwungen
"Schnitt (140°,240°)",0,140,240,8,8,8,0.35,0.1,0.65,10,egg THOLD=0.65,Kelvin-Voigt,1.5e+06,0.02,39.4968,,,,9.81,Kontaktast,0.75,-0.9,-0.585,K,Kontaktast,1,0,0,7.25316,,868.778,832.736,80,eingeschwungen
"Schnitt (140°,240°)",0,140,240,8,8,8,0.35,0.1,0.65,10,egg THOLD=0.65,Kelvin-Voigt,1.5e+06,0.02,39.4968,,,,9.81,Kontaktast,0.75,-0.8,-0.52,K,Kontaktast,1,0,0,7.25316,,772.975,728.278,80,eingeschwungen
"Schnitt (140°,240°)",0,140,240,8,8,8,0.35,0.1,0.65,10,egg THOLD=0.65,Kelvin-Voigt,1.5e+06,0.02,39.4968,,,,9.81,Kontaktast,0.75,-0.7,-0.455,K,Kontaktast,1,0,0,7.25316,,677.173,622.521,80,eingeschwungen
"Schnitt (140°,240°)",0,140,240,8,8,8,0.35,0.1,0.65,10,egg THOLD=0.65,Kelvin-Voigt,1.5e+06,0.02,39.4968,,,,9.81,Kontaktast,0.75,-0.6,-0.39,K,Kontaktast,1,0,0,7.25316,,581.37,557.358,80,eingeschwungen
"Schnitt (140°,240°)",0,140,240,8,8,8,0.35,0.1,0.65,10,egg THOLD=0.65,Kelvin-Voigt,1.5e+06,0.02,39.4968,,,,9.81,Kontaktast,0.75,-0.5,-0.325,K,Kontaktast,1,0,0,7.25316,,485.568,465.913,80,eingeschwungen
"Schnitt (140°,240°)",0,140,240,8,8,8,0.35,0.1,0.65,10,egg THOLD=0.65,Kelvin-Voigt,1.5e+06,0.02,39.4968,,,,9.81,Kontaktast,0.75,-0.4,-0.26,K,Kontaktast,1,0,0,7.25316,,389.765,388.992,80,eingeschwungen
"Schnitt (140°,240°)",0,140,240,8,8,8,0.35,0.1,0.65,10,egg THOLD=0.65,Kelvin-Voigt,1.5e+06,0.02,39.4968,,,,9.81,Kontaktast,0.75,-0.3,-0.195,K,Kontaktast,1,0,0,7.25316,,293.963,285.176,80,eingeschwungen
"Schnitt (140°,240°)",0,140,240,8,8,8,0.35,0.1,0.65,10,egg THOLD=0.65,Kelvin-Voigt,1.5e+06,0.02,39.4968,,,,9.81,Kontaktast,0.75,-0.2,-0.13,K,Kontaktast,1,0,0,7.25316,,198.16,177.089,80,eingeschwungen
"Schnitt (140°,240°)",0,140,240,8,8,8,0.35,0.1,0.65,10,egg THOLD=0.65,Kelvin-Voigt,1.5e+06,0.02,39.4968,,,,9.81,Kontaktast,0.75,-0.1,-0.065,K,Kontaktast,1,0,0,7.25316,,102.357,96.972,80,eingeschwungen
"Schnitt (140°,240°)",0,140,240,8,8,8,0.35,0.1,0.65,10,egg THOLD=0.65,Kelvin-Voigt,1.5e+06,0.02,39.4968,,,,9.81,Kontaktast,0.75,0,0,K,Kontaktast,1,0,0,7.25316,,7.25316,,80,eingeschwungen
"Schnitt (140°,240°)",0,140,240,8,8,8,0.35,0.1,0.65,10,egg THOLD=0.65,Kelvin-Voigt,1.5e+06,0.02,39.4968,,,,9.81,Kontaktast,0.75,0.1,0.065,K,Kontaktast,1,0,0,7.25316,,104.238,104.238,80,eingeschwungen
"Schnitt (140°,240°)",0,140,240,8,8,8,0.35,0.1,0.65,10,egg THOLD=0.65,Kelvin-Voigt,1.5e+06,0.02,39.4968,,,,9.81,Kontaktast,0.75,0.2,0.13,K,Kontaktast,1,0,0,7.25316,,187.97,187.97,80,eingeschwungen
"Schnitt (140°,240°)",0,140,240,8,8,8,0.35,0.1,0.65,10,egg THOLD=0.65,Kelvin-Voigt,1.5e+06,0.02,39.4968,,,,9.81,Kontaktast,0.75,0.3,0.195,K,Kontaktast,1,0,0,7.25316,,302.008,302.008,80,eingeschwungen
"Schnitt (140°,240°)",0,140,240,8,8,8,0.35,0.1,0.65,10,egg THOLD=0.65,Kelvin-Voigt,1.5e+06,0.02,39.4968,,,,9.81,Kontaktast,0.75,0.4,0.26,K,Kontaktast,1,0,0,7.25316,,411.5,411.5,80,eingeschwungen
"Schnitt (140°,240°)",0,140,240,8,8,8,0.35,0.1,0.65,10,egg THOLD=0.65,Kelvin-Voigt,1.5e+06,0.02,39.4968,,,,9.81,Kontaktast,0.75,0.5,0.325,K,Kontaktast,1,0,0,7.25316,,494.979,494.979,80,eingeschwungen
"Schnitt (140°,240°)",0,140,240,8,8,8,0.35,0.1,0.65,10,egg THOLD=0.65,Kelvin-Voigt,1.5e+06,0.02,39.4968,,,,9.81,Kontaktast,0.75,0.6,0.39,K,Kontaktast,1,0,0,7.25316,,584.435,584.435,80,eingeschwungen
"Schnitt (140°,240°)",0,140,240,8,8,8,0.35,0.1,0.65,10,egg THOLD=0.65,Kelvin-Voigt,1.5e+06,0.02,39.4968,,,,9.81,Kontaktast,0.75,0.7,0.455,K,Kontaktast,1,0,0,7.25316,,667.019,667.019,80,eingeschwungen
"Schnitt (140°,240°)",0,140,240,8,8,8,0.35,0.1,0.65,10,egg THOLD=0.65,Kelvin-Voigt,1.5e+06,0.02,39.4968,,,,9.81,Kontaktast,0.75,0.8,0.52,K,Kontaktast,1,0,0,7.25316,,776.819,776.819,80,eingeschwungen
"Schnitt (140°,240°)",0,140,240,8,8,8,0.35,0.1,0.65,10,egg THOLD=0.65,Kelvin-Voigt,1.5e+06,0.02,39.4968,,,,9.81,Kontaktast,0.75,0.9,0.585,K,Kontaktast,1,0,0,7.25316,,888.256,888.256,80,eingeschwungen
"Schnitt (140°,240°)",0,140,240,8,8,8,0.35,0.1,0.65,10,egg THOLD=0.65,Kelvin-Voigt,1.5e+06,0.02,39.4968,,,,9.81,Kontaktast,0.75,1,0.65,K,Kontaktast,1,0,0,7.25316,,975.018,975.018,80,eingeschwungen
"Schnitt (140°,240°)",0,140,240,8,8,8,0.35,0.1,0.65,10,egg THOLD=0.65,Kelvin-Voigt,1.5e+06,0.02,39.4968,,,,9.81,Kontaktast,0.875,-1,-0.65,K,Kontaktast,1,0,0,7.25316,,964.471,925.512,80,eingeschwungen
"Schnitt (140°,240°)",0,140,240,8,8,8,0.35,0.1,0.65,10,egg THOLD=0.65,Kelvin-Voigt,1.5e+06,0.02,39.4968,,,,9.81,Kontaktast,0.875,-0.9,-0.585,K,Kontaktast,1,0,0,7.25316,,868.669,839.246,80,eingeschwungen
"Schnitt (140°,240°)",0,140,240,8,8,8,0.35,0.1,0.65,10,egg THOLD=0.65,Kelvin-Voigt,1.5e+06,0.02,39.4968,,,,9.81,Kontaktast,0.875,-0.8,-0.52,K,Kontaktast,1,0,0,7.25316,,772.866,743.186,80,eingeschwungen
"Schnitt (140°,240°)",0,140,240,8,8,8,0.35,0.1,0.65,10,egg THOLD=0.65,Kelvin-Voigt,1.5e+06,0.02,39.4968,,,,9.81,Kontaktast,0.875,-0.7,-0.455,K,Kontaktast,1,0,0,7.25316,,677.064,641.844,80,eingeschwungen
"Schnitt (140°,240°)",0,140,240,8,8,8,0.35,0.1,0.65,10,egg THOLD=0.65,Kelvin-Voigt,1.5e+06,0.02,39.4968,,,,9.81,Kontaktast,0.875,-0.6,-0.39,K,Kontaktast,1,0,0,7.25316,,581.261,541.239,80,eingeschwungen
"Schnitt (140°,240°)",0,140,240,8,8,8,0.35,0.1,0.65,10,egg THOLD=0.65,Kelvin-Voigt,1.5e+06,0.02,39.4968,,,,9.81,Kontaktast,0.875,-0.5,-0.325,K,Kontaktast,1,0,0,7.25316,,485.458,476.545,80,eingeschwungen
"Schnitt (140°,240°)",0,140,240,8,8,8,0.35,0.1,0.65,10,egg THOLD=0.65,Kelvin-Voigt,1.5e+06,0.02,39.4968,,,,9.81,Kontaktast,0.875,-0.4,-0.26,K,Kontaktast,1,0,0,7.25316,,389.656,385.832,80,eingeschwungen
"Schnitt (140°,240°)",0,140,240,8,8,8,0.35,0.1,0.65,10,egg THOLD=0.65,Kelvin-Voigt,1.5e+06,0.02,39.4968,,,,9.81,Kontaktast,0.875,-0.3,-0.195,K,Kontaktast,1,0,0,7.25316,,305.729,305.729,80,eingeschwungen
"Schnitt (140°,240°)",0,140,240,8,8,8,0.35,0.1,0.65,10,egg THOLD=0.65,Kelvin-Voigt,1.5e+06,0.02,39.4968,,,,9.81,Kontaktast,0.875,-0.2,-0.13,K,Kontaktast,1,0,0,7.25316,,205.651,205.651,80,eingeschwungen
"Schnitt (140°,240°)",0,140,240,8,8,8,0.35,0.1,0.65,10,egg THOLD=0.65,Kelvin-Voigt,1.5e+06,0.02,39.4968,,,,9.81,Kontaktast,0.875,-0.1,-0.065,K,Kontaktast,1,0,0,7.25316,,102.248,93.6025,80,eingeschwungen
"Schnitt (140°,240°)",0,140,240,8,8,8,0.35,0.1,0.65,10,egg THOLD=0.65,Kelvin-Voigt,1.5e+06,0.02,39.4968,,,,9.81,Kontaktast,0.875,0,0,K,Kontaktast,1,0,0,7.25316,,7.25316,,80,eingeschwungen
"Schnitt (140°,240°)",0,140,240,8,8,8,0.35,0.1,0.65,10,egg THOLD=0.65,Kelvin-Voigt,1.5e+06,0.02,39.4968,,,,9.81,Kontaktast,0.875,0.1,0.065,K,Kontaktast,1,0,0,7.25316,,95.6173,95.6173,80,eingeschwungen
"Schnitt (140°,240°)",0,140,240,8,8,8,0.35,0.1,0.65,10,egg THOLD=0.65,Kelvin-Voigt,1.5e+06,0.02,39.4968,,,,9.81,Kontaktast,0.875,0.2,0.13,K,Kontaktast,1,0,0,7.25316,,215.514,215.514,80,eingeschwungen
"Schnitt (140°,240°)",0,140,240,8,8,8,0.35,0.1,0.65,10,egg THOLD=0.65,Kelvin-Voigt,1.5e+06,0.02,39.4968,,,,9.81,Kontaktast,0.875,0.3,0.195,K,Kontaktast,1,0,0,7.25316,,322.98,322.98,80,eingeschwungen
"Schnitt (140°,240°)",0,140,240,8,8,8,0.35,0.1,0.65,10,egg THOLD=0.65,Kelvin-Voigt,1.5e+06,0.02,39.4968,,,,9.81,Kontaktast,0.875,0.4,0.26,K,Kontaktast,1,0,0,7.25316,,406.438,406.438,80,eingeschwungen
"Schnitt (140°,240°)",0,140,240,8,8,8,0.35,0.1,0.65,10,egg THOLD=0.65,Kelvin-Voigt,1.5e+06,0.02,39.4968,,,,9.81,Kontaktast,0.875,0.5,0.325,K,Kontaktast,1,0,0,7.25316,,503.559,503.559,80,eingeschwungen
"Schnitt (140°,240°)",0,140,240,8,8,8,0.35,0.1,0.65,10,egg THOLD=0.65,Kelvin-Voigt,1.5e+06,0.02,39.4968,,,,9.81,Kontaktast,0.875,0.6,0.39,K,Kontaktast,1,0,0,7.25316,,573.355,573.355,80,eingeschwungen
"Schnitt (140°,240°)",0,140,240,8,8,8,0.35,0.1,0.65,10,egg THOLD=0.65,Kelvin-Voigt,1.5e+06,0.02,39.4968,,,,9.81,Kontaktast,0.875,0.7,0.455,H1,Hüpfen,1,3,93.7131,165.03,165.03,685.341,685.341,80,eingeschwungen
"Schnitt (140°,240°)",0,140,240,8,8,8,0.35,0.1,0.65,10,egg THOLD=0.65,Kelvin-Voigt,1.5e+06,0.02,39.4968,,,,9.81,Kontaktast,0.875,0.8,0.52,K,Kontaktast,1,0,0,7.25316,,797.115,797.115,80,eingeschwungen
"Schnitt (140°,240°)",0,140,240,8,8,8,0.35,0.1,0.65,10,egg THOLD=0.65,Kelvin-Voigt,1.5e+06,0.02,39.4968,,,,9.81,Kontaktast,0.875,0.9,0.585,K,Kontaktast,1,0,0,7.25316,,883.754,883.754,80,eingeschwungen
"Schnitt (140°,240°)",0,140,240,8,8,8,0.35,0.1,0.65,10,egg THOLD=0.65,Kelvin-Voigt,1.5e+06,0.02,39.4968,,,,9.81,Kontaktast,0.875,1,0.65,K,Kontaktast,1,0,0,7.25316,,981.469,981.469,80,eingeschwungen
"Pilot (110°,252°)",0,110,252,8,8,8,0.35,0.1,0.65,10,egg THOLD=0.65,Kelvin-Voigt,1.5e+06,0.02,39.4968,,,,9.81,Kontaktast,0,-1,-0.65,K,Kontaktast,1,0,0,7.29288,,964.056,922.618,80,eingeschwungen
"Pilot (110°,252°)",0,110,252,8,8,8,0.35,0.1,0.65,10,egg THOLD=0.65,Kelvin-Voigt,1.5e+06,0.02,39.4968,,,,9.81,Kontaktast,0,-0.9,-0.585,K,Kontaktast,1,0,0,7.29288,,868.254,818.111,80,eingeschwungen
"Pilot (110°,252°)",0,110,252,8,8,8,0.35,0.1,0.65,10,egg THOLD=0.65,Kelvin-Voigt,1.5e+06,0.02,39.4968,,,,9.81,Kontaktast,0,-0.8,-0.52,K,Kontaktast,1,0,0,7.29288,,772.451,723.472,80,eingeschwungen
"Pilot (110°,252°)",0,110,252,8,8,8,0.35,0.1,0.65,10,egg THOLD=0.65,Kelvin-Voigt,1.5e+06,0.02,39.4968,,,,9.81,Kontaktast,0,-0.7,-0.455,K,Kontaktast,1,0,0,7.29288,,676.649,627.992,80,eingeschwungen
"Pilot (110°,252°)",0,110,252,8,8,8,0.35,0.1,0.65,10,egg THOLD=0.65,Kelvin-Voigt,1.5e+06,0.02,39.4968,,,,9.81,Kontaktast,0,-0.6,-0.39,K,Kontaktast,1,0,0,7.29288,,580.846,564.659,80,eingeschwungen
"Pilot (110°,252°)",0,110,252,8,8,8,0.35,0.1,0.65,10,egg THOLD=0.65,Kelvin-Voigt,1.5e+06,0.02,39.4968,,,,9.81,Kontaktast,0,-0.5,-0.325,K,Kontaktast,1,0,0,7.29288,,485.044,470.449,80,eingeschwungen
"Pilot (110°,252°)",0,110,252,8,8,8,0.35,0.1,0.65,10,egg THOLD=0.65,Kelvin-Voigt,1.5e+06,0.02,39.4968,,,,9.81,Kontaktast,0,-0.4,-0.26,K,Kontaktast,1,0,0,7.29288,,389.241,374.948,80,eingeschwungen
"Pilot (110°,252°)",0,110,252,8,8,8,0.35,0.1,0.65,10,egg THOLD=0.65,Kelvin-Voigt,1.5e+06,0.02,39.4968,,,,9.81,Kontaktast,0,-0.3,-0.195,K,Kontaktast,1,0,0,7.29288,,293.439,275.691,80,eingeschwungen
"Pilot (110°,252°)",0,110,252,8,8,8,0.35,0.1,0.65,10,egg THOLD=0.65,Kelvin-Voigt,1.5e+06,0.02,39.4968,,,,9.81,Kontaktast,0,-0.2,-0.13,K,Kontaktast,1,0,0,7.29288,,197.636,164.962,80,eingeschwungen
"Pilot (110°,252°)",0,110,252,8,8,8,0.35,0.1,0.65,10,egg THOLD=0.65,Kelvin-Voigt,1.5e+06,0.02,39.4968,,,,9.81,Kontaktast,0,-0.1,-0.065,K,Kontaktast,1,0,0,7.29288,,101.833,96.1162,80,eingeschwungen
"Pilot (110°,252°)",0,110,252,8,8,8,0.35,0.1,0.65,10,egg THOLD=0.65,Kelvin-Voigt,1.5e+06,0.02,39.4968,,,,9.81,Kontaktast,0,0,0,K,Kontaktast,1,0,0,7.29288,,7.29288,,80,eingeschwungen
"Pilot (110°,252°)",0,110,252,8,8,8,0.35,0.1,0.65,10,egg THOLD=0.65,Kelvin-Voigt,1.5e+06,0.02,39.4968,,,,9.81,Kontaktast,0,0.1,0.065,K,Kontaktast,1,0,0,7.29288,,103.895,103.895,80,eingeschwungen
"Pilot (110°,252°)",0,110,252,8,8,8,0.35,0.1,0.65,10,egg THOLD=0.65,Kelvin-Voigt,1.5e+06,0.02,39.4968,,,,9.81,Kontaktast,0,0.2,0.13,K,Kontaktast,1,0,0,7.29288,,177.687,177.687,80,eingeschwungen
"Pilot (110°,252°)",0,110,252,8,8,8,0.35,0.1,0.65,10,egg THOLD=0.65,Kelvin-Voigt,1.5e+06,0.02,39.4968,,,,9.81,Kontaktast,0,0.3,0.195,K,Kontaktast,1,0,0,7.29288,,294.117,294.117,80,eingeschwungen
"Pilot (110°,252°)",0,110,252,8,8,8,0.35,0.1,0.65,10,egg THOLD=0.65,Kelvin-Voigt,1.5e+06,0.02,39.4968,,,,9.81,Kontaktast,0,0.4,0.26,K,Kontaktast,1,0,0,7.29288,,402.276,402.276,80,eingeschwungen
"Pilot (110°,252°)",0,110,252,8,8,8,0.35,0.1,0.65,10,egg THOLD=0.65,Kelvin-Voigt,1.5e+06,0.02,39.4968,,,,9.81,Kontaktast,0,0.5,0.325,K,Kontaktast,1,0,0,7.29288,,498.869,498.869,80,eingeschwungen
"Pilot (110°,252°)",0,110,252,8,8,8,0.35,0.1,0.65,10,egg THOLD=0.65,Kelvin-Voigt,1.5e+06,0.02,39.4968,,,,9.81,Kontaktast,0,0.6,0.39,K,Kontaktast,1,0,0,7.29288,,597.813,597.813,80,eingeschwungen
"Pilot (110°,252°)",0,110,252,8,8,8,0.35,0.1,0.65,10,egg THOLD=0.65,Kelvin-Voigt,1.5e+06,0.02,39.4968,,,,9.81,Kontaktast,0,0.7,0.455,K,Kontaktast,1,0,0,7.29288,,665.41,665.41,80,eingeschwungen
"Pilot (110°,252°)",0,110,252,8,8,8,0.35,0.1,0.65,10,egg THOLD=0.65,Kelvin-Voigt,1.5e+06,0.02,39.4968,,,,9.81,Kontaktast,0,0.8,0.52,K,Kontaktast,1,0,0,7.29288,,772.872,772.872,80,eingeschwungen
"Pilot (110°,252°)",0,110,252,8,8,8,0.35,0.1,0.65,10,egg THOLD=0.65,Kelvin-Voigt,1.5e+06,0.02,39.4968,,,,9.81,Kontaktast,0,0.9,0.585,K,Kontaktast,1,0,0,7.29288,,881.686,881.686,80,eingeschwungen
"Pilot (110°,252°)",0,110,252,8,8,8,0.35,0.1,0.65,10,egg THOLD=0.65,Kelvin-Voigt,1.5e+06,0.02,39.4968,,,,9.81,Kontaktast,0,1,0.65,K,Kontaktast,1,0,0,7.29288,,978.573,978.573,80,eingeschwungen
"Pilot (110°,252°)",0,110,252,8,8,8,0.35,0.1,0.65,10,egg THOLD=0.65,Kelvin-Voigt,1.5e+06,0.02,39.4968,,,,9.81,Kontaktast,0.125,-1,-0.65,K,Kontaktast,1,0,0,7.29288,,964.791,929.015,80,eingeschwungen
"Pilot (110°,252°)",0,110,252,8,8,8,0.35,0.1,0.65,10,egg THOLD=0.65,Kelvin-Voigt,1.5e+06,0.02,39.4968,,,,9.81,Kontaktast,0.125,-0.9,-0.585,K,Kontaktast,1,0,0,7.29288,,868.988,840.252,80,eingeschwungen
"Pilot (110°,252°)",0,110,252,8,8,8,0.35,0.1,0.65,10,egg THOLD=0.65,Kelvin-Voigt,1.5e+06,0.02,39.4968,,,,9.81,Kontaktast,0.125,-0.8,-0.52,K,Kontaktast,1,0,0,7.29288,,773.186,732.72,80,eingeschwungen
"Pilot (110°,252°)",0,110,252,8,8,8,0.35,0.1,0.65,10,egg THOLD=0.65,Kelvin-Voigt,1.5e+06,0.02,39.4968,,,,9.81,Kontaktast,0.125,-0.7,-0.455,K,Kontaktast,1,0,0,7.29288,,677.383,636.515,80,eingeschwungen
"Pilot (110°,252°)",0,110,252,8,8,8,0.35,0.1,0.65,10,egg THOLD=0.65,Kelvin-Voigt,1.5e+06,0.02,39.4968,,,,9.81,Kontaktast,0.125,-0.6,-0.39,K,Kontaktast,1,0,0,7.29288,,581.58,555.553,80,eingeschwungen
"Pilot (110°,252°)",0,110,252,8,8,8,0.35,0.1,0.65,10,egg THOLD=0.65,Kelvin-Voigt,1.5e+06,0.02,39.4968,,,,9.81,Kontaktast,0.125,-0.5,-0.325,K,Kontaktast,1,0,0,7.29288,,485.778,481.519,80,eingeschwungen
"Pilot (110°,252°)",0,110,252,8,8,8,0.35,0.1,0.65,10,egg THOLD=0.65,Kelvin-Voigt,1.5e+06,0.02,39.4968,,,,9.81,Kontaktast,0.125,-0.4,-0.26,K,Kontaktast,1,0,0,7.29288,,392.673,392.673,80,eingeschwungen
"Pilot (110°,252°)",0,110,252,8,8,8,0.35,0.1,0.65,10,egg THOLD=0.65,Kelvin-Voigt,1.5e+06,0.02,39.4968,,,,9.81,Kontaktast,0.125,-0.3,-0.195,K,Kontaktast,1,0,0,7.29288,,294.173,289.798,80,eingeschwungen
"Pilot (110°,252°)",0,110,252,8,8,8,0.35,0.1,0.65,10,egg THOLD=0.65,Kelvin-Voigt,1.5e+06,0.02,39.4968,,,,9.81,Kontaktast,0.125,-0.2,-0.13,K,Kontaktast,1,0,0,7.29288,,198.37,192.977,80,eingeschwungen
"Pilot (110°,252°)",0,110,252,8,8,8,0.35,0.1,0.65,10,egg THOLD=0.65,Kelvin-Voigt,1.5e+06,0.02,39.4968,,,,9.81,Kontaktast,0.125,-0.1,-0.065,K,Kontaktast,1,0,0,7.29288,,102.568,87.5397,80,eingeschwungen
"Pilot (110°,252°)",0,110,252,8,8,8,0.35,0.1,0.65,10,egg THOLD=0.65,Kelvin-Voigt,1.5e+06,0.02,39.4968,,,,9.81,Kontaktast,0.125,0,0,K,Kontaktast,1,0,0,7.29288,,7.29288,,80,eingeschwungen
"Pilot (110°,252°)",0,110,252,8,8,8,0.35,0.1,0.65,10,egg THOLD=0.65,Kelvin-Voigt,1.5e+06,0.02,39.4968,,,,9.81,Kontaktast,0.125,0.1,0.065,K,Kontaktast,1,0,0,7.29288,,94.5276,94.5276,80,eingeschwungen
"Pilot (110°,252°)",0,110,252,8,8,8,0.35,0.1,0.65,10,egg THOLD=0.65,Kelvin-Voigt,1.5e+06,0.02,39.4968,,,,9.81,Kontaktast,0.125,0.2,0.13,K,Kontaktast,1,0,0,7.29288,,202.056,202.056,80,eingeschwungen
"Pilot (110°,252°)",0,110,252,8,8,8,0.35,0.1,0.65,10,egg THOLD=0.65,Kelvin-Voigt,1.5e+06,0.02,39.4968,,,,9.81,Kontaktast,0.125,0.3,0.195,K,Kontaktast,1,0,0,7.29288,,306.259,306.259,80,eingeschwungen
"Pilot (110°,252°)",0,110,252,8,8,8,0.35,0.1,0.65,10,egg THOLD=0.65,Kelvin-Voigt,1.5e+06,0.02,39.4968,,,,9.81,Kontaktast,0.125,0.4,0.26,K,Kontaktast,1,0,0,7.29288,,412.326,412.326,80,eingeschwungen
"Pilot (110°,252°)",0,110,252,8,8,8,0.35,0.1,0.65,10,egg THOLD=0.65,Kelvin-Voigt,1.5e+06,0.02,39.4968,,,,9.81,Kontaktast,0.125,0.5,0.325,K,Kontaktast,1,0,0,7.29288,,509.919,509.919,80,eingeschwungen
"Pilot (110°,252°)",0,110,252,8,8,8,0.35,0.1,0.65,10,egg THOLD=0.65,Kelvin-Voigt,1.5e+06,0.02,39.4968,,,,9.81,Kontaktast,0.125,0.6,0.39,K,Kontaktast,1,0,0,7.29288,,578.966,578.966,80,eingeschwungen
"Pilot (110°,252°)",0,110,252,8,8,8,0.35,0.1,0.65,10,egg THOLD=0.65,Kelvin-Voigt,1.5e+06,0.02,39.4968,,,,9.81,Kontaktast,0.125,0.7,0.455,K,Kontaktast,1,0,0,7.29288,,680.935,680.935,80,eingeschwungen
"Pilot (110°,252°)",0,110,252,8,8,8,0.35,0.1,0.65,10,egg THOLD=0.65,Kelvin-Voigt,1.5e+06,0.02,39.4968,,,,9.81,Kontaktast,0.125,0.8,0.52,K,Kontaktast,1,0,0,7.29288,,783.002,783.002,80,eingeschwungen
"Pilot (110°,252°)",0,110,252,8,8,8,0.35,0.1,0.65,10,egg THOLD=0.65,Kelvin-Voigt,1.5e+06,0.02,39.4968,,,,9.81,Kontaktast,0.125,0.9,0.585,K,Kontaktast,1,0,0,7.29288,,888.795,888.795,80,eingeschwungen
"Pilot (110°,252°)",0,110,252,8,8,8,0.35,0.1,0.65,10,egg THOLD=0.65,Kelvin-Voigt,1.5e+06,0.02,39.4968,,,,9.81,Kontaktast,0.125,1,0.65,K,Kontaktast,1,0,0,7.29288,,989.723,989.723,80,eingeschwungen
"Pilot (110°,252°)",0,110,252,8,8,8,0.35,0.1,0.65,10,egg THOLD=0.65,Kelvin-Voigt,1.5e+06,0.02,39.4968,,,,9.81,Kontaktast,0.25,-1,-0.65,K,Kontaktast,1,0,0,7.29288,,963.58,932.477,80,eingeschwungen
"Pilot (110°,252°)",0,110,252,8,8,8,0.35,0.1,0.65,10,egg THOLD=0.65,Kelvin-Voigt,1.5e+06,0.02,39.4968,,,,9.81,Kontaktast,0.25,-0.9,-0.585,K,Kontaktast,1,0,0,7.29288,,867.777,836.765,80,eingeschwungen
"Pilot (110°,252°)",0,110,252,8,8,8,0.35,0.1,0.65,10,egg THOLD=0.65,Kelvin-Voigt,1.5e+06,0.02,39.4968,,,,9.81,Kontaktast,0.25,-0.8,-0.52,K,Kontaktast,1,0,0,7.29288,,771.975,744.401,80,eingeschwungen
"Pilot (110°,252°)",0,110,252,8,8,8,0.35,0.1,0.65,10,egg THOLD=0.65,Kelvin-Voigt,1.5e+06,0.02,39.4968,,,,9.81,Kontaktast,0.25,-0.7,-0.455,K,Kontaktast,1,0,0,7.29288,,676.172,644.235,80,eingeschwungen
"Pilot (110°,252°)",0,110,252,8,8,8,0.35,0.1,0.65,10,egg THOLD=0.65,Kelvin-Voigt,1.5e+06,0.02,39.4968,,,,9.81,Kontaktast,0.25,-0.6,-0.39,K,Kontaktast,1,0,0,7.29288,,580.37,542.472,80,eingeschwungen
"Pilot (110°,252°)",0,110,252,8,8,8,0.35,0.1,0.65,10,egg THOLD=0.65,Kelvin-Voigt,1.5e+06,0.02,39.4968,,,,9.81,Kontaktast,0.25,-0.5,-0.325,H2,Hüpfen,1,1,97.9412,481.002,481.002,485.303,485.303,160,eingeschwungen
"Pilot (110°,252°)",0,110,252,8,8,8,0.35,0.1,0.65,10,egg THOLD=0.65,Kelvin-Voigt,1.5e+06,0.02,39.4968,,,,9.81,Kontaktast,0.25,-0.4,-0.26,K,Kontaktast,1,0,0,7.29288,,390.922,390.922,80,eingeschwungen
"Pilot (110°,252°)",0,110,252,8,8,8,0.35,0.1,0.65,10,egg THOLD=0.65,Kelvin-Voigt,1.5e+06,0.02,39.4968,,,,9.81,Kontaktast,0.25,-0.3,-0.195,K,Kontaktast,1,0,0,7.29288,,307.317,307.317,80,eingeschwungen
"Pilot (110°,252°)",0,110,252,8,8,8,0.35,0.1,0.65,10,egg THOLD=0.65,Kelvin-Voigt,1.5e+06,0.02,39.4968,,,,9.81,Kontaktast,0.25,-0.2,-0.13,K,Kontaktast,1,0,0,7.29288,,204.56,204.56,80,eingeschwungen
"Pilot (110°,252°)",0,110,252,8,8,8,0.35,0.1,0.65,10,egg THOLD=0.65,Kelvin-Voigt,1.5e+06,0.02,39.4968,,,,9.81,Kontaktast,0.25,-0.1,-0.065,K,Kontaktast,1,0,0,7.29288,,108.21,108.21,80,eingeschwungen
"Pilot (110°,252°)",0,110,252,8,8,8,0.35,0.1,0.65,10,egg THOLD=0.65,Kelvin-Voigt,1.5e+06,0.02,39.4968,,,,9.81,Kontaktast,0.25,0,0,K,Kontaktast,1,0,0,7.29288,,7.29288,,80,eingeschwungen
"Pilot (110°,252°)",0,110,252,8,8,8,0.35,0.1,0.65,10,egg THOLD=0.65,Kelvin-Voigt,1.5e+06,0.02,39.4968,,,,9.81,Kontaktast,0.25,0.1,0.065,K,Kontaktast,1,0,0,7.29288,,112.388,112.388,80,eingeschwungen
"Pilot (110°,252°)",0,110,252,8,8,8,0.35,0.1,0.65,10,egg THOLD=0.65,Kelvin-Voigt,1.5e+06,0.02,39.4968,,,,9.81,Kontaktast,0.25,0.2,0.13,K,Kontaktast,1,0,0,7.29288,,216.731,216.731,80,eingeschwungen
"Pilot (110°,252°)",0,110,252,8,8,8,0.35,0.1,0.65,10,egg THOLD=0.65,Kelvin-Voigt,1.5e+06,0.02,39.4968,,,,9.81,Kontaktast,0.25,0.3,0.195,K,Kontaktast,1,0,0,7.29288,,326.527,326.527,80,eingeschwungen
"Pilot (110°,252°)",0,110,252,8,8,8,0.35,0.1,0.65,10,egg THOLD=0.65,Kelvin-Voigt,1.5e+06,0.02,39.4968,,,,9.81,Kontaktast,0.25,0.4,0.26,K,Kontaktast,1,0,0,7.29288,,417.037,417.037,80,eingeschwungen
"Pilot (110°,252°)",0,110,252,8,8,8,0.35,0.1,0.65,10,egg THOLD=0.65,Kelvin-Voigt,1.5e+06,0.02,39.4968,,,,9.81,Kontaktast,0.25,0.5,0.325,K,Kontaktast,1,0,0,7.29288,,502.187,502.187,80,eingeschwungen
"Pilot (110°,252°)",0,110,252,8,8,8,0.35,0.1,0.65,10,egg THOLD=0.65,Kelvin-Voigt,1.5e+06,0.02,39.4968,,,,9.81,Kontaktast,0.25,0.6,0.39,K,Kontaktast,1,0,0,7.29288,,582.955,582.955,80,eingeschwungen
"Pilot (110°,252°)",0,110,252,8,8,8,0.35,0.1,0.65,10,egg THOLD=0.65,Kelvin-Voigt,1.5e+06,0.02,39.4968,,,,9.81,Kontaktast,0.25,0.7,0.455,K,Kontaktast,1,0,0,7.29288,,685.73,685.73,80,eingeschwungen
"Pilot (110°,252°)",0,110,252,8,8,8,0.35,0.1,0.65,10,egg THOLD=0.65,Kelvin-Voigt,1.5e+06,0.02,39.4968,,,,9.81,Kontaktast,0.25,0.8,0.52,H2,Hüpfen,1,1,97.9412,481.001,481.001,799.168,799.168,240,eingeschwungen
"Pilot (110°,252°)",0,110,252,8,8,8,0.35,0.1,0.65,10,egg THOLD=0.65,Kelvin-Voigt,1.5e+06,0.02,39.4968,,,,9.81,Kontaktast,0.25,0.9,0.585,K,Kontaktast,1,0,0,7.29288,,894.483,894.483,80,eingeschwungen
"Pilot (110°,252°)",0,110,252,8,8,8,0.35,0.1,0.65,10,egg THOLD=0.65,Kelvin-Voigt,1.5e+06,0.02,39.4968,,,,9.81,Kontaktast,0.25,1,0.65,H1,Hüpfen,1,3,93.7134,162.826,162.826,977.301,977.301,160,eingeschwungen
"Pilot (110°,252°)",0,110,252,8,8,8,0.35,0.1,0.65,10,egg THOLD=0.65,Kelvin-Voigt,1.5e+06,0.02,39.4968,,,,9.81,Kontaktast,0.375,-1,-0.65,K,Kontaktast,1,0,0,7.29288,,963.554,900.523,80,eingeschwungen
"Pilot (110°,252°)",0,110,252,8,8,8,0.35,0.1,0.65,10,egg THOLD=0.65,Kelvin-Voigt,1.5e+06,0.02,39.4968,,,,9.81,Kontaktast,0.375,-0.9,-0.585,K,Kontaktast,1,0,0,7.29288,,867.752,815.655,80,eingeschwungen
"Pilot (110°,252°)",0,110,252,8,8,8,0.35,0.1,0.65,10,egg THOLD=0.65,Kelvin-Voigt,1.5e+06,0.02,39.4968,,,,9.81,Kontaktast,0.375,-0.8,-0.52,K,Kontaktast,1,0,0,7.29288,,771.949,727.333,80,eingeschwungen
"Pilot (110°,252°)",0,110,252,8,8,8,0.35,0.1,0.65,10,egg THOLD=0.65,Kelvin-Voigt,1.5e+06,0.02,39.4968,,,,9.81,Kontaktast,0.375,-0.7,-0.455,K,Kontaktast,1,0,0,7.29288,,676.147,620.065,80,eingeschwungen
"Pilot (110°,252°)",0,110,252,8,8,8,0.35,0.1,0.65,10,egg THOLD=0.65,Kelvin-Voigt,1.5e+06,0.02,39.4968,,,,9.81,Kontaktast,0.375,-0.6,-0.39,K,Kontaktast,1,0,0,7.29288,,580.344,524.404,80,eingeschwungen
"Pilot (110°,252°)",0,110,252,8,8,8,0.35,0.1,0.65,10,egg THOLD=0.65,Kelvin-Voigt,1.5e+06,0.02,39.4968,,,,9.81,Kontaktast,0.375,-0.5,-0.325,K,Kontaktast,1,0,0,7.29288,,484.542,440.921,80,eingeschwungen
"Pilot (110°,252°)",0,110,252,8,8,8,0.35,0.1,0.65,10,egg THOLD=0.65,Kelvin-Voigt,1.5e+06,0.02,39.4968,,,,9.81,Kontaktast,0.375,-0.4,-0.26,K,Kontaktast,1,0,0,7.29288,,388.739,376.591,80,eingeschwungen
"Pilot (110°,252°)",0,110,252,8,8,8,0.35,0.1,0.65,10,egg THOLD=0.65,Kelvin-Voigt,1.5e+06,0.02,39.4968,,,,9.81,Kontaktast,0.375,-0.3,-0.195,K,Kontaktast,1,0,0,7.29288,,292.937,283.637,80,eingeschwungen
"Pilot (110°,252°)",0,110,252,8,8,8,0.35,0.1,0.65,10,egg THOLD=0.65,Kelvin-Voigt,1.5e+06,0.02,39.4968,,,,9.81,Kontaktast,0.375,-0.2,-0.13,K,Kontaktast,1,0,0,7.29288,,197.134,189.243,80,eingeschwungen
"Pilot (110°,252°)",0,110,252,8,8,8,0.35,0.1,0.65,10,egg THOLD=0.65,Kelvin-Voigt,1.5e+06,0.02,39.4968,,,,9.81,Kontaktast,0.375,-0.1,-0.065,K,Kontaktast,1,0,0,7.29288,,101.786,101.786,80,eingeschwungen
"Pilot (110°,252°)",0,110,252,8,8,8,0.35,0.1,0.65,10,egg THOLD=0.65,Kelvin-Voigt,1.5e+06,0.02,39.4968,,,,9.81,Kontaktast,0.375,0,0,K,Kontaktast,1,0,0,7.29288,,7.29288,,80,eingeschwungen
"Pilot (110°,252°)",0,110,252,8,8,8,0.35,0.1,0.65,10,egg THOLD=0.65,Kelvin-Voigt,1.5e+06,0.02,39.4968,,,,9.81,Kontaktast,0.375,0.1,0.065,K,Kontaktast,1,0,0,7.29288,,109.964,109.964,80,eingeschwungen
"Pilot (110°,252°)",0,110,252,8,8,8,0.35,0.1,0.65,10,egg THOLD=0.65,Kelvin-Voigt,1.5e+06,0.02,39.4968,,,,9.81,Kontaktast,0.375,0.2,0.13,K,Kontaktast,1,0,0,7.29288,,204.461,204.461,80,eingeschwungen
"Pilot (110°,252°)",0,110,252,8,8,8,0.35,0.1,0.65,10,egg THOLD=0.65,Kelvin-Voigt,1.5e+06,0.02,39.4968,,,,9.81,Kontaktast,0.375,0.3,0.195,K,Kontaktast,1,0,0,7.29288,,302.215,302.215,80,eingeschwungen
"Pilot (110°,252°)",0,110,252,8,8,8,0.35,0.1,0.65,10,egg THOLD=0.65,Kelvin-Voigt,1.5e+06,0.02,39.4968,,,,9.81,Kontaktast,0.375,0.4,0.26,K,Kontaktast,1,0,0,7.29288,,399.291,399.291,80,eingeschwungen
"Pilot (110°,252°)",0,110,252,8,8,8,0.35,0.1,0.65,10,egg THOLD=0.65,Kelvin-Voigt,1.5e+06,0.02,39.4968,,,,9.81,Kontaktast,0.375,0.5,0.325,K,Kontaktast,1,0,0,7.29288,,464.25,464.25,80,eingeschwungen
"Pilot (110°,252°)",0,110,252,8,8,8,0.35,0.1,0.65,10,egg THOLD=0.65,Kelvin-Voigt,1.5e+06,0.02,39.4968,,,,9.81,Kontaktast,0.375,0.6,0.39,K,Kontaktast,1,0,0,7.29288,,567.259,567.259,80,eingeschwungen
"Pilot (110°,252°)",0,110,252,8,8,8,0.35,0.1,0.65,10,egg THOLD=0.65,Kelvin-Voigt,1.5e+06,0.02,39.4968,,,,9.81,Kontaktast,0.375,0.7,0.455,K,Kontaktast,1,0,0,7.29288,,669.276,669.276,80,eingeschwungen
"Pilot (110°,252°)",0,110,252,8,8,8,0.35,0.1,0.65,10,egg THOLD=0.65,Kelvin-Voigt,1.5e+06,0.02,39.4968,,,,9.81,Kontaktast,0.375,0.8,0.52,K,Kontaktast,1,0,0,7.29288,,773.85,773.85,80,eingeschwungen
"Pilot (110°,252°)",0,110,252,8,8,8,0.35,0.1,0.65,10,egg THOLD=0.65,Kelvin-Voigt,1.5e+06,0.02,39.4968,,,,9.81,Kontaktast,0.375,0.9,0.585,K,Kontaktast,1,0,0,7.29288,,874.353,874.353,80,eingeschwungen
"Pilot (110°,252°)",0,110,252,8,8,8,0.35,0.1,0.65,10,egg THOLD=0.65,Kelvin-Voigt,1.5e+06,0.02,39.4968,,,,9.81,Kontaktast,0.375,1,0.65,K,Kontaktast,1,0,0,7.29288,,941.028,941.028,80,eingeschwungen
"Pilot (110°,252°)",0,110,252,8,8,8,0.35,0.1,0.65,10,egg THOLD=0.65,Kelvin-Voigt,1.5e+06,0.02,39.4968,,,,9.81,Kontaktast,0.5,-1,-0.65,K,Kontaktast,1,0,0,7.29288,,964.911,877.318,80,eingeschwungen
"Pilot (110°,252°)",0,110,252,8,8,8,0.35,0.1,0.65,10,egg THOLD=0.65,Kelvin-Voigt,1.5e+06,0.02,39.4968,,,,9.81,Kontaktast,0.5,-0.9,-0.585,H1,Hüpfen,1,3,93.7134,162.826,162.826,869.109,816.571,160,eingeschwungen
"Pilot (110°,252°)",0,110,252,8,8,8,0.35,0.1,0.65,10,egg THOLD=0.65,Kelvin-Voigt,1.5e+06,0.02,39.4968,,,,9.81,Kontaktast,0.5,-0.8,-0.52,K,Kontaktast,1,0,0,7.29288,,773.306,721.216,80,eingeschwungen
"Pilot (110°,252°)",0,110,252,8,8,8,0.35,0.1,0.65,10,egg THOLD=0.65,Kelvin-Voigt,1.5e+06,0.02,39.4968,,,,9.81,Kontaktast,0.5,-0.7,-0.455,K,Kontaktast,1,0,0,7.29288,,677.504,629.778,80,eingeschwungen
"Pilot (110°,252°)",0,110,252,8,8,8,0.35,0.1,0.65,10,egg THOLD=0.65,Kelvin-Voigt,1.5e+06,0.02,39.4968,,,,9.81,Kontaktast,0.5,-0.6,-0.39,K,Kontaktast,1,0,0,7.29288,,581.701,528.157,80,eingeschwungen
"Pilot (110°,252°)",0,110,252,8,8,8,0.35,0.1,0.65,10,egg THOLD=0.65,Kelvin-Voigt,1.5e+06,0.02,39.4968,,,,9.81,Kontaktast,0.5,-0.5,-0.325,K,Kontaktast,1,0,0,7.29288,,485.899,425.34,80,eingeschwungen
"Pilot (110°,252°)",0,110,252,8,8,8,0.35,0.1,0.65,10,egg THOLD=0.65,Kelvin-Voigt,1.5e+06,0.02,39.4968,,,,9.81,Kontaktast,0.5,-0.4,-0.26,K,Kontaktast,1,0,0,7.29288,,390.096,363.812,80,eingeschwungen
"Pilot (110°,252°)",0,110,252,8,8,8,0.35,0.1,0.65,10,egg THOLD=0.65,Kelvin-Voigt,1.5e+06,0.02,39.4968,,,,9.81,Kontaktast,0.5,-0.3,-0.195,K,Kontaktast,1,0,0,7.29288,,294.294,273.153,80,eingeschwungen
"Pilot (110°,252°)",0,110,252,8,8,8,0.35,0.1,0.65,10,egg THOLD=0.65,Kelvin-Voigt,1.5e+06,0.02,39.4968,,,,9.81,Kontaktast,0.5,-0.2,-0.13,K,Kontaktast,1,0,0,7.29288,,198.491,191.915,80,eingeschwungen
"Pilot (110°,252°)",0,110,252,8,8,8,0.35,0.1,0.65,10,egg THOLD=0.65,Kelvin-Voigt,1.5e+06,0.02,39.4968,,,,9.81,Kontaktast,0.5,-0.1,-0.065,K,Kontaktast,1,0,0,7.29288,,102.688,91.5227,80,eingeschwungen
"Pilot (110°,252°)",0,110,252,8,8,8,0.35,0.1,0.65,10,egg THOLD=0.65,Kelvin-Voigt,1.5e+06,0.02,39.4968,,,,9.81,Kontaktast,0.5,0,0,K,Kontaktast,1,0,0,7.29288,,7.29288,,80,eingeschwungen
"Pilot (110°,252°)",0,110,252,8,8,8,0.35,0.1,0.65,10,egg THOLD=0.65,Kelvin-Voigt,1.5e+06,0.02,39.4968,,,,9.81,Kontaktast,0.5,0.1,0.065,K,Kontaktast,1,0,0,7.29288,,97.0768,97.0768,80,eingeschwungen
"Pilot (110°,252°)",0,110,252,8,8,8,0.35,0.1,0.65,10,egg THOLD=0.65,Kelvin-Voigt,1.5e+06,0.02,39.4968,,,,9.81,Kontaktast,0.5,0.2,0.13,K,Kontaktast,1,0,0,7.29288,,202.965,202.965,80,eingeschwungen
"Pilot (110°,252°)",0,110,252,8,8,8,0.35,0.1,0.65,10,egg THOLD=0.65,Kelvin-Voigt,1.5e+06,0.02,39.4968,,,,9.81,Kontaktast,0.5,0.3,0.195,K,Kontaktast,1,0,0,7.29288,,290.435,290.435,80,eingeschwungen
"Pilot (110°,252°)",0,110,252,8,8,8,0.35,0.1,0.65,10,egg THOLD=0.65,Kelvin-Voigt,1.5e+06,0.02,39.4968,,,,9.81,Kontaktast,0.5,0.4,0.26,K,Kontaktast,1,0,0,7.29288,,378.352,378.352,80,eingeschwungen
"Pilot (110°,252°)",0,110,252,8,8,8,0.35,0.1,0.65,10,egg THOLD=0.65,Kelvin-Voigt,1.5e+06,0.02,39.4968,,,,9.81,Kontaktast,0.5,0.5,0.325,H1,Hüpfen,1,3,93.7134,162.828,162.828,456.186,456.186,80,eingeschwungen
"Pilot (110°,252°)",0,110,252,8,8,8,0.35,0.1,0.65,10,egg THOLD=0.65,Kelvin-Voigt,1.5e+06,0.02,39.4968,,,,9.81,Kontaktast,0.5,0.6,0.39,K,Kontaktast,1,0,0,7.29288,,561.085,561.085,80,eingeschwungen
"Pilot (110°,252°)",0,110,252,8,8,8,0.35,0.1,0.65,10,egg THOLD=0.65,Kelvin-Voigt,1.5e+06,0.02,39.4968,,,,9.81,Kontaktast,0.5,0.7,0.455,K,Kontaktast,1,0,0,7.29288,,674.385,674.385,80,eingeschwungen
"Pilot (110°,252°)",0,110,252,8,8,8,0.35,0.1,0.65,10,egg THOLD=0.65,Kelvin-Voigt,1.5e+06,0.02,39.4968,,,,9.81,Kontaktast,0.5,0.8,0.52,K,Kontaktast,1,0,0,7.29288,,769.119,769.119,80,eingeschwungen
"Pilot (110°,252°)",0,110,252,8,8,8,0.35,0.1,0.65,10,egg THOLD=0.65,Kelvin-Voigt,1.5e+06,0.02,39.4968,,,,9.81,Kontaktast,0.5,0.9,0.585,K,Kontaktast,1,0,0,7.29288,,855.535,855.535,80,eingeschwungen
"Pilot (110°,252°)",0,110,252,8,8,8,0.35,0.1,0.65,10,egg THOLD=0.65,Kelvin-Voigt,1.5e+06,0.02,39.4968,,,,9.81,Kontaktast,0.5,1,0.65,K,Kontaktast,1,0,0,7.29288,,936.949,936.949,80,eingeschwungen
"Pilot (110°,252°)",0,110,252,8,8,8,0.35,0.1,0.65,10,egg THOLD=0.65,Kelvin-Voigt,1.5e+06,0.02,39.4968,,,,9.81,Kontaktast,0.625,-1,-0.65,K,Kontaktast,1,0,0,7.29288,,964.37,888.184,80,eingeschwungen
"Pilot (110°,252°)",0,110,252,8,8,8,0.35,0.1,0.65,10,egg THOLD=0.65,Kelvin-Voigt,1.5e+06,0.02,39.4968,,,,9.81,Kontaktast,0.625,-0.9,-0.585,K,Kontaktast,1,0,0,7.29288,,868.567,798.549,80,eingeschwungen
"Pilot (110°,252°)",0,110,252,8,8,8,0.35,0.1,0.65,10,egg THOLD=0.65,Kelvin-Voigt,1.5e+06,0.02,39.4968,,,,9.81,Kontaktast,0.625,-0.8,-0.52,K,Kontaktast,1,0,0,7.29288,,772.765,731.24,80,eingeschwungen
"Pilot (110°,252°)",0,110,252,8,8,8,0.35,0.1,0.65,10,egg THOLD=0.65,Kelvin-Voigt,1.5e+06,0.02,39.4968,,,,9.81,Kontaktast,0.625,-0.7,-0.455,K,Kontaktast,1,0,0,7.29288,,676.962,637.734,80,eingeschwungen
"Pilot (110°,252°)",0,110,252,8,8,8,0.35,0.1,0.65,10,egg THOLD=0.65,Kelvin-Voigt,1.5e+06,0.02,39.4968,,,,9.81,Kontaktast,0.625,-0.6,-0.39,K,Kontaktast,1,0,0,7.29288,,581.159,537.219,80,eingeschwungen
"Pilot (110°,252°)",0,110,252,8,8,8,0.35,0.1,0.65,10,egg THOLD=0.65,Kelvin-Voigt,1.5e+06,0.02,39.4968,,,,9.81,Kontaktast,0.625,-0.5,-0.325,K,Kontaktast,1,0,0,7.29288,,485.357,440.613,80,eingeschwungen
"Pilot (110°,252°)",0,110,252,8,8,8,0.35,0.1,0.65,10,egg THOLD=0.65,Kelvin-Voigt,1.5e+06,0.02,39.4968,,,,9.81,Kontaktast,0.625,-0.4,-0.26,K,Kontaktast,1,0,0,7.29288,,389.554,338.266,80,eingeschwungen
"Pilot (110°,252°)",0,110,252,8,8,8,0.35,0.1,0.65,10,egg THOLD=0.65,Kelvin-Voigt,1.5e+06,0.02,39.4968,,,,9.81,Kontaktast,0.625,-0.3,-0.195,K,Kontaktast,1,0,0,7.29288,,293.752,285.097,80,eingeschwungen
"Pilot (110°,252°)",0,110,252,8,8,8,0.35,0.1,0.65,10,egg THOLD=0.65,Kelvin-Voigt,1.5e+06,0.02,39.4968,,,,9.81,Kontaktast,0.625,-0.2,-0.13,K,Kontaktast,1,0,0,7.29288,,197.949,184.592,80,eingeschwungen
"Pilot (110°,252°)",0,110,252,8,8,8,0.35,0.1,0.65,10,egg THOLD=0.65,Kelvin-Voigt,1.5e+06,0.02,39.4968,,,,9.81,Kontaktast,0.625,-0.1,-0.065,K,Kontaktast,1,0,0,7.29288,,103.377,103.377,80,eingeschwungen
"Pilot (110°,252°)",0,110,252,8,8,8,0.35,0.1,0.65,10,egg THOLD=0.65,Kelvin-Voigt,1.5e+06,0.02,39.4968,,,,9.81,Kontaktast,0.625,0,0,K,Kontaktast,1,0,0,7.29288,,7.29288,,80,eingeschwungen
"Pilot (110°,252°)",0,110,252,8,8,8,0.35,0.1,0.65,10,egg THOLD=0.65,Kelvin-Voigt,1.5e+06,0.02,39.4968,,,,9.81,Kontaktast,0.625,0.1,0.065,K,Kontaktast,1,0,0,7.29288,,109.178,109.178,80,eingeschwungen
"Pilot (110°,252°)",0,110,252,8,8,8,0.35,0.1,0.65,10,egg THOLD=0.65,Kelvin-Voigt,1.5e+06,0.02,39.4968,,,,9.81,Kontaktast,0.625,0.2,0.13,K,Kontaktast,1,0,0,7.29288,,196.965,196.965,80,eingeschwungen
"Pilot (110°,252°)",0,110,252,8,8,8,0.35,0.1,0.65,10,egg THOLD=0.65,Kelvin-Voigt,1.5e+06,0.02,39.4968,,,,9.81,Kontaktast,0.625,0.3,0.195,K,Kontaktast,1,0,0,7.29288,,307.132,307.132,80,eingeschwungen
"Pilot (110°,252°)",0,110,252,8,8,8,0.35,0.1,0.65,10,egg THOLD=0.65,Kelvin-Voigt,1.5e+06,0.02,39.4968,,,,9.81,Kontaktast,0.625,0.4,0.26,K,Kontaktast,1,0,0,7.29288,,361.123,361.123,80,eingeschwungen
"Pilot (110°,252°)",0,110,252,8,8,8,0.35,0.1,0.65,10,egg THOLD=0.65,Kelvin-Voigt,1.5e+06,0.02,39.4968,,,,9.81,Kontaktast,0.625,0.5,0.325,K,Kontaktast,1,0,0,7.29288,,471.547,471.547,80,eingeschwungen
"Pilot (110°,252°)",0,110,252,8,8,8,0.35,0.1,0.65,10,egg THOLD=0.65,Kelvin-Voigt,1.5e+06,0.02,39.4968,,,,9.81,Kontaktast,0.625,0.6,0.39,K,Kontaktast,1,0,0,7.29288,,578.95,578.95,80,eingeschwungen
"Pilot (110°,252°)",0,110,252,8,8,8,0.35,0.1,0.65,10,egg THOLD=0.65,Kelvin-Voigt,1.5e+06,0.02,39.4968,,,,9.81,Kontaktast,0.625,0.7,0.455,K,Kontaktast,1,0,0,7.29288,,676.433,676.433,80,eingeschwungen
"Pilot (110°,252°)",0,110,252,8,8,8,0.35,0.1,0.65,10,egg THOLD=0.65,Kelvin-Voigt,1.5e+06,0.02,39.4968,,,,9.81,Kontaktast,0.625,0.8,0.52,H1,Hüpfen,1,3,93.7134,162.828,162.828,775.865,775.865,80,eingeschwungen
"Pilot (110°,252°)",0,110,252,8,8,8,0.35,0.1,0.65,10,egg THOLD=0.65,Kelvin-Voigt,1.5e+06,0.02,39.4968,,,,9.81,Kontaktast,0.625,0.9,0.585,K,Kontaktast,1,0,0,7.29288,,843.483,843.483,80,eingeschwungen
"Pilot (110°,252°)",0,110,252,8,8,8,0.35,0.1,0.65,10,egg THOLD=0.65,Kelvin-Voigt,1.5e+06,0.02,39.4968,,,,9.81,Kontaktast,0.625,1,0.65,K,Kontaktast,1,0,0,7.29288,,950.185,950.185,80,eingeschwungen
"Pilot (110°,252°)",0,110,252,8,8,8,0.35,0.1,0.65,10,egg THOLD=0.65,Kelvin-Voigt,1.5e+06,0.02,39.4968,,,,9.81,Kontaktast,0.75,-1,-0.65,K,Kontaktast,1,0,0,7.29288,,965.001,891.742,80,eingeschwungen
"Pilot (110°,252°)",0,110,252,8,8,8,0.35,0.1,0.65,10,egg THOLD=0.65,Kelvin-Voigt,1.5e+06,0.02,39.4968,,,,9.81,Kontaktast,0.75,-0.9,-0.585,K,Kontaktast,1,0,0,7.29288,,869.199,792.538,80,eingeschwungen
"Pilot (110°,252°)",0,110,252,8,8,8,0.35,0.1,0.65,10,egg THOLD=0.65,Kelvin-Voigt,1.5e+06,0.02,39.4968,,,,9.81,Kontaktast,0.75,-0.8,-0.52,K,Kontaktast,1,0,0,7.29288,,773.396,722.036,80,eingeschwungen
"Pilot (110°,252°)",0,110,252,8,8,8,0.35,0.1,0.65,10,egg THOLD=0.65,Kelvin-Voigt,1.5e+06,0.02,39.4968,,,,9.81,Kontaktast,0.75,-0.7,-0.455,H1,Hüpfen,1,3,93.7134,162.827,162.827,677.594,637.542,80,eingeschwungen
"Pilot (110°,252°)",0,110,252,8,8,8,0.35,0.1,0.65,10,egg THOLD=0.65,Kelvin-Voigt,1.5e+06,0.02,39.4968,,,,9.81,Kontaktast,0.75,-0.6,-0.39,K,Kontaktast,1,0,0,7.29288,,581.791,549.086,80,eingeschwungen
"Pilot (110°,252°)",0,110,252,8,8,8,0.35,0.1,0.65,10,egg THOLD=0.65,Kelvin-Voigt,1.5e+06,0.02,39.4968,,,,9.81,Kontaktast,0.75,-0.5,-0.325,K,Kontaktast,1,0,0,7.29288,,485.989,440.908,80,eingeschwungen
"Pilot (110°,252°)",0,110,252,8,8,8,0.35,0.1,0.65,10,egg THOLD=0.65,Kelvin-Voigt,1.5e+06,0.02,39.4968,,,,9.81,Kontaktast,0.75,-0.4,-0.26,K,Kontaktast,1,0,0,7.29288,,390.186,342.333,80,eingeschwungen
"Pilot (110°,252°)",0,110,252,8,8,8,0.35,0.1,0.65,10,egg THOLD=0.65,Kelvin-Voigt,1.5e+06,0.02,39.4968,,,,9.81,Kontaktast,0.75,-0.3,-0.195,K,Kontaktast,1,0,0,7.29288,,294.384,260.321,80,eingeschwungen
"Pilot (110°,252°)",0,110,252,8,8,8,0.35,0.1,0.65,10,egg THOLD=0.65,Kelvin-Voigt,1.5e+06,0.02,39.4968,,,,9.81,Kontaktast,0.75,-0.2,-0.13,H1,Hüpfen,1,3,93.7134,162.826,162.826,198.581,180.297,80,eingeschwungen
"Pilot (110°,252°)",0,110,252,8,8,8,0.35,0.1,0.65,10,egg THOLD=0.65,Kelvin-Voigt,1.5e+06,0.02,39.4968,,,,9.81,Kontaktast,0.75,-0.1,-0.065,K,Kontaktast,1,0,0,7.29288,,102.778,92.5485,80,eingeschwungen
"Pilot (110°,252°)",0,110,252,8,8,8,0.35,0.1,0.65,10,egg THOLD=0.65,Kelvin-Voigt,1.5e+06,0.02,39.4968,,,,9.81,Kontaktast,0.75,0,0,K,Kontaktast,1,0,0,7.29288,,7.29288,,80,eingeschwungen
"Pilot (110°,252°)",0,110,252,8,8,8,0.35,0.1,0.65,10,egg THOLD=0.65,Kelvin-Voigt,1.5e+06,0.02,39.4968,,,,9.81,Kontaktast,0.75,0.1,0.065,K,Kontaktast,1,0,0,7.29288,,99.6481,99.6481,80,eingeschwungen
"Pilot (110°,252°)",0,110,252,8,8,8,0.35,0.1,0.65,10,egg THOLD=0.65,Kelvin-Voigt,1.5e+06,0.02,39.4968,,,,9.81,Kontaktast,0.75,0.2,0.13,K,Kontaktast,1,0,0,7.29288,,191.638,191.638,80,eingeschwungen
"Pilot (110°,252°)",0,110,252,8,8,8,0.35,0.1,0.65,10,egg THOLD=0.65,Kelvin-Voigt,1.5e+06,0.02,39.4968,,,,9.81,Kontaktast,0.75,0.3,0.195,K,Kontaktast,1,0,0,7.29288,,272.208,272.208,80,eingeschwungen
"Pilot (110°,252°)",0,110,252,8,8,8,0.35,0.1,0.65,10,egg THOLD=0.65,Kelvin-Voigt,1.5e+06,0.02,39.4968,,,,9.81,Kontaktast,0.75,0.4,0.26,K,Kontaktast,1,0,0,7.29288,,367.304,367.304,80,eingeschwungen
"Pilot (110°,252°)",0,110,252,8,8,8,0.35,0.1,0.65,10,egg THOLD=0.65,Kelvin-Voigt,1.5e+06,0.02,39.4968,,,,9.81,Kontaktast,0.75,0.5,0.325,K,Kontaktast,1,0,0,7.29288,,471.095,471.095,80,eingeschwungen
"Pilot (110°,252°)",0,110,252,8,8,8,0.35,0.1,0.65,10,egg THOLD=0.65,Kelvin-Voigt,1.5e+06,0.02,39.4968,,,,9.81,Kontaktast,0.75,0.6,0.39,K,Kontaktast,1,0,0,7.29288,,581.438,581.438,80,eingeschwungen
"Pilot (110°,252°)",0,110,252,8,8,8,0.35,0.1,0.65,10,egg THOLD=0.65,Kelvin-Voigt,1.5e+06,0.02,39.4968,,,,9.81,Kontaktast,0.75,0.7,0.455,H1,Hüpfen,1,3,93.7134,162.828,162.828,679.755,679.755,80,eingeschwungen
"Pilot (110°,252°)",0,110,252,8,8,8,0.35,0.1,0.65,10,egg THOLD=0.65,Kelvin-Voigt,1.5e+06,0.02,39.4968,,,,9.81,Kontaktast,0.75,0.8,0.52,K,Kontaktast,1,0,0,7.29288,,751.405,751.405,80,eingeschwungen
"Pilot (110°,252°)",0,110,252,8,8,8,0.35,0.1,0.65,10,egg THOLD=0.65,Kelvin-Voigt,1.5e+06,0.02,39.4968,,,,9.81,Kontaktast,0.75,0.9,0.585,K,Kontaktast,1,0,0,7.29288,,850.484,850.484,80,eingeschwungen
"Pilot (110°,252°)",0,110,252,8,8,8,0.35,0.1,0.65,10,egg THOLD=0.65,Kelvin-Voigt,1.5e+06,0.02,39.4968,,,,9.81,Kontaktast,0.75,1,0.65,K,Kontaktast,1,0,0,7.29288,,952.036,952.036,80,eingeschwungen
"Pilot (110°,252°)",0,110,252,8,8,8,0.35,0.1,0.65,10,egg THOLD=0.65,Kelvin-Voigt,1.5e+06,0.02,39.4968,,,,9.81,Kontaktast,0.875,-1,-0.65,K,Kontaktast,1,0,0,7.29288,,965.028,916.721,80,eingeschwungen
"Pilot (110°,252°)",0,110,252,8,8,8,0.35,0.1,0.65,10,egg THOLD=0.65,Kelvin-Voigt,1.5e+06,0.02,39.4968,,,,9.81,Kontaktast,0.875,-0.9,-0.585,K,Kontaktast,1,0,0,7.29288,,869.226,816.509,80,eingeschwungen
"Pilot (110°,252°)",0,110,252,8,8,8,0.35,0.1,0.65,10,egg THOLD=0.65,Kelvin-Voigt,1.5e+06,0.02,39.4968,,,,9.81,Kontaktast,0.875,-0.8,-0.52,K,Kontaktast,1,0,0,7.29288,,773.423,714.688,80,eingeschwungen
"Pilot (110°,252°)",0,110,252,8,8,8,0.35,0.1,0.65,10,egg THOLD=0.65,Kelvin-Voigt,1.5e+06,0.02,39.4968,,,,9.81,Kontaktast,0.875,-0.7,-0.455,K,Kontaktast,1,0,0,7.29288,,677.621,651.367,80,eingeschwungen
"Pilot (110°,252°)",0,110,252,8,8,8,0.35,0.1,0.65,10,egg THOLD=0.65,Kelvin-Voigt,1.5e+06,0.02,39.4968,,,,9.81,Kontaktast,0.875,-0.6,-0.39,K,Kontaktast,1,0,0,7.29288,,581.818,559.643,80,eingeschwungen
"Pilot (110°,252°)",0,110,252,8,8,8,0.35,0.1,0.65,10,egg THOLD=0.65,Kelvin-Voigt,1.5e+06,0.02,39.4968,,,,9.81,Kontaktast,0.875,-0.5,-0.325,K,Kontaktast,1,0,0,7.29288,,486.015,471.263,80,eingeschwungen
"Pilot (110°,252°)",0,110,252,8,8,8,0.35,0.1,0.65,10,egg THOLD=0.65,Kelvin-Voigt,1.5e+06,0.02,39.4968,,,,9.81,Kontaktast,0.875,-0.4,-0.26,K,Kontaktast,1,0,0,7.29288,,390.213,364.698,80,eingeschwungen
"Pilot (110°,252°)",0,110,252,8,8,8,0.35,0.1,0.65,10,egg THOLD=0.65,Kelvin-Voigt,1.5e+06,0.02,39.4968,,,,9.81,Kontaktast,0.875,-0.3,-0.195,K,Kontaktast,1,0,0,7.29288,,294.41,260.757,80,eingeschwungen
"Pilot (110°,252°)",0,110,252,8,8,8,0.35,0.1,0.65,10,egg THOLD=0.65,Kelvin-Voigt,1.5e+06,0.02,39.4968,,,,9.81,Kontaktast,0.875,-0.2,-0.13,K,Kontaktast,1,0,0,7.29288,,198.608,189.417,80,eingeschwungen
"Pilot (110°,252°)",0,110,252,8,8,8,0.35,0.1,0.65,10,egg THOLD=0.65,Kelvin-Voigt,1.5e+06,0.02,39.4968,,,,9.81,Kontaktast,0.875,-0.1,-0.065,K,Kontaktast,1,0,0,7.29288,,102.805,97.068,80,eingeschwungen
"Pilot (110°,252°)",0,110,252,8,8,8,0.35,0.1,0.65,10,egg THOLD=0.65,Kelvin-Voigt,1.5e+06,0.02,39.4968,,,,9.81,Kontaktast,0.875,0,0,K,Kontaktast,1,0,0,7.29288,,7.29288,,80,eingeschwungen
"Pilot (110°,252°)",0,110,252,8,8,8,0.35,0.1,0.65,10,egg THOLD=0.65,Kelvin-Voigt,1.5e+06,0.02,39.4968,,,,9.81,Kontaktast,0.875,0.1,0.065,K,Kontaktast,1,0,0,7.29288,,100.49,100.49,80,eingeschwungen
"Pilot (110°,252°)",0,110,252,8,8,8,0.35,0.1,0.65,10,egg THOLD=0.65,Kelvin-Voigt,1.5e+06,0.02,39.4968,,,,9.81,Kontaktast,0.875,0.2,0.13,K,Kontaktast,1,0,0,7.29288,,198.311,198.311,80,eingeschwungen
"Pilot (110°,252°)",0,110,252,8,8,8,0.35,0.1,0.65,10,egg THOLD=0.65,Kelvin-Voigt,1.5e+06,0.02,39.4968,,,,9.81,Kontaktast,0.875,0.3,0.195,K,Kontaktast,1,0,0,7.29288,,277.704,277.704,80,eingeschwungen
"Pilot (110°,252°)",0,110,252,8,8,8,0.35,0.1,0.65,10,egg THOLD=0.65,Kelvin-Voigt,1.5e+06,0.02,39.4968,,,,9.81,Kontaktast,0.875,0.4,0.26,K,Kontaktast,1,0,0,7.29288,,385.791,385.791,80,eingeschwungen
"Pilot (110°,252°)",0,110,252,8,8,8,0.35,0.1,0.65,10,egg THOLD=0.65,Kelvin-Voigt,1.5e+06,0.02,39.4968,,,,9.81,Kontaktast,0.875,0.5,0.325,K,Kontaktast,1,0,0,7.29288,,500.153,500.153,80,eingeschwungen
"Pilot (110°,252°)",0,110,252,8,8,8,0.35,0.1,0.65,10,egg THOLD=0.65,Kelvin-Voigt,1.5e+06,0.02,39.4968,,,,9.81,Kontaktast,0.875,0.6,0.39,K,Kontaktast,1,0,0,7.29288,,594.882,594.882,80,eingeschwungen
"Pilot (110°,252°)",0,110,252,8,8,8,0.35,0.1,0.65,10,egg THOLD=0.65,Kelvin-Voigt,1.5e+06,0.02,39.4968,,,,9.81,Kontaktast,0.875,0.7,0.455,K,Kontaktast,1,0,0,7.29288,,679.14,679.14,80,eingeschwungen
"Pilot (110°,252°)",0,110,252,8,8,8,0.35,0.1,0.65,10,egg THOLD=0.65,Kelvin-Voigt,1.5e+06,0.02,39.4968,,,,9.81,Kontaktast,0.875,0.8,0.52,K,Kontaktast,1,0,0,7.29288,,763.828,763.828,80,eingeschwungen
"Pilot (110°,252°)",0,110,252,8,8,8,0.35,0.1,0.65,10,egg THOLD=0.65,Kelvin-Voigt,1.5e+06,0.02,39.4968,,,,9.81,Kontaktast,0.875,0.9,0.585,K,Kontaktast,1,0,0,7.29288,,865.976,865.976,80,eingeschwungen
"Pilot (110°,252°)",0,110,252,8,8,8,0.35,0.1,0.65,10,egg THOLD=0.65,Kelvin-Voigt,1.5e+06,0.02,39.4968,,,,9.81,Kontaktast,0.875,1,0.65,K,Kontaktast,1,0,0,7.29288,,979.735,979.735,80,eingeschwungen
"synchron (0°,0°)",0,0,0,8,8,8,0.35,0.1,0.65,10,egg THOLD=0.65,Kelvin-Voigt,1.5e+06,0.02,39.4968,,,,9.81,Kontaktast,0,-1,-0.65,H2,Hüpfen,2,0.5,98.977,967.331,967.331,1081.9,1081.9,480,eingeschwungen
"synchron (0°,0°)",0,0,0,8,8,8,0.35,0.1,0.65,10,egg THOLD=0.65,Kelvin-Voigt,1.5e+06,0.02,39.4968,,,,9.81,Kontaktast,0,-0.9,-0.585,H2,Hüpfen,2,0.5,98.977,967.331,967.331,1085.41,1085.41,480,eingeschwungen
"synchron (0°,0°)",0,0,0,8,8,8,0.35,0.1,0.65,10,egg THOLD=0.65,Kelvin-Voigt,1.5e+06,0.02,39.4968,,,,9.81,Kontaktast,0,-0.8,-0.52,H1,Hüpfen,1,1,97.9503,482.897,482.897,840.119,840.119,240,eingeschwungen
"synchron (0°,0°)",0,0,0,8,8,8,0.35,0.1,0.65,10,egg THOLD=0.65,Kelvin-Voigt,1.5e+06,0.02,39.4968,,,,9.81,Kontaktast,0,-0.7,-0.455,H1,Hüpfen,1,1,97.9503,482.897,482.897,676.631,633.798,240,eingeschwungen
"synchron (0°,0°)",0,0,0,8,8,8,0.35,0.1,0.65,10,egg THOLD=0.65,Kelvin-Voigt,1.5e+06,0.02,39.4968,,,,9.81,Kontaktast,0,-0.6,-0.39,H1,Hüpfen,1,1,97.9503,482.897,482.897,597.773,597.773,240,eingeschwungen
"synchron (0°,0°)",0,0,0,8,8,8,0.35,0.1,0.65,10,egg THOLD=0.65,Kelvin-Voigt,1.5e+06,0.02,39.4968,,,,9.81,Kontaktast,0,-0.5,-0.325,H1,Hüpfen,1,1,97.9503,482.897,482.897,606.623,606.623,240,eingeschwungen
"synchron (0°,0°)",0,0,0,8,8,8,0.35,0.1,0.65,10,egg THOLD=0.65,Kelvin-Voigt,1.5e+06,0.02,39.4968,,,,9.81,Kontaktast,0,-0.4,-0.26,H1,Hüpfen,1,1,97.9503,482.897,482.897,589.208,589.208,240,eingeschwungen
"synchron (0°,0°)",0,0,0,8,8,8,0.35,0.1,0.65,10,egg THOLD=0.65,Kelvin-Voigt,1.5e+06,0.02,39.4968,,,,9.81,Kontaktast,0,-0.3,-0.195,H1,Hüpfen,1,1,97.9503,482.897,482.897,642.17,642.17,240,eingeschwungen
"synchron (0°,0°)",0,0,0,8,8,8,0.35,0.1,0.65,10,egg THOLD=0.65,Kelvin-Voigt,1.5e+06,0.02,39.4968,,,,9.81,Kontaktast,0,-0.2,-0.13,K,Kontaktast,1,0,0,13.2551,,212.354,212.354,80,eingeschwungen
"synchron (0°,0°)",0,0,0,8,8,8,0.35,0.1,0.65,10,egg THOLD=0.65,Kelvin-Voigt,1.5e+06,0.02,39.4968,,,,9.81,Kontaktast,0,-0.1,-0.065,K,Kontaktast,1,0,0,13.2551,,112.368,112.368,80,eingeschwungen
"synchron (0°,0°)",0,0,0,8,8,8,0.35,0.1,0.65,10,egg THOLD=0.65,Kelvin-Voigt,1.5e+06,0.02,39.4968,,,,9.81,Kontaktast,0,0,0,K,Kontaktast,1,0,0,13.2551,,13.2551,,80,eingeschwungen
"synchron (0°,0°)",0,0,0,8,8,8,0.35,0.1,0.65,10,egg THOLD=0.65,Kelvin-Voigt,1.5e+06,0.02,39.4968,,,,9.81,Kontaktast,0,0.1,0.065,K,Kontaktast,1,0,0,13.2551,,119.902,119.902,80,eingeschwungen
"synchron (0°,0°)",0,0,0,8,8,8,0.35,0.1,0.65,10,egg THOLD=0.65,Kelvin-Voigt,1.5e+06,0.02,39.4968,,,,9.81,Kontaktast,0,0.2,0.13,K,Kontaktast,1,0,0,13.2551,,217.662,217.662,80,eingeschwungen
"synchron (0°,0°)",0,0,0,8,8,8,0.35,0.1,0.65,10,egg THOLD=0.65,Kelvin-Voigt,1.5e+06,0.02,39.4968,,,,9.81,Kontaktast,0,0.3,0.195,H1,Hüpfen,1,1,97.9503,482.897,482.897,613.184,613.184,240,eingeschwungen
"synchron (0°,0°)",0,0,0,8,8,8,0.35,0.1,0.65,10,egg THOLD=0.65,Kelvin-Voigt,1.5e+06,0.02,39.4968,,,,9.81,Kontaktast,0,0.4,0.26,H1,Hüpfen,1,1,97.9503,482.897,482.897,599.608,599.608,240,eingeschwungen
"synchron (0°,0°)",0,0,0,8,8,8,0.35,0.1,0.65,10,egg THOLD=0.65,Kelvin-Voigt,1.5e+06,0.02,39.4968,,,,9.81,Kontaktast,0,0.5,0.325,H1,Hüpfen,1,1,97.9503,482.897,482.897,613.79,613.79,240,eingeschwungen
"synchron (0°,0°)",0,0,0,8,8,8,0.35,0.1,0.65,10,egg THOLD=0.65,Kelvin-Voigt,1.5e+06,0.02,39.4968,,,,9.81,Kontaktast,0,0.6,0.39,H1,Hüpfen,1,1,97.9503,482.897,482.897,607.019,607.019,240,eingeschwungen
"synchron (0°,0°)",0,0,0,8,8,8,0.35,0.1,0.65,10,egg THOLD=0.65,Kelvin-Voigt,1.5e+06,0.02,39.4968,,,,9.81,Kontaktast,0,0.7,0.455,H1,Hüpfen,1,1,97.9503,482.897,482.897,681.632,681.632,240,eingeschwungen
"synchron (0°,0°)",0,0,0,8,8,8,0.35,0.1,0.65,10,egg THOLD=0.65,Kelvin-Voigt,1.5e+06,0.02,39.4968,,,,9.81,Kontaktast,0,0.8,0.52,H2,Hüpfen,2,0.5,98.977,967.331,967.331,1110.99,1110.99,480,eingeschwungen
"synchron (0°,0°)",0,0,0,8,8,8,0.35,0.1,0.65,10,egg THOLD=0.65,Kelvin-Voigt,1.5e+06,0.02,39.4968,,,,9.81,Kontaktast,0,0.9,0.585,H2,Hüpfen,2,0.5,98.977,967.331,967.331,1077.51,1077.51,480,eingeschwungen
"synchron (0°,0°)",0,0,0,8,8,8,0.35,0.1,0.65,10,egg THOLD=0.65,Kelvin-Voigt,1.5e+06,0.02,39.4968,,,,9.81,Kontaktast,0,1,0.65,H2,Hüpfen,2,0.5,98.977,967.331,967.331,1089.69,1089.69,480,eingeschwungen
"synchron (0°,0°)",0,0,0,8,8,8,0.35,0.1,0.65,10,egg THOLD=0.65,Kelvin-Voigt,1.5e+06,0.02,39.4968,,,,9.81,Kontaktast,0.125,-1,-0.65,H2,Hüpfen,2,0.5,98.977,967.332,967.332,1028.66,1028.66,400,eingeschwungen
"synchron (0°,0°)",0,0,0,8,8,8,0.35,0.1,0.65,10,egg THOLD=0.65,Kelvin-Voigt,1.5e+06,0.02,39.4968,,,,9.81,Kontaktast,0.125,-0.9,-0.585,H2,Hüpfen,2,0.5,98.977,967.331,967.331,1052.46,1052.46,480,eingeschwungen
"synchron (0°,0°)",0,0,0,8,8,8,0.35,0.1,0.65,10,egg THOLD=0.65,Kelvin-Voigt,1.5e+06,0.02,39.4968,,,,9.81,Kontaktast,0.125,-0.8,-0.52,H2,Hüpfen,2,0.5,98.977,967.331,967.331,1116.9,1116.9,480,eingeschwungen
"synchron (0°,0°)",0,0,0,8,8,8,0.35,0.1,0.65,10,egg THOLD=0.65,Kelvin-Voigt,1.5e+06,0.02,39.4968,,,,9.81,Kontaktast,0.125,-0.7,-0.455,K,Kontaktast,1,0,0,13.2551,,674.654,646.331,80,eingeschwungen
"synchron (0°,0°)",0,0,0,8,8,8,0.35,0.1,0.65,10,egg THOLD=0.65,Kelvin-Voigt,1.5e+06,0.02,39.4968,,,,9.81,Kontaktast,0.125,-0.6,-0.39,H1,Hüpfen,1,1,97.9503,482.897,482.897,578.852,566.112,240,eingeschwungen
"synchron (0°,0°)",0,0,0,8,8,8,0.35,0.1,0.65,10,egg THOLD=0.65,Kelvin-Voigt,1.5e+06,0.02,39.4968,,,,9.81,Kontaktast,0.125,-0.5,-0.325,H1,Hüpfen,1,1,97.9503,482.897,482.897,553.765,553.765,240,eingeschwungen
"synchron (0°,0°)",0,0,0,8,8,8,0.35,0.1,0.65,10,egg THOLD=0.65,Kelvin-Voigt,1.5e+06,0.02,39.4968,,,,9.81,Kontaktast,0.125,-0.4,-0.26,H1,Hüpfen,1,1,97.9503,482.897,482.897,557.364,557.364,240,eingeschwungen
"synchron (0°,0°)",0,0,0,8,8,8,0.35,0.1,0.65,10,egg THOLD=0.65,Kelvin-Voigt,1.5e+06,0.02,39.4968,,,,9.81,Kontaktast,0.125,-0.3,-0.195,H1,Hüpfen,1,1,97.9503,482.897,482.897,624.897,624.897,240,eingeschwungen
"synchron (0°,0°)",0,0,0,8,8,8,0.35,0.1,0.65,10,egg THOLD=0.65,Kelvin-Voigt,1.5e+06,0.02,39.4968,,,,9.81,Kontaktast,0.125,-0.2,-0.13,K,Kontaktast,1,0,0,13.2551,,331.787,331.787,80,eingeschwungen
"synchron (0°,0°)",0,0,0,8,8,8,0.35,0.1,0.65,10,egg THOLD=0.65,Kelvin-Voigt,1.5e+06,0.02,39.4968,,,,9.81,Kontaktast,0.125,-0.1,-0.065,K,Kontaktast,1,0,0,13.2551,,132.425,132.425,80,eingeschwungen
"synchron (0°,0°)",0,0,0,8,8,8,0.35,0.1,0.65,10,egg THOLD=0.65,Kelvin-Voigt,1.5e+06,0.02,39.4968,,,,9.81,Kontaktast,0.125,0,0,K,Kontaktast,1,0,0,13.2551,,13.2551,,80,eingeschwungen
"synchron (0°,0°)",0,0,0,8,8,8,0.35,0.1,0.65,10,egg THOLD=0.65,Kelvin-Voigt,1.5e+06,0.02,39.4968,,,,9.81,Kontaktast,0.125,0.1,0.065,K,Kontaktast,1,0,0,13.2551,,136.192,136.192,80,eingeschwungen
"synchron (0°,0°)",0,0,0,8,8,8,0.35,0.1,0.65,10,egg THOLD=0.65,Kelvin-Voigt,1.5e+06,0.02,39.4968,,,,9.81,Kontaktast,0.125,0.2,0.13,K,Kontaktast,1,0,0,13.2551,,351.953,351.953,80,eingeschwungen
"synchron (0°,0°)",0,0,0,8,8,8,0.35,0.1,0.65,10,egg THOLD=0.65,Kelvin-Voigt,1.5e+06,0.02,39.4968,,,,9.81,Kontaktast,0.125,0.3,0.195,H1,Hüpfen,1,1,97.9503,482.897,482.897,615.644,615.644,240,eingeschwungen
"synchron (0°,0°)",0,0,0,8,8,8,0.35,0.1,0.65,10,egg THOLD=0.65,Kelvin-Voigt,1.5e+06,0.02,39.4968,,,,9.81,Kontaktast,0.125,0.4,0.26,H1,Hüpfen,1,1,97.9503,482.897,482.897,565.909,565.909,240,eingeschwungen
"synchron (0°,0°)",0,0,0,8,8,8,0.35,0.1,0.65,10,egg THOLD=0.65,Kelvin-Voigt,1.5e+06,0.02,39.4968,,,,9.81,Kontaktast,0.125,0.5,0.325,H1,Hüpfen,1,1,97.9503,482.897,482.897,558.426,558.426,240,eingeschwungen
"synchron (0°,0°)",0,0,0,8,8,8,0.35,0.1,0.65,10,egg THOLD=0.65,Kelvin-Voigt,1.5e+06,0.02,39.4968,,,,9.81,Kontaktast,0.125,0.6,0.39,H1,Hüpfen,1,1,97.9503,482.897,482.897,579.839,579.839,240,eingeschwungen
"synchron (0°,0°)",0,0,0,8,8,8,0.35,0.1,0.65,10,egg THOLD=0.65,Kelvin-Voigt,1.5e+06,0.02,39.4968,,,,9.81,Kontaktast,0.125,0.7,0.455,H1,Hüpfen,1,1,97.9503,482.898,482.898,759.004,759.004,240,eingeschwungen
"synchron (0°,0°)",0,0,0,8,8,8,0.35,0.1,0.65,10,egg THOLD=0.65,Kelvin-Voigt,1.5e+06,0.02,39.4968,,,,9.81,Kontaktast,0.125,0.8,0.52,H2,Hüpfen,2,0.5,98.977,967.331,967.331,1095.23,1095.23,480,eingeschwungen
"synchron (0°,0°)",0,0,0,8,8,8,0.35,0.1,0.65,10,egg THOLD=0.65,Kelvin-Voigt,1.5e+06,0.02,39.4968,,,,9.81,Kontaktast,0.125,0.9,0.585,H2,Hüpfen,2,0.5,98.977,967.331,967.331,1037.57,1037.57,480,eingeschwungen
"synchron (0°,0°)",0,0,0,8,8,8,0.35,0.1,0.65,10,egg THOLD=0.65,Kelvin-Voigt,1.5e+06,0.02,39.4968,,,,9.81,Kontaktast,0.125,1,0.65,H2,Hüpfen,2,0.5,98.977,967.331,967.331,1030.45,1030.45,480,eingeschwungen
"synchron (0°,0°)",0,0,0,8,8,8,0.35,0.1,0.65,10,egg THOLD=0.65,Kelvin-Voigt,1.5e+06,0.02,39.4968,,,,9.81,Kontaktast,0.25,-1,-0.65,H2,Hüpfen,2,0.5,98.977,967.331,967.331,972.967,972.967,400,eingeschwungen
"synchron (0°,0°)",0,0,0,8,8,8,0.35,0.1,0.65,10,egg THOLD=0.65,Kelvin-Voigt,1.5e+06,0.02,39.4968,,,,9.81,Kontaktast,0.25,-0.9,-0.585,H2,Hüpfen,2,0.5,98.977,967.331,967.331,1051.62,1051.62,480,eingeschwungen
"synchron (0°,0°)",0,0,0,8,8,8,0.35,0.1,0.65,10,egg THOLD=0.65,Kelvin-Voigt,1.5e+06,0.02,39.4968,,,,9.81,Kontaktast,0.25,-0.8,-0.52,H1,Hüpfen,1,1,97.9503,482.898,482.898,929.025,929.025,240,eingeschwungen
"synchron (0°,0°)",0,0,0,8,8,8,0.35,0.1,0.65,10,egg THOLD=0.65,Kelvin-Voigt,1.5e+06,0.02,39.4968,,,,9.81,Kontaktast,0.25,-0.7,-0.455,K,Kontaktast,1,0,0,13.2551,,673.443,616.933,80,eingeschwungen
"synchron (0°,0°)",0,0,0,8,8,8,0.35,0.1,0.65,10,egg THOLD=0.65,Kelvin-Voigt,1.5e+06,0.02,39.4968,,,,9.81,Kontaktast,0.25,-0.6,-0.39,H1,Hüpfen,1,1,97.9503,482.897,482.897,577.64,563.262,240,eingeschwungen
"synchron (0°,0°)",0,0,0,8,8,8,0.35,0.1,0.65,10,egg THOLD=0.65,Kelvin-Voigt,1.5e+06,0.02,39.4968,,,,9.81,Kontaktast,0.25,-0.5,-0.325,H1,Hüpfen,1,1,97.9503,482.897,482.897,499.996,499.996,240,eingeschwungen
"synchron (0°,0°)",0,0,0,8,8,8,0.35,0.1,0.65,10,egg THOLD=0.65,Kelvin-Voigt,1.5e+06,0.02,39.4968,,,,9.81,Kontaktast,0.25,-0.4,-0.26,H1,Hüpfen,1,1,97.9503,482.897,482.897,551.736,551.736,240,eingeschwungen
"synchron (0°,0°)",0,0,0,8,8,8,0.35,0.1,0.65,10,egg THOLD=0.65,Kelvin-Voigt,1.5e+06,0.02,39.4968,,,,9.81,Kontaktast,0.25,-0.3,-0.195,H1,Hüpfen,1,1,97.9503,482.897,482.897,614.199,614.199,240,eingeschwungen
"synchron (0°,0°)",0,0,0,8,8,8,0.35,0.1,0.65,10,egg THOLD=0.65,Kelvin-Voigt,1.5e+06,0.02,39.4968,,,,9.81,Kontaktast,0.25,-0.2,-0.13,K,Kontaktast,1,0,0,13.2551,,359.583,359.583,80,eingeschwungen
"synchron (0°,0°)",0,0,0,8,8,8,0.35,0.1,0.65,10,egg THOLD=0.65,Kelvin-Voigt,1.5e+06,0.02,39.4968,,,,9.81,Kontaktast,0.25,-0.1,-0.065,K,Kontaktast,1,0,0,13.2551,,150.362,150.362,80,eingeschwungen
"synchron (0°,0°)",0,0,0,8,8,8,0.35,0.1,0.65,10,egg THOLD=0.65,Kelvin-Voigt,1.5e+06,0.02,39.4968,,,,9.81,Kontaktast,0.25,0,0,K,Kontaktast,1,0,0,13.2551,,13.2551,,80,eingeschwungen
"synchron (0°,0°)",0,0,0,8,8,8,0.35,0.1,0.65,10,egg THOLD=0.65,Kelvin-Voigt,1.5e+06,0.02,39.4968,,,,9.81,Kontaktast,0.25,0.1,0.065,K,Kontaktast,1,0,0,13.2551,,157.73,157.73,80,eingeschwungen
"synchron (0°,0°)",0,0,0,8,8,8,0.35,0.1,0.65,10,egg THOLD=0.65,Kelvin-Voigt,1.5e+06,0.02,39.4968,,,,9.81,Kontaktast,0.25,0.2,0.13,K,Kontaktast,1,0,0,13.2551,,385.91,385.91,80,eingeschwungen
"synchron (0°,0°)",0,0,0,8,8,8,0.35,0.1,0.65,10,egg THOLD=0.65,Kelvin-Voigt,1.5e+06,0.02,39.4968,,,,9.81,Kontaktast,0.25,0.3,0.195,H1,Hüpfen,1,1,97.9503,482.897,482.897,603.99,603.99,240,eingeschwungen
"synchron (0°,0°)",0,0,0,8,8,8,0.35,0.1,0.65,10,egg THOLD=0.65,Kelvin-Voigt,1.5e+06,0.02,39.4968,,,,9.81,Kontaktast,0.25,0.4,0.26,H1,Hüpfen,1,1,97.9503,482.897,482.897,533.494,533.494,240,eingeschwungen
"synchron (0°,0°)",0,0,0,8,8,8,0.35,0.1,0.65,10,egg THOLD=0.65,Kelvin-Voigt,1.5e+06,0.02,39.4968,,,,9.81,Kontaktast,0.25,0.5,0.325,H1,Hüpfen,1,1,97.9503,482.897,482.897,512.891,512.891,240,eingeschwungen
"synchron (0°,0°)",0,0,0,8,8,8,0.35,0.1,0.65,10,egg THOLD=0.65,Kelvin-Voigt,1.5e+06,0.02,39.4968,,,,9.81,Kontaktast,0.25,0.6,0.39,H1,Hüpfen,1,1,97.9503,482.897,482.897,597.757,597.757,240,eingeschwungen
"synchron (0°,0°)",0,0,0,8,8,8,0.35,0.1,0.65,10,egg THOLD=0.65,Kelvin-Voigt,1.5e+06,0.02,39.4968,,,,9.81,Kontaktast,0.25,0.7,0.455,H1,Hüpfen,1,1,97.9503,482.897,482.897,748.532,748.532,240,eingeschwungen
"synchron (0°,0°)",0,0,0,8,8,8,0.35,0.1,0.65,10,egg THOLD=0.65,Kelvin-Voigt,1.5e+06,0.02,39.4968,,,,9.81,Kontaktast,0.25,0.8,0.52,H2,Hüpfen,2,0.5,98.977,967.331,967.331,1082.15,1082.15,480,eingeschwungen
"synchron (0°,0°)",0,0,0,8,8,8,0.35,0.1,0.65,10,egg THOLD=0.65,Kelvin-Voigt,1.5e+06,0.02,39.4968,,,,9.81,Kontaktast,0.25,0.9,0.585,H2,Hüpfen,2,0.5,98.977,967.332,967.332,1004.08,1004.08,400,eingeschwungen
"synchron (0°,0°)",0,0,0,8,8,8,0.35,0.1,0.65,10,egg THOLD=0.65,Kelvin-Voigt,1.5e+06,0.02,39.4968,,,,9.81,Kontaktast,0.25,1,0.65,H2,Hüpfen,2,0.5,98.977,967.332,967.332,1011.47,1011.47,400,eingeschwungen
"synchron (0°,0°)",0,0,0,8,8,8,0.35,0.1,0.65,10,egg THOLD=0.65,Kelvin-Voigt,1.5e+06,0.02,39.4968,,,,9.81,Kontaktast,0.375,-1,-0.65,H2,Hüpfen,2,0.5,98.977,967.332,967.332,1009.4,1009.4,400,eingeschwungen
"synchron (0°,0°)",0,0,0,8,8,8,0.35,0.1,0.65,10,egg THOLD=0.65,Kelvin-Voigt,1.5e+06,0.02,39.4968,,,,9.81,Kontaktast,0.375,-0.9,-0.585,H2,Hüpfen,2,0.5,98.977,967.331,967.331,1049.66,1049.66,480,eingeschwungen
"synchron (0°,0°)",0,0,0,8,8,8,0.35,0.1,0.65,10,egg THOLD=0.65,Kelvin-Voigt,1.5e+06,0.02,39.4968,,,,9.81,Kontaktast,0.375,-0.8,-0.52,H1,Hüpfen,1,1,97.9503,482.898,482.898,801.105,801.105,240,eingeschwungen
"synchron (0°,0°)",0,0,0,8,8,8,0.35,0.1,0.65,10,egg THOLD=0.65,Kelvin-Voigt,1.5e+06,0.02,39.4968,,,,9.81,Kontaktast,0.375,-0.7,-0.455,H1,Hüpfen,1,1,97.9503,482.897,482.897,673.446,614.063,240,eingeschwungen
"synchron (0°,0°)",0,0,0,8,8,8,0.35,0.1,0.65,10,egg THOLD=0.65,Kelvin-Voigt,1.5e+06,0.02,39.4968,,,,9.81,Kontaktast,0.375,-0.6,-0.39,H1,Hüpfen,1,1,97.9503,482.897,482.897,577.643,546.134,240,eingeschwungen
"synchron (0°,0°)",0,0,0,8,8,8,0.35,0.1,0.65,10,egg THOLD=0.65,Kelvin-Voigt,1.5e+06,0.02,39.4968,,,,9.81,Kontaktast,0.375,-0.5,-0.325,H1,Hüpfen,1,1,97.9503,482.897,482.897,513.497,513.497,240,eingeschwungen
"synchron (0°,0°)",0,0,0,8,8,8,0.35,0.1,0.65,10,egg THOLD=0.65,Kelvin-Voigt,1.5e+06,0.02,39.4968,,,,9.81,Kontaktast,0.375,-0.4,-0.26,H1,Hüpfen,1,1,97.9503,482.897,482.897,563.037,563.037,240,eingeschwungen
"synchron (0°,0°)",0,0,0,8,8,8,0.35,0.1,0.65,10,egg THOLD=0.65,Kelvin-Voigt,1.5e+06,0.02,39.4968,,,,9.81,Kontaktast,0.375,-0.3,-0.195,H1,Hüpfen,1,1,97.9503,482.897,482.897,605.555,605.555,240,eingeschwungen
"synchron (0°,0°)",0,0,0,8,8,8,0.35,0.1,0.65,10,egg THOLD=0.65,Kelvin-Voigt,1.5e+06,0.02,39.4968,,,,9.81,Kontaktast,0.375,-0.2,-0.13,K,Kontaktast,1,0,0,13.2551,,330.983,330.983,80,eingeschwungen
"synchron (0°,0°)",0,0,0,8,8,8,0.35,0.1,0.65,10,egg THOLD=0.65,Kelvin-Voigt,1.5e+06,0.02,39.4968,,,,9.81,Kontaktast,0.375,-0.1,-0.065,K,Kontaktast,1,0,0,13.2551,,141.101,141.101,80,eingeschwungen
"synchron (0°,0°)",0,0,0,8,8,8,0.35,0.1,0.65,10,egg THOLD=0.65,Kelvin-Voigt,1.5e+06,0.02,39.4968,,,,9.81,Kontaktast,0.375,0,0,K,Kontaktast,1,0,0,13.2551,,13.2551,,80,eingeschwungen
"synchron (0°,0°)",0,0,0,8,8,8,0.35,0.1,0.65,10,egg THOLD=0.65,Kelvin-Voigt,1.5e+06,0.02,39.4968,,,,9.81,Kontaktast,0.375,0.1,0.065,K,Kontaktast,1,0,0,13.2551,,151.204,151.204,80,eingeschwungen
"synchron (0°,0°)",0,0,0,8,8,8,0.35,0.1,0.65,10,egg THOLD=0.65,Kelvin-Voigt,1.5e+06,0.02,39.4968,,,,9.81,Kontaktast,0.375,0.2,0.13,K,Kontaktast,1,0,0,13.2551,,357.377,357.377,80,eingeschwungen
"synchron (0°,0°)",0,0,0,8,8,8,0.35,0.1,0.65,10,egg THOLD=0.65,Kelvin-Voigt,1.5e+06,0.02,39.4968,,,,9.81,Kontaktast,0.375,0.3,0.195,H1,Hüpfen,1,1,97.9503,482.897,482.897,602.953,602.953,240,eingeschwungen
"synchron (0°,0°)",0,0,0,8,8,8,0.35,0.1,0.65,10,egg THOLD=0.65,Kelvin-Voigt,1.5e+06,0.02,39.4968,,,,9.81,Kontaktast,0.375,0.4,0.26,H1,Hüpfen,1,1,97.9503,482.897,482.897,544.954,544.954,240,eingeschwungen
"synchron (0°,0°)",0,0,0,8,8,8,0.35,0.1,0.65,10,egg THOLD=0.65,Kelvin-Voigt,1.5e+06,0.02,39.4968,,,,9.81,Kontaktast,0.375,0.5,0.325,H1,Hüpfen,1,1,97.9503,482.897,482.897,516.803,516.803,240,eingeschwungen
"synchron (0°,0°)",0,0,0,8,8,8,0.35,0.1,0.65,10,egg THOLD=0.65,Kelvin-Voigt,1.5e+06,0.02,39.4968,,,,9.81,Kontaktast,0.375,0.6,0.39,H1,Hüpfen,1,1,97.9503,482.897,482.897,588.675,588.675,240,eingeschwungen
"synchron (0°,0°)",0,0,0,8,8,8,0.35,0.1,0.65,10,egg THOLD=0.65,Kelvin-Voigt,1.5e+06,0.02,39.4968,,,,9.81,Kontaktast,0.375,0.7,0.455,H1,Hüpfen,1,1,97.9503,482.898,482.898,686.221,686.221,240,eingeschwungen
"synchron (0°,0°)",0,0,0,8,8,8,0.35,0.1,0.65,10,egg THOLD=0.65,Kelvin-Voigt,1.5e+06,0.02,39.4968,,,,9.81,Kontaktast,0.375,0.8,0.52,H2,Hüpfen,2,0.5,98.977,967.331,967.331,1076.09,1076.09,480,eingeschwungen
"synchron (0°,0°)",0,0,0,8,8,8,0.35,0.1,0.65,10,egg THOLD=0.65,Kelvin-Voigt,1.5e+06,0.02,39.4968,,,,9.81,Kontaktast,0.375,0.9,0.585,H2,Hüpfen,2,0.5,98.977,967.331,967.331,1014.22,1014.22,480,eingeschwungen
"synchron (0°,0°)",0,0,0,8,8,8,0.35,0.1,0.65,10,egg THOLD=0.65,Kelvin-Voigt,1.5e+06,0.02,39.4968,,,,9.81,Kontaktast,0.375,1,0.65,H2,Hüpfen,2,0.5,98.977,967.331,967.331,1017.15,1017.15,480,eingeschwungen
"synchron (0°,0°)",0,0,0,8,8,8,0.35,0.1,0.65,10,egg THOLD=0.65,Kelvin-Voigt,1.5e+06,0.02,39.4968,,,,9.81,Kontaktast,0.5,-1,-0.65,H2,Hüpfen,2,0.5,98.977,967.331,967.331,1062.18,1062.18,480,eingeschwungen
"synchron (0°,0°)",0,0,0,8,8,8,0.35,0.1,0.65,10,egg THOLD=0.65,Kelvin-Voigt,1.5e+06,0.02,39.4968,,,,9.81,Kontaktast,0.5,-0.9,-0.585,H2,Hüpfen,2,0.5,98.977,967.331,967.331,1089.47,1089.47,480,eingeschwungen
"synchron (0°,0°)",0,0,0,8,8,8,0.35,0.1,0.65,10,egg THOLD=0.65,Kelvin-Voigt,1.5e+06,0.02,39.4968,,,,9.81,Kontaktast,0.5,-0.8,-0.52,H1,Hüpfen,1,1,97.9503,482.897,482.897,770.479,742.117,240,eingeschwungen
"synchron (0°,0°)",0,0,0,8,8,8,0.35,0.1,0.65,10,egg THOLD=0.65,Kelvin-Voigt,1.5e+06,0.02,39.4968,,,,9.81,Kontaktast,0.5,-0.7,-0.455,H1,Hüpfen,1,1,97.9503,482.897,482.897,674.676,628.929,240,eingeschwungen
"synchron (0°,0°)",0,0,0,8,8,8,0.35,0.1,0.65,10,egg THOLD=0.65,Kelvin-Voigt,1.5e+06,0.02,39.4968,,,,9.81,Kontaktast,0.5,-0.6,-0.39,H1,Hüpfen,1,1,97.9503,482.897,482.897,578.874,570.77,240,eingeschwungen
"synchron (0°,0°)",0,0,0,8,8,8,0.35,0.1,0.65,10,egg THOLD=0.65,Kelvin-Voigt,1.5e+06,0.02,39.4968,,,,9.81,Kontaktast,0.5,-0.5,-0.325,H1,Hüpfen,1,1,97.9503,482.897,482.897,561.475,561.475,240,eingeschwungen
"synchron (0°,0°)",0,0,0,8,8,8,0.35,0.1,0.65,10,egg THOLD=0.65,Kelvin-Voigt,1.5e+06,0.02,39.4968,,,,9.81,Kontaktast,0.5,-0.4,-0.26,H1,Hüpfen,1,1,97.9503,482.897,482.897,565.88,565.88,240,eingeschwungen
"synchron (0°,0°)",0,0,0,8,8,8,0.35,0.1,0.65,10,egg THOLD=0.65,Kelvin-Voigt,1.5e+06,0.02,39.4968,,,,9.81,Kontaktast,0.5,-0.3,-0.195,H1,Hüpfen,1,1,97.9503,482.897,482.897,616.82,616.82,240,eingeschwungen
"synchron (0°,0°)",0,0,0,8,8,8,0.35,0.1,0.65,10,egg THOLD=0.65,Kelvin-Voigt,1.5e+06,0.02,39.4968,,,,9.81,Kontaktast,0.5,-0.2,-0.13,K,Kontaktast,1,0,0,13.2551,,286.679,286.679,80,eingeschwungen
"synchron (0°,0°)",0,0,0,8,8,8,0.35,0.1,0.65,10,egg THOLD=0.65,Kelvin-Voigt,1.5e+06,0.02,39.4968,,,,9.81,Kontaktast,0.5,-0.1,-0.065,K,Kontaktast,1,0,0,13.2551,,137.248,137.248,80,eingeschwungen
"synchron (0°,0°)",0,0,0,8,8,8,0.35,0.1,0.65,10,egg THOLD=0.65,Kelvin-Voigt,1.5e+06,0.02,39.4968,,,,9.81,Kontaktast,0.5,0,0,K,Kontaktast,1,0,0,13.2551,,13.2551,,80,eingeschwungen
"synchron (0°,0°)",0,0,0,8,8,8,0.35,0.1,0.65,10,egg THOLD=0.65,Kelvin-Voigt,1.5e+06,0.02,39.4968,,,,9.81,Kontaktast,0.5,0.1,0.065,K,Kontaktast,1,0,0,13.2551,,149.122,149.122,80,eingeschwungen
"synchron (0°,0°)",0,0,0,8,8,8,0.35,0.1,0.65,10,egg THOLD=0.65,Kelvin-Voigt,1.5e+06,0.02,39.4968,,,,9.81,Kontaktast,0.5,0.2,0.13,K,Kontaktast,1,0,0,13.2551,,310.118,310.118,80,eingeschwungen
"synchron (0°,0°)",0,0,0,8,8,8,0.35,0.1,0.65,10,egg THOLD=0.65,Kelvin-Voigt,1.5e+06,0.02,39.4968,,,,9.81,Kontaktast,0.5,0.3,0.195,H1,Hüpfen,1,1,97.9503,482.897,482.897,593.391,593.391,240,eingeschwungen
"synchron (0°,0°)",0,0,0,8,8,8,0.35,0.1,0.65,10,egg THOLD=0.65,Kelvin-Voigt,1.5e+06,0.02,39.4968,,,,9.81,Kontaktast,0.5,0.4,0.26,H1,Hüpfen,1,1,97.9503,482.897,482.897,551.459,551.459,240,eingeschwungen
"synchron (0°,0°)",0,0,0,8,8,8,0.35,0.1,0.65,10,egg THOLD=0.65,Kelvin-Voigt,1.5e+06,0.02,39.4968,,,,9.81,Kontaktast,0.5,0.5,0.325,H1,Hüpfen,1,1,97.9503,482.897,482.897,561.196,561.196,240,eingeschwungen
"synchron (0°,0°)",0,0,0,8,8,8,0.35,0.1,0.65,10,egg THOLD=0.65,Kelvin-Voigt,1.5e+06,0.02,39.4968,,,,9.81,Kontaktast,0.5,0.6,0.39,H1,Hüpfen,1,1,97.9503,482.897,482.897,585.48,585.48,240,eingeschwungen
"synchron (0°,0°)",0,0,0,8,8,8,0.35,0.1,0.65,10,egg THOLD=0.65,Kelvin-Voigt,1.5e+06,0.02,39.4968,,,,9.81,Kontaktast,0.5,0.7,0.455,H1,Hüpfen,1,1,97.9503,482.897,482.897,652.027,652.027,240,eingeschwungen
"synchron (0°,0°)",0,0,0,8,8,8,0.35,0.1,0.65,10,egg THOLD=0.65,Kelvin-Voigt,1.5e+06,0.02,39.4968,,,,9.81,Kontaktast,0.5,0.8,0.52,H2,Hüpfen,2,0.5,98.977,967.331,967.331,1108.37,1108.37,480,eingeschwungen
"synchron (0°,0°)",0,0,0,8,8,8,0.35,0.1,0.65,10,egg THOLD=0.65,Kelvin-Voigt,1.5e+06,0.02,39.4968,,,,9.81,Kontaktast,0.5,0.9,0.585,H2,Hüpfen,2,0.5,98.977,967.331,967.331,1053.03,1053.03,480,eingeschwungen
"synchron (0°,0°)",0,0,0,8,8,8,0.35,0.1,0.65,10,egg THOLD=0.65,Kelvin-Voigt,1.5e+06,0.02,39.4968,,,,9.81,Kontaktast,0.5,1,0.65,H2,Hüpfen,2,0.5,98.977,967.331,967.331,1056.57,1056.57,480,eingeschwungen
"synchron (0°,0°)",0,0,0,8,8,8,0.35,0.1,0.65,10,egg THOLD=0.65,Kelvin-Voigt,1.5e+06,0.02,39.4968,,,,9.81,Kontaktast,0.625,-1,-0.65,H2,Hüpfen,2,0.5,98.977,967.331,967.331,1111.76,1111.76,480,eingeschwungen
"synchron (0°,0°)",0,0,0,8,8,8,0.35,0.1,0.65,10,egg THOLD=0.65,Kelvin-Voigt,1.5e+06,0.02,39.4968,,,,9.81,Kontaktast,0.625,-0.9,-0.585,H2,Hüpfen,2,0.5,98.977,967.331,967.331,1103.77,1103.77,480,eingeschwungen
"synchron (0°,0°)",0,0,0,8,8,8,0.35,0.1,0.65,10,egg THOLD=0.65,Kelvin-Voigt,1.5e+06,0.02,39.4968,,,,9.81,Kontaktast,0.625,-0.8,-0.52,K,Kontaktast,1,0,0,13.2551,,772.512,726.857,80,eingeschwungen
"synchron (0°,0°)",0,0,0,8,8,8,0.35,0.1,0.65,10,egg THOLD=0.65,Kelvin-Voigt,1.5e+06,0.02,39.4968,,,,9.81,Kontaktast,0.625,-0.7,-0.455,K,Kontaktast,1,0,0,13.2551,,676.709,499.769,80,eingeschwungen
"synchron (0°,0°)",0,0,0,8,8,8,0.35,0.1,0.65,10,egg THOLD=0.65,Kelvin-Voigt,1.5e+06,0.02,39.4968,,,,9.81,Kontaktast,0.625,-0.6,-0.39,H1,Hüpfen,1,1,97.9503,482.897,482.897,613.791,613.791,240,eingeschwungen
"synchron (0°,0°)",0,0,0,8,8,8,0.35,0.1,0.65,10,egg THOLD=0.65,Kelvin-Voigt,1.5e+06,0.02,39.4968,,,,9.81,Kontaktast,0.625,-0.5,-0.325,H1,Hüpfen,1,1,97.9503,482.897,482.897,612.739,612.739,240,eingeschwungen
"synchron (0°,0°)",0,0,0,8,8,8,0.35,0.1,0.65,10,egg THOLD=0.65,Kelvin-Voigt,1.5e+06,0.02,39.4968,,,,9.81,Kontaktast,0.625,-0.4,-0.26,H1,Hüpfen,1,1,97.9503,482.897,482.897,623.932,623.932,240,eingeschwungen
"synchron (0°,0°)",0,0,0,8,8,8,0.35,0.1,0.65,10,egg THOLD=0.65,Kelvin-Voigt,1.5e+06,0.02,39.4968,,,,9.81,Kontaktast,0.625,-0.3,-0.195,K,Kontaktast,1,0,0,13.2551,,431.021,431.021,80,eingeschwungen
"synchron (0°,0°)",0,0,0,8,8,8,0.35,0.1,0.65,10,egg THOLD=0.65,Kelvin-Voigt,1.5e+06,0.02,39.4968,,,,9.81,Kontaktast,0.625,-0.2,-0.13,K,Kontaktast,1,0,0,13.2551,,229.969,229.969,80,eingeschwungen
"synchron (0°,0°)",0,0,0,8,8,8,0.35,0.1,0.65,10,egg THOLD=0.65,Kelvin-Voigt,1.5e+06,0.02,39.4968,,,,9.81,Kontaktast,0.625,-0.1,-0.065,K,Kontaktast,1,0,0,13.2551,,125.291,125.291,80,eingeschwungen
"synchron (0°,0°)",0,0,0,8,8,8,0.35,0.1,0.65,10,egg THOLD=0.65,Kelvin-Voigt,1.5e+06,0.02,39.4968,,,,9.81,Kontaktast,0.625,0,0,K,Kontaktast,1,0,0,13.2551,,13.2551,,80,eingeschwungen
"synchron (0°,0°)",0,0,0,8,8,8,0.35,0.1,0.65,10,egg THOLD=0.65,Kelvin-Voigt,1.5e+06,0.02,39.4968,,,,9.81,Kontaktast,0.625,0.1,0.065,K,Kontaktast,1,0,0,13.2551,,138.233,138.233,80,eingeschwungen
"synchron (0°,0°)",0,0,0,8,8,8,0.35,0.1,0.65,10,egg THOLD=0.65,Kelvin-Voigt,1.5e+06,0.02,39.4968,,,,9.81,Kontaktast,0.625,0.2,0.13,K,Kontaktast,1,0,0,13.2551,,252.361,252.361,80,eingeschwungen
"synchron (0°,0°)",0,0,0,8,8,8,0.35,0.1,0.65,10,egg THOLD=0.65,Kelvin-Voigt,1.5e+06,0.02,39.4968,,,,9.81,Kontaktast,0.625,0.3,0.195,H1,Hüpfen,1,1,97.9503,482.897,482.897,627.225,627.225,240,eingeschwungen
"synchron (0°,0°)",0,0,0,8,8,8,0.35,0.1,0.65,10,egg THOLD=0.65,Kelvin-Voigt,1.5e+06,0.02,39.4968,,,,9.81,Kontaktast,0.625,0.4,0.26,H1,Hüpfen,1,1,97.9503,482.897,482.897,607.949,607.949,240,eingeschwungen
"synchron (0°,0°)",0,0,0,8,8,8,0.35,0.1,0.65,10,egg THOLD=0.65,Kelvin-Voigt,1.5e+06,0.02,39.4968,,,,9.81,Kontaktast,0.625,0.5,0.325,H1,Hüpfen,1,1,97.9503,482.897,482.897,605.406,605.406,240,eingeschwungen
"synchron (0°,0°)",0,0,0,8,8,8,0.35,0.1,0.65,10,egg THOLD=0.65,Kelvin-Voigt,1.5e+06,0.02,39.4968,,,,9.81,Kontaktast,0.625,0.6,0.39,H1,Hüpfen,1,1,97.9503,482.897,482.897,628.947,628.947,240,eingeschwungen
"synchron (0°,0°)",0,0,0,8,8,8,0.35,0.1,0.65,10,egg THOLD=0.65,Kelvin-Voigt,1.5e+06,0.02,39.4968,,,,9.81,Kontaktast,0.625,0.7,0.455,H1,Hüpfen,1,1,97.9503,482.897,482.897,666.835,666.835,240,eingeschwungen
"synchron (0°,0°)",0,0,0,8,8,8,0.35,0.1,0.65,10,egg THOLD=0.65,Kelvin-Voigt,1.5e+06,0.02,39.4968,,,,9.81,Kontaktast,0.625,0.8,0.52,H1,Hüpfen,1,1,97.9503,482.897,482.897,864.099,864.099,240,eingeschwungen
"synchron (0°,0°)",0,0,0,8,8,8,0.35,0.1,0.65,10,egg THOLD=0.65,Kelvin-Voigt,1.5e+06,0.02,39.4968,,,,9.81,Kontaktast,0.625,0.9,0.585,H2,Hüpfen,2,0.5,98.977,967.331,967.331,1085.01,1085.01,480,eingeschwungen
"synchron (0°,0°)",0,0,0,8,8,8,0.35,0.1,0.65,10,egg THOLD=0.65,Kelvin-Voigt,1.5e+06,0.02,39.4968,,,,9.81,Kontaktast,0.625,1,0.65,K,Kontaktast,1,0,0,13.2551,,819.695,819.695,80,eingeschwungen
"synchron (0°,0°)",0,0,0,8,8,8,0.35,0.1,0.65,10,egg THOLD=0.65,Kelvin-Voigt,1.5e+06,0.02,39.4968,,,,9.81,Kontaktast,0.75,-1,-0.65,K,Kontaktast,1,0,0,13.2551,,970.227,729.793,80,eingeschwungen
"synchron (0°,0°)",0,0,0,8,8,8,0.35,0.1,0.65,10,egg THOLD=0.65,Kelvin-Voigt,1.5e+06,0.02,39.4968,,,,9.81,Kontaktast,0.75,-0.9,-0.585,K,Kontaktast,1,0,0,13.2551,,874.425,710.525,80,eingeschwungen
"synchron (0°,0°)",0,0,0,8,8,8,0.35,0.1,0.65,10,egg THOLD=0.65,Kelvin-Voigt,1.5e+06,0.02,39.4968,,,,9.81,Kontaktast,0.75,-0.8,-0.52,H1,Hüpfen,1,1,97.9503,482.897,482.897,778.622,761.703,240,eingeschwungen
"synchron (0°,0°)",0,0,0,8,8,8,0.35,0.1,0.65,10,egg THOLD=0.65,Kelvin-Voigt,1.5e+06,0.02,39.4968,,,,9.81,Kontaktast,0.75,-0.7,-0.455,H1,Hüpfen,1,1,97.9503,482.897,482.897,682.82,679.434,240,eingeschwungen
"synchron (0°,0°)",0,0,0,8,8,8,0.35,0.1,0.65,10,egg THOLD=0.65,Kelvin-Voigt,1.5e+06,0.02,39.4968,,,,9.81,Kontaktast,0.75,-0.6,-0.39,K,Kontaktast,1,0,0,13.2551,,587.017,489.433,80,eingeschwungen
"synchron (0°,0°)",0,0,0,8,8,8,0.35,0.1,0.65,10,egg THOLD=0.65,Kelvin-Voigt,1.5e+06,0.02,39.4968,,,,9.81,Kontaktast,0.75,-0.5,-0.325,K,Kontaktast,1,0,0,13.2551,,491.215,369.807,80,eingeschwungen
"synchron (0°,0°)",0,0,0,8,8,8,0.35,0.1,0.65,10,egg THOLD=0.65,Kelvin-Voigt,1.5e+06,0.02,39.4968,,,,9.81,Kontaktast,0.75,-0.4,-0.26,K,Kontaktast,1,0,0,13.2551,,395.412,365.783,80,eingeschwungen
"synchron (0°,0°)",0,0,0,8,8,8,0.35,0.1,0.65,10,egg THOLD=0.65,Kelvin-Voigt,1.5e+06,0.02,39.4968,,,,9.81,Kontaktast,0.75,-0.3,-0.195,K,Kontaktast,1,0,0,13.2551,,299.61,294.058,80,eingeschwungen
"synchron (0°,0°)",0,0,0,8,8,8,0.35,0.1,0.65,10,egg THOLD=0.65,Kelvin-Voigt,1.5e+06,0.02,39.4968,,,,9.81,Kontaktast,0.75,-0.2,-0.13,K,Kontaktast,1,0,0,13.2551,,203.807,167.929,80,eingeschwungen
"synchron (0°,0°)",0,0,0,8,8,8,0.35,0.1,0.65,10,egg THOLD=0.65,Kelvin-Voigt,1.5e+06,0.02,39.4968,,,,9.81,Kontaktast,0.75,-0.1,-0.065,K,Kontaktast,1,0,0,13.2551,,108.005,102.449,80,eingeschwungen
"synchron (0°,0°)",0,0,0,8,8,8,0.35,0.1,0.65,10,egg THOLD=0.65,Kelvin-Voigt,1.5e+06,0.02,39.4968,,,,9.81,Kontaktast,0.75,0,0,K,Kontaktast,1,0,0,13.2551,,13.2551,,80,eingeschwungen
"synchron (0°,0°)",0,0,0,8,8,8,0.35,0.1,0.65,10,egg THOLD=0.65,Kelvin-Voigt,1.5e+06,0.02,39.4968,,,,9.81,Kontaktast,0.75,0.1,0.065,K,Kontaktast,1,0,0,13.2551,,110.658,110.658,80,eingeschwungen
"synchron (0°,0°)",0,0,0,8,8,8,0.35,0.1,0.65,10,egg THOLD=0.65,Kelvin-Voigt,1.5e+06,0.02,39.4968,,,,9.81,Kontaktast,0.75,0.2,0.13,K,Kontaktast,1,0,0,13.2551,,185.111,185.111,80,eingeschwungen
"synchron (0°,0°)",0,0,0,8,8,8,0.35,0.1,0.65,10,egg THOLD=0.65,Kelvin-Voigt,1.5e+06,0.02,39.4968,,,,9.81,Kontaktast,0.75,0.3,0.195,K,Kontaktast,1,0,0,13.2551,,339.791,339.791,80,eingeschwungen
"synchron (0°,0°)",0,0,0,8,8,8,0.35,0.1,0.65,10,egg THOLD=0.65,Kelvin-Voigt,1.5e+06,0.02,39.4968,,,,9.81,Kontaktast,0.75,0.4,0.26,K,Kontaktast,1,0,0,13.2551,,424.911,424.911,80,eingeschwungen
"synchron (0°,0°)",0,0,0,8,8,8,0.35,0.1,0.65,10,egg THOLD=0.65,Kelvin-Voigt,1.5e+06,0.02,39.4968,,,,9.81,Kontaktast,0.75,0.5,0.325,K,Kontaktast,1,0,0,13.2551,,434.06,434.06,80,eingeschwungen
"synchron (0°,0°)",0,0,0,8,8,8,0.35,0.1,0.65,10,egg THOLD=0.65,Kelvin-Voigt,1.5e+06,0.02,39.4968,,,,9.81,Kontaktast,0.75,0.6,0.39,H1,Hüpfen,1,1,97.9503,482.897,482.897,631.804,631.804,240,eingeschwungen
"synchron (0°,0°)",0,0,0,8,8,8,0.35,0.1,0.65,10,egg THOLD=0.65,Kelvin-Voigt,1.5e+06,0.02,39.4968,,,,9.81,Kontaktast,0.75,0.7,0.455,K,Kontaktast,1,0,0,13.2551,,700.52,700.52,80,eingeschwungen
"synchron (0°,0°)",0,0,0,8,8,8,0.35,0.1,0.65,10,egg THOLD=0.65,Kelvin-Voigt,1.5e+06,0.02,39.4968,,,,9.81,Kontaktast,0.75,0.8,0.52,H1,Hüpfen,1,1,97.9503,482.897,482.897,792.316,792.316,240,eingeschwungen
"synchron (0°,0°)",0,0,0,8,8,8,0.35,0.1,0.65,10,egg THOLD=0.65,Kelvin-Voigt,1.5e+06,0.02,39.4968,,,,9.81,Kontaktast,0.75,0.9,0.585,K,Kontaktast,1,0,0,13.2551,,719.862,719.862,80,eingeschwungen
"synchron (0°,0°)",0,0,0,8,8,8,0.35,0.1,0.65,10,egg THOLD=0.65,Kelvin-Voigt,1.5e+06,0.02,39.4968,,,,9.81,Kontaktast,0.75,1,0.65,K,Kontaktast,1,0,0,13.2551,,770.554,770.554,80,eingeschwungen
"synchron (0°,0°)",0,0,0,8,8,8,0.35,0.1,0.65,10,egg THOLD=0.65,Kelvin-Voigt,1.5e+06,0.02,39.4968,,,,9.81,Kontaktast,0.875,-1,-0.65,H2,Hüpfen,2,0.5,98.977,967.331,967.331,1101.03,1101.03,480,eingeschwungen
"synchron (0°,0°)",0,0,0,8,8,8,0.35,0.1,0.65,10,egg THOLD=0.65,Kelvin-Voigt,1.5e+06,0.02,39.4968,,,,9.81,Kontaktast,0.875,-0.9,-0.585,H1,Hüpfen,1,1,97.9503,482.898,482.898,874.551,827.626,240,eingeschwungen
"synchron (0°,0°)",0,0,0,8,8,8,0.35,0.1,0.65,10,egg THOLD=0.65,Kelvin-Voigt,1.5e+06,0.02,39.4968,,,,9.81,Kontaktast,0.875,-0.8,-0.52,H1,Hüpfen,1,1,97.9503,482.898,482.898,778.748,668.31,240,eingeschwungen
"synchron (0°,0°)",0,0,0,8,8,8,0.35,0.1,0.65,10,egg THOLD=0.65,Kelvin-Voigt,1.5e+06,0.02,39.4968,,,,9.81,Kontaktast,0.875,-0.7,-0.455,H1,Hüpfen,1,1,97.9503,482.897,482.897,682.946,651.018,240,eingeschwungen
"synchron (0°,0°)",0,0,0,8,8,8,0.35,0.1,0.65,10,egg THOLD=0.65,Kelvin-Voigt,1.5e+06,0.02,39.4968,,,,9.81,Kontaktast,0.875,-0.6,-0.39,H1,Hüpfen,1,1,97.9503,482.897,482.897,655.829,655.829,240,eingeschwungen
"synchron (0°,0°)",0,0,0,8,8,8,0.35,0.1,0.65,10,egg THOLD=0.65,Kelvin-Voigt,1.5e+06,0.02,39.4968,,,,9.81,Kontaktast,0.875,-0.5,-0.325,H1,Hüpfen,1,1,97.9503,482.897,482.897,618.176,618.176,240,eingeschwungen
"synchron (0°,0°)",0,0,0,8,8,8,0.35,0.1,0.65,10,egg THOLD=0.65,Kelvin-Voigt,1.5e+06,0.02,39.4968,,,,9.81,Kontaktast,0.875,-0.4,-0.26,K,Kontaktast,1,0,0,13.2551,,426.307,426.307,80,eingeschwungen
"synchron (0°,0°)",0,0,0,8,8,8,0.35,0.1,0.65,10,egg THOLD=0.65,Kelvin-Voigt,1.5e+06,0.02,39.4968,,,,9.81,Kontaktast,0.875,-0.3,-0.195,K,Kontaktast,1,0,0,13.2551,,299.736,248.62,80,eingeschwungen
"synchron (0°,0°)",0,0,0,8,8,8,0.35,0.1,0.65,10,egg THOLD=0.65,Kelvin-Voigt,1.5e+06,0.02,39.4968,,,,9.81,Kontaktast,0.875,-0.2,-0.13,K,Kontaktast,1,0,0,13.2551,,203.933,170.356,80,eingeschwungen
"synchron (0°,0°)",0,0,0,8,8,8,0.35,0.1,0.65,10,egg THOLD=0.65,Kelvin-Voigt,1.5e+06,0.02,39.4968,,,,9.81,Kontaktast,0.875,-0.1,-0.065,K,Kontaktast,1,0,0,13.2551,,108.131,76.0187,80,eingeschwungen
"synchron (0°,0°)",0,0,0,8,8,8,0.35,0.1,0.65,10,egg THOLD=0.65,Kelvin-Voigt,1.5e+06,0.02,39.4968,,,,9.81,Kontaktast,0.875,0,0,K,Kontaktast,1,0,0,13.2551,,13.2551,,80,eingeschwungen
"synchron (0°,0°)",0,0,0,8,8,8,0.35,0.1,0.65,10,egg THOLD=0.65,Kelvin-Voigt,1.5e+06,0.02,39.4968,,,,9.81,Kontaktast,0.875,0.1,0.065,K,Kontaktast,1,0,0,13.2551,,84.4729,84.4729,80,eingeschwungen
"synchron (0°,0°)",0,0,0,8,8,8,0.35,0.1,0.65,10,egg THOLD=0.65,Kelvin-Voigt,1.5e+06,0.02,39.4968,,,,9.81,Kontaktast,0.875,0.2,0.13,K,Kontaktast,1,0,0,13.2551,,176.944,176.944,80,eingeschwungen
"synchron (0°,0°)",0,0,0,8,8,8,0.35,0.1,0.65,10,egg THOLD=0.65,Kelvin-Voigt,1.5e+06,0.02,39.4968,,,,9.81,Kontaktast,0.875,0.3,0.195,K,Kontaktast,1,0,0,13.2551,,254.961,254.961,80,eingeschwungen
"synchron (0°,0°)",0,0,0,8,8,8,0.35,0.1,0.65,10,egg THOLD=0.65,Kelvin-Voigt,1.5e+06,0.02,39.4968,,,,9.81,Kontaktast,0.875,0.4,0.26,K,Kontaktast,1,0,0,13.2551,,415.881,415.881,80,eingeschwungen
"synchron (0°,0°)",0,0,0,8,8,8,0.35,0.1,0.65,10,egg THOLD=0.65,Kelvin-Voigt,1.5e+06,0.02,39.4968,,,,9.81,Kontaktast,0.875,0.5,0.325,H1,Hüpfen,1,1,97.9503,482.897,482.897,627.417,627.417,240,eingeschwungen
"synchron (0°,0°)",0,0,0,8,8,8,0.35,0.1,0.65,10,egg THOLD=0.65,Kelvin-Voigt,1.5e+06,0.02,39.4968,,,,9.81,Kontaktast,0.875,0.6,0.39,K,Kontaktast,1,0,0,13.2551,,665.611,665.611,80,eingeschwungen
"synchron (0°,0°)",0,0,0,8,8,8,0.35,0.1,0.65,10,egg THOLD=0.65,Kelvin-Voigt,1.5e+06,0.02,39.4968,,,,9.81,Kontaktast,0.875,0.7,0.455,H1,Hüpfen,1,1,97.9503,482.897,482.897,659.095,659.095,240,eingeschwungen
"synchron (0°,0°)",0,0,0,8,8,8,0.35,0.1,0.65,10,egg THOLD=0.65,Kelvin-Voigt,1.5e+06,0.02,39.4968,,,,9.81,Kontaktast,0.875,0.8,0.52,K,Kontaktast,1,0,0,13.2551,,692.658,692.658,80,eingeschwungen
"synchron (0°,0°)",0,0,0,8,8,8,0.35,0.1,0.65,10,egg THOLD=0.65,Kelvin-Voigt,1.5e+06,0.02,39.4968,,,,9.81,Kontaktast,0.875,0.9,0.585,H1,Hüpfen,1,1,97.9503,482.897,482.897,913.116,913.116,240,eingeschwungen
"synchron (0°,0°)",0,0,0,8,8,8,0.35,0.1,0.65,10,egg THOLD=0.65,Kelvin-Voigt,1.5e+06,0.02,39.4968,,,,9.81,Kontaktast,0.875,1,0.65,H2,Hüpfen,2,0.5,98.977,967.331,967.331,1112.35,1112.35,480,eingeschwungen
L1,0,0,0,8,0,0,0.35,0.1,0.65,10,egg THOLD=0.65,Kelvin-Voigt,1.5e+06,0.1,197.484,,,,9.81,Kontaktast,0,-1,-0.65,K,Kontaktast,1,0,0,8.6342,,875.32,650.308,80,eingeschwungen
L1,0,0,0,8,0,0,0.35,0.1,0.65,10,egg THOLD=0.65,Kelvin-Voigt,1.5e+06,0.1,197.484,,,,9.81,Kontaktast,0,-0.9,-0.585,K,Kontaktast,1,0,0,8.6342,,788.413,592.247,80,eingeschwungen
L1,0,0,0,8,0,0,0.35,0.1,0.65,10,egg THOLD=0.65,Kelvin-Voigt,1.5e+06,0.1,197.484,,,,9.81,Kontaktast,0,-0.8,-0.52,K,Kontaktast,1,0,0,8.6342,,701.505,548.43,80,eingeschwungen
L1,0,0,0,8,0,0,0.35,0.1,0.65,10,egg THOLD=0.65,Kelvin-Voigt,1.5e+06,0.1,197.484,,,,9.81,Kontaktast,0,-0.7,-0.455,K,Kontaktast,1,0,0,8.6342,,614.598,507.713,80,eingeschwungen
L1,0,0,0,8,0,0,0.35,0.1,0.65,10,egg THOLD=0.65,Kelvin-Voigt,1.5e+06,0.1,197.484,,,,9.81,Kontaktast,0,-0.6,-0.39,K,Kontaktast,1,0,0,8.6342,,527.691,459.962,80,eingeschwungen
L1,0,0,0,8,0,0,0.35,0.1,0.65,10,egg THOLD=0.65,Kelvin-Voigt,1.5e+06,0.1,197.484,,,,9.81,Kontaktast,0,-0.5,-0.325,K,Kontaktast,1,0,0,8.6342,,440.784,384.794,80,eingeschwungen
L1,0,0,0,8,0,0,0.35,0.1,0.65,10,egg THOLD=0.65,Kelvin-Voigt,1.5e+06,0.1,197.484,,,,9.81,Kontaktast,0,-0.4,-0.26,K,Kontaktast,1,0,0,8.6342,,353.876,276.616,80,eingeschwungen
L1,0,0,0,8,0,0,0.35,0.1,0.65,10,egg THOLD=0.65,Kelvin-Voigt,1.5e+06,0.1,197.484,,,,9.81,Kontaktast,0,-0.3,-0.195,K,Kontaktast,1,0,0,8.6342,,266.969,191.144,80,eingeschwungen
L1,0,0,0,8,0,0,0.35,0.1,0.65,10,egg THOLD=0.65,Kelvin-Voigt,1.5e+06,0.1,197.484,,,,9.81,Kontaktast,0,-0.2,-0.13,K,Kontaktast,1,0,0,8.6342,,180.062,124,80,eingeschwungen
L1,0,0,0,8,0,0,0.35,0.1,0.65,10,egg THOLD=0.65,Kelvin-Voigt,1.5e+06,0.1,197.484,,,,9.81,Kontaktast,0,-0.1,-0.065,K,Kontaktast,1,0,0,8.6342,,93.1544,65.0813,80,eingeschwungen
L1,0,0,0,8,0,0,0.35,0.1,0.65,10,egg THOLD=0.65,Kelvin-Voigt,1.5e+06,0.1,197.484,,,,9.81,Kontaktast,0,0,0,K,Kontaktast,1,0,0,8.6342,,8.6342,,80,eingeschwungen
L1,0,0,0,8,0,0,0.35,0.1,0.65,10,egg THOLD=0.65,Kelvin-Voigt,1.5e+06,0.1,197.484,,,,9.81,Kontaktast,0,0.1,0.065,K,Kontaktast,1,0,0,8.6342,,85.9883,85.9883,80,eingeschwungen
L1,0,0,0,8,0,0,0.35,0.1,0.65,10,egg THOLD=0.65,Kelvin-Voigt,1.5e+06,0.1,197.484,,,,9.81,Kontaktast,0,0.2,0.13,K,Kontaktast,1,0,0,8.6342,,167.465,167.465,80,eingeschwungen
L1,0,0,0,8,0,0,0.35,0.1,0.65,10,egg THOLD=0.65,Kelvin-Voigt,1.5e+06,0.1,197.484,,,,9.81,Kontaktast,0,0.3,0.195,K,Kontaktast,1,0,0,8.6342,,273.923,273.923,80,eingeschwungen
L1,0,0,0,8,0,0,0.35,0.1,0.65,10,egg THOLD=0.65,Kelvin-Voigt,1.5e+06,0.1,197.484,,,,9.81,Kontaktast,0,0.4,0.26,K,Kontaktast,1,0,0,8.6342,,415.794,415.794,80,eingeschwungen
L1,0,0,0,8,0,0,0.35,0.1,0.65,10,egg THOLD=0.65,Kelvin-Voigt,1.5e+06,0.1,197.484,,,,9.81,Kontaktast,0,0.5,0.325,K,Kontaktast,1,0,0,8.6342,,497.887,497.887,80,eingeschwungen
L1,0,0,0,8,0,0,0.35,0.1,0.65,10,egg THOLD=0.65,Kelvin-Voigt,1.5e+06,0.1,197.484,,,,9.81,Kontaktast,0,0.6,0.39,K,Kontaktast,1,0,0,8.6342,,554.452,554.452,80,eingeschwungen
L1,0,0,0,8,0,0,0.35,0.1,0.65,10,egg THOLD=0.65,Kelvin-Voigt,1.5e+06,0.1,197.484,,,,9.81,Kontaktast,0,0.7,0.455,K,Kontaktast,1,0,0,8.6342,,615.419,615.419,80,eingeschwungen
L1,0,0,0,8,0,0,0.35,0.1,0.65,10,egg THOLD=0.65,Kelvin-Voigt,1.5e+06,0.1,197.484,,,,9.81,Kontaktast,0,0.8,0.52,K,Kontaktast,1,0,0,8.6342,,709.191,709.191,80,eingeschwungen
L1,0,0,0,8,0,0,0.35,0.1,0.65,10,egg THOLD=0.65,Kelvin-Voigt,1.5e+06,0.1,197.484,,,,9.81,Kontaktast,0,0.9,0.585,K,Kontaktast,1,0,0,8.6342,,849.701,849.701,80,eingeschwungen
L1,0,0,0,8,0,0,0.35,0.1,0.65,10,egg THOLD=0.65,Kelvin-Voigt,1.5e+06,0.1,197.484,,,,9.81,Kontaktast,0,1,0.65,K,Kontaktast,1,0,0,8.6342,,932.701,932.701,80,eingeschwungen
L1,0,0,0,8,0,0,0.35,0.1,0.65,10,egg THOLD=0.65,Kelvin-Voigt,1.5e+06,0.1,197.484,,,,9.81,Kontaktast,0.125,-1,-0.65,K,Kontaktast,1,0,0,8.6342,,874.706,661.528,80,eingeschwungen
L1,0,0,0,8,0,0,0.35,0.1,0.65,10,egg THOLD=0.65,Kelvin-Voigt,1.5e+06,0.1,197.484,,,,9.81,Kontaktast,0.125,-0.9,-0.585,K,Kontaktast,1,0,0,8.6342,,787.799,583.009,80,eingeschwungen
L1,0,0,0,8,0,0,0.35,0.1,0.65,10,egg THOLD=0.65,Kelvin-Voigt,1.5e+06,0.1,197.484,,,,9.81,Kontaktast,0.125,-0.8,-0.52,K,Kontaktast,1,0,0,8.6342,,700.892,529.456,80,eingeschwungen
L1,0,0,0,8,0,0,0.35,0.1,0.65,10,egg THOLD=0.65,Kelvin-Voigt,1.5e+06,0.1,197.484,,,,9.81,Kontaktast,0.125,-0.7,-0.455,K,Kontaktast,1,0,0,8.6342,,613.985,488.012,80,eingeschwungen
L1,0,0,0,8,0,0,0.35,0.1,0.65,10,egg THOLD=0.65,Kelvin-Voigt,1.5e+06,0.1,197.484,,,,9.81,Kontaktast,0.125,-0.6,-0.39,K,Kontaktast,1,0,0,8.6342,,527.077,447.493,80,eingeschwungen
L1,0,0,0,8,0,0,0.35,0.1,0.65,10,egg THOLD=0.65,Kelvin-Voigt,1.5e+06,0.1,197.484,,,,9.81,Kontaktast,0.125,-0.5,-0.325,K,Kontaktast,1,0,0,8.6342,,440.17,399.12,80,eingeschwungen
L1,0,0,0,8,0,0,0.35,0.1,0.65,10,egg THOLD=0.65,Kelvin-Voigt,1.5e+06,0.1,197.484,,,,9.81,Kontaktast,0.125,-0.4,-0.26,K,Kontaktast,1,0,0,8.6342,,353.263,318.153,80,eingeschwungen
L1,0,0,0,8,0,0,0.35,0.1,0.65,10,egg THOLD=0.65,Kelvin-Voigt,1.5e+06,0.1,197.484,,,,9.81,Kontaktast,0.125,-0.3,-0.195,K,Kontaktast,1,0,0,8.6342,,266.355,213.233,80,eingeschwungen
L1,0,0,0,8,0,0,0.35,0.1,0.65,10,egg THOLD=0.65,Kelvin-Voigt,1.5e+06,0.1,197.484,,,,9.81,Kontaktast,0.125,-0.2,-0.13,K,Kontaktast,1,0,0,8.6342,,179.448,133.13,80,eingeschwungen
L1,0,0,0,8,0,0,0.35,0.1,0.65,10,egg THOLD=0.65,Kelvin-Voigt,1.5e+06,0.1,197.484,,,,9.81,Kontaktast,0.125,-0.1,-0.065,K,Kontaktast,1,0,0,8.6342,,92.5409,66.2278,80,eingeschwungen
L1,0,0,0,8,0,0,0.35,0.1,0.65,10,egg THOLD=0.65,Kelvin-Voigt,1.5e+06,0.1,197.484,,,,9.81,Kontaktast,0.125,0,0,K,Kontaktast,1,0,0,8.6342,,8.6342,,80,eingeschwungen
L1,0,0,0,8,0,0,0.35,0.1,0.65,10,egg THOLD=0.65,Kelvin-Voigt,1.5e+06,0.1,197.484,,,,9.81,Kontaktast,0.125,0.1,0.065,K,Kontaktast,1,0,0,8.6342,,88.3239,88.3239,80,eingeschwungen
L1,0,0,0,8,0,0,0.35,0.1,0.65,10,egg THOLD=0.65,Kelvin-Voigt,1.5e+06,0.1,197.484,,,,9.81,Kontaktast,0.125,0.2,0.13,K,Kontaktast,1,0,0,8.6342,,184.356,184.356,80,eingeschwungen
L1,0,0,0,8,0,0,0.35,0.1,0.65,10,egg THOLD=0.65,Kelvin-Voigt,1.5e+06,0.1,197.484,,,,9.81,Kontaktast,0.125,0.3,0.195,K,Kontaktast,1,0,0,8.6342,,318.095,318.095,80,eingeschwungen
L1,0,0,0,8,0,0,0.35,0.1,0.65,10,egg THOLD=0.65,Kelvin-Voigt,1.5e+06,0.1,197.484,,,,9.81,Kontaktast,0.125,0.4,0.26,K,Kontaktast,1,0,0,8.6342,,421.76,421.76,80,eingeschwungen
L1,0,0,0,8,0,0,0.35,0.1,0.65,10,egg THOLD=0.65,Kelvin-Voigt,1.5e+06,0.1,197.484,,,,9.81,Kontaktast,0.125,0.5,0.325,K,Kontaktast,1,0,0,8.6342,,481.526,481.526,80,eingeschwungen
L1,0,0,0,8,0,0,0.35,0.1,0.65,10,egg THOLD=0.65,Kelvin-Voigt,1.5e+06,0.1,197.484,,,,9.81,Kontaktast,0.125,0.6,0.39,K,Kontaktast,1,0,0,8.6342,,536.42,536.42,80,eingeschwungen
L1,0,0,0,8,0,0,0.35,0.1,0.65,10,egg THOLD=0.65,Kelvin-Voigt,1.5e+06,0.1,197.484,,,,9.81,Kontaktast,0.125,0.7,0.455,K,Kontaktast,1,0,0,8.6342,,611.884,611.884,80,eingeschwungen
L1,0,0,0,8,0,0,0.35,0.1,0.65,10,egg THOLD=0.65,Kelvin-Voigt,1.5e+06,0.1,197.484,,,,9.81,Kontaktast,0.125,0.8,0.52,K,Kontaktast,1,0,0,8.6342,,741.022,741.022,80,eingeschwungen
L1,0,0,0,8,0,0,0.35,0.1,0.65,10,egg THOLD=0.65,Kelvin-Voigt,1.5e+06,0.1,197.484,,,,9.81,Kontaktast,0.125,0.9,0.585,K,Kontaktast,1,0,0,8.6342,,851.377,851.377,80,eingeschwungen
L1,0,0,0,8,0,0,0.35,0.1,0.65,10,egg THOLD=0.65,Kelvin-Voigt,1.5e+06,0.1,197.484,,,,9.81,Kontaktast,0.125,1,0.65,K,Kontaktast,1,0,0,8.6342,,914.434,914.434,80,eingeschwungen
L1,0,0,0,8,0,0,0.35,0.1,0.65,10,egg THOLD=0.65,Kelvin-Voigt,1.5e+06,0.1,197.484,,,,9.81,Kontaktast,0.25,-1,-0.65,K,Kontaktast,1,0,0,8.6342,,874.294,674.126,80,eingeschwungen
L1,0,0,0,8,0,0,0.35,0.1,0.65,10,egg THOLD=0.65,Kelvin-Voigt,1.5e+06,0.1,197.484,,,,9.81,Kontaktast,0.25,-0.9,-0.585,K,Kontaktast,1,0,0,8.6342,,787.387,572.567,80,eingeschwungen
L1,0,0,0,8,0,0,0.35,0.1,0.65,10,egg THOLD=0.65,Kelvin-Voigt,1.5e+06,0.1,197.484,,,,9.81,Kontaktast,0.25,-0.8,-0.52,K,Kontaktast,1,0,0,8.6342,,700.479,507.553,80,eingeschwungen
L1,0,0,0,8,0,0,0.35,0.1,0.65,10,egg THOLD=0.65,Kelvin-Voigt,1.5e+06,0.1,197.484,,,,9.81,Kontaktast,0.25,-0.7,-0.455,K,Kontaktast,1,0,0,8.6342,,613.572,460.232,80,eingeschwungen
L1,0,0,0,8,0,0,0.35,0.1,0.65,10,egg THOLD=0.65,Kelvin-Voigt,1.5e+06,0.1,197.484,,,,9.81,Kontaktast,0.25,-0.6,-0.39,K,Kontaktast,1,0,0,8.6342,,526.665,421.129,80,eingeschwungen
L1,0,0,0,8,0,0,0.35,0.1,0.65,10,egg THOLD=0.65,Kelvin-Voigt,1.5e+06,0.1,197.484,,,,9.81,Kontaktast,0.25,-0.5,-0.325,K,Kontaktast,1,0,0,8.6342,,439.758,380.039,80,eingeschwungen
L1,0,0,0,8,0,0,0.35,0.1,0.65,10,egg THOLD=0.65,Kelvin-Voigt,1.5e+06,0.1,197.484,,,,9.81,Kontaktast,0.25,-0.4,-0.26,K,Kontaktast,1,0,0,8.6342,,352.85,326.923,80,eingeschwungen
L1,0,0,0,8,0,0,0.35,0.1,0.65,10,egg THOLD=0.65,Kelvin-Voigt,1.5e+06,0.1,197.484,,,,9.81,Kontaktast,0.25,-0.3,-0.195,K,Kontaktast,1,0,0,8.6342,,265.943,238.232,80,eingeschwungen
L1,0,0,0,8,0,0,0.35,0.1,0.65,10,egg THOLD=0.65,Kelvin-Voigt,1.5e+06,0.1,197.484,,,,9.81,Kontaktast,0.25,-0.2,-0.13,K,Kontaktast,1,0,0,8.6342,,179.036,142.71,80,eingeschwungen
L1,0,0,0,8,0,0,0.35,0.1,0.65,10,egg THOLD=0.65,Kelvin-Voigt,1.5e+06,0.1,197.484,,,,9.81,Kontaktast,0.25,-0.1,-0.065,K,Kontaktast,1,0,0,8.6342,,92.1285,69.0028,80,eingeschwungen
L1,0,0,0,8,0,0,0.35,0.1,0.65,10,egg THOLD=0.65,Kelvin-Voigt,1.5e+06,0.1,197.484,,,,9.81,Kontaktast,0.25,0,0,K,Kontaktast,1,0,0,8.6342,,8.6342,,80,eingeschwungen
L1,0,0,0,8,0,0,0.35,0.1,0.65,10,egg THOLD=0.65,Kelvin-Voigt,1.5e+06,0.1,197.484,,,,9.81,Kontaktast,0.25,0.1,0.065,K,Kontaktast,1,0,0,8.6342,,93.2742,93.2742,80,eingeschwungen
L1,0,0,0,8,0,0,0.35,0.1,0.65,10,egg THOLD=0.65,Kelvin-Voigt,1.5e+06,0.1,197.484,,,,9.81,Kontaktast,0.25,0.2,0.13,K,Kontaktast,1,0,0,8.6342,,204.156,204.156,80,eingeschwungen
L1,0,0,0,8,0,0,0.35,0.1,0.65,10,egg THOLD=0.65,Kelvin-Voigt,1.5e+06,0.1,197.484,,,,9.81,Kontaktast,0.25,0.3,0.195,K,Kontaktast,1,0,0,8.6342,,331.184,331.184,80,eingeschwungen
L1,0,0,0,8,0,0,0.35,0.1,0.65,10,egg THOLD=0.65,Kelvin-Voigt,1.5e+06,0.1,197.484,,,,9.81,Kontaktast,0.25,0.4,0.26,K,Kontaktast,1,0,0,8.6342,,401.39,401.39,80,eingeschwungen
L1,0,0,0,8,0,0,0.35,0.1,0.65,10,egg THOLD=0.65,Kelvin-Voigt,1.5e+06,0.1,197.484,,,,9.81,Kontaktast,0.25,0.5,0.325,K,Kontaktast,1,0,0,8.6342,,454.582,454.582,80,eingeschwungen
L1,0,0,0,8,0,0,0.35,0.1,0.65,10,egg THOLD=0.65,Kelvin-Voigt,1.5e+06,0.1,197.484,,,,9.81,Kontaktast,0.25,0.6,0.39,K,Kontaktast,1,0,0,8.6342,,515.506,515.506,80,eingeschwungen
L1,0,0,0,8,0,0,0.35,0.1,0.65,10,egg THOLD=0.65,Kelvin-Voigt,1.5e+06,0.1,197.484,,,,9.81,Kontaktast,0.25,0.7,0.455,K,Kontaktast,1,0,0,8.6342,,611.084,611.084,80,eingeschwungen
L1,0,0,0,8,0,0,0.35,0.1,0.65,10,egg THOLD=0.65,Kelvin-Voigt,1.5e+06,0.1,197.484,,,,9.81,Kontaktast,0.25,0.8,0.52,K,Kontaktast,1,0,0,8.6342,,749.872,749.872,80,eingeschwungen
L1,0,0,0,8,0,0,0.35,0.1,0.65,10,egg THOLD=0.65,Kelvin-Voigt,1.5e+06,0.1,197.484,,,,9.81,Kontaktast,0.25,0.9,0.585,K,Kontaktast,1,0,0,8.6342,,830.211,830.211,80,eingeschwungen
L1,0,0,0,8,0,0,0.35,0.1,0.65,10,egg THOLD=0.65,Kelvin-Voigt,1.5e+06,0.1,197.484,,,,9.81,Kontaktast,0.25,1,0.65,K,Kontaktast,1,0,0,8.6342,,886.239,886.239,80,eingeschwungen
L1,0,0,0,8,0,0,0.35,0.1,0.65,10,egg THOLD=0.65,Kelvin-Voigt,1.5e+06,0.1,197.484,,,,9.81,Kontaktast,0.375,-1,-0.65,K,Kontaktast,1,0,0,8.6342,,874.281,674.489,80,eingeschwungen
L1,0,0,0,8,0,0,0.35,0.1,0.65,10,egg THOLD=0.65,Kelvin-Voigt,1.5e+06,0.1,197.484,,,,9.81,Kontaktast,0.375,-0.9,-0.585,K,Kontaktast,1,0,0,8.6342,,787.374,569.278,80,eingeschwungen
L1,0,0,0,8,0,0,0.35,0.1,0.65,10,egg THOLD=0.65,Kelvin-Voigt,1.5e+06,0.1,197.484,,,,9.81,Kontaktast,0.375,-0.8,-0.52,K,Kontaktast,1,0,0,8.6342,,700.467,485.543,80,eingeschwungen
L1,0,0,0,8,0,0,0.35,0.1,0.65,10,egg THOLD=0.65,Kelvin-Voigt,1.5e+06,0.1,197.484,,,,9.81,Kontaktast,0.375,-0.7,-0.455,K,Kontaktast,1,0,0,8.6342,,613.559,429.409,80,eingeschwungen
L1,0,0,0,8,0,0,0.35,0.1,0.65,10,egg THOLD=0.65,Kelvin-Voigt,1.5e+06,0.1,197.484,,,,9.81,Kontaktast,0.375,-0.6,-0.39,K,Kontaktast,1,0,0,8.6342,,526.652,387.332,80,eingeschwungen
L1,0,0,0,8,0,0,0.35,0.1,0.65,10,egg THOLD=0.65,Kelvin-Voigt,1.5e+06,0.1,197.484,,,,9.81,Kontaktast,0.375,-0.5,-0.325,K,Kontaktast,1,0,0,8.6342,,439.745,349.077,80,eingeschwungen
L1,0,0,0,8,0,0,0.35,0.1,0.65,10,egg THOLD=0.65,Kelvin-Voigt,1.5e+06,0.1,197.484,,,,9.81,Kontaktast,0.375,-0.4,-0.26,K,Kontaktast,1,0,0,8.6342,,352.838,307.056,80,eingeschwungen
L1,0,0,0,8,0,0,0.35,0.1,0.65,10,egg THOLD=0.65,Kelvin-Voigt,1.5e+06,0.1,197.484,,,,9.81,Kontaktast,0.375,-0.3,-0.195,K,Kontaktast,1,0,0,8.6342,,265.93,244.297,80,eingeschwungen
L1,0,0,0,8,0,0,0.35,0.1,0.65,10,egg THOLD=0.65,Kelvin-Voigt,1.5e+06,0.1,197.484,,,,9.81,Kontaktast,0.375,-0.2,-0.13,K,Kontaktast,1,0,0,8.6342,,179.023,153.099,80,eingeschwungen
L1,0,0,0,8,0,0,0.35,0.1,0.65,10,egg THOLD=0.65,Kelvin-Voigt,1.5e+06,0.1,197.484,,,,9.81,Kontaktast,0.375,-0.1,-0.065,K,Kontaktast,1,0,0,8.6342,,92.1157,71.4283,80,eingeschwungen
L1,0,0,0,8,0,0,0.35,0.1,0.65,10,egg THOLD=0.65,Kelvin-Voigt,1.5e+06,0.1,197.484,,,,9.81,Kontaktast,0.375,0,0,K,Kontaktast,1,0,0,8.6342,,8.6342,,80,eingeschwungen
L1,0,0,0,8,0,0,0.35,0.1,0.65,10,egg THOLD=0.65,Kelvin-Voigt,1.5e+06,0.1,197.484,,,,9.81,Kontaktast,0.375,0.1,0.065,K,Kontaktast,1,0,0,8.6342,,97.1971,97.1971,80,eingeschwungen
L1,0,0,0,8,0,0,0.35,0.1,0.65,10,egg THOLD=0.65,Kelvin-Voigt,1.5e+06,0.1,197.484,,,,9.81,Kontaktast,0.375,0.2,0.13,K,Kontaktast,1,0,0,8.6342,,218.339,218.339,80,eingeschwungen
L1,0,0,0,8,0,0,0.35,0.1,0.65,10,egg THOLD=0.65,Kelvin-Voigt,1.5e+06,0.1,197.484,,,,9.81,Kontaktast,0.375,0.3,0.195,K,Kontaktast,1,0,0,8.6342,,313.946,313.946,80,eingeschwungen
L1,0,0,0,8,0,0,0.35,0.1,0.65,10,egg THOLD=0.65,Kelvin-Voigt,1.5e+06,0.1,197.484,,,,9.81,Kontaktast,0.375,0.4,0.26,K,Kontaktast,1,0,0,8.6342,,369.996,369.996,80,eingeschwungen
L1,0,0,0,8,0,0,0.35,0.1,0.65,10,egg THOLD=0.65,Kelvin-Voigt,1.5e+06,0.1,197.484,,,,9.81,Kontaktast,0.375,0.5,0.325,K,Kontaktast,1,0,0,8.6342,,422.637,422.637,80,eingeschwungen
L1,0,0,0,8,0,0,0.35,0.1,0.65,10,egg THOLD=0.65,Kelvin-Voigt,1.5e+06,0.1,197.484,,,,9.81,Kontaktast,0.375,0.6,0.39,K,Kontaktast,1,0,0,8.6342,,493.99,493.99,80,eingeschwungen
L1,0,0,0,8,0,0,0.35,0.1,0.65,10,egg THOLD=0.65,Kelvin-Voigt,1.5e+06,0.1,197.484,,,,9.81,Kontaktast,0.375,0.7,0.455,K,Kontaktast,1,0,0,8.6342,,614.594,614.594,80,eingeschwungen
L1,0,0,0,8,0,0,0.35,0.1,0.65,10,egg THOLD=0.65,Kelvin-Voigt,1.5e+06,0.1,197.484,,,,9.81,Kontaktast,0.375,0.8,0.52,K,Kontaktast,1,0,0,8.6342,,734.494,734.494,80,eingeschwungen
L1,0,0,0,8,0,0,0.35,0.1,0.65,10,egg THOLD=0.65,Kelvin-Voigt,1.5e+06,0.1,197.484,,,,9.81,Kontaktast,0.375,0.9,0.585,K,Kontaktast,1,0,0,8.6342,,799.917,799.917,80,eingeschwungen
L1,0,0,0,8,0,0,0.35,0.1,0.65,10,egg THOLD=0.65,Kelvin-Voigt,1.5e+06,0.1,197.484,,,,9.81,Kontaktast,0.375,1,0.65,K,Kontaktast,1,0,0,8.6342,,854.353,854.353,80,eingeschwungen
L1,0,0,0,8,0,0,0.35,0.1,0.65,10,egg THOLD=0.65,Kelvin-Voigt,1.5e+06,0.1,197.484,,,,9.81,Kontaktast,0.5,-1,-0.65,K,Kontaktast,1,0,0,8.6342,,874.681,663.466,80,eingeschwungen
L1,0,0,0,8,0,0,0.35,0.1,0.65,10,egg THOLD=0.65,Kelvin-Voigt,1.5e+06,0.1,197.484,,,,9.81,Kontaktast,0.5,-0.9,-0.585,K,Kontaktast,1,0,0,8.6342,,787.773,575.313,80,eingeschwungen
L1,0,0,0,8,0,0,0.35,0.1,0.65,10,egg THOLD=0.65,Kelvin-Voigt,1.5e+06,0.1,197.484,,,,9.81,Kontaktast,0.5,-0.8,-0.52,K,Kontaktast,1,0,0,8.6342,,700.866,470.93,80,eingeschwungen
L1,0,0,0,8,0,0,0.35,0.1,0.65,10,egg THOLD=0.65,Kelvin-Voigt,1.5e+06,0.1,197.484,,,,9.81,Kontaktast,0.5,-0.7,-0.455,K,Kontaktast,1,0,0,8.6342,,613.959,401.975,80,eingeschwungen
L1,0,0,0,8,0,0,0.35,0.1,0.65,10,egg THOLD=0.65,Kelvin-Voigt,1.5e+06,0.1,197.484,,,,9.81,Kontaktast,0.5,-0.6,-0.39,K,Kontaktast,1,0,0,8.6342,,527.051,352.117,80,eingeschwungen
L1,0,0,0,8,0,0,0.35,0.1,0.65,10,egg THOLD=0.65,Kelvin-Voigt,1.5e+06,0.1,197.484,,,,9.81,Kontaktast,0.5,-0.5,-0.325,K,Kontaktast,1,0,0,8.6342,,440.144,312.398,80,eingeschwungen
L1,0,0,0,8,0,0,0.35,0.1,0.65,10,egg THOLD=0.65,Kelvin-Voigt,1.5e+06,0.1,197.484,,,,9.81,Kontaktast,0.5,-0.4,-0.26,K,Kontaktast,1,0,0,8.6342,,353.237,273.573,80,eingeschwungen
L1,0,0,0,8,0,0,0.35,0.1,0.65,10,egg THOLD=0.65,Kelvin-Voigt,1.5e+06,0.1,197.484,,,,9.81,Kontaktast,0.5,-0.3,-0.195,K,Kontaktast,1,0,0,8.6342,,266.33,229.111,80,eingeschwungen
L1,0,0,0,8,0,0,0.35,0.1,0.65,10,egg THOLD=0.65,Kelvin-Voigt,1.5e+06,0.1,197.484,,,,9.81,Kontaktast,0.5,-0.2,-0.13,K,Kontaktast,1,0,0,8.6342,,179.422,158.77,80,eingeschwungen
L1,0,0,0,8,0,0,0.35,0.1,0.65,10,egg THOLD=0.65,Kelvin-Voigt,1.5e+06,0.1,197.484,,,,9.81,Kontaktast,0.5,-0.1,-0.065,K,Kontaktast,1,0,0,8.6342,,92.515,73.5089,80,eingeschwungen
L1,0,0,0,8,0,0,0.35,0.1,0.65,10,egg THOLD=0.65,Kelvin-Voigt,1.5e+06,0.1,197.484,,,,9.81,Kontaktast,0.5,0,0,K,Kontaktast,1,0,0,8.6342,,8.6342,,80,eingeschwungen
L1,0,0,0,8,0,0,0.35,0.1,0.65,10,egg THOLD=0.65,Kelvin-Voigt,1.5e+06,0.1,197.484,,,,9.81,Kontaktast,0.5,0.1,0.065,K,Kontaktast,1,0,0,8.6342,,102.366,102.366,80,eingeschwungen
L1,0,0,0,8,0,0,0.35,0.1,0.65,10,egg THOLD=0.65,Kelvin-Voigt,1.5e+06,0.1,197.484,,,,9.81,Kontaktast,0.5,0.2,0.13,K,Kontaktast,1,0,0,8.6342,,213.717,213.717,80,eingeschwungen
L1,0,0,0,8,0,0,0.35,0.1,0.65,10,egg THOLD=0.65,Kelvin-Voigt,1.5e+06,0.1,197.484,,,,9.81,Kontaktast,0.5,0.3,0.195,K,Kontaktast,1,0,0,8.6342,,281.457,281.457,80,eingeschwungen
L1,0,0,0,8,0,0,0.35,0.1,0.65,10,egg THOLD=0.65,Kelvin-Voigt,1.5e+06,0.1,197.484,,,,9.81,Kontaktast,0.5,0.4,0.26,K,Kontaktast,1,0,0,8.6342,,333.513,333.513,80,eingeschwungen
L1,0,0,0,8,0,0,0.35,0.1,0.65,10,egg THOLD=0.65,Kelvin-Voigt,1.5e+06,0.1,197.484,,,,9.81,Kontaktast,0.5,0.5,0.325,K,Kontaktast,1,0,0,8.6342,,391.657,391.657,80,eingeschwungen
L1,0,0,0,8,0,0,0.35,0.1,0.65,10,egg THOLD=0.65,Kelvin-Voigt,1.5e+06,0.1,197.484,,,,9.81,Kontaktast,0.5,0.6,0.39,K,Kontaktast,1,0,0,8.6342,,478.477,478.477,80,eingeschwungen
L1,0,0,0,8,0,0,0.35,0.1,0.65,10,egg THOLD=0.65,Kelvin-Voigt,1.5e+06,0.1,197.484,,,,9.81,Kontaktast,0.5,0.7,0.455,K,Kontaktast,1,0,0,8.6342,,617.727,617.727,80,eingeschwungen
L1,0,0,0,8,0,0,0.35,0.1,0.65,10,egg THOLD=0.65,Kelvin-Voigt,1.5e+06,0.1,197.484,,,,9.81,Kontaktast,0.5,0.8,0.52,K,Kontaktast,1,0,0,8.6342,,709.079,709.079,80,eingeschwungen
L1,0,0,0,8,0,0,0.35,0.1,0.65,10,egg THOLD=0.65,Kelvin-Voigt,1.5e+06,0.1,197.484,,,,9.81,Kontaktast,0.5,0.9,0.585,K,Kontaktast,1,0,0,8.6342,,767.216,767.216,80,eingeschwungen
L1,0,0,0,8,0,0,0.35,0.1,0.65,10,egg THOLD=0.65,Kelvin-Voigt,1.5e+06,0.1,197.484,,,,9.81,Kontaktast,0.5,1,0.65,K,Kontaktast,1,0,0,8.6342,,825.129,825.129,80,eingeschwungen
L1,0,0,0,8,0,0,0.35,0.1,0.65,10,egg THOLD=0.65,Kelvin-Voigt,1.5e+06,0.1,197.484,,,,9.81,Kontaktast,0.625,-1,-0.65,K,Kontaktast,1,0,0,8.6342,,875.352,644.715,80,eingeschwungen
L1,0,0,0,8,0,0,0.35,0.1,0.65,10,egg THOLD=0.65,Kelvin-Voigt,1.5e+06,0.1,197.484,,,,9.81,Kontaktast,0.625,-0.9,-0.585,K,Kontaktast,1,0,0,8.6342,,788.445,584.798,80,eingeschwungen
L1,0,0,0,8,0,0,0.35,0.1,0.65,10,egg THOLD=0.65,Kelvin-Voigt,1.5e+06,0.1,197.484,,,,9.81,Kontaktast,0.625,-0.8,-0.52,K,Kontaktast,1,0,0,8.6342,,701.537,484.32,80,eingeschwungen
L1,0,0,0,8,0,0,0.35,0.1,0.65,10,egg THOLD=0.65,Kelvin-Voigt,1.5e+06,0.1,197.484,,,,9.81,Kontaktast,0.625,-0.7,-0.455,K,Kontaktast,1,0,0,8.6342,,614.63,388.25,80,eingeschwungen
L1,0,0,0,8,0,0,0.35,0.1,0.65,10,egg THOLD=0.65,Kelvin-Voigt,1.5e+06,0.1,197.484,,,,9.81,Kontaktast,0.625,-0.6,-0.39,K,Kontaktast,1,0,0,8.6342,,527.723,324.147,80,eingeschwungen
L1,0,0,0,8,0,0,0.35,0.1,0.65,10,egg THOLD=0.65,Kelvin-Voigt,1.5e+06,0.1,197.484,,,,9.81,Kontaktast,0.625,-0.5,-0.325,K,Kontaktast,1,0,0,8.6342,,440.816,276.417,80,eingeschwungen
L1,0,0,0,8,0,0,0.35,0.1,0.65,10,egg THOLD=0.65,Kelvin-Voigt,1.5e+06,0.1,197.484,,,,9.81,Kontaktast,0.625,-0.4,-0.26,K,Kontaktast,1,0,0,8.6342,,353.908,235.848,80,eingeschwungen
L1,0,0,0,8,0,0,0.35,0.1,0.65,10,egg THOLD=0.65,Kelvin-Voigt,1.5e+06,0.1,197.484,,,,9.81,Kontaktast,0.625,-0.3,-0.195,K,Kontaktast,1,0,0,8.6342,,267.001,195.608,80,eingeschwungen
L1,0,0,0,8,0,0,0.35,0.1,0.65,10,egg THOLD=0.65,Kelvin-Voigt,1.5e+06,0.1,197.484,,,,9.81,Kontaktast,0.625,-0.2,-0.13,K,Kontaktast,1,0,0,8.6342,,180.094,146.456,80,eingeschwungen
L1,0,0,0,8,0,0,0.35,0.1,0.65,10,egg THOLD=0.65,Kelvin-Voigt,1.5e+06,0.1,197.484,,,,9.81,Kontaktast,0.625,-0.1,-0.065,K,Kontaktast,1,0,0,8.6342,,93.1864,77.0912,80,eingeschwungen
L1,0,0,0,8,0,0,0.35,0.1,0.65,10,egg THOLD=0.65,Kelvin-Voigt,1.5e+06,0.1,197.484,,,,9.81,Kontaktast,0.625,0,0,K,Kontaktast,1,0,0,8.6342,,8.6342,,80,eingeschwungen
L1,0,0,0,8,0,0,0.35,0.1,0.65,10,egg THOLD=0.65,Kelvin-Voigt,1.5e+06,0.1,197.484,,,,9.81,Kontaktast,0.625,0.1,0.065,K,Kontaktast,1,0,0,8.6342,,105.024,105.024,80,eingeschwungen
L1,0,0,0,8,0,0,0.35,0.1,0.65,10,egg THOLD=0.65,Kelvin-Voigt,1.5e+06,0.1,197.484,,,,9.81,Kontaktast,0.625,0.2,0.13,K,Kontaktast,1,0,0,8.6342,,189.436,189.436,80,eingeschwungen
L1,0,0,0,8,0,0,0.35,0.1,0.65,10,egg THOLD=0.65,Kelvin-Voigt,1.5e+06,0.1,197.484,,,,9.81,Kontaktast,0.625,0.3,0.195,K,Kontaktast,1,0,0,8.6342,,244.052,244.052,80,eingeschwungen
L1,0,0,0,8,0,0,0.35,0.1,0.65,10,egg THOLD=0.65,Kelvin-Voigt,1.5e+06,0.1,197.484,,,,9.81,Kontaktast,0.625,0.4,0.26,K,Kontaktast,1,0,0,8.6342,,298.666,298.666,80,eingeschwungen
L1,0,0,0,8,0,0,0.35,0.1,0.65,10,egg THOLD=0.65,Kelvin-Voigt,1.5e+06,0.1,197.484,,,,9.81,Kontaktast,0.625,0.5,0.325,K,Kontaktast,1,0,0,8.6342,,371.008,371.008,80,eingeschwungen
L1,0,0,0,8,0,0,0.35,0.1,0.65,10,egg THOLD=0.65,Kelvin-Voigt,1.5e+06,0.1,197.484,,,,9.81,Kontaktast,0.625,0.6,0.39,K,Kontaktast,1,0,0,8.6342,,488.787,488.787,80,eingeschwungen
L1,0,0,0,8,0,0,0.35,0.1,0.65,10,egg THOLD=0.65,Kelvin-Voigt,1.5e+06,0.1,197.484,,,,9.81,Kontaktast,0.625,0.7,0.455,K,Kontaktast,1,0,0,8.6342,,615.78,615.78,80,eingeschwungen
L1,0,0,0,8,0,0,0.35,0.1,0.65,10,egg THOLD=0.65,Kelvin-Voigt,1.5e+06,0.1,197.484,,,,9.81,Kontaktast,0.625,0.8,0.52,K,Kontaktast,1,0,0,8.6342,,683.561,683.561,80,eingeschwungen
L1,0,0,0,8,0,0,0.35,0.1,0.65,10,egg THOLD=0.65,Kelvin-Voigt,1.5e+06,0.1,197.484,,,,9.81,Kontaktast,0.625,0.9,0.585,K,Kontaktast,1,0,0,8.6342,,738.445,738.445,80,eingeschwungen
L1,0,0,0,8,0,0,0.35,0.1,0.65,10,egg THOLD=0.65,Kelvin-Voigt,1.5e+06,0.1,197.484,,,,9.81,Kontaktast,0.625,1,0.65,K,Kontaktast,1,0,0,8.6342,,807.342,807.342,80,eingeschwungen
L1,0,0,0,8,0,0,0.35,0.1,0.65,10,egg THOLD=0.65,Kelvin-Voigt,1.5e+06,0.1,197.484,,,,9.81,Kontaktast,0.75,-1,-0.65,K,Kontaktast,1,0,0,8.6342,,877.332,635.263,80,eingeschwungen
L1,0,0,0,8,0,0,0.35,0.1,0.65,10,egg THOLD=0.65,Kelvin-Voigt,1.5e+06,0.1,197.484,,,,9.81,Kontaktast,0.75,-0.9,-0.585,K,Kontaktast,1,0,0,8.6342,,790.425,591.157,80,eingeschwungen
L1,0,0,0,8,0,0,0.35,0.1,0.65,10,egg THOLD=0.65,Kelvin-Voigt,1.5e+06,0.1,197.484,,,,9.81,Kontaktast,0.75,-0.8,-0.52,K,Kontaktast,1,0,0,8.6342,,703.518,532.826,80,eingeschwungen
L1,0,0,0,8,0,0,0.35,0.1,0.65,10,egg THOLD=0.65,Kelvin-Voigt,1.5e+06,0.1,197.484,,,,9.81,Kontaktast,0.75,-0.7,-0.455,K,Kontaktast,1,0,0,8.6342,,616.61,433.503,80,eingeschwungen
L1,0,0,0,8,0,0,0.35,0.1,0.65,10,egg THOLD=0.65,Kelvin-Voigt,1.5e+06,0.1,197.484,,,,9.81,Kontaktast,0.75,-0.6,-0.39,K,Kontaktast,1,0,0,8.6342,,529.703,333.196,80,eingeschwungen
L1,0,0,0,8,0,0,0.35,0.1,0.65,10,egg THOLD=0.65,Kelvin-Voigt,1.5e+06,0.1,197.484,,,,9.81,Kontaktast,0.75,-0.5,-0.325,K,Kontaktast,1,0,0,8.6342,,442.796,264.55,80,eingeschwungen
L1,0,0,0,8,0,0,0.35,0.1,0.65,10,egg THOLD=0.65,Kelvin-Voigt,1.5e+06,0.1,197.484,,,,9.81,Kontaktast,0.75,-0.4,-0.26,K,Kontaktast,1,0,0,8.6342,,355.888,212.027,80,eingeschwungen
L1,0,0,0,8,0,0,0.35,0.1,0.65,10,egg THOLD=0.65,Kelvin-Voigt,1.5e+06,0.1,197.484,,,,9.81,Kontaktast,0.75,-0.3,-0.195,K,Kontaktast,1,0,0,8.6342,,268.981,166.436,80,eingeschwungen
L1,0,0,0,8,0,0,0.35,0.1,0.65,10,egg THOLD=0.65,Kelvin-Voigt,1.5e+06,0.1,197.484,,,,9.81,Kontaktast,0.75,-0.2,-0.13,K,Kontaktast,1,0,0,8.6342,,182.074,121.998,80,eingeschwungen
L1,0,0,0,8,0,0,0.35,0.1,0.65,10,egg THOLD=0.65,Kelvin-Voigt,1.5e+06,0.1,197.484,,,,9.81,Kontaktast,0.75,-0.1,-0.065,K,Kontaktast,1,0,0,8.6342,,95.1666,69.9092,80,eingeschwungen
L1,0,0,0,8,0,0,0.35,0.1,0.65,10,egg THOLD=0.65,Kelvin-Voigt,1.5e+06,0.1,197.484,,,,9.81,Kontaktast,0.75,0,0,K,Kontaktast,1,0,0,8.6342,,8.6342,,80,eingeschwungen
L1,0,0,0,8,0,0,0.35,0.1,0.65,10,egg THOLD=0.65,Kelvin-Voigt,1.5e+06,0.1,197.484,,,,9.81,Kontaktast,0.75,0.1,0.065,K,Kontaktast,1,0,0,8.6342,,93.0038,93.0038,80,eingeschwungen
L1,0,0,0,8,0,0,0.35,0.1,0.65,10,egg THOLD=0.65,Kelvin-Voigt,1.5e+06,0.1,197.484,,,,9.81,Kontaktast,0.75,0.2,0.13,K,Kontaktast,1,0,0,8.6342,,156.505,156.505,80,eingeschwungen
L1,0,0,0,8,0,0,0.35,0.1,0.65,10,egg THOLD=0.65,Kelvin-Voigt,1.5e+06,0.1,197.484,,,,9.81,Kontaktast,0.75,0.3,0.195,K,Kontaktast,1,0,0,8.6342,,215.782,215.782,80,eingeschwungen
L1,0,0,0,8,0,0,0.35,0.1,0.65,10,egg THOLD=0.65,Kelvin-Voigt,1.5e+06,0.1,197.484,,,,9.81,Kontaktast,0.75,0.4,0.26,K,Kontaktast,1,0,0,8.6342,,285.966,285.966,80,eingeschwungen
L1,0,0,0,8,0,0,0.35,0.1,0.65,10,egg THOLD=0.65,Kelvin-Voigt,1.5e+06,0.1,197.484,,,,9.81,Kontaktast,0.75,0.5,0.325,K,Kontaktast,1,0,0,8.6342,,390.677,390.677,80,eingeschwungen
L1,0,0,0,8,0,0,0.35,0.1,0.65,10,egg THOLD=0.65,Kelvin-Voigt,1.5e+06,0.1,197.484,,,,9.81,Kontaktast,0.75,0.6,0.39,K,Kontaktast,1,0,0,8.6342,,531.694,531.694,80,eingeschwungen
L1,0,0,0,8,0,0,0.35,0.1,0.65,10,egg THOLD=0.65,Kelvin-Voigt,1.5e+06,0.1,197.484,,,,9.81,Kontaktast,0.75,0.7,0.455,K,Kontaktast,1,0,0,8.6342,,610.695,610.695,80,eingeschwungen
L1,0,0,0,8,0,0,0.35,0.1,0.65,10,egg THOLD=0.65,Kelvin-Voigt,1.5e+06,0.1,197.484,,,,9.81,Kontaktast,0.75,0.8,0.52,K,Kontaktast,1,0,0,8.6342,,667.158,667.158,80,eingeschwungen
L1,0,0,0,8,0,0,0.35,0.1,0.65,10,egg THOLD=0.65,Kelvin-Voigt,1.5e+06,0.1,197.484,,,,9.81,Kontaktast,0.75,0.9,0.585,K,Kontaktast,1,0,0,8.6342,,730.313,730.313,80,eingeschwungen
L1,0,0,0,8,0,0,0.35,0.1,0.65,10,egg THOLD=0.65,Kelvin-Voigt,1.5e+06,0.1,197.484,,,,9.81,Kontaktast,0.75,1,0.65,K,Kontaktast,1,0,0,8.6342,,830.966,830.966,80,eingeschwungen
L1,0,0,0,8,0,0,0.35,0.1,0.65,10,egg THOLD=0.65,Kelvin-Voigt,1.5e+06,0.1,197.484,,,,9.81,Kontaktast,0.875,-1,-0.65,K,Kontaktast,1,0,0,8.6342,,877.411,640.051,80,eingeschwungen
L1,0,0,0,8,0,0,0.35,0.1,0.65,10,egg THOLD=0.65,Kelvin-Voigt,1.5e+06,0.1,197.484,,,,9.81,Kontaktast,0.875,-0.9,-0.585,K,Kontaktast,1,0,0,8.6342,,790.504,596.634,80,eingeschwungen
L1,0,0,0,8,0,0,0.35,0.1,0.65,10,egg THOLD=0.65,Kelvin-Voigt,1.5e+06,0.1,197.484,,,,9.81,Kontaktast,0.875,-0.8,-0.52,K,Kontaktast,1,0,0,8.6342,,703.596,554.986,80,eingeschwungen
L1,0,0,0,8,0,0,0.35,0.1,0.65,10,egg THOLD=0.65,Kelvin-Voigt,1.5e+06,0.1,197.484,,,,9.81,Kontaktast,0.875,-0.7,-0.455,K,Kontaktast,1,0,0,8.6342,,616.689,504.896,80,eingeschwungen
L1,0,0,0,8,0,0,0.35,0.1,0.65,10,egg THOLD=0.65,Kelvin-Voigt,1.5e+06,0.1,197.484,,,,9.81,Kontaktast,0.875,-0.6,-0.39,K,Kontaktast,1,0,0,8.6342,,529.782,422.758,80,eingeschwungen
L1,0,0,0,8,0,0,0.35,0.1,0.65,10,egg THOLD=0.65,Kelvin-Voigt,1.5e+06,0.1,197.484,,,,9.81,Kontaktast,0.875,-0.5,-0.325,K,Kontaktast,1,0,0,8.6342,,442.875,312.809,80,eingeschwungen
L1,0,0,0,8,0,0,0.35,0.1,0.65,10,egg THOLD=0.65,Kelvin-Voigt,1.5e+06,0.1,197.484,,,,9.81,Kontaktast,0.875,-0.4,-0.26,K,Kontaktast,1,0,0,8.6342,,355.967,231.958,80,eingeschwungen
L1,0,0,0,8,0,0,0.35,0.1,0.65,10,egg THOLD=0.65,Kelvin-Voigt,1.5e+06,0.1,197.484,,,,9.81,Kontaktast,0.875,-0.3,-0.195,K,Kontaktast,1,0,0,8.6342,,269.06,169.47,80,eingeschwungen
L1,0,0,0,8,0,0,0.35,0.1,0.65,10,egg THOLD=0.65,Kelvin-Voigt,1.5e+06,0.1,197.484,,,,9.81,Kontaktast,0.875,-0.2,-0.13,K,Kontaktast,1,0,0,8.6342,,182.153,115.872,80,eingeschwungen
L1,0,0,0,8,0,0,0.35,0.1,0.65,10,egg THOLD=0.65,Kelvin-Voigt,1.5e+06,0.1,197.484,,,,9.81,Kontaktast,0.875,-0.1,-0.065,K,Kontaktast,1,0,0,8.6342,,95.2455,62.2925,80,eingeschwungen
L1,0,0,0,8,0,0,0.35,0.1,0.65,10,egg THOLD=0.65,Kelvin-Voigt,1.5e+06,0.1,197.484,,,,9.81,Kontaktast,0.875,0,0,K,Kontaktast,1,0,0,8.6342,,8.6342,,80,eingeschwungen
L1,0,0,0,8,0,0,0.35,0.1,0.65,10,egg THOLD=0.65,Kelvin-Voigt,1.5e+06,0.1,197.484,,,,9.81,Kontaktast,0.875,0.1,0.065,K,Kontaktast,1,0,0,8.6342,,81.6283,81.6283,80,eingeschwungen
L1,0,0,0,8,0,0,0.35,0.1,0.65,10,egg THOLD=0.65,Kelvin-Voigt,1.5e+06,0.1,197.484,,,,9.81,Kontaktast,0.875,0.2,0.13,K,Kontaktast,1,0,0,8.6342,,151.407,151.407,80,eingeschwungen
L1,0,0,0,8,0,0,0.35,0.1,0.65,10,egg THOLD=0.65,Kelvin-Voigt,1.5e+06,0.1,197.484,,,,9.81,Kontaktast,0.875,0.3,0.195,K,Kontaktast,1,0,0,8.6342,,228.993,228.993,80,eingeschwungen
L1,0,0,0,8,0,0,0.35,0.1,0.65,10,egg THOLD=0.65,Kelvin-Voigt,1.5e+06,0.1,197.484,,,,9.81,Kontaktast,0.875,0.4,0.26,K,Kontaktast,1,0,0,8.6342,,339.044,339.044,80,eingeschwungen
L1,0,0,0,8,0,0,0.35,0.1,0.65,10,egg THOLD=0.65,Kelvin-Voigt,1.5e+06,0.1,197.484,,,,9.81,Kontaktast,0.875,0.5,0.325,K,Kontaktast,1,0,0,8.6342,,479.928,479.928,80,eingeschwungen
L1,0,0,0,8,0,0,0.35,0.1,0.65,10,egg THOLD=0.65,Kelvin-Voigt,1.5e+06,0.1,197.484,,,,9.81,Kontaktast,0.875,0.6,0.39,K,Kontaktast,1,0,0,8.6342,,557.409,557.409,80,eingeschwungen
L1,0,0,0,8,0,0,0.35,0.1,0.65,10,egg THOLD=0.65,Kelvin-Voigt,1.5e+06,0.1,197.484,,,,9.81,Kontaktast,0.875,0.7,0.455,K,Kontaktast,1,0,0,8.6342,,613.768,613.768,80,eingeschwungen
L1,0,0,0,8,0,0,0.35,0.1,0.65,10,egg THOLD=0.65,Kelvin-Voigt,1.5e+06,0.1,197.484,,,,9.81,Kontaktast,0.875,0.8,0.52,K,Kontaktast,1,0,0,8.6342,,677.774,677.774,80,eingeschwungen
L1,0,0,0,8,0,0,0.35,0.1,0.65,10,egg THOLD=0.65,Kelvin-Voigt,1.5e+06,0.1,197.484,,,,9.81,Kontaktast,0.875,0.9,0.585,K,Kontaktast,1,0,0,8.6342,,780.34,780.34,80,eingeschwungen
L1,0,0,0,8,0,0,0.35,0.1,0.65,10,egg THOLD=0.65,Kelvin-Voigt,1.5e+06,0.1,197.484,,,,9.81,Kontaktast,0.875,1,0.65,K,Kontaktast,1,0,0,8.6342,,917.919,917.919,80,eingeschwungen
"Schnitt (120°,240°)",0,120,240,8,8,8,0.35,0.1,0.65,10,egg THOLD=0.65,Kelvin-Voigt,1.5e+06,0.1,197.484,,,,9.81,Kontaktast,0,-1,-0.65,K,Kontaktast,1,0,0,6.95881,,874.652,651.375,80,eingeschwungen
"Schnitt (120°,240°)",0,120,240,8,8,8,0.35,0.1,0.65,10,egg THOLD=0.65,Kelvin-Voigt,1.5e+06,0.1,197.484,,,,9.81,Kontaktast,0,-0.9,-0.585,K,Kontaktast,1,0,0,6.95881,,787.745,578.769,80,eingeschwungen
"Schnitt (120°,240°)",0,120,240,8,8,8,0.35,0.1,0.65,10,egg THOLD=0.65,Kelvin-Voigt,1.5e+06,0.1,197.484,,,,9.81,Kontaktast,0,-0.8,-0.52,K,Kontaktast,1,0,0,6.95881,,700.837,523.338,80,eingeschwungen
"Schnitt (120°,240°)",0,120,240,8,8,8,0.35,0.1,0.65,10,egg THOLD=0.65,Kelvin-Voigt,1.5e+06,0.1,197.484,,,,9.81,Kontaktast,0,-0.7,-0.455,K,Kontaktast,1,0,0,6.95881,,613.93,449.68,80,eingeschwungen
"Schnitt (120°,240°)",0,120,240,8,8,8,0.35,0.1,0.65,10,egg THOLD=0.65,Kelvin-Voigt,1.5e+06,0.1,197.484,,,,9.81,Kontaktast,0,-0.6,-0.39,K,Kontaktast,1,0,0,6.95881,,527.023,394.077,80,eingeschwungen
"Schnitt (120°,240°)",0,120,240,8,8,8,0.35,0.1,0.65,10,egg THOLD=0.65,Kelvin-Voigt,1.5e+06,0.1,197.484,,,,9.81,Kontaktast,0,-0.5,-0.325,K,Kontaktast,1,0,0,6.95881,,440.115,322.055,80,eingeschwungen
"Schnitt (120°,240°)",0,120,240,8,8,8,0.35,0.1,0.65,10,egg THOLD=0.65,Kelvin-Voigt,1.5e+06,0.1,197.484,,,,9.81,Kontaktast,0,-0.4,-0.26,K,Kontaktast,1,0,0,6.95881,,353.208,263.265,80,eingeschwungen
"Schnitt (120°,240°)",0,120,240,8,8,8,0.35,0.1,0.65,10,egg THOLD=0.65,Kelvin-Voigt,1.5e+06,0.1,197.484,,,,9.81,Kontaktast,0,-0.3,-0.195,K,Kontaktast,1,0,0,6.95881,,266.301,195.793,80,eingeschwungen
"Schnitt (120°,240°)",0,120,240,8,8,8,0.35,0.1,0.65,10,egg THOLD=0.65,Kelvin-Voigt,1.5e+06,0.1,197.484,,,,9.81,Kontaktast,0,-0.2,-0.13,K,Kontaktast,1,0,0,6.95881,,179.394,130.695,80,eingeschwungen
"Schnitt (120°,240°)",0,120,240,8,8,8,0.35,0.1,0.65,10,egg THOLD=0.65,Kelvin-Voigt,1.5e+06,0.1,197.484,,,,9.81,Kontaktast,0,-0.1,-0.065,K,Kontaktast,1,0,0,6.95881,,92.4864,73.2159,80,eingeschwungen
"Schnitt (120°,240°)",0,120,240,8,8,8,0.35,0.1,0.65,10,egg THOLD=0.65,Kelvin-Voigt,1.5e+06,0.1,197.484,,,,9.81,Kontaktast,0,0,0,K,Kontaktast,1,0,0,6.95881,,6.95881,,80,eingeschwungen
"Schnitt (120°,240°)",0,120,240,8,8,8,0.35,0.1,0.65,10,egg THOLD=0.65,Kelvin-Voigt,1.5e+06,0.1,197.484,,,,9.81,Kontaktast,0,0.1,0.065,K,Kontaktast,1,0,0,6.95881,,98.7035,98.7035,80,eingeschwungen
"Schnitt (120°,240°)",0,120,240,8,8,8,0.35,0.1,0.65,10,egg THOLD=0.65,Kelvin-Voigt,1.5e+06,0.1,197.484,,,,9.81,Kontaktast,0,0.2,0.13,K,Kontaktast,1,0,0,6.95881,,174.756,174.756,80,eingeschwungen
"Schnitt (120°,240°)",0,120,240,8,8,8,0.35,0.1,0.65,10,egg THOLD=0.65,Kelvin-Voigt,1.5e+06,0.1,197.484,,,,9.81,Kontaktast,0,0.3,0.195,K,Kontaktast,1,0,0,6.95881,,269.151,269.151,80,eingeschwungen
"Schnitt (120°,240°)",0,120,240,8,8,8,0.35,0.1,0.65,10,egg THOLD=0.65,Kelvin-Voigt,1.5e+06,0.1,197.484,,,,9.81,Kontaktast,0,0.4,0.26,K,Kontaktast,1,0,0,6.95881,,352.713,352.713,80,eingeschwungen
"Schnitt (120°,240°)",0,120,240,8,8,8,0.35,0.1,0.65,10,egg THOLD=0.65,Kelvin-Voigt,1.5e+06,0.1,197.484,,,,9.81,Kontaktast,0,0.5,0.325,K,Kontaktast,1,0,0,6.95881,,435.621,435.621,80,eingeschwungen
"Schnitt (120°,240°)",0,120,240,8,8,8,0.35,0.1,0.65,10,egg THOLD=0.65,Kelvin-Voigt,1.5e+06,0.1,197.484,,,,9.81,Kontaktast,0,0.6,0.39,K,Kontaktast,1,0,0,6.95881,,530.515,530.515,80,eingeschwungen
"Schnitt (120°,240°)",0,120,240,8,8,8,0.35,0.1,0.65,10,egg THOLD=0.65,Kelvin-Voigt,1.5e+06,0.1,197.484,,,,9.81,Kontaktast,0,0.7,0.455,K,Kontaktast,1,0,0,6.95881,,609.117,609.117,80,eingeschwungen
"Schnitt (120°,240°)",0,120,240,8,8,8,0.35,0.1,0.65,10,egg THOLD=0.65,Kelvin-Voigt,1.5e+06,0.1,197.484,,,,9.81,Kontaktast,0,0.8,0.52,K,Kontaktast,1,0,0,6.95881,,702.058,702.058,80,eingeschwungen
"Schnitt (120°,240°)",0,120,240,8,8,8,0.35,0.1,0.65,10,egg THOLD=0.65,Kelvin-Voigt,1.5e+06,0.1,197.484,,,,9.81,Kontaktast,0,0.9,0.585,K,Kontaktast,1,0,0,6.95881,,788.005,788.005,80,eingeschwungen
"Schnitt (120°,240°)",0,120,240,8,8,8,0.35,0.1,0.65,10,egg THOLD=0.65,Kelvin-Voigt,1.5e+06,0.1,197.484,,,,9.81,Kontaktast,0,1,0.65,K,Kontaktast,1,0,0,6.95881,,869.133,869.133,80,eingeschwungen
"Schnitt (120°,240°)",0,120,240,8,8,8,0.35,0.1,0.65,10,egg THOLD=0.65,Kelvin-Voigt,1.5e+06,0.1,197.484,,,,9.81,Kontaktast,0.125,-1,-0.65,K,Kontaktast,1,0,0,6.95881,,875.978,648.505,80,eingeschwungen
"Schnitt (120°,240°)",0,120,240,8,8,8,0.35,0.1,0.65,10,egg THOLD=0.65,Kelvin-Voigt,1.5e+06,0.1,197.484,,,,9.81,Kontaktast,0.125,-0.9,-0.585,K,Kontaktast,1,0,0,6.95881,,789.071,586.591,80,eingeschwungen
"Schnitt (120°,240°)",0,120,240,8,8,8,0.35,0.1,0.65,10,egg THOLD=0.65,Kelvin-Voigt,1.5e+06,0.1,197.484,,,,9.81,Kontaktast,0.125,-0.8,-0.52,K,Kontaktast,1,0,0,6.95881,,702.164,516.242,80,eingeschwungen
"Schnitt (120°,240°)",0,120,240,8,8,8,0.35,0.1,0.65,10,egg THOLD=0.65,Kelvin-Voigt,1.5e+06,0.1,197.484,,,,9.81,Kontaktast,0.125,-0.7,-0.455,K,Kontaktast,1,0,0,6.95881,,615.256,459.048,80,eingeschwungen
"Schnitt (120°,240°)",0,120,240,8,8,8,0.35,0.1,0.65,10,egg THOLD=0.65,Kelvin-Voigt,1.5e+06,0.1,197.484,,,,9.81,Kontaktast,0.125,-0.6,-0.39,K,Kontaktast,1,0,0,6.95881,,528.349,385.7,80,eingeschwungen
"Schnitt (120°,240°)",0,120,240,8,8,8,0.35,0.1,0.65,10,egg THOLD=0.65,Kelvin-Voigt,1.5e+06,0.1,197.484,,,,9.81,Kontaktast,0.125,-0.5,-0.325,K,Kontaktast,1,0,0,6.95881,,441.442,330.46,80,eingeschwungen
"Schnitt (120°,240°)",0,120,240,8,8,8,0.35,0.1,0.65,10,egg THOLD=0.65,Kelvin-Voigt,1.5e+06,0.1,197.484,,,,9.81,Kontaktast,0.125,-0.4,-0.26,K,Kontaktast,1,0,0,6.95881,,354.535,256.699,80,eingeschwungen
"Schnitt (120°,240°)",0,120,240,8,8,8,0.35,0.1,0.65,10,egg THOLD=0.65,Kelvin-Voigt,1.5e+06,0.1,197.484,,,,9.81,Kontaktast,0.125,-0.3,-0.195,K,Kontaktast,1,0,0,6.95881,,267.627,200.135,80,eingeschwungen
"Schnitt (120°,240°)",0,120,240,8,8,8,0.35,0.1,0.65,10,egg THOLD=0.65,Kelvin-Voigt,1.5e+06,0.1,197.484,,,,9.81,Kontaktast,0.125,-0.2,-0.13,K,Kontaktast,1,0,0,6.95881,,180.72,128.892,80,eingeschwungen
"Schnitt (120°,240°)",0,120,240,8,8,8,0.35,0.1,0.65,10,egg THOLD=0.65,Kelvin-Voigt,1.5e+06,0.1,197.484,,,,9.81,Kontaktast,0.125,-0.1,-0.065,K,Kontaktast,1,0,0,6.95881,,93.8127,65.017,80,eingeschwungen
"Schnitt (120°,240°)",0,120,240,8,8,8,0.35,0.1,0.65,10,egg THOLD=0.65,Kelvin-Voigt,1.5e+06,0.1,197.484,,,,9.81,Kontaktast,0.125,0,0,K,Kontaktast,1,0,0,6.95881,,6.95881,,80,eingeschwungen
"Schnitt (120°,240°)",0,120,240,8,8,8,0.35,0.1,0.65,10,egg THOLD=0.65,Kelvin-Voigt,1.5e+06,0.1,197.484,,,,9.81,Kontaktast,0.125,0.1,0.065,K,Kontaktast,1,0,0,6.95881,,84.8674,84.8674,80,eingeschwungen
"Schnitt (120°,240°)",0,120,240,8,8,8,0.35,0.1,0.65,10,egg THOLD=0.65,Kelvin-Voigt,1.5e+06,0.1,197.484,,,,9.81,Kontaktast,0.125,0.2,0.13,K,Kontaktast,1,0,0,6.95881,,179.429,179.429,80,eingeschwungen
"Schnitt (120°,240°)",0,120,240,8,8,8,0.35,0.1,0.65,10,egg THOLD=0.65,Kelvin-Voigt,1.5e+06,0.1,197.484,,,,9.81,Kontaktast,0.125,0.3,0.195,K,Kontaktast,1,0,0,6.95881,,257.984,257.984,80,eingeschwungen
"Schnitt (120°,240°)",0,120,240,8,8,8,0.35,0.1,0.65,10,egg THOLD=0.65,Kelvin-Voigt,1.5e+06,0.1,197.484,,,,9.81,Kontaktast,0.125,0.4,0.26,K,Kontaktast,1,0,0,6.95881,,353.896,353.896,80,eingeschwungen
"Schnitt (120°,240°)",0,120,240,8,8,8,0.35,0.1,0.65,10,egg THOLD=0.65,Kelvin-Voigt,1.5e+06,0.1,197.484,,,,9.81,Kontaktast,0.125,0.5,0.325,K,Kontaktast,1,0,0,6.95881,,436.315,436.315,80,eingeschwungen
"Schnitt (120°,240°)",0,120,240,8,8,8,0.35,0.1,0.65,10,egg THOLD=0.65,Kelvin-Voigt,1.5e+06,0.1,197.484,,,,9.81,Kontaktast,0.125,0.6,0.39,K,Kontaktast,1,0,0,6.95881,,521.002,521.002,80,eingeschwungen
"Schnitt (120°,240°)",0,120,240,8,8,8,0.35,0.1,0.65,10,egg THOLD=0.65,Kelvin-Voigt,1.5e+06,0.1,197.484,,,,9.81,Kontaktast,0.125,0.7,0.455,K,Kontaktast,1,0,0,6.95881,,614.975,614.975,80,eingeschwungen
"Schnitt (120°,240°)",0,120,240,8,8,8,0.35,0.1,0.65,10,egg THOLD=0.65,Kelvin-Voigt,1.5e+06,0.1,197.484,,,,9.81,Kontaktast,0.125,0.8,0.52,K,Kontaktast,1,0,0,6.95881,,693.584,693.584,80,eingeschwungen
"Schnitt (120°,240°)",0,120,240,8,8,8,0.35,0.1,0.65,10,egg THOLD=0.65,Kelvin-Voigt,1.5e+06,0.1,197.484,,,,9.81,Kontaktast,0.125,0.9,0.585,K,Kontaktast,1,0,0,6.95881,,787.722,787.722,80,eingeschwungen
"Schnitt (120°,240°)",0,120,240,8,8,8,0.35,0.1,0.65,10,egg THOLD=0.65,Kelvin-Voigt,1.5e+06,0.1,197.484,,,,9.81,Kontaktast,0.125,1,0.65,K,Kontaktast,1,0,0,6.95881,,872.334,872.334,80,eingeschwungen
"Schnitt (120°,240°)",0,120,240,8,8,8,0.35,0.1,0.65,10,egg THOLD=0.65,Kelvin-Voigt,1.5e+06,0.1,197.484,,,,9.81,Kontaktast,0.25,-1,-0.65,K,Kontaktast,1,0,0,6.95881,,875.368,654.012,80,eingeschwungen
"Schnitt (120°,240°)",0,120,240,8,8,8,0.35,0.1,0.65,10,egg THOLD=0.65,Kelvin-Voigt,1.5e+06,0.1,197.484,,,,9.81,Kontaktast,0.25,-0.9,-0.585,K,Kontaktast,1,0,0,6.95881,,788.46,591.401,80,eingeschwungen
"Schnitt (120°,240°)",0,120,240,8,8,8,0.35,0.1,0.65,10,egg THOLD=0.65,Kelvin-Voigt,1.5e+06,0.1,197.484,,,,9.81,Kontaktast,0.25,-0.8,-0.52,K,Kontaktast,1,0,0,6.95881,,701.553,527.109,80,eingeschwungen
"Schnitt (120°,240°)",0,120,240,8,8,8,0.35,0.1,0.65,10,egg THOLD=0.65,Kelvin-Voigt,1.5e+06,0.1,197.484,,,,9.81,Kontaktast,0.25,-0.7,-0.455,K,Kontaktast,1,0,0,6.95881,,614.646,458.684,80,eingeschwungen
"Schnitt (120°,240°)",0,120,240,8,8,8,0.35,0.1,0.65,10,egg THOLD=0.65,Kelvin-Voigt,1.5e+06,0.1,197.484,,,,9.81,Kontaktast,0.25,-0.6,-0.39,K,Kontaktast,1,0,0,6.95881,,527.738,400.03,80,eingeschwungen
"Schnitt (120°,240°)",0,120,240,8,8,8,0.35,0.1,0.65,10,egg THOLD=0.65,Kelvin-Voigt,1.5e+06,0.1,197.484,,,,9.81,Kontaktast,0.25,-0.5,-0.325,K,Kontaktast,1,0,0,6.95881,,440.831,327.57,80,eingeschwungen
"Schnitt (120°,240°)",0,120,240,8,8,8,0.35,0.1,0.65,10,egg THOLD=0.65,Kelvin-Voigt,1.5e+06,0.1,197.484,,,,9.81,Kontaktast,0.25,-0.4,-0.26,K,Kontaktast,1,0,0,6.95881,,353.924,272.241,80,eingeschwungen
"Schnitt (120°,240°)",0,120,240,8,8,8,0.35,0.1,0.65,10,egg THOLD=0.65,Kelvin-Voigt,1.5e+06,0.1,197.484,,,,9.81,Kontaktast,0.25,-0.3,-0.195,K,Kontaktast,1,0,0,6.95881,,267.017,198.425,80,eingeschwungen
"Schnitt (120°,240°)",0,120,240,8,8,8,0.35,0.1,0.65,10,egg THOLD=0.65,Kelvin-Voigt,1.5e+06,0.1,197.484,,,,9.81,Kontaktast,0.25,-0.2,-0.13,K,Kontaktast,1,0,0,6.95881,,180.109,143.225,80,eingeschwungen
"Schnitt (120°,240°)",0,120,240,8,8,8,0.35,0.1,0.65,10,egg THOLD=0.65,Kelvin-Voigt,1.5e+06,0.1,197.484,,,,9.81,Kontaktast,0.25,-0.1,-0.065,K,Kontaktast,1,0,0,6.95881,,93.202,72.7942,80,eingeschwungen
"Schnitt (120°,240°)",0,120,240,8,8,8,0.35,0.1,0.65,10,egg THOLD=0.65,Kelvin-Voigt,1.5e+06,0.1,197.484,,,,9.81,Kontaktast,0.25,0,0,K,Kontaktast,1,0,0,6.95881,,6.95881,,80,eingeschwungen
"Schnitt (120°,240°)",0,120,240,8,8,8,0.35,0.1,0.65,10,egg THOLD=0.65,Kelvin-Voigt,1.5e+06,0.1,197.484,,,,9.81,Kontaktast,0.25,0.1,0.065,K,Kontaktast,1,0,0,6.95881,,97.6378,97.6378,80,eingeschwungen
"Schnitt (120°,240°)",0,120,240,8,8,8,0.35,0.1,0.65,10,egg THOLD=0.65,Kelvin-Voigt,1.5e+06,0.1,197.484,,,,9.81,Kontaktast,0.25,0.2,0.13,K,Kontaktast,1,0,0,6.95881,,180.856,180.856,80,eingeschwungen
"Schnitt (120°,240°)",0,120,240,8,8,8,0.35,0.1,0.65,10,egg THOLD=0.65,Kelvin-Voigt,1.5e+06,0.1,197.484,,,,9.81,Kontaktast,0.25,0.3,0.195,K,Kontaktast,1,0,0,6.95881,,274.912,274.912,80,eingeschwungen
"Schnitt (120°,240°)",0,120,240,8,8,8,0.35,0.1,0.65,10,egg THOLD=0.65,Kelvin-Voigt,1.5e+06,0.1,197.484,,,,9.81,Kontaktast,0.25,0.4,0.26,K,Kontaktast,1,0,0,6.95881,,353.242,353.242,80,eingeschwungen
"Schnitt (120°,240°)",0,120,240,8,8,8,0.35,0.1,0.65,10,egg THOLD=0.65,Kelvin-Voigt,1.5e+06,0.1,197.484,,,,9.81,Kontaktast,0.25,0.5,0.325,K,Kontaktast,1,0,0,6.95881,,447.887,447.887,80,eingeschwungen
"Schnitt (120°,240°)",0,120,240,8,8,8,0.35,0.1,0.65,10,egg THOLD=0.65,Kelvin-Voigt,1.5e+06,0.1,197.484,,,,9.81,Kontaktast,0.25,0.6,0.39,K,Kontaktast,1,0,0,6.95881,,531.79,531.79,80,eingeschwungen
"Schnitt (120°,240°)",0,120,240,8,8,8,0.35,0.1,0.65,10,egg THOLD=0.65,Kelvin-Voigt,1.5e+06,0.1,197.484,,,,9.81,Kontaktast,0.25,0.7,0.455,K,Kontaktast,1,0,0,6.95881,,614.586,614.586,80,eingeschwungen
"Schnitt (120°,240°)",0,120,240,8,8,8,0.35,0.1,0.65,10,egg THOLD=0.65,Kelvin-Voigt,1.5e+06,0.1,197.484,,,,9.81,Kontaktast,0.25,0.8,0.52,K,Kontaktast,1,0,0,6.95881,,709.763,709.763,80,eingeschwungen
"Schnitt (120°,240°)",0,120,240,8,8,8,0.35,0.1,0.65,10,egg THOLD=0.65,Kelvin-Voigt,1.5e+06,0.1,197.484,,,,9.81,Kontaktast,0.25,0.9,0.585,K,Kontaktast,1,0,0,6.95881,,788.543,788.543,80,eingeschwungen
"Schnitt (120°,240°)",0,120,240,8,8,8,0.35,0.1,0.65,10,egg THOLD=0.65,Kelvin-Voigt,1.5e+06,0.1,197.484,,,,9.81,Kontaktast,0.25,1,0.65,K,Kontaktast,1,0,0,6.95881,,880.99,880.99,80,eingeschwungen
"Schnitt (120°,240°)",0,120,240,8,8,8,0.35,0.1,0.65,10,egg THOLD=0.65,Kelvin-Voigt,1.5e+06,0.1,197.484,,,,9.81,Kontaktast,0.375,-1,-0.65,K,Kontaktast,1,0,0,6.95881,,875.245,650.732,80,eingeschwungen
"Schnitt (120°,240°)",0,120,240,8,8,8,0.35,0.1,0.65,10,egg THOLD=0.65,Kelvin-Voigt,1.5e+06,0.1,197.484,,,,9.81,Kontaktast,0.375,-0.9,-0.585,K,Kontaktast,1,0,0,6.95881,,788.338,577.164,80,eingeschwungen
"Schnitt (120°,240°)",0,120,240,8,8,8,0.35,0.1,0.65,10,egg THOLD=0.65,Kelvin-Voigt,1.5e+06,0.1,197.484,,,,9.81,Kontaktast,0.375,-0.8,-0.52,K,Kontaktast,1,0,0,6.95881,,701.43,521.085,80,eingeschwungen
"Schnitt (120°,240°)",0,120,240,8,8,8,0.35,0.1,0.65,10,egg THOLD=0.65,Kelvin-Voigt,1.5e+06,0.1,197.484,,,,9.81,Kontaktast,0.375,-0.7,-0.455,K,Kontaktast,1,0,0,6.95881,,614.523,449.51,80,eingeschwungen
"Schnitt (120°,240°)",0,120,240,8,8,8,0.35,0.1,0.65,10,egg THOLD=0.65,Kelvin-Voigt,1.5e+06,0.1,197.484,,,,9.81,Kontaktast,0.375,-0.6,-0.39,K,Kontaktast,1,0,0,6.95881,,527.616,389.853,80,eingeschwungen
"Schnitt (120°,240°)",0,120,240,8,8,8,0.35,0.1,0.65,10,egg THOLD=0.65,Kelvin-Voigt,1.5e+06,0.1,197.484,,,,9.81,Kontaktast,0.375,-0.5,-0.325,K,Kontaktast,1,0,0,6.95881,,440.708,322.638,80,eingeschwungen
"Schnitt (120°,240°)",0,120,240,8,8,8,0.35,0.1,0.65,10,egg THOLD=0.65,Kelvin-Voigt,1.5e+06,0.1,197.484,,,,9.81,Kontaktast,0.375,-0.4,-0.26,K,Kontaktast,1,0,0,6.95881,,353.801,257.012,80,eingeschwungen
"Schnitt (120°,240°)",0,120,240,8,8,8,0.35,0.1,0.65,10,egg THOLD=0.65,Kelvin-Voigt,1.5e+06,0.1,197.484,,,,9.81,Kontaktast,0.375,-0.3,-0.195,K,Kontaktast,1,0,0,6.95881,,266.894,196.143,80,eingeschwungen
"Schnitt (120°,240°)",0,120,240,8,8,8,0.35,0.1,0.65,10,egg THOLD=0.65,Kelvin-Voigt,1.5e+06,0.1,197.484,,,,9.81,Kontaktast,0.375,-0.2,-0.13,K,Kontaktast,1,0,0,6.95881,,179.987,124.241,80,eingeschwungen
"Schnitt (120°,240°)",0,120,240,8,8,8,0.35,0.1,0.65,10,egg THOLD=0.65,Kelvin-Voigt,1.5e+06,0.1,197.484,,,,9.81,Kontaktast,0.375,-0.1,-0.065,K,Kontaktast,1,0,0,6.95881,,93.0793,70.5521,80,eingeschwungen
"Schnitt (120°,240°)",0,120,240,8,8,8,0.35,0.1,0.65,10,egg THOLD=0.65,Kelvin-Voigt,1.5e+06,0.1,197.484,,,,9.81,Kontaktast,0.375,0,0,K,Kontaktast,1,0,0,6.95881,,6.95881,,80,eingeschwungen
"Schnitt (120°,240°)",0,120,240,8,8,8,0.35,0.1,0.65,10,egg THOLD=0.65,Kelvin-Voigt,1.5e+06,0.1,197.484,,,,9.81,Kontaktast,0.375,0.1,0.065,K,Kontaktast,1,0,0,6.95881,,94.1009,94.1009,80,eingeschwungen
"Schnitt (120°,240°)",0,120,240,8,8,8,0.35,0.1,0.65,10,egg THOLD=0.65,Kelvin-Voigt,1.5e+06,0.1,197.484,,,,9.81,Kontaktast,0.375,0.2,0.13,K,Kontaktast,1,0,0,6.95881,,173.022,173.022,80,eingeschwungen
"Schnitt (120°,240°)",0,120,240,8,8,8,0.35,0.1,0.65,10,egg THOLD=0.65,Kelvin-Voigt,1.5e+06,0.1,197.484,,,,9.81,Kontaktast,0.375,0.3,0.195,K,Kontaktast,1,0,0,6.95881,,262.37,262.37,80,eingeschwungen
"Schnitt (120°,240°)",0,120,240,8,8,8,0.35,0.1,0.65,10,egg THOLD=0.65,Kelvin-Voigt,1.5e+06,0.1,197.484,,,,9.81,Kontaktast,0.375,0.4,0.26,K,Kontaktast,1,0,0,6.95881,,351.625,351.625,80,eingeschwungen
"Schnitt (120°,240°)",0,120,240,8,8,8,0.35,0.1,0.65,10,egg THOLD=0.65,Kelvin-Voigt,1.5e+06,0.1,197.484,,,,9.81,Kontaktast,0.375,0.5,0.325,K,Kontaktast,1,0,0,6.95881,,430.941,430.941,80,eingeschwungen
"Schnitt (120°,240°)",0,120,240,8,8,8,0.35,0.1,0.65,10,egg THOLD=0.65,Kelvin-Voigt,1.5e+06,0.1,197.484,,,,9.81,Kontaktast,0.375,0.6,0.39,K,Kontaktast,1,0,0,6.95881,,527.135,527.135,80,eingeschwungen
"Schnitt (120°,240°)",0,120,240,8,8,8,0.35,0.1,0.65,10,egg THOLD=0.65,Kelvin-Voigt,1.5e+06,0.1,197.484,,,,9.81,Kontaktast,0.375,0.7,0.455,K,Kontaktast,1,0,0,6.95881,,607.837,607.837,80,eingeschwungen
"Schnitt (120°,240°)",0,120,240,8,8,8,0.35,0.1,0.65,10,egg THOLD=0.65,Kelvin-Voigt,1.5e+06,0.1,197.484,,,,9.81,Kontaktast,0.375,0.8,0.52,K,Kontaktast,1,0,0,6.95881,,694.865,694.865,80,eingeschwungen
"Schnitt (120°,240°)",0,120,240,8,8,8,0.35,0.1,0.65,10,egg THOLD=0.65,Kelvin-Voigt,1.5e+06,0.1,197.484,,,,9.81,Kontaktast,0.375,0.9,0.585,K,Kontaktast,1,0,0,6.95881,,786.802,786.802,80,eingeschwungen
"Schnitt (120°,240°)",0,120,240,8,8,8,0.35,0.1,0.65,10,egg THOLD=0.65,Kelvin-Voigt,1.5e+06,0.1,197.484,,,,9.81,Kontaktast,0.375,1,0.65,K,Kontaktast,1,0,0,6.95881,,865.583,865.583,80,eingeschwungen
"Schnitt (120°,240°)",0,120,240,8,8,8,0.35,0.1,0.65,10,egg THOLD=0.65,Kelvin-Voigt,1.5e+06,0.1,197.484,,,,9.81,Kontaktast,0.5,-1,-0.65,K,Kontaktast,1,0,0,6.95881,,876.005,648.041,80,eingeschwungen
"Schnitt (120°,240°)",0,120,240,8,8,8,0.35,0.1,0.65,10,egg THOLD=0.65,Kelvin-Voigt,1.5e+06,0.1,197.484,,,,9.81,Kontaktast,0.5,-0.9,-0.585,K,Kontaktast,1,0,0,6.95881,,789.098,592.322,80,eingeschwungen
"Schnitt (120°,240°)",0,120,240,8,8,8,0.35,0.1,0.65,10,egg THOLD=0.65,Kelvin-Voigt,1.5e+06,0.1,197.484,,,,9.81,Kontaktast,0.5,-0.8,-0.52,K,Kontaktast,1,0,0,6.95881,,702.191,518.58,80,eingeschwungen
"Schnitt (120°,240°)",0,120,240,8,8,8,0.35,0.1,0.65,10,egg THOLD=0.65,Kelvin-Voigt,1.5e+06,0.1,197.484,,,,9.81,Kontaktast,0.5,-0.7,-0.455,K,Kontaktast,1,0,0,6.95881,,615.284,463.064,80,eingeschwungen
"Schnitt (120°,240°)",0,120,240,8,8,8,0.35,0.1,0.65,10,egg THOLD=0.65,Kelvin-Voigt,1.5e+06,0.1,197.484,,,,9.81,Kontaktast,0.5,-0.6,-0.39,K,Kontaktast,1,0,0,6.95881,,528.376,390.446,80,eingeschwungen
"Schnitt (120°,240°)",0,120,240,8,8,8,0.35,0.1,0.65,10,egg THOLD=0.65,Kelvin-Voigt,1.5e+06,0.1,197.484,,,,9.81,Kontaktast,0.5,-0.5,-0.325,K,Kontaktast,1,0,0,6.95881,,441.469,332.198,80,eingeschwungen
"Schnitt (120°,240°)",0,120,240,8,8,8,0.35,0.1,0.65,10,egg THOLD=0.65,Kelvin-Voigt,1.5e+06,0.1,197.484,,,,9.81,Kontaktast,0.5,-0.4,-0.26,K,Kontaktast,1,0,0,6.95881,,354.562,263.215,80,eingeschwungen
"Schnitt (120°,240°)",0,120,240,8,8,8,0.35,0.1,0.65,10,egg THOLD=0.65,Kelvin-Voigt,1.5e+06,0.1,197.484,,,,9.81,Kontaktast,0.5,-0.3,-0.195,K,Kontaktast,1,0,0,6.95881,,267.654,199.311,80,eingeschwungen
"Schnitt (120°,240°)",0,120,240,8,8,8,0.35,0.1,0.65,10,egg THOLD=0.65,Kelvin-Voigt,1.5e+06,0.1,197.484,,,,9.81,Kontaktast,0.5,-0.2,-0.13,K,Kontaktast,1,0,0,6.95881,,180.747,136.373,80,eingeschwungen
"Schnitt (120°,240°)",0,120,240,8,8,8,0.35,0.1,0.65,10,egg THOLD=0.65,Kelvin-Voigt,1.5e+06,0.1,197.484,,,,9.81,Kontaktast,0.5,-0.1,-0.065,K,Kontaktast,1,0,0,6.95881,,93.8398,62.7152,80,eingeschwungen
"Schnitt (120°,240°)",0,120,240,8,8,8,0.35,0.1,0.65,10,egg THOLD=0.65,Kelvin-Voigt,1.5e+06,0.1,197.484,,,,9.81,Kontaktast,0.5,0,0,K,Kontaktast,1,0,0,6.95881,,6.95881,,80,eingeschwungen
"Schnitt (120°,240°)",0,120,240,8,8,8,0.35,0.1,0.65,10,egg THOLD=0.65,Kelvin-Voigt,1.5e+06,0.1,197.484,,,,9.81,Kontaktast,0.5,0.1,0.065,K,Kontaktast,1,0,0,6.95881,,84.344,84.344,80,eingeschwungen
"Schnitt (120°,240°)",0,120,240,8,8,8,0.35,0.1,0.65,10,egg THOLD=0.65,Kelvin-Voigt,1.5e+06,0.1,197.484,,,,9.81,Kontaktast,0.5,0.2,0.13,K,Kontaktast,1,0,0,6.95881,,183.172,183.172,80,eingeschwungen
"Schnitt (120°,240°)",0,120,240,8,8,8,0.35,0.1,0.65,10,egg THOLD=0.65,Kelvin-Voigt,1.5e+06,0.1,197.484,,,,9.81,Kontaktast,0.5,0.3,0.195,K,Kontaktast,1,0,0,6.95881,,263.491,263.491,80,eingeschwungen
"Schnitt (120°,240°)",0,120,240,8,8,8,0.35,0.1,0.65,10,egg THOLD=0.65,Kelvin-Voigt,1.5e+06,0.1,197.484,,,,9.81,Kontaktast,0.5,0.4,0.26,K,Kontaktast,1,0,0,6.95881,,352.642,352.642,80,eingeschwungen
"Schnitt (120°,240°)",0,120,240,8,8,8,0.35,0.1,0.65,10,egg THOLD=0.65,Kelvin-Voigt,1.5e+06,0.1,197.484,,,,9.81,Kontaktast,0.5,0.5,0.325,K,Kontaktast,1,0,0,6.95881,,442.9,442.9,80,eingeschwungen
"Schnitt (120°,240°)",0,120,240,8,8,8,0.35,0.1,0.65,10,egg THOLD=0.65,Kelvin-Voigt,1.5e+06,0.1,197.484,,,,9.81,Kontaktast,0.5,0.6,0.39,K,Kontaktast,1,0,0,6.95881,,522.135,522.135,80,eingeschwungen
"Schnitt (120°,240°)",0,120,240,8,8,8,0.35,0.1,0.65,10,egg THOLD=0.65,Kelvin-Voigt,1.5e+06,0.1,197.484,,,,9.81,Kontaktast,0.5,0.7,0.455,K,Kontaktast,1,0,0,6.95881,,618.233,618.233,80,eingeschwungen
"Schnitt (120°,240°)",0,120,240,8,8,8,0.35,0.1,0.65,10,egg THOLD=0.65,Kelvin-Voigt,1.5e+06,0.1,197.484,,,,9.81,Kontaktast,0.5,0.8,0.52,K,Kontaktast,1,0,0,6.95881,,699.619,699.619,80,eingeschwungen
"Schnitt (120°,240°)",0,120,240,8,8,8,0.35,0.1,0.65,10,egg THOLD=0.65,Kelvin-Voigt,1.5e+06,0.1,197.484,,,,9.81,Kontaktast,0.5,0.9,0.585,K,Kontaktast,1,0,0,6.95881,,785.594,785.594,80,eingeschwungen
"Schnitt (120°,240°)",0,120,240,8,8,8,0.35,0.1,0.65,10,egg THOLD=0.65,Kelvin-Voigt,1.5e+06,0.1,197.484,,,,9.81,Kontaktast,0.5,1,0.65,K,Kontaktast,1,0,0,6.95881,,878.543,878.543,80,eingeschwungen
"Schnitt (120°,240°)",0,120,240,8,8,8,0.35,0.1,0.65,10,egg THOLD=0.65,Kelvin-Voigt,1.5e+06,0.1,197.484,,,,9.81,Kontaktast,0.625,-1,-0.65,K,Kontaktast,1,0,0,6.95881,,874.81,654.089,80,eingeschwungen
"Schnitt (120°,240°)",0,120,240,8,8,8,0.35,0.1,0.65,10,egg THOLD=0.65,Kelvin-Voigt,1.5e+06,0.1,197.484,,,,9.81,Kontaktast,0.625,-0.9,-0.585,K,Kontaktast,1,0,0,6.95881,,787.903,585.004,80,eingeschwungen
"Schnitt (120°,240°)",0,120,240,8,8,8,0.35,0.1,0.65,10,egg THOLD=0.65,Kelvin-Voigt,1.5e+06,0.1,197.484,,,,9.81,Kontaktast,0.625,-0.8,-0.52,K,Kontaktast,1,0,0,6.95881,,700.996,526.901,80,eingeschwungen
"Schnitt (120°,240°)",0,120,240,8,8,8,0.35,0.1,0.65,10,egg THOLD=0.65,Kelvin-Voigt,1.5e+06,0.1,197.484,,,,9.81,Kontaktast,0.625,-0.7,-0.455,K,Kontaktast,1,0,0,6.95881,,614.088,454.245,80,eingeschwungen
"Schnitt (120°,240°)",0,120,240,8,8,8,0.35,0.1,0.65,10,egg THOLD=0.65,Kelvin-Voigt,1.5e+06,0.1,197.484,,,,9.81,Kontaktast,0.625,-0.6,-0.39,K,Kontaktast,1,0,0,6.95881,,527.181,398.934,80,eingeschwungen
"Schnitt (120°,240°)",0,120,240,8,8,8,0.35,0.1,0.65,10,egg THOLD=0.65,Kelvin-Voigt,1.5e+06,0.1,197.484,,,,9.81,Kontaktast,0.625,-0.5,-0.325,K,Kontaktast,1,0,0,6.95881,,440.274,325.288,80,eingeschwungen
"Schnitt (120°,240°)",0,120,240,8,8,8,0.35,0.1,0.65,10,egg THOLD=0.65,Kelvin-Voigt,1.5e+06,0.1,197.484,,,,9.81,Kontaktast,0.625,-0.4,-0.26,K,Kontaktast,1,0,0,6.95881,,353.367,269.75,80,eingeschwungen
"Schnitt (120°,240°)",0,120,240,8,8,8,0.35,0.1,0.65,10,egg THOLD=0.65,Kelvin-Voigt,1.5e+06,0.1,197.484,,,,9.81,Kontaktast,0.625,-0.3,-0.195,K,Kontaktast,1,0,0,6.95881,,266.459,198.192,80,eingeschwungen
"Schnitt (120°,240°)",0,120,240,8,8,8,0.35,0.1,0.65,10,egg THOLD=0.65,Kelvin-Voigt,1.5e+06,0.1,197.484,,,,9.81,Kontaktast,0.625,-0.2,-0.13,K,Kontaktast,1,0,0,6.95881,,179.552,139.012,80,eingeschwungen
"Schnitt (120°,240°)",0,120,240,8,8,8,0.35,0.1,0.65,10,egg THOLD=0.65,Kelvin-Voigt,1.5e+06,0.1,197.484,,,,9.81,Kontaktast,0.625,-0.1,-0.065,K,Kontaktast,1,0,0,6.95881,,92.6448,75.547,80,eingeschwungen
"Schnitt (120°,240°)",0,120,240,8,8,8,0.35,0.1,0.65,10,egg THOLD=0.65,Kelvin-Voigt,1.5e+06,0.1,197.484,,,,9.81,Kontaktast,0.625,0,0,K,Kontaktast,1,0,0,6.95881,,6.95881,,80,eingeschwungen
"Schnitt (120°,240°)",0,120,240,8,8,8,0.35,0.1,0.65,10,egg THOLD=0.65,Kelvin-Voigt,1.5e+06,0.1,197.484,,,,9.81,Kontaktast,0.625,0.1,0.065,K,Kontaktast,1,0,0,6.95881,,101.127,101.127,80,eingeschwungen
"Schnitt (120°,240°)",0,120,240,8,8,8,0.35,0.1,0.65,10,egg THOLD=0.65,Kelvin-Voigt,1.5e+06,0.1,197.484,,,,9.81,Kontaktast,0.625,0.2,0.13,K,Kontaktast,1,0,0,6.95881,,178.272,178.272,80,eingeschwungen
"Schnitt (120°,240°)",0,120,240,8,8,8,0.35,0.1,0.65,10,egg THOLD=0.65,Kelvin-Voigt,1.5e+06,0.1,197.484,,,,9.81,Kontaktast,0.625,0.3,0.195,K,Kontaktast,1,0,0,6.95881,,274.633,274.633,80,eingeschwungen
"Schnitt (120°,240°)",0,120,240,8,8,8,0.35,0.1,0.65,10,egg THOLD=0.65,Kelvin-Voigt,1.5e+06,0.1,197.484,,,,9.81,Kontaktast,0.625,0.4,0.26,K,Kontaktast,1,0,0,6.95881,,354.551,354.551,80,eingeschwungen
"Schnitt (120°,240°)",0,120,240,8,8,8,0.35,0.1,0.65,10,egg THOLD=0.65,Kelvin-Voigt,1.5e+06,0.1,197.484,,,,9.81,Kontaktast,0.625,0.5,0.325,K,Kontaktast,1,0,0,6.95881,,443.038,443.038,80,eingeschwungen
"Schnitt (120°,240°)",0,120,240,8,8,8,0.35,0.1,0.65,10,egg THOLD=0.65,Kelvin-Voigt,1.5e+06,0.1,197.484,,,,9.81,Kontaktast,0.625,0.6,0.39,K,Kontaktast,1,0,0,6.95881,,533.471,533.471,80,eingeschwungen
"Schnitt (120°,240°)",0,120,240,8,8,8,0.35,0.1,0.65,10,egg THOLD=0.65,Kelvin-Voigt,1.5e+06,0.1,197.484,,,,9.81,Kontaktast,0.625,0.7,0.455,K,Kontaktast,1,0,0,6.95881,,612.51,612.51,80,eingeschwungen
"Schnitt (120°,240°)",0,120,240,8,8,8,0.35,0.1,0.65,10,egg THOLD=0.65,Kelvin-Voigt,1.5e+06,0.1,197.484,,,,9.81,Kontaktast,0.625,0.8,0.52,K,Kontaktast,1,0,0,6.95881,,708.405,708.405,80,eingeschwungen
"Schnitt (120°,240°)",0,120,240,8,8,8,0.35,0.1,0.65,10,egg THOLD=0.65,Kelvin-Voigt,1.5e+06,0.1,197.484,,,,9.81,Kontaktast,0.625,0.9,0.585,K,Kontaktast,1,0,0,6.95881,,789.96,789.96,80,eingeschwungen
"Schnitt (120°,240°)",0,120,240,8,8,8,0.35,0.1,0.65,10,egg THOLD=0.65,Kelvin-Voigt,1.5e+06,0.1,197.484,,,,9.81,Kontaktast,0.625,1,0.65,K,Kontaktast,1,0,0,6.95881,,875.496,875.496,80,eingeschwungen
"Schnitt (120°,240°)",0,120,240,8,8,8,0.35,0.1,0.65,10,egg THOLD=0.65,Kelvin-Voigt,1.5e+06,0.1,197.484,,,,9.81,Kontaktast,0.75,-1,-0.65,K,Kontaktast,1,0,0,6.95881,,875.711,650.54,80,eingeschwungen
"Schnitt (120°,240°)",0,120,240,8,8,8,0.35,0.1,0.65,10,egg THOLD=0.65,Kelvin-Voigt,1.5e+06,0.1,197.484,,,,9.81,Kontaktast,0.75,-0.9,-0.585,K,Kontaktast,1,0,0,6.95881,,788.804,580.411,80,eingeschwungen
"Schnitt (120°,240°)",0,120,240,8,8,8,0.35,0.1,0.65,10,egg THOLD=0.65,Kelvin-Voigt,1.5e+06,0.1,197.484,,,,9.81,Kontaktast,0.75,-0.8,-0.52,K,Kontaktast,1,0,0,6.95881,,701.897,518.59,80,eingeschwungen
"Schnitt (120°,240°)",0,120,240,8,8,8,0.35,0.1,0.65,10,egg THOLD=0.65,Kelvin-Voigt,1.5e+06,0.1,197.484,,,,9.81,Kontaktast,0.75,-0.7,-0.455,K,Kontaktast,1,0,0,6.95881,,614.989,453.424,80,eingeschwungen
"Schnitt (120°,240°)",0,120,240,8,8,8,0.35,0.1,0.65,10,egg THOLD=0.65,Kelvin-Voigt,1.5e+06,0.1,197.484,,,,9.81,Kontaktast,0.75,-0.6,-0.39,K,Kontaktast,1,0,0,6.95881,,528.082,385.623,80,eingeschwungen
"Schnitt (120°,240°)",0,120,240,8,8,8,0.35,0.1,0.65,10,egg THOLD=0.65,Kelvin-Voigt,1.5e+06,0.1,197.484,,,,9.81,Kontaktast,0.75,-0.5,-0.325,K,Kontaktast,1,0,0,6.95881,,441.175,326.289,80,eingeschwungen
"Schnitt (120°,240°)",0,120,240,8,8,8,0.35,0.1,0.65,10,egg THOLD=0.65,Kelvin-Voigt,1.5e+06,0.1,197.484,,,,9.81,Kontaktast,0.75,-0.4,-0.26,K,Kontaktast,1,0,0,6.95881,,354.267,253.909,80,eingeschwungen
"Schnitt (120°,240°)",0,120,240,8,8,8,0.35,0.1,0.65,10,egg THOLD=0.65,Kelvin-Voigt,1.5e+06,0.1,197.484,,,,9.81,Kontaktast,0.75,-0.3,-0.195,K,Kontaktast,1,0,0,6.95881,,267.36,198.341,80,eingeschwungen
"Schnitt (120°,240°)",0,120,240,8,8,8,0.35,0.1,0.65,10,egg THOLD=0.65,Kelvin-Voigt,1.5e+06,0.1,197.484,,,,9.81,Kontaktast,0.75,-0.2,-0.13,K,Kontaktast,1,0,0,6.95881,,180.453,123.73,80,eingeschwungen
"Schnitt (120°,240°)",0,120,240,8,8,8,0.35,0.1,0.65,10,egg THOLD=0.65,Kelvin-Voigt,1.5e+06,0.1,197.484,,,,9.81,Kontaktast,0.75,-0.1,-0.065,K,Kontaktast,1,0,0,6.95881,,93.5455,67.8374,80,eingeschwungen
"Schnitt (120°,240°)",0,120,240,8,8,8,0.35,0.1,0.65,10,egg THOLD=0.65,Kelvin-Voigt,1.5e+06,0.1,197.484,,,,9.81,Kontaktast,0.75,0,0,K,Kontaktast,1,0,0,6.95881,,6.95881,,80,eingeschwungen
"Schnitt (120°,240°)",0,120,240,8,8,8,0.35,0.1,0.65,10,egg THOLD=0.65,Kelvin-Voigt,1.5e+06,0.1,197.484,,,,9.81,Kontaktast,0.75,0.1,0.065,K,Kontaktast,1,0,0,6.95881,,89.4865,89.4865,80,eingeschwungen
"Schnitt (120°,240°)",0,120,240,8,8,8,0.35,0.1,0.65,10,egg THOLD=0.65,Kelvin-Voigt,1.5e+06,0.1,197.484,,,,9.81,Kontaktast,0.75,0.2,0.13,K,Kontaktast,1,0,0,6.95881,,175.125,175.125,80,eingeschwungen
"Schnitt (120°,240°)",0,120,240,8,8,8,0.35,0.1,0.65,10,egg THOLD=0.65,Kelvin-Voigt,1.5e+06,0.1,197.484,,,,9.81,Kontaktast,0.75,0.3,0.195,K,Kontaktast,1,0,0,6.95881,,257.34,257.34,80,eingeschwungen
"Schnitt (120°,240°)",0,120,240,8,8,8,0.35,0.1,0.65,10,egg THOLD=0.65,Kelvin-Voigt,1.5e+06,0.1,197.484,,,,9.81,Kontaktast,0.75,0.4,0.26,K,Kontaktast,1,0,0,6.95881,,352.751,352.751,80,eingeschwungen
"Schnitt (120°,240°)",0,120,240,8,8,8,0.35,0.1,0.65,10,egg THOLD=0.65,Kelvin-Voigt,1.5e+06,0.1,197.484,,,,9.81,Kontaktast,0.75,0.5,0.325,K,Kontaktast,1,0,0,6.95881,,431.421,431.421,80,eingeschwungen
"Schnitt (120°,240°)",0,120,240,8,8,8,0.35,0.1,0.65,10,egg THOLD=0.65,Kelvin-Voigt,1.5e+06,0.1,197.484,,,,9.81,Kontaktast,0.75,0.6,0.39,K,Kontaktast,1,0,0,6.95881,,524.253,524.253,80,eingeschwungen
"Schnitt (120°,240°)",0,120,240,8,8,8,0.35,0.1,0.65,10,egg THOLD=0.65,Kelvin-Voigt,1.5e+06,0.1,197.484,,,,9.81,Kontaktast,0.75,0.7,0.455,K,Kontaktast,1,0,0,6.95881,,610.47,610.47,80,eingeschwungen
"Schnitt (120°,240°)",0,120,240,8,8,8,0.35,0.1,0.65,10,egg THOLD=0.65,Kelvin-Voigt,1.5e+06,0.1,197.484,,,,9.81,Kontaktast,0.75,0.8,0.52,K,Kontaktast,1,0,0,6.95881,,691.474,691.474,80,eingeschwungen
"Schnitt (120°,240°)",0,120,240,8,8,8,0.35,0.1,0.65,10,egg THOLD=0.65,Kelvin-Voigt,1.5e+06,0.1,197.484,,,,9.81,Kontaktast,0.75,0.9,0.585,K,Kontaktast,1,0,0,6.95881,,787.53,787.53,80,eingeschwungen
"Schnitt (120°,240°)",0,120,240,8,8,8,0.35,0.1,0.65,10,egg THOLD=0.65,Kelvin-Voigt,1.5e+06,0.1,197.484,,,,9.81,Kontaktast,0.75,1,0.65,K,Kontaktast,1,0,0,6.95881,,867.035,867.035,80,eingeschwungen
"Schnitt (120°,240°)",0,120,240,8,8,8,0.35,0.1,0.65,10,egg THOLD=0.65,Kelvin-Voigt,1.5e+06,0.1,197.484,,,,9.81,Kontaktast,0.875,-1,-0.65,K,Kontaktast,1,0,0,6.95881,,875.79,650.991,80,eingeschwungen
"Schnitt (120°,240°)",0,120,240,8,8,8,0.35,0.1,0.65,10,egg THOLD=0.65,Kelvin-Voigt,1.5e+06,0.1,197.484,,,,9.81,Kontaktast,0.875,-0.9,-0.585,K,Kontaktast,1,0,0,6.95881,,788.882,594.43,80,eingeschwungen
"Schnitt (120°,240°)",0,120,240,8,8,8,0.35,0.1,0.65,10,egg THOLD=0.65,Kelvin-Voigt,1.5e+06,0.1,197.484,,,,9.81,Kontaktast,0.875,-0.8,-0.52,K,Kontaktast,1,0,0,6.95881,,701.975,523.427,80,eingeschwungen
"Schnitt (120°,240°)",0,120,240,8,8,8,0.35,0.1,0.65,10,egg THOLD=0.65,Kelvin-Voigt,1.5e+06,0.1,197.484,,,,9.81,Kontaktast,0.875,-0.7,-0.455,K,Kontaktast,1,0,0,6.95881,,615.068,462.874,80,eingeschwungen
"Schnitt (120°,240°)",0,120,240,8,8,8,0.35,0.1,0.65,10,egg THOLD=0.65,Kelvin-Voigt,1.5e+06,0.1,197.484,,,,9.81,Kontaktast,0.875,-0.6,-0.39,K,Kontaktast,1,0,0,6.95881,,528.16,396.456,80,eingeschwungen
"Schnitt (120°,240°)",0,120,240,8,8,8,0.35,0.1,0.65,10,egg THOLD=0.65,Kelvin-Voigt,1.5e+06,0.1,197.484,,,,9.81,Kontaktast,0.875,-0.5,-0.325,K,Kontaktast,1,0,0,6.95881,,441.253,329.905,80,eingeschwungen
"Schnitt (120°,240°)",0,120,240,8,8,8,0.35,0.1,0.65,10,egg THOLD=0.65,Kelvin-Voigt,1.5e+06,0.1,197.484,,,,9.81,Kontaktast,0.875,-0.4,-0.26,K,Kontaktast,1,0,0,6.95881,,354.346,269.532,80,eingeschwungen
"Schnitt (120°,240°)",0,120,240,8,8,8,0.35,0.1,0.65,10,egg THOLD=0.65,Kelvin-Voigt,1.5e+06,0.1,197.484,,,,9.81,Kontaktast,0.875,-0.3,-0.195,K,Kontaktast,1,0,0,6.95881,,267.439,197.631,80,eingeschwungen
"Schnitt (120°,240°)",0,120,240,8,8,8,0.35,0.1,0.65,10,egg THOLD=0.65,Kelvin-Voigt,1.5e+06,0.1,197.484,,,,9.81,Kontaktast,0.875,-0.2,-0.13,K,Kontaktast,1,0,0,6.95881,,180.531,142.051,80,eingeschwungen
"Schnitt (120°,240°)",0,120,240,8,8,8,0.35,0.1,0.65,10,egg THOLD=0.65,Kelvin-Voigt,1.5e+06,0.1,197.484,,,,9.81,Kontaktast,0.875,-0.1,-0.065,K,Kontaktast,1,0,0,6.95881,,93.624,66.4743,80,eingeschwungen
"Schnitt (120°,240°)",0,120,240,8,8,8,0.35,0.1,0.65,10,egg THOLD=0.65,Kelvin-Voigt,1.5e+06,0.1,197.484,,,,9.81,Kontaktast,0.875,0,0,K,Kontaktast,1,0,0,6.95881,,6.95881,,80,eingeschwungen
"Schnitt (120°,240°)",0,120,240,8,8,8,0.35,0.1,0.65,10,egg THOLD=0.65,Kelvin-Voigt,1.5e+06,0.1,197.484,,,,9.81,Kontaktast,0.875,0.1,0.065,K,Kontaktast,1,0,0,6.95881,,90.4335,90.4335,80,eingeschwungen
"Schnitt (120°,240°)",0,120,240,8,8,8,0.35,0.1,0.65,10,egg THOLD=0.65,Kelvin-Voigt,1.5e+06,0.1,197.484,,,,9.81,Kontaktast,0.875,0.2,0.13,K,Kontaktast,1,0,0,6.95881,,183.844,183.844,80,eingeschwungen
"Schnitt (120°,240°)",0,120,240,8,8,8,0.35,0.1,0.65,10,egg THOLD=0.65,Kelvin-Voigt,1.5e+06,0.1,197.484,,,,9.81,Kontaktast,0.875,0.3,0.195,K,Kontaktast,1,0,0,6.95881,,270.412,270.412,80,eingeschwungen
"Schnitt (120°,240°)",0,120,240,8,8,8,0.35,0.1,0.65,10,egg THOLD=0.65,Kelvin-Voigt,1.5e+06,0.1,197.484,,,,9.81,Kontaktast,0.875,0.4,0.26,K,Kontaktast,1,0,0,6.95881,,351.482,351.482,80,eingeschwungen
"Schnitt (120°,240°)",0,120,240,8,8,8,0.35,0.1,0.65,10,egg THOLD=0.65,Kelvin-Voigt,1.5e+06,0.1,197.484,,,,9.81,Kontaktast,0.875,0.5,0.325,K,Kontaktast,1,0,0,6.95881,,447.621,447.621,80,eingeschwungen
"Schnitt (120°,240°)",0,120,240,8,8,8,0.35,0.1,0.65,10,egg THOLD=0.65,Kelvin-Voigt,1.5e+06,0.1,197.484,,,,9.81,Kontaktast,0.875,0.6,0.39,K,Kontaktast,1,0,0,6.95881,,526.927,526.927,80,eingeschwungen
"Schnitt (120°,240°)",0,120,240,8,8,8,0.35,0.1,0.65,10,egg THOLD=0.65,Kelvin-Voigt,1.5e+06,0.1,197.484,,,,9.81,Kontaktast,0.875,0.7,0.455,K,Kontaktast,1,0,0,6.95881,,617.575,617.575,80,eingeschwungen
"Schnitt (120°,240°)",0,120,240,8,8,8,0.35,0.1,0.65,10,egg THOLD=0.65,Kelvin-Voigt,1.5e+06,0.1,197.484,,,,9.81,Kontaktast,0.875,0.8,0.52,K,Kontaktast,1,0,0,6.95881,,706.179,706.179,80,eingeschwungen
"Schnitt (120°,240°)",0,120,240,8,8,8,0.35,0.1,0.65,10,egg THOLD=0.65,Kelvin-Voigt,1.5e+06,0.1,197.484,,,,9.81,Kontaktast,0.875,0.9,0.585,K,Kontaktast,1,0,0,6.95881,,785.986,785.986,80,eingeschwungen
"Schnitt (120°,240°)",0,120,240,8,8,8,0.35,0.1,0.65,10,egg THOLD=0.65,Kelvin-Voigt,1.5e+06,0.1,197.484,,,,9.81,Kontaktast,0.875,1,0.65,K,Kontaktast,1,0,0,6.95881,,882.185,882.185,80,eingeschwungen
"Schnitt (100°,240°)",0,100,240,8,8,8,0.35,0.1,0.65,10,egg THOLD=0.65,Kelvin-Voigt,1.5e+06,0.1,197.484,,,,9.81,Kontaktast,0,-1,-0.65,K,Kontaktast,1,0,0,7.22011,,875.617,649.854,80,eingeschwungen
"Schnitt (100°,240°)",0,100,240,8,8,8,0.35,0.1,0.65,10,egg THOLD=0.65,Kelvin-Voigt,1.5e+06,0.1,197.484,,,,9.81,Kontaktast,0,-0.9,-0.585,K,Kontaktast,1,0,0,7.22011,,788.71,579.045,80,eingeschwungen
"Schnitt (100°,240°)",0,100,240,8,8,8,0.35,0.1,0.65,10,egg THOLD=0.65,Kelvin-Voigt,1.5e+06,0.1,197.484,,,,9.81,Kontaktast,0,-0.8,-0.52,K,Kontaktast,1,0,0,7.22011,,701.802,535.823,80,eingeschwungen
"Schnitt (100°,240°)",0,100,240,8,8,8,0.35,0.1,0.65,10,egg THOLD=0.65,Kelvin-Voigt,1.5e+06,0.1,197.484,,,,9.81,Kontaktast,0,-0.7,-0.455,K,Kontaktast,1,0,0,7.22011,,614.895,473.666,80,eingeschwungen
"Schnitt (100°,240°)",0,100,240,8,8,8,0.35,0.1,0.65,10,egg THOLD=0.65,Kelvin-Voigt,1.5e+06,0.1,197.484,,,,9.81,Kontaktast,0,-0.6,-0.39,K,Kontaktast,1,0,0,7.22011,,527.988,403.011,80,eingeschwungen
"Schnitt (100°,240°)",0,100,240,8,8,8,0.35,0.1,0.65,10,egg THOLD=0.65,Kelvin-Voigt,1.5e+06,0.1,197.484,,,,9.81,Kontaktast,0,-0.5,-0.325,K,Kontaktast,1,0,0,7.22011,,441.08,325.668,80,eingeschwungen
"Schnitt (100°,240°)",0,100,240,8,8,8,0.35,0.1,0.65,10,egg THOLD=0.65,Kelvin-Voigt,1.5e+06,0.1,197.484,,,,9.81,Kontaktast,0,-0.4,-0.26,K,Kontaktast,1,0,0,7.22011,,354.173,256.921,80,eingeschwungen
"Schnitt (100°,240°)",0,100,240,8,8,8,0.35,0.1,0.65,10,egg THOLD=0.65,Kelvin-Voigt,1.5e+06,0.1,197.484,,,,9.81,Kontaktast,0,-0.3,-0.195,K,Kontaktast,1,0,0,7.22011,,267.266,186.191,80,eingeschwungen
"Schnitt (100°,240°)",0,100,240,8,8,8,0.35,0.1,0.65,10,egg THOLD=0.65,Kelvin-Voigt,1.5e+06,0.1,197.484,,,,9.81,Kontaktast,0,-0.2,-0.13,K,Kontaktast,1,0,0,7.22011,,180.359,116.845,80,eingeschwungen
"Schnitt (100°,240°)",0,100,240,8,8,8,0.35,0.1,0.65,10,egg THOLD=0.65,Kelvin-Voigt,1.5e+06,0.1,197.484,,,,9.81,Kontaktast,0,-0.1,-0.065,K,Kontaktast,1,0,0,7.22011,,93.4513,68.7099,80,eingeschwungen
"Schnitt (100°,240°)",0,100,240,8,8,8,0.35,0.1,0.65,10,egg THOLD=0.65,Kelvin-Voigt,1.5e+06,0.1,197.484,,,,9.81,Kontaktast,0,0,0,K,Kontaktast,1,0,0,7.22011,,7.22011,,80,eingeschwungen
"Schnitt (100°,240°)",0,100,240,8,8,8,0.35,0.1,0.65,10,egg THOLD=0.65,Kelvin-Voigt,1.5e+06,0.1,197.484,,,,9.81,Kontaktast,0,0.1,0.065,K,Kontaktast,1,0,0,7.22011,,91.0326,91.0326,80,eingeschwungen
"Schnitt (100°,240°)",0,100,240,8,8,8,0.35,0.1,0.65,10,egg THOLD=0.65,Kelvin-Voigt,1.5e+06,0.1,197.484,,,,9.81,Kontaktast,0,0.2,0.13,K,Kontaktast,1,0,0,7.22011,,160.043,160.043,80,eingeschwungen
"Schnitt (100°,240°)",0,100,240,8,8,8,0.35,0.1,0.65,10,egg THOLD=0.65,Kelvin-Voigt,1.5e+06,0.1,197.484,,,,9.81,Kontaktast,0,0.3,0.195,K,Kontaktast,1,0,0,7.22011,,260.159,260.159,80,eingeschwungen
"Schnitt (100°,240°)",0,100,240,8,8,8,0.35,0.1,0.65,10,egg THOLD=0.65,Kelvin-Voigt,1.5e+06,0.1,197.484,,,,9.81,Kontaktast,0,0.4,0.26,K,Kontaktast,1,0,0,7.22011,,354.954,354.954,80,eingeschwungen
"Schnitt (100°,240°)",0,100,240,8,8,8,0.35,0.1,0.65,10,egg THOLD=0.65,Kelvin-Voigt,1.5e+06,0.1,197.484,,,,9.81,Kontaktast,0,0.5,0.325,K,Kontaktast,1,0,0,7.22011,,451.983,451.983,80,eingeschwungen
"Schnitt (100°,240°)",0,100,240,8,8,8,0.35,0.1,0.65,10,egg THOLD=0.65,Kelvin-Voigt,1.5e+06,0.1,197.484,,,,9.81,Kontaktast,0,0.6,0.39,K,Kontaktast,1,0,0,7.22011,,541.661,541.661,80,eingeschwungen
"Schnitt (100°,240°)",0,100,240,8,8,8,0.35,0.1,0.65,10,egg THOLD=0.65,Kelvin-Voigt,1.5e+06,0.1,197.484,,,,9.81,Kontaktast,0,0.7,0.455,K,Kontaktast,1,0,0,7.22011,,606.186,606.186,80,eingeschwungen
"Schnitt (100°,240°)",0,100,240,8,8,8,0.35,0.1,0.65,10,egg THOLD=0.65,Kelvin-Voigt,1.5e+06,0.1,197.484,,,,9.81,Kontaktast,0,0.8,0.52,K,Kontaktast,1,0,0,7.22011,,696.301,696.301,80,eingeschwungen
"Schnitt (100°,240°)",0,100,240,8,8,8,0.35,0.1,0.65,10,egg THOLD=0.65,Kelvin-Voigt,1.5e+06,0.1,197.484,,,,9.81,Kontaktast,0,0.9,0.585,K,Kontaktast,1,0,0,7.22011,,791.25,791.25,80,eingeschwungen
"Schnitt (100°,240°)",0,100,240,8,8,8,0.35,0.1,0.65,10,egg THOLD=0.65,Kelvin-Voigt,1.5e+06,0.1,197.484,,,,9.81,Kontaktast,0,1,0.65,K,Kontaktast,1,0,0,7.22011,,887.973,887.973,80,eingeschwungen
"Schnitt (100°,240°)",0,100,240,8,8,8,0.35,0.1,0.65,10,egg THOLD=0.65,Kelvin-Voigt,1.5e+06,0.1,197.484,,,,9.81,Kontaktast,0.125,-1,-0.65,K,Kontaktast,1,0,0,7.22011,,875.945,654.333,80,eingeschwungen
"Schnitt (100°,240°)",0,100,240,8,8,8,0.35,0.1,0.65,10,egg THOLD=0.65,Kelvin-Voigt,1.5e+06,0.1,197.484,,,,9.81,Kontaktast,0.125,-0.9,-0.585,K,Kontaktast,1,0,0,7.22011,,789.038,596.226,80,eingeschwungen
"Schnitt (100°,240°)",0,100,240,8,8,8,0.35,0.1,0.65,10,egg THOLD=0.65,Kelvin-Voigt,1.5e+06,0.1,197.484,,,,9.81,Kontaktast,0.125,-0.8,-0.52,K,Kontaktast,1,0,0,7.22011,,702.13,525.586,80,eingeschwungen
"Schnitt (100°,240°)",0,100,240,8,8,8,0.35,0.1,0.65,10,egg THOLD=0.65,Kelvin-Voigt,1.5e+06,0.1,197.484,,,,9.81,Kontaktast,0.125,-0.7,-0.455,K,Kontaktast,1,0,0,7.22011,,615.223,482.83,80,eingeschwungen
"Schnitt (100°,240°)",0,100,240,8,8,8,0.35,0.1,0.65,10,egg THOLD=0.65,Kelvin-Voigt,1.5e+06,0.1,197.484,,,,9.81,Kontaktast,0.125,-0.6,-0.39,K,Kontaktast,1,0,0,7.22011,,528.316,421.037,80,eingeschwungen
"Schnitt (100°,240°)",0,100,240,8,8,8,0.35,0.1,0.65,10,egg THOLD=0.65,Kelvin-Voigt,1.5e+06,0.1,197.484,,,,9.81,Kontaktast,0.125,-0.5,-0.325,K,Kontaktast,1,0,0,7.22011,,441.409,351.271,80,eingeschwungen
"Schnitt (100°,240°)",0,100,240,8,8,8,0.35,0.1,0.65,10,egg THOLD=0.65,Kelvin-Voigt,1.5e+06,0.1,197.484,,,,9.81,Kontaktast,0.125,-0.4,-0.26,K,Kontaktast,1,0,0,7.22011,,354.501,274.743,80,eingeschwungen
"Schnitt (100°,240°)",0,100,240,8,8,8,0.35,0.1,0.65,10,egg THOLD=0.65,Kelvin-Voigt,1.5e+06,0.1,197.484,,,,9.81,Kontaktast,0.125,-0.3,-0.195,K,Kontaktast,1,0,0,7.22011,,267.594,205.887,80,eingeschwungen
"Schnitt (100°,240°)",0,100,240,8,8,8,0.35,0.1,0.65,10,egg THOLD=0.65,Kelvin-Voigt,1.5e+06,0.1,197.484,,,,9.81,Kontaktast,0.125,-0.2,-0.13,K,Kontaktast,1,0,0,7.22011,,180.687,135.221,80,eingeschwungen
"Schnitt (100°,240°)",0,100,240,8,8,8,0.35,0.1,0.65,10,egg THOLD=0.65,Kelvin-Voigt,1.5e+06,0.1,197.484,,,,9.81,Kontaktast,0.125,-0.1,-0.065,K,Kontaktast,1,0,0,7.22011,,93.7794,60.2494,80,eingeschwungen
"Schnitt (100°,240°)",0,100,240,8,8,8,0.35,0.1,0.65,10,egg THOLD=0.65,Kelvin-Voigt,1.5e+06,0.1,197.484,,,,9.81,Kontaktast,0.125,0,0,K,Kontaktast,1,0,0,7.22011,,7.22011,,80,eingeschwungen
"Schnitt (100°,240°)",0,100,240,8,8,8,0.35,0.1,0.65,10,egg THOLD=0.65,Kelvin-Voigt,1.5e+06,0.1,197.484,,,,9.81,Kontaktast,0.125,0.1,0.065,K,Kontaktast,1,0,0,7.22011,,79.9428,79.9428,80,eingeschwungen
"Schnitt (100°,240°)",0,100,240,8,8,8,0.35,0.1,0.65,10,egg THOLD=0.65,Kelvin-Voigt,1.5e+06,0.1,197.484,,,,9.81,Kontaktast,0.125,0.2,0.13,K,Kontaktast,1,0,0,7.22011,,185.22,185.22,80,eingeschwungen
"Schnitt (100°,240°)",0,100,240,8,8,8,0.35,0.1,0.65,10,egg THOLD=0.65,Kelvin-Voigt,1.5e+06,0.1,197.484,,,,9.81,Kontaktast,0.125,0.3,0.195,K,Kontaktast,1,0,0,7.22011,,273.357,273.357,80,eingeschwungen
"Schnitt (100°,240°)",0,100,240,8,8,8,0.35,0.1,0.65,10,egg THOLD=0.65,Kelvin-Voigt,1.5e+06,0.1,197.484,,,,9.81,Kontaktast,0.125,0.4,0.26,K,Kontaktast,1,0,0,7.22011,,375.053,375.053,80,eingeschwungen
"Schnitt (100°,240°)",0,100,240,8,8,8,0.35,0.1,0.65,10,egg THOLD=0.65,Kelvin-Voigt,1.5e+06,0.1,197.484,,,,9.81,Kontaktast,0.125,0.5,0.325,K,Kontaktast,1,0,0,7.22011,,469.025,469.025,80,eingeschwungen
"Schnitt (100°,240°)",0,100,240,8,8,8,0.35,0.1,0.65,10,egg THOLD=0.65,Kelvin-Voigt,1.5e+06,0.1,197.484,,,,9.81,Kontaktast,0.125,0.6,0.39,K,Kontaktast,1,0,0,7.22011,,529.564,529.564,80,eingeschwungen
"Schnitt (100°,240°)",0,100,240,8,8,8,0.35,0.1,0.65,10,egg THOLD=0.65,Kelvin-Voigt,1.5e+06,0.1,197.484,,,,9.81,Kontaktast,0.125,0.7,0.455,K,Kontaktast,1,0,0,7.22011,,622.556,622.556,80,eingeschwungen
"Schnitt (100°,240°)",0,100,240,8,8,8,0.35,0.1,0.65,10,egg THOLD=0.65,Kelvin-Voigt,1.5e+06,0.1,197.484,,,,9.81,Kontaktast,0.125,0.8,0.52,K,Kontaktast,1,0,0,7.22011,,707.801,707.801,80,eingeschwungen
"Schnitt (100°,240°)",0,100,240,8,8,8,0.35,0.1,0.65,10,egg THOLD=0.65,Kelvin-Voigt,1.5e+06,0.1,197.484,,,,9.81,Kontaktast,0.125,0.9,0.585,K,Kontaktast,1,0,0,7.22011,,808.309,808.309,80,eingeschwungen
"Schnitt (100°,240°)",0,100,240,8,8,8,0.35,0.1,0.65,10,egg THOLD=0.65,Kelvin-Voigt,1.5e+06,0.1,197.484,,,,9.81,Kontaktast,0.125,1,0.65,K,Kontaktast,1,0,0,7.22011,,903.763,903.763,80,eingeschwungen
"Schnitt (100°,240°)",0,100,240,8,8,8,0.35,0.1,0.65,10,egg THOLD=0.65,Kelvin-Voigt,1.5e+06,0.1,197.484,,,,9.81,Kontaktast,0.25,-1,-0.65,K,Kontaktast,1,0,0,7.22011,,874.348,659.285,80,eingeschwungen
"Schnitt (100°,240°)",0,100,240,8,8,8,0.35,0.1,0.65,10,egg THOLD=0.65,Kelvin-Voigt,1.5e+06,0.1,197.484,,,,9.81,Kontaktast,0.25,-0.9,-0.585,K,Kontaktast,1,0,0,7.22011,,787.441,588.874,80,eingeschwungen
"Schnitt (100°,240°)",0,100,240,8,8,8,0.35,0.1,0.65,10,egg THOLD=0.65,Kelvin-Voigt,1.5e+06,0.1,197.484,,,,9.81,Kontaktast,0.25,-0.8,-0.52,K,Kontaktast,1,0,0,7.22011,,700.534,526.979,80,eingeschwungen
"Schnitt (100°,240°)",0,100,240,8,8,8,0.35,0.1,0.65,10,egg THOLD=0.65,Kelvin-Voigt,1.5e+06,0.1,197.484,,,,9.81,Kontaktast,0.25,-0.7,-0.455,K,Kontaktast,1,0,0,7.22011,,613.626,460.653,80,eingeschwungen
"Schnitt (100°,240°)",0,100,240,8,8,8,0.35,0.1,0.65,10,egg THOLD=0.65,Kelvin-Voigt,1.5e+06,0.1,197.484,,,,9.81,Kontaktast,0.25,-0.6,-0.39,K,Kontaktast,1,0,0,7.22011,,526.719,419.953,80,eingeschwungen
"Schnitt (100°,240°)",0,100,240,8,8,8,0.35,0.1,0.65,10,egg THOLD=0.65,Kelvin-Voigt,1.5e+06,0.1,197.484,,,,9.81,Kontaktast,0.25,-0.5,-0.325,K,Kontaktast,1,0,0,7.22011,,439.812,353.77,80,eingeschwungen
"Schnitt (100°,240°)",0,100,240,8,8,8,0.35,0.1,0.65,10,egg THOLD=0.65,Kelvin-Voigt,1.5e+06,0.1,197.484,,,,9.81,Kontaktast,0.25,-0.4,-0.26,K,Kontaktast,1,0,0,7.22011,,352.904,287.156,80,eingeschwungen
"Schnitt (100°,240°)",0,100,240,8,8,8,0.35,0.1,0.65,10,egg THOLD=0.65,Kelvin-Voigt,1.5e+06,0.1,197.484,,,,9.81,Kontaktast,0.25,-0.3,-0.195,K,Kontaktast,1,0,0,7.22011,,265.997,209.533,80,eingeschwungen
"Schnitt (100°,240°)",0,100,240,8,8,8,0.35,0.1,0.65,10,egg THOLD=0.65,Kelvin-Voigt,1.5e+06,0.1,197.484,,,,9.81,Kontaktast,0.25,-0.2,-0.13,K,Kontaktast,1,0,0,7.22011,,179.09,147.501,80,eingeschwungen
"Schnitt (100°,240°)",0,100,240,8,8,8,0.35,0.1,0.65,10,egg THOLD=0.65,Kelvin-Voigt,1.5e+06,0.1,197.484,,,,9.81,Kontaktast,0.25,-0.1,-0.065,K,Kontaktast,1,0,0,7.22011,,92.1826,77.2192,80,eingeschwungen
"Schnitt (100°,240°)",0,100,240,8,8,8,0.35,0.1,0.65,10,egg THOLD=0.65,Kelvin-Voigt,1.5e+06,0.1,197.484,,,,9.81,Kontaktast,0.25,0,0,K,Kontaktast,1,0,0,7.22011,,7.22011,,80,eingeschwungen
"Schnitt (100°,240°)",0,100,240,8,8,8,0.35,0.1,0.65,10,egg THOLD=0.65,Kelvin-Voigt,1.5e+06,0.1,197.484,,,,9.81,Kontaktast,0.25,0.1,0.065,K,Kontaktast,1,0,0,7.22011,,104.001,104.001,80,eingeschwungen
"Schnitt (100°,240°)",0,100,240,8,8,8,0.35,0.1,0.65,10,egg THOLD=0.65,Kelvin-Voigt,1.5e+06,0.1,197.484,,,,9.81,Kontaktast,0.25,0.2,0.13,K,Kontaktast,1,0,0,7.22011,,188.458,188.458,80,eingeschwungen
"Schnitt (100°,240°)",0,100,240,8,8,8,0.35,0.1,0.65,10,egg THOLD=0.65,Kelvin-Voigt,1.5e+06,0.1,197.484,,,,9.81,Kontaktast,0.25,0.3,0.195,K,Kontaktast,1,0,0,7.22011,,291.965,291.965,80,eingeschwungen
"Schnitt (100°,240°)",0,100,240,8,8,8,0.35,0.1,0.65,10,egg THOLD=0.65,Kelvin-Voigt,1.5e+06,0.1,197.484,,,,9.81,Kontaktast,0.25,0.4,0.26,K,Kontaktast,1,0,0,7.22011,,383.604,383.604,80,eingeschwungen
"Schnitt (100°,240°)",0,100,240,8,8,8,0.35,0.1,0.65,10,egg THOLD=0.65,Kelvin-Voigt,1.5e+06,0.1,197.484,,,,9.81,Kontaktast,0.25,0.5,0.325,K,Kontaktast,1,0,0,7.22011,,454.788,454.788,80,eingeschwungen
"Schnitt (100°,240°)",0,100,240,8,8,8,0.35,0.1,0.65,10,egg THOLD=0.65,Kelvin-Voigt,1.5e+06,0.1,197.484,,,,9.81,Kontaktast,0.25,0.6,0.39,K,Kontaktast,1,0,0,7.22011,,534.594,534.594,80,eingeschwungen
"Schnitt (100°,240°)",0,100,240,8,8,8,0.35,0.1,0.65,10,egg THOLD=0.65,Kelvin-Voigt,1.5e+06,0.1,197.484,,,,9.81,Kontaktast,0.25,0.7,0.455,K,Kontaktast,1,0,0,7.22011,,616.618,616.618,80,eingeschwungen
"Schnitt (100°,240°)",0,100,240,8,8,8,0.35,0.1,0.65,10,egg THOLD=0.65,Kelvin-Voigt,1.5e+06,0.1,197.484,,,,9.81,Kontaktast,0.25,0.8,0.52,K,Kontaktast,1,0,0,7.22011,,720.546,720.546,80,eingeschwungen
"Schnitt (100°,240°)",0,100,240,8,8,8,0.35,0.1,0.65,10,egg THOLD=0.65,Kelvin-Voigt,1.5e+06,0.1,197.484,,,,9.81,Kontaktast,0.25,0.9,0.585,K,Kontaktast,1,0,0,7.22011,,816.308,816.308,80,eingeschwungen
"Schnitt (100°,240°)",0,100,240,8,8,8,0.35,0.1,0.65,10,egg THOLD=0.65,Kelvin-Voigt,1.5e+06,0.1,197.484,,,,9.81,Kontaktast,0.25,1,0.65,K,Kontaktast,1,0,0,7.22011,,885.938,885.938,80,eingeschwungen
"Schnitt (100°,240°)",0,100,240,8,8,8,0.35,0.1,0.65,10,egg THOLD=0.65,Kelvin-Voigt,1.5e+06,0.1,197.484,,,,9.81,Kontaktast,0.375,-1,-0.65,K,Kontaktast,1,0,0,7.22011,,874.99,649.299,80,eingeschwungen
"Schnitt (100°,240°)",0,100,240,8,8,8,0.35,0.1,0.65,10,egg THOLD=0.65,Kelvin-Voigt,1.5e+06,0.1,197.484,,,,9.81,Kontaktast,0.375,-0.9,-0.585,K,Kontaktast,1,0,0,7.22011,,788.082,569.695,80,eingeschwungen
"Schnitt (100°,240°)",0,100,240,8,8,8,0.35,0.1,0.65,10,egg THOLD=0.65,Kelvin-Voigt,1.5e+06,0.1,197.484,,,,9.81,Kontaktast,0.375,-0.8,-0.52,K,Kontaktast,1,0,0,7.22011,,701.175,510.898,80,eingeschwungen
"Schnitt (100°,240°)",0,100,240,8,8,8,0.35,0.1,0.65,10,egg THOLD=0.65,Kelvin-Voigt,1.5e+06,0.1,197.484,,,,9.81,Kontaktast,0.375,-0.7,-0.455,K,Kontaktast,1,0,0,7.22011,,614.268,440.094,80,eingeschwungen
"Schnitt (100°,240°)",0,100,240,8,8,8,0.35,0.1,0.65,10,egg THOLD=0.65,Kelvin-Voigt,1.5e+06,0.1,197.484,,,,9.81,Kontaktast,0.375,-0.6,-0.39,K,Kontaktast,1,0,0,7.22011,,527.361,389.159,80,eingeschwungen
"Schnitt (100°,240°)",0,100,240,8,8,8,0.35,0.1,0.65,10,egg THOLD=0.65,Kelvin-Voigt,1.5e+06,0.1,197.484,,,,9.81,Kontaktast,0.375,-0.5,-0.325,K,Kontaktast,1,0,0,7.22011,,440.453,339.322,80,eingeschwungen
"Schnitt (100°,240°)",0,100,240,8,8,8,0.35,0.1,0.65,10,egg THOLD=0.65,Kelvin-Voigt,1.5e+06,0.1,197.484,,,,9.81,Kontaktast,0.375,-0.4,-0.26,K,Kontaktast,1,0,0,7.22011,,353.546,270.545,80,eingeschwungen
"Schnitt (100°,240°)",0,100,240,8,8,8,0.35,0.1,0.65,10,egg THOLD=0.65,Kelvin-Voigt,1.5e+06,0.1,197.484,,,,9.81,Kontaktast,0.375,-0.3,-0.195,K,Kontaktast,1,0,0,7.22011,,266.639,203.298,80,eingeschwungen
"Schnitt (100°,240°)",0,100,240,8,8,8,0.35,0.1,0.65,10,egg THOLD=0.65,Kelvin-Voigt,1.5e+06,0.1,197.484,,,,9.81,Kontaktast,0.375,-0.2,-0.13,K,Kontaktast,1,0,0,7.22011,,179.731,126.752,80,eingeschwungen
"Schnitt (100°,240°)",0,100,240,8,8,8,0.35,0.1,0.65,10,egg THOLD=0.65,Kelvin-Voigt,1.5e+06,0.1,197.484,,,,9.81,Kontaktast,0.375,-0.1,-0.065,K,Kontaktast,1,0,0,7.22011,,92.8242,70.9723,80,eingeschwungen
"Schnitt (100°,240°)",0,100,240,8,8,8,0.35,0.1,0.65,10,egg THOLD=0.65,Kelvin-Voigt,1.5e+06,0.1,197.484,,,,9.81,Kontaktast,0.375,0,0,K,Kontaktast,1,0,0,7.22011,,7.22011,,80,eingeschwungen
"Schnitt (100°,240°)",0,100,240,8,8,8,0.35,0.1,0.65,10,egg THOLD=0.65,Kelvin-Voigt,1.5e+06,0.1,197.484,,,,9.81,Kontaktast,0.375,0.1,0.065,K,Kontaktast,1,0,0,7.22011,,94.6864,94.6864,80,eingeschwungen
"Schnitt (100°,240°)",0,100,240,8,8,8,0.35,0.1,0.65,10,egg THOLD=0.65,Kelvin-Voigt,1.5e+06,0.1,197.484,,,,9.81,Kontaktast,0.375,0.2,0.13,K,Kontaktast,1,0,0,7.22011,,179.097,179.097,80,eingeschwungen
"Schnitt (100°,240°)",0,100,240,8,8,8,0.35,0.1,0.65,10,egg THOLD=0.65,Kelvin-Voigt,1.5e+06,0.1,197.484,,,,9.81,Kontaktast,0.375,0.3,0.195,K,Kontaktast,1,0,0,7.22011,,275.139,275.139,80,eingeschwungen
"Schnitt (100°,240°)",0,100,240,8,8,8,0.35,0.1,0.65,10,egg THOLD=0.65,Kelvin-Voigt,1.5e+06,0.1,197.484,,,,9.81,Kontaktast,0.375,0.4,0.26,K,Kontaktast,1,0,0,7.22011,,365.588,365.588,80,eingeschwungen
"Schnitt (100°,240°)",0,100,240,8,8,8,0.35,0.1,0.65,10,egg THOLD=0.65,Kelvin-Voigt,1.5e+06,0.1,197.484,,,,9.81,Kontaktast,0.375,0.5,0.325,K,Kontaktast,1,0,0,7.22011,,424.704,424.704,80,eingeschwungen
"Schnitt (100°,240°)",0,100,240,8,8,8,0.35,0.1,0.65,10,egg THOLD=0.65,Kelvin-Voigt,1.5e+06,0.1,197.484,,,,9.81,Kontaktast,0.375,0.6,0.39,K,Kontaktast,1,0,0,7.22011,,517.604,517.604,80,eingeschwungen
"Schnitt (100°,240°)",0,100,240,8,8,8,0.35,0.1,0.65,10,egg THOLD=0.65,Kelvin-Voigt,1.5e+06,0.1,197.484,,,,9.81,Kontaktast,0.375,0.7,0.455,K,Kontaktast,1,0,0,7.22011,,602.75,602.75,80,eingeschwungen
"Schnitt (100°,240°)",0,100,240,8,8,8,0.35,0.1,0.65,10,egg THOLD=0.65,Kelvin-Voigt,1.5e+06,0.1,197.484,,,,9.81,Kontaktast,0.375,0.8,0.52,K,Kontaktast,1,0,0,7.22011,,702.83,702.83,80,eingeschwungen
"Schnitt (100°,240°)",0,100,240,8,8,8,0.35,0.1,0.65,10,egg THOLD=0.65,Kelvin-Voigt,1.5e+06,0.1,197.484,,,,9.81,Kontaktast,0.375,0.9,0.585,K,Kontaktast,1,0,0,7.22011,,797.724,797.724,80,eingeschwungen
"Schnitt (100°,240°)",0,100,240,8,8,8,0.35,0.1,0.65,10,egg THOLD=0.65,Kelvin-Voigt,1.5e+06,0.1,197.484,,,,9.81,Kontaktast,0.375,1,0.65,K,Kontaktast,1,0,0,7.22011,,858.446,858.446,80,eingeschwungen
"Schnitt (100°,240°)",0,100,240,8,8,8,0.35,0.1,0.65,10,egg THOLD=0.65,Kelvin-Voigt,1.5e+06,0.1,197.484,,,,9.81,Kontaktast,0.5,-1,-0.65,K,Kontaktast,1,0,0,7.22011,,875.832,654.547,80,eingeschwungen
"Schnitt (100°,240°)",0,100,240,8,8,8,0.35,0.1,0.65,10,egg THOLD=0.65,Kelvin-Voigt,1.5e+06,0.1,197.484,,,,9.81,Kontaktast,0.5,-0.9,-0.585,K,Kontaktast,1,0,0,7.22011,,788.924,584.879,80,eingeschwungen
"Schnitt (100°,240°)",0,100,240,8,8,8,0.35,0.1,0.65,10,egg THOLD=0.65,Kelvin-Voigt,1.5e+06,0.1,197.484,,,,9.81,Kontaktast,0.5,-0.8,-0.52,K,Kontaktast,1,0,0,7.22011,,702.017,505.525,80,eingeschwungen
"Schnitt (100°,240°)",0,100,240,8,8,8,0.35,0.1,0.65,10,egg THOLD=0.65,Kelvin-Voigt,1.5e+06,0.1,197.484,,,,9.81,Kontaktast,0.5,-0.7,-0.455,K,Kontaktast,1,0,0,7.22011,,615.11,447.487,80,eingeschwungen
"Schnitt (100°,240°)",0,100,240,8,8,8,0.35,0.1,0.65,10,egg THOLD=0.65,Kelvin-Voigt,1.5e+06,0.1,197.484,,,,9.81,Kontaktast,0.5,-0.6,-0.39,K,Kontaktast,1,0,0,7.22011,,528.202,375.501,80,eingeschwungen
"Schnitt (100°,240°)",0,100,240,8,8,8,0.35,0.1,0.65,10,egg THOLD=0.65,Kelvin-Voigt,1.5e+06,0.1,197.484,,,,9.81,Kontaktast,0.5,-0.5,-0.325,K,Kontaktast,1,0,0,7.22011,,441.295,329.206,80,eingeschwungen
"Schnitt (100°,240°)",0,100,240,8,8,8,0.35,0.1,0.65,10,egg THOLD=0.65,Kelvin-Voigt,1.5e+06,0.1,197.484,,,,9.81,Kontaktast,0.5,-0.4,-0.26,K,Kontaktast,1,0,0,7.22011,,354.388,274.924,80,eingeschwungen
"Schnitt (100°,240°)",0,100,240,8,8,8,0.35,0.1,0.65,10,egg THOLD=0.65,Kelvin-Voigt,1.5e+06,0.1,197.484,,,,9.81,Kontaktast,0.5,-0.3,-0.195,K,Kontaktast,1,0,0,7.22011,,267.481,207.683,80,eingeschwungen
"Schnitt (100°,240°)",0,100,240,8,8,8,0.35,0.1,0.65,10,egg THOLD=0.65,Kelvin-Voigt,1.5e+06,0.1,197.484,,,,9.81,Kontaktast,0.5,-0.2,-0.13,K,Kontaktast,1,0,0,7.22011,,180.573,139.722,80,eingeschwungen
"Schnitt (100°,240°)",0,100,240,8,8,8,0.35,0.1,0.65,10,egg THOLD=0.65,Kelvin-Voigt,1.5e+06,0.1,197.484,,,,9.81,Kontaktast,0.5,-0.1,-0.065,K,Kontaktast,1,0,0,7.22011,,93.666,63.4626,80,eingeschwungen
"Schnitt (100°,240°)",0,100,240,8,8,8,0.35,0.1,0.65,10,egg THOLD=0.65,Kelvin-Voigt,1.5e+06,0.1,197.484,,,,9.81,Kontaktast,0.5,0,0,K,Kontaktast,1,0,0,7.22011,,7.22011,,80,eingeschwungen
"Schnitt (100°,240°)",0,100,240,8,8,8,0.35,0.1,0.65,10,egg THOLD=0.65,Kelvin-Voigt,1.5e+06,0.1,197.484,,,,9.81,Kontaktast,0.5,0.1,0.065,K,Kontaktast,1,0,0,7.22011,,85.9089,85.9089,80,eingeschwungen
"Schnitt (100°,240°)",0,100,240,8,8,8,0.35,0.1,0.65,10,egg THOLD=0.65,Kelvin-Voigt,1.5e+06,0.1,197.484,,,,9.81,Kontaktast,0.5,0.2,0.13,K,Kontaktast,1,0,0,7.22011,,188.378,188.378,80,eingeschwungen
"Schnitt (100°,240°)",0,100,240,8,8,8,0.35,0.1,0.65,10,egg THOLD=0.65,Kelvin-Voigt,1.5e+06,0.1,197.484,,,,9.81,Kontaktast,0.5,0.3,0.195,K,Kontaktast,1,0,0,7.22011,,276.905,276.905,80,eingeschwungen
"Schnitt (100°,240°)",0,100,240,8,8,8,0.35,0.1,0.65,10,egg THOLD=0.65,Kelvin-Voigt,1.5e+06,0.1,197.484,,,,9.81,Kontaktast,0.5,0.4,0.26,K,Kontaktast,1,0,0,7.22011,,346.659,346.659,80,eingeschwungen
"Schnitt (100°,240°)",0,100,240,8,8,8,0.35,0.1,0.65,10,egg THOLD=0.65,Kelvin-Voigt,1.5e+06,0.1,197.484,,,,9.81,Kontaktast,0.5,0.5,0.325,K,Kontaktast,1,0,0,7.22011,,427.039,427.039,80,eingeschwungen
"Schnitt (100°,240°)",0,100,240,8,8,8,0.35,0.1,0.65,10,egg THOLD=0.65,Kelvin-Voigt,1.5e+06,0.1,197.484,,,,9.81,Kontaktast,0.5,0.6,0.39,K,Kontaktast,1,0,0,7.22011,,509.682,509.682,80,eingeschwungen
"Schnitt (100°,240°)",0,100,240,8,8,8,0.35,0.1,0.65,10,egg THOLD=0.65,Kelvin-Voigt,1.5e+06,0.1,197.484,,,,9.81,Kontaktast,0.5,0.7,0.455,K,Kontaktast,1,0,0,7.22011,,613.916,613.916,80,eingeschwungen
"Schnitt (100°,240°)",0,100,240,8,8,8,0.35,0.1,0.65,10,egg THOLD=0.65,Kelvin-Voigt,1.5e+06,0.1,197.484,,,,9.81,Kontaktast,0.5,0.8,0.52,K,Kontaktast,1,0,0,7.22011,,709.417,709.417,80,eingeschwungen
"Schnitt (100°,240°)",0,100,240,8,8,8,0.35,0.1,0.65,10,egg THOLD=0.65,Kelvin-Voigt,1.5e+06,0.1,197.484,,,,9.81,Kontaktast,0.5,0.9,0.585,K,Kontaktast,1,0,0,7.22011,,778.814,778.814,80,eingeschwungen
"Schnitt (100°,240°)",0,100,240,8,8,8,0.35,0.1,0.65,10,egg THOLD=0.65,Kelvin-Voigt,1.5e+06,0.1,197.484,,,,9.81,Kontaktast,0.5,1,0.65,K,Kontaktast,1,0,0,7.22011,,862.595,862.595,80,eingeschwungen
"Schnitt (100°,240°)",0,100,240,8,8,8,0.35,0.1,0.65,10,egg THOLD=0.65,Kelvin-Voigt,1.5e+06,0.1,197.484,,,,9.81,Kontaktast,0.625,-1,-0.65,K,Kontaktast,1,0,0,7.22011,,874.816,659.338,80,eingeschwungen
"Schnitt (100°,240°)",0,100,240,8,8,8,0.35,0.1,0.65,10,egg THOLD=0.65,Kelvin-Voigt,1.5e+06,0.1,197.484,,,,9.81,Kontaktast,0.625,-0.9,-0.585,K,Kontaktast,1,0,0,7.22011,,787.909,586.655,80,eingeschwungen
"Schnitt (100°,240°)",0,100,240,8,8,8,0.35,0.1,0.65,10,egg THOLD=0.65,Kelvin-Voigt,1.5e+06,0.1,197.484,,,,9.81,Kontaktast,0.625,-0.8,-0.52,K,Kontaktast,1,0,0,7.22011,,701.001,514.827,80,eingeschwungen
"Schnitt (100°,240°)",0,100,240,8,8,8,0.35,0.1,0.65,10,egg THOLD=0.65,Kelvin-Voigt,1.5e+06,0.1,197.484,,,,9.81,Kontaktast,0.625,-0.7,-0.455,K,Kontaktast,1,0,0,7.22011,,614.094,438.204,80,eingeschwungen
"Schnitt (100°,240°)",0,100,240,8,8,8,0.35,0.1,0.65,10,egg THOLD=0.65,Kelvin-Voigt,1.5e+06,0.1,197.484,,,,9.81,Kontaktast,0.625,-0.6,-0.39,K,Kontaktast,1,0,0,7.22011,,527.187,378.842,80,eingeschwungen
"Schnitt (100°,240°)",0,100,240,8,8,8,0.35,0.1,0.65,10,egg THOLD=0.65,Kelvin-Voigt,1.5e+06,0.1,197.484,,,,9.81,Kontaktast,0.625,-0.5,-0.325,K,Kontaktast,1,0,0,7.22011,,440.28,307.479,80,eingeschwungen
"Schnitt (100°,240°)",0,100,240,8,8,8,0.35,0.1,0.65,10,egg THOLD=0.65,Kelvin-Voigt,1.5e+06,0.1,197.484,,,,9.81,Kontaktast,0.625,-0.4,-0.26,K,Kontaktast,1,0,0,7.22011,,353.372,265.654,80,eingeschwungen
"Schnitt (100°,240°)",0,100,240,8,8,8,0.35,0.1,0.65,10,egg THOLD=0.65,Kelvin-Voigt,1.5e+06,0.1,197.484,,,,9.81,Kontaktast,0.625,-0.3,-0.195,K,Kontaktast,1,0,0,7.22011,,266.465,206.354,80,eingeschwungen
"Schnitt (100°,240°)",0,100,240,8,8,8,0.35,0.1,0.65,10,egg THOLD=0.65,Kelvin-Voigt,1.5e+06,0.1,197.484,,,,9.81,Kontaktast,0.625,-0.2,-0.13,K,Kontaktast,1,0,0,7.22011,,179.558,142.471,80,eingeschwungen
"Schnitt (100°,240°)",0,100,240,8,8,8,0.35,0.1,0.65,10,egg THOLD=0.65,Kelvin-Voigt,1.5e+06,0.1,197.484,,,,9.81,Kontaktast,0.625,-0.1,-0.065,K,Kontaktast,1,0,0,7.22011,,92.6504,76.3748,80,eingeschwungen
"Schnitt (100°,240°)",0,100,240,8,8,8,0.35,0.1,0.65,10,egg THOLD=0.65,Kelvin-Voigt,1.5e+06,0.1,197.484,,,,9.81,Kontaktast,0.625,0,0,K,Kontaktast,1,0,0,7.22011,,7.22011,,80,eingeschwungen
"Schnitt (100°,240°)",0,100,240,8,8,8,0.35,0.1,0.65,10,egg THOLD=0.65,Kelvin-Voigt,1.5e+06,0.1,197.484,,,,9.81,Kontaktast,0.625,0.1,0.065,K,Kontaktast,1,0,0,7.22011,,102.584,102.584,80,eingeschwungen
"Schnitt (100°,240°)",0,100,240,8,8,8,0.35,0.1,0.65,10,egg THOLD=0.65,Kelvin-Voigt,1.5e+06,0.1,197.484,,,,9.81,Kontaktast,0.625,0.2,0.13,K,Kontaktast,1,0,0,7.22011,,187.873,187.873,80,eingeschwungen
"Schnitt (100°,240°)",0,100,240,8,8,8,0.35,0.1,0.65,10,egg THOLD=0.65,Kelvin-Voigt,1.5e+06,0.1,197.484,,,,9.81,Kontaktast,0.625,0.3,0.195,K,Kontaktast,1,0,0,7.22011,,272.167,272.167,80,eingeschwungen
"Schnitt (100°,240°)",0,100,240,8,8,8,0.35,0.1,0.65,10,egg THOLD=0.65,Kelvin-Voigt,1.5e+06,0.1,197.484,,,,9.81,Kontaktast,0.625,0.4,0.26,K,Kontaktast,1,0,0,7.22011,,335.068,335.068,80,eingeschwungen
"Schnitt (100°,240°)",0,100,240,8,8,8,0.35,0.1,0.65,10,egg THOLD=0.65,Kelvin-Voigt,1.5e+06,0.1,197.484,,,,9.81,Kontaktast,0.625,0.5,0.325,K,Kontaktast,1,0,0,7.22011,,427.527,427.527,80,eingeschwungen
"Schnitt (100°,240°)",0,100,240,8,8,8,0.35,0.1,0.65,10,egg THOLD=0.65,Kelvin-Voigt,1.5e+06,0.1,197.484,,,,9.81,Kontaktast,0.625,0.6,0.39,K,Kontaktast,1,0,0,7.22011,,521.409,521.409,80,eingeschwungen
"Schnitt (100°,240°)",0,100,240,8,8,8,0.35,0.1,0.65,10,egg THOLD=0.65,Kelvin-Voigt,1.5e+06,0.1,197.484,,,,9.81,Kontaktast,0.625,0.7,0.455,K,Kontaktast,1,0,0,7.22011,,617.774,617.774,80,eingeschwungen
"Schnitt (100°,240°)",0,100,240,8,8,8,0.35,0.1,0.65,10,egg THOLD=0.65,Kelvin-Voigt,1.5e+06,0.1,197.484,,,,9.81,Kontaktast,0.625,0.8,0.52,K,Kontaktast,1,0,0,7.22011,,706.265,706.265,80,eingeschwungen
"Schnitt (100°,240°)",0,100,240,8,8,8,0.35,0.1,0.65,10,egg THOLD=0.65,Kelvin-Voigt,1.5e+06,0.1,197.484,,,,9.81,Kontaktast,0.625,0.9,0.585,K,Kontaktast,1,0,0,7.22011,,771.952,771.952,80,eingeschwungen
"Schnitt (100°,240°)",0,100,240,8,8,8,0.35,0.1,0.65,10,egg THOLD=0.65,Kelvin-Voigt,1.5e+06,0.1,197.484,,,,9.81,Kontaktast,0.625,1,0.65,K,Kontaktast,1,0,0,7.22011,,860.116,860.116,80,eingeschwungen
"Schnitt (100°,240°)",0,100,240,8,8,8,0.35,0.1,0.65,10,egg THOLD=0.65,Kelvin-Voigt,1.5e+06,0.1,197.484,,,,9.81,Kontaktast,0.75,-1,-0.65,K,Kontaktast,1,0,0,7.22011,,875.9,646.931,80,eingeschwungen
"Schnitt (100°,240°)",0,100,240,8,8,8,0.35,0.1,0.65,10,egg THOLD=0.65,Kelvin-Voigt,1.5e+06,0.1,197.484,,,,9.81,Kontaktast,0.75,-0.9,-0.585,K,Kontaktast,1,0,0,7.22011,,788.993,587.346,80,eingeschwungen
"Schnitt (100°,240°)",0,100,240,8,8,8,0.35,0.1,0.65,10,egg THOLD=0.65,Kelvin-Voigt,1.5e+06,0.1,197.484,,,,9.81,Kontaktast,0.75,-0.8,-0.52,K,Kontaktast,1,0,0,7.22011,,702.085,515.706,80,eingeschwungen
"Schnitt (100°,240°)",0,100,240,8,8,8,0.35,0.1,0.65,10,egg THOLD=0.65,Kelvin-Voigt,1.5e+06,0.1,197.484,,,,9.81,Kontaktast,0.75,-0.7,-0.455,K,Kontaktast,1,0,0,7.22011,,615.178,439.797,80,eingeschwungen
"Schnitt (100°,240°)",0,100,240,8,8,8,0.35,0.1,0.65,10,egg THOLD=0.65,Kelvin-Voigt,1.5e+06,0.1,197.484,,,,9.81,Kontaktast,0.75,-0.6,-0.39,K,Kontaktast,1,0,0,7.22011,,528.271,369.535,80,eingeschwungen
"Schnitt (100°,240°)",0,100,240,8,8,8,0.35,0.1,0.65,10,egg THOLD=0.65,Kelvin-Voigt,1.5e+06,0.1,197.484,,,,9.81,Kontaktast,0.75,-0.5,-0.325,K,Kontaktast,1,0,0,7.22011,,441.363,303.941,80,eingeschwungen
"Schnitt (100°,240°)",0,100,240,8,8,8,0.35,0.1,0.65,10,egg THOLD=0.65,Kelvin-Voigt,1.5e+06,0.1,197.484,,,,9.81,Kontaktast,0.75,-0.4,-0.26,K,Kontaktast,1,0,0,7.22011,,354.456,236.466,80,eingeschwungen
"Schnitt (100°,240°)",0,100,240,8,8,8,0.35,0.1,0.65,10,egg THOLD=0.65,Kelvin-Voigt,1.5e+06,0.1,197.484,,,,9.81,Kontaktast,0.75,-0.3,-0.195,K,Kontaktast,1,0,0,7.22011,,267.549,194.32,80,eingeschwungen
"Schnitt (100°,240°)",0,100,240,8,8,8,0.35,0.1,0.65,10,egg THOLD=0.65,Kelvin-Voigt,1.5e+06,0.1,197.484,,,,9.81,Kontaktast,0.75,-0.2,-0.13,K,Kontaktast,1,0,0,7.22011,,180.642,129.62,80,eingeschwungen
"Schnitt (100°,240°)",0,100,240,8,8,8,0.35,0.1,0.65,10,egg THOLD=0.65,Kelvin-Voigt,1.5e+06,0.1,197.484,,,,9.81,Kontaktast,0.75,-0.1,-0.065,K,Kontaktast,1,0,0,7.22011,,93.7343,68.6291,80,eingeschwungen
"Schnitt (100°,240°)",0,100,240,8,8,8,0.35,0.1,0.65,10,egg THOLD=0.65,Kelvin-Voigt,1.5e+06,0.1,197.484,,,,9.81,Kontaktast,0.75,0,0,K,Kontaktast,1,0,0,7.22011,,7.22011,,80,eingeschwungen
"Schnitt (100°,240°)",0,100,240,8,8,8,0.35,0.1,0.65,10,egg THOLD=0.65,Kelvin-Voigt,1.5e+06,0.1,197.484,,,,9.81,Kontaktast,0.75,0.1,0.065,K,Kontaktast,1,0,0,7.22011,,91.0422,91.0422,80,eingeschwungen
"Schnitt (100°,240°)",0,100,240,8,8,8,0.35,0.1,0.65,10,egg THOLD=0.65,Kelvin-Voigt,1.5e+06,0.1,197.484,,,,9.81,Kontaktast,0.75,0.2,0.13,K,Kontaktast,1,0,0,7.22011,,177.362,177.362,80,eingeschwungen
"Schnitt (100°,240°)",0,100,240,8,8,8,0.35,0.1,0.65,10,egg THOLD=0.65,Kelvin-Voigt,1.5e+06,0.1,197.484,,,,9.81,Kontaktast,0.75,0.3,0.195,K,Kontaktast,1,0,0,7.22011,,241.677,241.677,80,eingeschwungen
"Schnitt (100°,240°)",0,100,240,8,8,8,0.35,0.1,0.65,10,egg THOLD=0.65,Kelvin-Voigt,1.5e+06,0.1,197.484,,,,9.81,Kontaktast,0.75,0.4,0.26,K,Kontaktast,1,0,0,7.22011,,331.48,331.48,80,eingeschwungen
"Schnitt (100°,240°)",0,100,240,8,8,8,0.35,0.1,0.65,10,egg THOLD=0.65,Kelvin-Voigt,1.5e+06,0.1,197.484,,,,9.81,Kontaktast,0.75,0.5,0.325,K,Kontaktast,1,0,0,7.22011,,415.371,415.371,80,eingeschwungen
"Schnitt (100°,240°)",0,100,240,8,8,8,0.35,0.1,0.65,10,egg THOLD=0.65,Kelvin-Voigt,1.5e+06,0.1,197.484,,,,9.81,Kontaktast,0.75,0.6,0.39,K,Kontaktast,1,0,0,7.22011,,519.822,519.822,80,eingeschwungen
"Schnitt (100°,240°)",0,100,240,8,8,8,0.35,0.1,0.65,10,egg THOLD=0.65,Kelvin-Voigt,1.5e+06,0.1,197.484,,,,9.81,Kontaktast,0.75,0.7,0.455,K,Kontaktast,1,0,0,7.22011,,615.809,615.809,80,eingeschwungen
"Schnitt (100°,240°)",0,100,240,8,8,8,0.35,0.1,0.65,10,egg THOLD=0.65,Kelvin-Voigt,1.5e+06,0.1,197.484,,,,9.81,Kontaktast,0.75,0.8,0.52,K,Kontaktast,1,0,0,7.22011,,679.43,679.43,80,eingeschwungen
"Schnitt (100°,240°)",0,100,240,8,8,8,0.35,0.1,0.65,10,egg THOLD=0.65,Kelvin-Voigt,1.5e+06,0.1,197.484,,,,9.81,Kontaktast,0.75,0.9,0.585,K,Kontaktast,1,0,0,7.22011,,769.328,769.328,80,eingeschwungen
"Schnitt (100°,240°)",0,100,240,8,8,8,0.35,0.1,0.65,10,egg THOLD=0.65,Kelvin-Voigt,1.5e+06,0.1,197.484,,,,9.81,Kontaktast,0.75,1,0.65,K,Kontaktast,1,0,0,7.22011,,851.439,851.439,80,eingeschwungen
"Schnitt (100°,240°)",0,100,240,8,8,8,0.35,0.1,0.65,10,egg THOLD=0.65,Kelvin-Voigt,1.5e+06,0.1,197.484,,,,9.81,Kontaktast,0.875,-1,-0.65,K,Kontaktast,1,0,0,7.22011,,876.096,638.893,80,eingeschwungen
"Schnitt (100°,240°)",0,100,240,8,8,8,0.35,0.1,0.65,10,egg THOLD=0.65,Kelvin-Voigt,1.5e+06,0.1,197.484,,,,9.81,Kontaktast,0.875,-0.9,-0.585,K,Kontaktast,1,0,0,7.22011,,789.188,593.398,80,eingeschwungen
"Schnitt (100°,240°)",0,100,240,8,8,8,0.35,0.1,0.65,10,egg THOLD=0.65,Kelvin-Voigt,1.5e+06,0.1,197.484,,,,9.81,Kontaktast,0.875,-0.8,-0.52,K,Kontaktast,1,0,0,7.22011,,702.281,534.278,80,eingeschwungen
"Schnitt (100°,240°)",0,100,240,8,8,8,0.35,0.1,0.65,10,egg THOLD=0.65,Kelvin-Voigt,1.5e+06,0.1,197.484,,,,9.81,Kontaktast,0.875,-0.7,-0.455,K,Kontaktast,1,0,0,7.22011,,615.374,462.646,80,eingeschwungen
"Schnitt (100°,240°)",0,100,240,8,8,8,0.35,0.1,0.65,10,egg THOLD=0.65,Kelvin-Voigt,1.5e+06,0.1,197.484,,,,9.81,Kontaktast,0.875,-0.6,-0.39,K,Kontaktast,1,0,0,7.22011,,528.466,386.72,80,eingeschwungen
"Schnitt (100°,240°)",0,100,240,8,8,8,0.35,0.1,0.65,10,egg THOLD=0.65,Kelvin-Voigt,1.5e+06,0.1,197.484,,,,9.81,Kontaktast,0.875,-0.5,-0.325,K,Kontaktast,1,0,0,7.22011,,441.559,315.384,80,eingeschwungen
"Schnitt (100°,240°)",0,100,240,8,8,8,0.35,0.1,0.65,10,egg THOLD=0.65,Kelvin-Voigt,1.5e+06,0.1,197.484,,,,9.81,Kontaktast,0.875,-0.4,-0.26,K,Kontaktast,1,0,0,7.22011,,354.652,248.615,80,eingeschwungen
"Schnitt (100°,240°)",0,100,240,8,8,8,0.35,0.1,0.65,10,egg THOLD=0.65,Kelvin-Voigt,1.5e+06,0.1,197.484,,,,9.81,Kontaktast,0.875,-0.3,-0.195,K,Kontaktast,1,0,0,7.22011,,267.745,178.841,80,eingeschwungen
"Schnitt (100°,240°)",0,100,240,8,8,8,0.35,0.1,0.65,10,egg THOLD=0.65,Kelvin-Voigt,1.5e+06,0.1,197.484,,,,9.81,Kontaktast,0.875,-0.2,-0.13,K,Kontaktast,1,0,0,7.22011,,180.837,134.695,80,eingeschwungen
"Schnitt (100°,240°)",0,100,240,8,8,8,0.35,0.1,0.65,10,egg THOLD=0.65,Kelvin-Voigt,1.5e+06,0.1,197.484,,,,9.81,Kontaktast,0.875,-0.1,-0.065,K,Kontaktast,1,0,0,7.22011,,93.93,69.0167,80,eingeschwungen
"Schnitt (100°,240°)",0,100,240,8,8,8,0.35,0.1,0.65,10,egg THOLD=0.65,Kelvin-Voigt,1.5e+06,0.1,197.484,,,,9.81,Kontaktast,0.875,0,0,K,Kontaktast,1,0,0,7.22011,,7.22011,,80,eingeschwungen
"Schnitt (100°,240°)",0,100,240,8,8,8,0.35,0.1,0.65,10,egg THOLD=0.65,Kelvin-Voigt,1.5e+06,0.1,197.484,,,,9.81,Kontaktast,0.875,0.1,0.065,K,Kontaktast,1,0,0,7.22011,,92.4693,92.4693,80,eingeschwungen
"Schnitt (100°,240°)",0,100,240,8,8,8,0.35,0.1,0.65,10,egg THOLD=0.65,Kelvin-Voigt,1.5e+06,0.1,197.484,,,,9.81,Kontaktast,0.875,0.2,0.13,K,Kontaktast,1,0,0,7.22011,,170.225,170.225,80,eingeschwungen
"Schnitt (100°,240°)",0,100,240,8,8,8,0.35,0.1,0.65,10,egg THOLD=0.65,Kelvin-Voigt,1.5e+06,0.1,197.484,,,,9.81,Kontaktast,0.875,0.3,0.195,K,Kontaktast,1,0,0,7.22011,,248.731,248.731,80,eingeschwungen
"Schnitt (100°,240°)",0,100,240,8,8,8,0.35,0.1,0.65,10,egg THOLD=0.65,Kelvin-Voigt,1.5e+06,0.1,197.484,,,,9.81,Kontaktast,0.875,0.4,0.26,K,Kontaktast,1,0,0,7.22011,,336.999,336.999,80,eingeschwungen
"Schnitt (100°,240°)",0,100,240,8,8,8,0.35,0.1,0.65,10,egg THOLD=0.65,Kelvin-Voigt,1.5e+06,0.1,197.484,,,,9.81,Kontaktast,0.875,0.5,0.325,K,Kontaktast,1,0,0,7.22011,,441.868,441.868,80,eingeschwungen
"Schnitt (100°,240°)",0,100,240,8,8,8,0.35,0.1,0.65,10,egg THOLD=0.65,Kelvin-Voigt,1.5e+06,0.1,197.484,,,,9.81,Kontaktast,0.875,0.6,0.39,K,Kontaktast,1,0,0,7.22011,,537.052,537.052,80,eingeschwungen
"Schnitt (100°,240°)",0,100,240,8,8,8,0.35,0.1,0.65,10,egg THOLD=0.65,Kelvin-Voigt,1.5e+06,0.1,197.484,,,,9.81,Kontaktast,0.875,0.7,0.455,K,Kontaktast,1,0,0,7.22011,,611.699,611.699,80,eingeschwungen
"Schnitt (100°,240°)",0,100,240,8,8,8,0.35,0.1,0.65,10,egg THOLD=0.65,Kelvin-Voigt,1.5e+06,0.1,197.484,,,,9.81,Kontaktast,0.875,0.8,0.52,K,Kontaktast,1,0,0,7.22011,,690.997,690.997,80,eingeschwungen
"Schnitt (100°,240°)",0,100,240,8,8,8,0.35,0.1,0.65,10,egg THOLD=0.65,Kelvin-Voigt,1.5e+06,0.1,197.484,,,,9.81,Kontaktast,0.875,0.9,0.585,K,Kontaktast,1,0,0,7.22011,,773.316,773.316,80,eingeschwungen
"Schnitt (100°,240°)",0,100,240,8,8,8,0.35,0.1,0.65,10,egg THOLD=0.65,Kelvin-Voigt,1.5e+06,0.1,197.484,,,,9.81,Kontaktast,0.875,1,0.65,K,Kontaktast,1,0,0,7.22011,,877.434,877.434,80,eingeschwungen
"Schnitt (140°,240°)",0,140,240,8,8,8,0.35,0.1,0.65,10,egg THOLD=0.65,Kelvin-Voigt,1.5e+06,0.1,197.484,,,,9.81,Kontaktast,0,-1,-0.65,K,Kontaktast,1,0,0,7.2226,,873.929,660.752,80,eingeschwungen
"Schnitt (140°,240°)",0,140,240,8,8,8,0.35,0.1,0.65,10,egg THOLD=0.65,Kelvin-Voigt,1.5e+06,0.1,197.484,,,,9.81,Kontaktast,0,-0.9,-0.585,K,Kontaktast,1,0,0,7.2226,,787.022,583.651,80,eingeschwungen
"Schnitt (140°,240°)",0,140,240,8,8,8,0.35,0.1,0.65,10,egg THOLD=0.65,Kelvin-Voigt,1.5e+06,0.1,197.484,,,,9.81,Kontaktast,0,-0.8,-0.52,K,Kontaktast,1,0,0,7.2226,,700.114,510.798,80,eingeschwungen
"Schnitt (140°,240°)",0,140,240,8,8,8,0.35,0.1,0.65,10,egg THOLD=0.65,Kelvin-Voigt,1.5e+06,0.1,197.484,,,,9.81,Kontaktast,0,-0.7,-0.455,K,Kontaktast,1,0,0,7.2226,,613.207,439.329,80,eingeschwungen
"Schnitt (140°,240°)",0,140,240,8,8,8,0.35,0.1,0.65,10,egg THOLD=0.65,Kelvin-Voigt,1.5e+06,0.1,197.484,,,,9.81,Kontaktast,0,-0.6,-0.39,K,Kontaktast,1,0,0,7.2226,,526.3,396.615,80,eingeschwungen
"Schnitt (140°,240°)",0,140,240,8,8,8,0.35,0.1,0.65,10,egg THOLD=0.65,Kelvin-Voigt,1.5e+06,0.1,197.484,,,,9.81,Kontaktast,0,-0.5,-0.325,K,Kontaktast,1,0,0,7.2226,,439.393,331.582,80,eingeschwungen
"Schnitt (140°,240°)",0,140,240,8,8,8,0.35,0.1,0.65,10,egg THOLD=0.65,Kelvin-Voigt,1.5e+06,0.1,197.484,,,,9.81,Kontaktast,0,-0.4,-0.26,K,Kontaktast,1,0,0,7.2226,,352.485,277.849,80,eingeschwungen
"Schnitt (140°,240°)",0,140,240,8,8,8,0.35,0.1,0.65,10,egg THOLD=0.65,Kelvin-Voigt,1.5e+06,0.1,197.484,,,,9.81,Kontaktast,0,-0.3,-0.195,K,Kontaktast,1,0,0,7.2226,,265.578,215.192,80,eingeschwungen
"Schnitt (140°,240°)",0,140,240,8,8,8,0.35,0.1,0.65,10,egg THOLD=0.65,Kelvin-Voigt,1.5e+06,0.1,197.484,,,,9.81,Kontaktast,0,-0.2,-0.13,K,Kontaktast,1,0,0,7.2226,,178.671,146.934,80,eingeschwungen
"Schnitt (140°,240°)",0,140,240,8,8,8,0.35,0.1,0.65,10,egg THOLD=0.65,Kelvin-Voigt,1.5e+06,0.1,197.484,,,,9.81,Kontaktast,0,-0.1,-0.065,K,Kontaktast,1,0,0,7.2226,,91.7634,78.1232,80,eingeschwungen
"Schnitt (140°,240°)",0,140,240,8,8,8,0.35,0.1,0.65,10,egg THOLD=0.65,Kelvin-Voigt,1.5e+06,0.1,197.484,,,,9.81,Kontaktast,0,0,0,K,Kontaktast,1,0,0,7.2226,,7.2226,,80,eingeschwungen
"Schnitt (140°,240°)",0,140,240,8,8,8,0.35,0.1,0.65,10,egg THOLD=0.65,Kelvin-Voigt,1.5e+06,0.1,197.484,,,,9.81,Kontaktast,0,0.1,0.065,K,Kontaktast,1,0,0,7.2226,,106.234,106.234,80,eingeschwungen
"Schnitt (140°,240°)",0,140,240,8,8,8,0.35,0.1,0.65,10,egg THOLD=0.65,Kelvin-Voigt,1.5e+06,0.1,197.484,,,,9.81,Kontaktast,0,0.2,0.13,K,Kontaktast,1,0,0,7.2226,,196.247,196.247,80,eingeschwungen
"Schnitt (140°,240°)",0,140,240,8,8,8,0.35,0.1,0.65,10,egg THOLD=0.65,Kelvin-Voigt,1.5e+06,0.1,197.484,,,,9.81,Kontaktast,0,0.3,0.195,K,Kontaktast,1,0,0,7.2226,,285.273,285.273,80,eingeschwungen
"Schnitt (140°,240°)",0,140,240,8,8,8,0.35,0.1,0.65,10,egg THOLD=0.65,Kelvin-Voigt,1.5e+06,0.1,197.484,,,,9.81,Kontaktast,0,0.4,0.26,K,Kontaktast,1,0,0,7.2226,,362.22,362.22,80,eingeschwungen
"Schnitt (140°,240°)",0,140,240,8,8,8,0.35,0.1,0.65,10,egg THOLD=0.65,Kelvin-Voigt,1.5e+06,0.1,197.484,,,,9.81,Kontaktast,0,0.5,0.325,K,Kontaktast,1,0,0,7.2226,,433.801,433.801,80,eingeschwungen
"Schnitt (140°,240°)",0,140,240,8,8,8,0.35,0.1,0.65,10,egg THOLD=0.65,Kelvin-Voigt,1.5e+06,0.1,197.484,,,,9.81,Kontaktast,0,0.6,0.39,K,Kontaktast,1,0,0,7.2226,,519.985,519.985,80,eingeschwungen
"Schnitt (140°,240°)",0,140,240,8,8,8,0.35,0.1,0.65,10,egg THOLD=0.65,Kelvin-Voigt,1.5e+06,0.1,197.484,,,,9.81,Kontaktast,0,0.7,0.455,K,Kontaktast,1,0,0,7.2226,,618.139,618.139,80,eingeschwungen
"Schnitt (140°,240°)",0,140,240,8,8,8,0.35,0.1,0.65,10,egg THOLD=0.65,Kelvin-Voigt,1.5e+06,0.1,197.484,,,,9.81,Kontaktast,0,0.8,0.52,K,Kontaktast,1,0,0,7.2226,,713.632,713.632,80,eingeschwungen
"Schnitt (140°,240°)",0,140,240,8,8,8,0.35,0.1,0.65,10,egg THOLD=0.65,Kelvin-Voigt,1.5e+06,0.1,197.484,,,,9.81,Kontaktast,0,0.9,0.585,K,Kontaktast,1,0,0,7.2226,,795.759,795.759,80,eingeschwungen
"Schnitt (140°,240°)",0,140,240,8,8,8,0.35,0.1,0.65,10,egg THOLD=0.65,Kelvin-Voigt,1.5e+06,0.1,197.484,,,,9.81,Kontaktast,0,1,0.65,K,Kontaktast,1,0,0,7.2226,,864.761,864.761,80,eingeschwungen
"Schnitt (140°,240°)",0,140,240,8,8,8,0.35,0.1,0.65,10,egg THOLD=0.65,Kelvin-Voigt,1.5e+06,0.1,197.484,,,,9.81,Kontaktast,0.125,-1,-0.65,K,Kontaktast,1,0,0,7.2226,,875.441,646.961,80,eingeschwungen
"Schnitt (140°,240°)",0,140,240,8,8,8,0.35,0.1,0.65,10,egg THOLD=0.65,Kelvin-Voigt,1.5e+06,0.1,197.484,,,,9.81,Kontaktast,0.125,-0.9,-0.585,K,Kontaktast,1,0,0,7.2226,,788.533,576.883,80,eingeschwungen
"Schnitt (140°,240°)",0,140,240,8,8,8,0.35,0.1,0.65,10,egg THOLD=0.65,Kelvin-Voigt,1.5e+06,0.1,197.484,,,,9.81,Kontaktast,0.125,-0.8,-0.52,K,Kontaktast,1,0,0,7.2226,,701.626,502.874,80,eingeschwungen
"Schnitt (140°,240°)",0,140,240,8,8,8,0.35,0.1,0.65,10,egg THOLD=0.65,Kelvin-Voigt,1.5e+06,0.1,197.484,,,,9.81,Kontaktast,0.125,-0.7,-0.455,K,Kontaktast,1,0,0,7.2226,,614.719,425.53,80,eingeschwungen
"Schnitt (140°,240°)",0,140,240,8,8,8,0.35,0.1,0.65,10,egg THOLD=0.65,Kelvin-Voigt,1.5e+06,0.1,197.484,,,,9.81,Kontaktast,0.125,-0.6,-0.39,K,Kontaktast,1,0,0,7.2226,,527.811,367.791,80,eingeschwungen
"Schnitt (140°,240°)",0,140,240,8,8,8,0.35,0.1,0.65,10,egg THOLD=0.65,Kelvin-Voigt,1.5e+06,0.1,197.484,,,,9.81,Kontaktast,0.125,-0.5,-0.325,K,Kontaktast,1,0,0,7.2226,,440.904,317.444,80,eingeschwungen
"Schnitt (140°,240°)",0,140,240,8,8,8,0.35,0.1,0.65,10,egg THOLD=0.65,Kelvin-Voigt,1.5e+06,0.1,197.484,,,,9.81,Kontaktast,0.125,-0.4,-0.26,K,Kontaktast,1,0,0,7.2226,,353.997,250.823,80,eingeschwungen
"Schnitt (140°,240°)",0,140,240,8,8,8,0.35,0.1,0.65,10,egg THOLD=0.65,Kelvin-Voigt,1.5e+06,0.1,197.484,,,,9.81,Kontaktast,0.125,-0.3,-0.195,K,Kontaktast,1,0,0,7.2226,,267.09,200.816,80,eingeschwungen
"Schnitt (140°,240°)",0,140,240,8,8,8,0.35,0.1,0.65,10,egg THOLD=0.65,Kelvin-Voigt,1.5e+06,0.1,197.484,,,,9.81,Kontaktast,0.125,-0.2,-0.13,K,Kontaktast,1,0,0,7.2226,,180.182,132.313,80,eingeschwungen
"Schnitt (140°,240°)",0,140,240,8,8,8,0.35,0.1,0.65,10,egg THOLD=0.65,Kelvin-Voigt,1.5e+06,0.1,197.484,,,,9.81,Kontaktast,0.125,-0.1,-0.065,K,Kontaktast,1,0,0,7.2226,,93.275,69.8485,80,eingeschwungen
"Schnitt (140°,240°)",0,140,240,8,8,8,0.35,0.1,0.65,10,egg THOLD=0.65,Kelvin-Voigt,1.5e+06,0.1,197.484,,,,9.81,Kontaktast,0.125,0,0,K,Kontaktast,1,0,0,7.2226,,7.2226,,80,eingeschwungen
"Schnitt (140°,240°)",0,140,240,8,8,8,0.35,0.1,0.65,10,egg THOLD=0.65,Kelvin-Voigt,1.5e+06,0.1,197.484,,,,9.81,Kontaktast,0.125,0.1,0.065,K,Kontaktast,1,0,0,7.2226,,93.051,93.051,80,eingeschwungen
"Schnitt (140°,240°)",0,140,240,8,8,8,0.35,0.1,0.65,10,egg THOLD=0.65,Kelvin-Voigt,1.5e+06,0.1,197.484,,,,9.81,Kontaktast,0.125,0.2,0.13,K,Kontaktast,1,0,0,7.2226,,182.684,182.684,80,eingeschwungen
"Schnitt (140°,240°)",0,140,240,8,8,8,0.35,0.1,0.65,10,egg THOLD=0.65,Kelvin-Voigt,1.5e+06,0.1,197.484,,,,9.81,Kontaktast,0.125,0.3,0.195,K,Kontaktast,1,0,0,7.2226,,255.766,255.766,80,eingeschwungen
"Schnitt (140°,240°)",0,140,240,8,8,8,0.35,0.1,0.65,10,egg THOLD=0.65,Kelvin-Voigt,1.5e+06,0.1,197.484,,,,9.81,Kontaktast,0.125,0.4,0.26,K,Kontaktast,1,0,0,7.2226,,343.158,343.158,80,eingeschwungen
"Schnitt (140°,240°)",0,140,240,8,8,8,0.35,0.1,0.65,10,egg THOLD=0.65,Kelvin-Voigt,1.5e+06,0.1,197.484,,,,9.81,Kontaktast,0.125,0.5,0.325,K,Kontaktast,1,0,0,7.2226,,406.206,406.206,80,eingeschwungen
"Schnitt (140°,240°)",0,140,240,8,8,8,0.35,0.1,0.65,10,egg THOLD=0.65,Kelvin-Voigt,1.5e+06,0.1,197.484,,,,9.81,Kontaktast,0.125,0.6,0.39,K,Kontaktast,1,0,0,7.2226,,508.322,508.322,80,eingeschwungen
"Schnitt (140°,240°)",0,140,240,8,8,8,0.35,0.1,0.65,10,egg THOLD=0.65,Kelvin-Voigt,1.5e+06,0.1,197.484,,,,9.81,Kontaktast,0.125,0.7,0.455,K,Kontaktast,1,0,0,7.2226,,608.972,608.972,80,eingeschwungen
"Schnitt (140°,240°)",0,140,240,8,8,8,0.35,0.1,0.65,10,egg THOLD=0.65,Kelvin-Voigt,1.5e+06,0.1,197.484,,,,9.81,Kontaktast,0.125,0.8,0.52,K,Kontaktast,1,0,0,7.2226,,688.57,688.57,80,eingeschwungen
"Schnitt (140°,240°)",0,140,240,8,8,8,0.35,0.1,0.65,10,egg THOLD=0.65,Kelvin-Voigt,1.5e+06,0.1,197.484,,,,9.81,Kontaktast,0.125,0.9,0.585,K,Kontaktast,1,0,0,7.2226,,777.932,777.932,80,eingeschwungen
"Schnitt (140°,240°)",0,140,240,8,8,8,0.35,0.1,0.65,10,egg THOLD=0.65,Kelvin-Voigt,1.5e+06,0.1,197.484,,,,9.81,Kontaktast,0.125,1,0.65,K,Kontaktast,1,0,0,7.2226,,841.052,841.052,80,eingeschwungen
"Schnitt (140°,240°)",0,140,240,8,8,8,0.35,0.1,0.65,10,egg THOLD=0.65,Kelvin-Voigt,1.5e+06,0.1,197.484,,,,9.81,Kontaktast,0.25,-1,-0.65,K,Kontaktast,1,0,0,7.2226,,876.038,645.35,80,eingeschwungen
"Schnitt (140°,240°)",0,140,240,8,8,8,0.35,0.1,0.65,10,egg THOLD=0.65,Kelvin-Voigt,1.5e+06,0.1,197.484,,,,9.81,Kontaktast,0.25,-0.9,-0.585,K,Kontaktast,1,0,0,7.2226,,789.131,589.549,80,eingeschwungen
"Schnitt (140°,240°)",0,140,240,8,8,8,0.35,0.1,0.65,10,egg THOLD=0.65,Kelvin-Voigt,1.5e+06,0.1,197.484,,,,9.81,Kontaktast,0.25,-0.8,-0.52,K,Kontaktast,1,0,0,7.2226,,702.224,517.93,80,eingeschwungen
"Schnitt (140°,240°)",0,140,240,8,8,8,0.35,0.1,0.65,10,egg THOLD=0.65,Kelvin-Voigt,1.5e+06,0.1,197.484,,,,9.81,Kontaktast,0.25,-0.7,-0.455,K,Kontaktast,1,0,0,7.2226,,615.316,444.171,80,eingeschwungen
"Schnitt (140°,240°)",0,140,240,8,8,8,0.35,0.1,0.65,10,egg THOLD=0.65,Kelvin-Voigt,1.5e+06,0.1,197.484,,,,9.81,Kontaktast,0.25,-0.6,-0.39,K,Kontaktast,1,0,0,7.2226,,528.409,365.382,80,eingeschwungen
"Schnitt (140°,240°)",0,140,240,8,8,8,0.35,0.1,0.65,10,egg THOLD=0.65,Kelvin-Voigt,1.5e+06,0.1,197.484,,,,9.81,Kontaktast,0.25,-0.5,-0.325,K,Kontaktast,1,0,0,7.2226,,441.502,309.17,80,eingeschwungen
"Schnitt (140°,240°)",0,140,240,8,8,8,0.35,0.1,0.65,10,egg THOLD=0.65,Kelvin-Voigt,1.5e+06,0.1,197.484,,,,9.81,Kontaktast,0.25,-0.4,-0.26,K,Kontaktast,1,0,0,7.2226,,354.595,255.643,80,eingeschwungen
"Schnitt (140°,240°)",0,140,240,8,8,8,0.35,0.1,0.65,10,egg THOLD=0.65,Kelvin-Voigt,1.5e+06,0.1,197.484,,,,9.81,Kontaktast,0.25,-0.3,-0.195,K,Kontaktast,1,0,0,7.2226,,267.687,188.627,80,eingeschwungen
"Schnitt (140°,240°)",0,140,240,8,8,8,0.35,0.1,0.65,10,egg THOLD=0.65,Kelvin-Voigt,1.5e+06,0.1,197.484,,,,9.81,Kontaktast,0.25,-0.2,-0.13,K,Kontaktast,1,0,0,7.2226,,180.78,137.805,80,eingeschwungen
"Schnitt (140°,240°)",0,140,240,8,8,8,0.35,0.1,0.65,10,egg THOLD=0.65,Kelvin-Voigt,1.5e+06,0.1,197.484,,,,9.81,Kontaktast,0.25,-0.1,-0.065,K,Kontaktast,1,0,0,7.2226,,93.8727,68.8535,80,eingeschwungen
"Schnitt (140°,240°)",0,140,240,8,8,8,0.35,0.1,0.65,10,egg THOLD=0.65,Kelvin-Voigt,1.5e+06,0.1,197.484,,,,9.81,Kontaktast,0.25,0,0,K,Kontaktast,1,0,0,7.2226,,7.2226,,80,eingeschwungen
"Schnitt (140°,240°)",0,140,240,8,8,8,0.35,0.1,0.65,10,egg THOLD=0.65,Kelvin-Voigt,1.5e+06,0.1,197.484,,,,9.81,Kontaktast,0.25,0.1,0.065,K,Kontaktast,1,0,0,7.2226,,92.7,92.7,80,eingeschwungen
"Schnitt (140°,240°)",0,140,240,8,8,8,0.35,0.1,0.65,10,egg THOLD=0.65,Kelvin-Voigt,1.5e+06,0.1,197.484,,,,9.81,Kontaktast,0.25,0.2,0.13,K,Kontaktast,1,0,0,7.2226,,176.986,176.986,80,eingeschwungen
"Schnitt (140°,240°)",0,140,240,8,8,8,0.35,0.1,0.65,10,egg THOLD=0.65,Kelvin-Voigt,1.5e+06,0.1,197.484,,,,9.81,Kontaktast,0.25,0.3,0.195,K,Kontaktast,1,0,0,7.2226,,257.667,257.667,80,eingeschwungen
"Schnitt (140°,240°)",0,140,240,8,8,8,0.35,0.1,0.65,10,egg THOLD=0.65,Kelvin-Voigt,1.5e+06,0.1,197.484,,,,9.81,Kontaktast,0.25,0.4,0.26,K,Kontaktast,1,0,0,7.2226,,327.466,327.466,80,eingeschwungen
"Schnitt (140°,240°)",0,140,240,8,8,8,0.35,0.1,0.65,10,egg THOLD=0.65,Kelvin-Voigt,1.5e+06,0.1,197.484,,,,9.81,Kontaktast,0.25,0.5,0.325,K,Kontaktast,1,0,0,7.2226,,421.522,421.522,80,eingeschwungen
"Schnitt (140°,240°)",0,140,240,8,8,8,0.35,0.1,0.65,10,egg THOLD=0.65,Kelvin-Voigt,1.5e+06,0.1,197.484,,,,9.81,Kontaktast,0.25,0.6,0.39,K,Kontaktast,1,0,0,7.2226,,520.663,520.663,80,eingeschwungen
"Schnitt (140°,240°)",0,140,240,8,8,8,0.35,0.1,0.65,10,egg THOLD=0.65,Kelvin-Voigt,1.5e+06,0.1,197.484,,,,9.81,Kontaktast,0.25,0.7,0.455,K,Kontaktast,1,0,0,7.2226,,611.713,611.713,80,eingeschwungen
"Schnitt (140°,240°)",0,140,240,8,8,8,0.35,0.1,0.65,10,egg THOLD=0.65,Kelvin-Voigt,1.5e+06,0.1,197.484,,,,9.81,Kontaktast,0.25,0.8,0.52,K,Kontaktast,1,0,0,7.2226,,697.212,697.212,80,eingeschwungen
"Schnitt (140°,240°)",0,140,240,8,8,8,0.35,0.1,0.65,10,egg THOLD=0.65,Kelvin-Voigt,1.5e+06,0.1,197.484,,,,9.81,Kontaktast,0.25,0.9,0.585,K,Kontaktast,1,0,0,7.2226,,762.671,762.671,80,eingeschwungen
"Schnitt (140°,240°)",0,140,240,8,8,8,0.35,0.1,0.65,10,egg THOLD=0.65,Kelvin-Voigt,1.5e+06,0.1,197.484,,,,9.81,Kontaktast,0.25,1,0.65,K,Kontaktast,1,0,0,7.2226,,857.746,857.746,80,eingeschwungen
"Schnitt (140°,240°)",0,140,240,8,8,8,0.35,0.1,0.65,10,egg THOLD=0.65,Kelvin-Voigt,1.5e+06,0.1,197.484,,,,9.81,Kontaktast,0.375,-1,-0.65,K,Kontaktast,1,0,0,7.2226,,875.69,652.15,80,eingeschwungen
"Schnitt (140°,240°)",0,140,240,8,8,8,0.35,0.1,0.65,10,egg THOLD=0.65,Kelvin-Voigt,1.5e+06,0.1,197.484,,,,9.81,Kontaktast,0.375,-0.9,-0.585,K,Kontaktast,1,0,0,7.2226,,788.783,583.691,80,eingeschwungen
"Schnitt (140°,240°)",0,140,240,8,8,8,0.35,0.1,0.65,10,egg THOLD=0.65,Kelvin-Voigt,1.5e+06,0.1,197.484,,,,9.81,Kontaktast,0.375,-0.8,-0.52,K,Kontaktast,1,0,0,7.2226,,701.875,529.084,80,eingeschwungen
"Schnitt (140°,240°)",0,140,240,8,8,8,0.35,0.1,0.65,10,egg THOLD=0.65,Kelvin-Voigt,1.5e+06,0.1,197.484,,,,9.81,Kontaktast,0.375,-0.7,-0.455,K,Kontaktast,1,0,0,7.2226,,614.968,454.913,80,eingeschwungen
"Schnitt (140°,240°)",0,140,240,8,8,8,0.35,0.1,0.65,10,egg THOLD=0.65,Kelvin-Voigt,1.5e+06,0.1,197.484,,,,9.81,Kontaktast,0.375,-0.6,-0.39,K,Kontaktast,1,0,0,7.2226,,528.061,381.908,80,eingeschwungen
"Schnitt (140°,240°)",0,140,240,8,8,8,0.35,0.1,0.65,10,egg THOLD=0.65,Kelvin-Voigt,1.5e+06,0.1,197.484,,,,9.81,Kontaktast,0.375,-0.5,-0.325,K,Kontaktast,1,0,0,7.2226,,441.154,301.358,80,eingeschwungen
"Schnitt (140°,240°)",0,140,240,8,8,8,0.35,0.1,0.65,10,egg THOLD=0.65,Kelvin-Voigt,1.5e+06,0.1,197.484,,,,9.81,Kontaktast,0.375,-0.4,-0.26,K,Kontaktast,1,0,0,7.2226,,354.246,248.461,80,eingeschwungen
"Schnitt (140°,240°)",0,140,240,8,8,8,0.35,0.1,0.65,10,egg THOLD=0.65,Kelvin-Voigt,1.5e+06,0.1,197.484,,,,9.81,Kontaktast,0.375,-0.3,-0.195,K,Kontaktast,1,0,0,7.2226,,267.339,189.695,80,eingeschwungen
"Schnitt (140°,240°)",0,140,240,8,8,8,0.35,0.1,0.65,10,egg THOLD=0.65,Kelvin-Voigt,1.5e+06,0.1,197.484,,,,9.81,Kontaktast,0.375,-0.2,-0.13,K,Kontaktast,1,0,0,7.2226,,180.432,123.068,80,eingeschwungen
"Schnitt (140°,240°)",0,140,240,8,8,8,0.35,0.1,0.65,10,egg THOLD=0.65,Kelvin-Voigt,1.5e+06,0.1,197.484,,,,9.81,Kontaktast,0.375,-0.1,-0.065,K,Kontaktast,1,0,0,7.2226,,93.5243,70.5298,80,eingeschwungen
"Schnitt (140°,240°)",0,140,240,8,8,8,0.35,0.1,0.65,10,egg THOLD=0.65,Kelvin-Voigt,1.5e+06,0.1,197.484,,,,9.81,Kontaktast,0.375,0,0,K,Kontaktast,1,0,0,7.2226,,7.2226,,80,eingeschwungen
"Schnitt (140°,240°)",0,140,240,8,8,8,0.35,0.1,0.65,10,egg THOLD=0.65,Kelvin-Voigt,1.5e+06,0.1,197.484,,,,9.81,Kontaktast,0.375,0.1,0.065,K,Kontaktast,1,0,0,7.2226,,93.8174,93.8174,80,eingeschwungen
"Schnitt (140°,240°)",0,140,240,8,8,8,0.35,0.1,0.65,10,egg THOLD=0.65,Kelvin-Voigt,1.5e+06,0.1,197.484,,,,9.81,Kontaktast,0.375,0.2,0.13,K,Kontaktast,1,0,0,7.2226,,167.791,167.791,80,eingeschwungen
"Schnitt (140°,240°)",0,140,240,8,8,8,0.35,0.1,0.65,10,egg THOLD=0.65,Kelvin-Voigt,1.5e+06,0.1,197.484,,,,9.81,Kontaktast,0.375,0.3,0.195,K,Kontaktast,1,0,0,7.2226,,253.642,253.642,80,eingeschwungen
"Schnitt (140°,240°)",0,140,240,8,8,8,0.35,0.1,0.65,10,egg THOLD=0.65,Kelvin-Voigt,1.5e+06,0.1,197.484,,,,9.81,Kontaktast,0.375,0.4,0.26,K,Kontaktast,1,0,0,7.2226,,330.17,330.17,80,eingeschwungen
"Schnitt (140°,240°)",0,140,240,8,8,8,0.35,0.1,0.65,10,egg THOLD=0.65,Kelvin-Voigt,1.5e+06,0.1,197.484,,,,9.81,Kontaktast,0.375,0.5,0.325,K,Kontaktast,1,0,0,7.2226,,432.697,432.697,80,eingeschwungen
"Schnitt (140°,240°)",0,140,240,8,8,8,0.35,0.1,0.65,10,egg THOLD=0.65,Kelvin-Voigt,1.5e+06,0.1,197.484,,,,9.81,Kontaktast,0.375,0.6,0.39,K,Kontaktast,1,0,0,7.2226,,534.067,534.067,80,eingeschwungen
"Schnitt (140°,240°)",0,140,240,8,8,8,0.35,0.1,0.65,10,egg THOLD=0.65,Kelvin-Voigt,1.5e+06,0.1,197.484,,,,9.81,Kontaktast,0.375,0.7,0.455,K,Kontaktast,1,0,0,7.2226,,611.926,611.926,80,eingeschwungen
"Schnitt (140°,240°)",0,140,240,8,8,8,0.35,0.1,0.65,10,egg THOLD=0.65,Kelvin-Voigt,1.5e+06,0.1,197.484,,,,9.81,Kontaktast,0.375,0.8,0.52,K,Kontaktast,1,0,0,7.2226,,691.613,691.613,80,eingeschwungen
"Schnitt (140°,240°)",0,140,240,8,8,8,0.35,0.1,0.65,10,egg THOLD=0.65,Kelvin-Voigt,1.5e+06,0.1,197.484,,,,9.81,Kontaktast,0.375,0.9,0.585,K,Kontaktast,1,0,0,7.2226,,769.07,769.07,80,eingeschwungen
"Schnitt (140°,240°)",0,140,240,8,8,8,0.35,0.1,0.65,10,egg THOLD=0.65,Kelvin-Voigt,1.5e+06,0.1,197.484,,,,9.81,Kontaktast,0.375,1,0.65,K,Kontaktast,1,0,0,7.2226,,868.175,868.175,80,eingeschwungen
"Schnitt (140°,240°)",0,140,240,8,8,8,0.35,0.1,0.65,10,egg THOLD=0.65,Kelvin-Voigt,1.5e+06,0.1,197.484,,,,9.81,Kontaktast,0.5,-1,-0.65,K,Kontaktast,1,0,0,7.2226,,876.269,643.633,80,eingeschwungen
"Schnitt (140°,240°)",0,140,240,8,8,8,0.35,0.1,0.65,10,egg THOLD=0.65,Kelvin-Voigt,1.5e+06,0.1,197.484,,,,9.81,Kontaktast,0.5,-0.9,-0.585,K,Kontaktast,1,0,0,7.2226,,789.362,598.977,80,eingeschwungen
"Schnitt (140°,240°)",0,140,240,8,8,8,0.35,0.1,0.65,10,egg THOLD=0.65,Kelvin-Voigt,1.5e+06,0.1,197.484,,,,9.81,Kontaktast,0.5,-0.8,-0.52,K,Kontaktast,1,0,0,7.2226,,702.455,530.633,80,eingeschwungen
"Schnitt (140°,240°)",0,140,240,8,8,8,0.35,0.1,0.65,10,egg THOLD=0.65,Kelvin-Voigt,1.5e+06,0.1,197.484,,,,9.81,Kontaktast,0.5,-0.7,-0.455,K,Kontaktast,1,0,0,7.2226,,615.547,476.184,80,eingeschwungen
"Schnitt (140°,240°)",0,140,240,8,8,8,0.35,0.1,0.65,10,egg THOLD=0.65,Kelvin-Voigt,1.5e+06,0.1,197.484,,,,9.81,Kontaktast,0.5,-0.6,-0.39,K,Kontaktast,1,0,0,7.2226,,528.64,402.452,80,eingeschwungen
"Schnitt (140°,240°)",0,140,240,8,8,8,0.35,0.1,0.65,10,egg THOLD=0.65,Kelvin-Voigt,1.5e+06,0.1,197.484,,,,9.81,Kontaktast,0.5,-0.5,-0.325,K,Kontaktast,1,0,0,7.2226,,441.733,329.311,80,eingeschwungen
"Schnitt (140°,240°)",0,140,240,8,8,8,0.35,0.1,0.65,10,egg THOLD=0.65,Kelvin-Voigt,1.5e+06,0.1,197.484,,,,9.81,Kontaktast,0.5,-0.4,-0.26,K,Kontaktast,1,0,0,7.2226,,354.826,247.733,80,eingeschwungen
"Schnitt (140°,240°)",0,140,240,8,8,8,0.35,0.1,0.65,10,egg THOLD=0.65,Kelvin-Voigt,1.5e+06,0.1,197.484,,,,9.81,Kontaktast,0.5,-0.3,-0.195,K,Kontaktast,1,0,0,7.2226,,267.918,193.127,80,eingeschwungen
"Schnitt (140°,240°)",0,140,240,8,8,8,0.35,0.1,0.65,10,egg THOLD=0.65,Kelvin-Voigt,1.5e+06,0.1,197.484,,,,9.81,Kontaktast,0.5,-0.2,-0.13,K,Kontaktast,1,0,0,7.2226,,181.011,132.822,80,eingeschwungen
"Schnitt (140°,240°)",0,140,240,8,8,8,0.35,0.1,0.65,10,egg THOLD=0.65,Kelvin-Voigt,1.5e+06,0.1,197.484,,,,9.81,Kontaktast,0.5,-0.1,-0.065,K,Kontaktast,1,0,0,7.2226,,94.1037,62.2911,80,eingeschwungen
"Schnitt (140°,240°)",0,140,240,8,8,8,0.35,0.1,0.65,10,egg THOLD=0.65,Kelvin-Voigt,1.5e+06,0.1,197.484,,,,9.81,Kontaktast,0.5,0,0,K,Kontaktast,1,0,0,7.2226,,7.2226,,80,eingeschwungen
"Schnitt (140°,240°)",0,140,240,8,8,8,0.35,0.1,0.65,10,egg THOLD=0.65,Kelvin-Voigt,1.5e+06,0.1,197.484,,,,9.81,Kontaktast,0.5,0.1,0.065,K,Kontaktast,1,0,0,7.2226,,83.051,83.051,80,eingeschwungen
"Schnitt (140°,240°)",0,140,240,8,8,8,0.35,0.1,0.65,10,egg THOLD=0.65,Kelvin-Voigt,1.5e+06,0.1,197.484,,,,9.81,Kontaktast,0.5,0.2,0.13,K,Kontaktast,1,0,0,7.2226,,177.809,177.809,80,eingeschwungen
"Schnitt (140°,240°)",0,140,240,8,8,8,0.35,0.1,0.65,10,egg THOLD=0.65,Kelvin-Voigt,1.5e+06,0.1,197.484,,,,9.81,Kontaktast,0.5,0.3,0.195,K,Kontaktast,1,0,0,7.2226,,247.129,247.129,80,eingeschwungen
"Schnitt (140°,240°)",0,140,240,8,8,8,0.35,0.1,0.65,10,egg THOLD=0.65,Kelvin-Voigt,1.5e+06,0.1,197.484,,,,9.81,Kontaktast,0.5,0.4,0.26,K,Kontaktast,1,0,0,7.2226,,353.611,353.611,80,eingeschwungen
"Schnitt (140°,240°)",0,140,240,8,8,8,0.35,0.1,0.65,10,egg THOLD=0.65,Kelvin-Voigt,1.5e+06,0.1,197.484,,,,9.81,Kontaktast,0.5,0.5,0.325,K,Kontaktast,1,0,0,7.2226,,455.613,455.613,80,eingeschwungen
"Schnitt (140°,240°)",0,140,240,8,8,8,0.35,0.1,0.65,10,egg THOLD=0.65,Kelvin-Voigt,1.5e+06,0.1,197.484,,,,9.81,Kontaktast,0.5,0.6,0.39,K,Kontaktast,1,0,0,7.2226,,533.48,533.48,80,eingeschwungen
"Schnitt (140°,240°)",0,140,240,8,8,8,0.35,0.1,0.65,10,egg THOLD=0.65,Kelvin-Voigt,1.5e+06,0.1,197.484,,,,9.81,Kontaktast,0.5,0.7,0.455,K,Kontaktast,1,0,0,7.2226,,622.003,622.003,80,eingeschwungen
"Schnitt (140°,240°)",0,140,240,8,8,8,0.35,0.1,0.65,10,egg THOLD=0.65,Kelvin-Voigt,1.5e+06,0.1,197.484,,,,9.81,Kontaktast,0.5,0.8,0.52,K,Kontaktast,1,0,0,7.2226,,687.682,687.682,80,eingeschwungen
"Schnitt (140°,240°)",0,140,240,8,8,8,0.35,0.1,0.65,10,egg THOLD=0.65,Kelvin-Voigt,1.5e+06,0.1,197.484,,,,9.81,Kontaktast,0.5,0.9,0.585,K,Kontaktast,1,0,0,7.2226,,789.119,789.119,80,eingeschwungen
"Schnitt (140°,240°)",0,140,240,8,8,8,0.35,0.1,0.65,10,egg THOLD=0.65,Kelvin-Voigt,1.5e+06,0.1,197.484,,,,9.81,Kontaktast,0.5,1,0.65,K,Kontaktast,1,0,0,7.2226,,891.635,891.635,80,eingeschwungen
"Schnitt (140°,240°)",0,140,240,8,8,8,0.35,0.1,0.65,10,egg THOLD=0.65,Kelvin-Voigt,1.5e+06,0.1,197.484,,,,9.81,Kontaktast,0.625,-1,-0.65,K,Kontaktast,1,0,0,7.2226,,874.895,647.247,80,eingeschwungen
"Schnitt (140°,240°)",0,140,240,8,8,8,0.35,0.1,0.65,10,egg THOLD=0.65,Kelvin-Voigt,1.5e+06,0.1,197.484,,,,9.81,Kontaktast,0.625,-0.9,-0.585,K,Kontaktast,1,0,0,7.2226,,787.988,585.98,80,eingeschwungen
"Schnitt (140°,240°)",0,140,240,8,8,8,0.35,0.1,0.65,10,egg THOLD=0.65,Kelvin-Voigt,1.5e+06,0.1,197.484,,,,9.81,Kontaktast,0.625,-0.8,-0.52,K,Kontaktast,1,0,0,7.2226,,701.08,538.663,80,eingeschwungen
"Schnitt (140°,240°)",0,140,240,8,8,8,0.35,0.1,0.65,10,egg THOLD=0.65,Kelvin-Voigt,1.5e+06,0.1,197.484,,,,9.81,Kontaktast,0.625,-0.7,-0.455,K,Kontaktast,1,0,0,7.2226,,614.173,470.393,80,eingeschwungen
"Schnitt (140°,240°)",0,140,240,8,8,8,0.35,0.1,0.65,10,egg THOLD=0.65,Kelvin-Voigt,1.5e+06,0.1,197.484,,,,9.81,Kontaktast,0.625,-0.6,-0.39,K,Kontaktast,1,0,0,7.2226,,527.266,416.975,80,eingeschwungen
"Schnitt (140°,240°)",0,140,240,8,8,8,0.35,0.1,0.65,10,egg THOLD=0.65,Kelvin-Voigt,1.5e+06,0.1,197.484,,,,9.81,Kontaktast,0.625,-0.5,-0.325,K,Kontaktast,1,0,0,7.2226,,440.358,342.073,80,eingeschwungen
"Schnitt (140°,240°)",0,140,240,8,8,8,0.35,0.1,0.65,10,egg THOLD=0.65,Kelvin-Voigt,1.5e+06,0.1,197.484,,,,9.81,Kontaktast,0.625,-0.4,-0.26,K,Kontaktast,1,0,0,7.2226,,353.451,270.053,80,eingeschwungen
"Schnitt (140°,240°)",0,140,240,8,8,8,0.35,0.1,0.65,10,egg THOLD=0.65,Kelvin-Voigt,1.5e+06,0.1,197.484,,,,9.81,Kontaktast,0.625,-0.3,-0.195,K,Kontaktast,1,0,0,7.2226,,266.544,187.89,80,eingeschwungen
"Schnitt (140°,240°)",0,140,240,8,8,8,0.35,0.1,0.65,10,egg THOLD=0.65,Kelvin-Voigt,1.5e+06,0.1,197.484,,,,9.81,Kontaktast,0.625,-0.2,-0.13,K,Kontaktast,1,0,0,7.2226,,179.637,135.635,80,eingeschwungen
"Schnitt (140°,240°)",0,140,240,8,8,8,0.35,0.1,0.65,10,egg THOLD=0.65,Kelvin-Voigt,1.5e+06,0.1,197.484,,,,9.81,Kontaktast,0.625,-0.1,-0.065,K,Kontaktast,1,0,0,7.2226,,92.7294,74.5409,80,eingeschwungen
"Schnitt (140°,240°)",0,140,240,8,8,8,0.35,0.1,0.65,10,egg THOLD=0.65,Kelvin-Voigt,1.5e+06,0.1,197.484,,,,9.81,Kontaktast,0.625,0,0,K,Kontaktast,1,0,0,7.2226,,7.2226,,80,eingeschwungen
"Schnitt (140°,240°)",0,140,240,8,8,8,0.35,0.1,0.65,10,egg THOLD=0.65,Kelvin-Voigt,1.5e+06,0.1,197.484,,,,9.81,Kontaktast,0.625,0.1,0.065,K,Kontaktast,1,0,0,7.2226,,99.3971,99.3971,80,eingeschwungen
"Schnitt (140°,240°)",0,140,240,8,8,8,0.35,0.1,0.65,10,egg THOLD=0.65,Kelvin-Voigt,1.5e+06,0.1,197.484,,,,9.81,Kontaktast,0.625,0.2,0.13,K,Kontaktast,1,0,0,7.2226,,169.713,169.713,80,eingeschwungen
"Schnitt (140°,240°)",0,140,240,8,8,8,0.35,0.1,0.65,10,egg THOLD=0.65,Kelvin-Voigt,1.5e+06,0.1,197.484,,,,9.81,Kontaktast,0.625,0.3,0.195,K,Kontaktast,1,0,0,7.2226,,272.944,272.944,80,eingeschwungen
"Schnitt (140°,240°)",0,140,240,8,8,8,0.35,0.1,0.65,10,egg THOLD=0.65,Kelvin-Voigt,1.5e+06,0.1,197.484,,,,9.81,Kontaktast,0.625,0.4,0.26,K,Kontaktast,1,0,0,7.2226,,372.24,372.24,80,eingeschwungen
"Schnitt (140°,240°)",0,140,240,8,8,8,0.35,0.1,0.65,10,egg THOLD=0.65,Kelvin-Voigt,1.5e+06,0.1,197.484,,,,9.81,Kontaktast,0.625,0.5,0.325,K,Kontaktast,1,0,0,7.2226,,457.727,457.727,80,eingeschwungen
"Schnitt (140°,240°)",0,140,240,8,8,8,0.35,0.1,0.65,10,egg THOLD=0.65,Kelvin-Voigt,1.5e+06,0.1,197.484,,,,9.81,Kontaktast,0.625,0.6,0.39,K,Kontaktast,1,0,0,7.2226,,545.051,545.051,80,eingeschwungen
"Schnitt (140°,240°)",0,140,240,8,8,8,0.35,0.1,0.65,10,egg THOLD=0.65,Kelvin-Voigt,1.5e+06,0.1,197.484,,,,9.81,Kontaktast,0.625,0.7,0.455,K,Kontaktast,1,0,0,7.2226,,608.583,608.583,80,eingeschwungen
"Schnitt (140°,240°)",0,140,240,8,8,8,0.35,0.1,0.65,10,egg THOLD=0.65,Kelvin-Voigt,1.5e+06,0.1,197.484,,,,9.81,Kontaktast,0.625,0.8,0.52,K,Kontaktast,1,0,0,7.2226,,707.232,707.232,80,eingeschwungen
"Schnitt (140°,240°)",0,140,240,8,8,8,0.35,0.1,0.65,10,egg THOLD=0.65,Kelvin-Voigt,1.5e+06,0.1,197.484,,,,9.81,Kontaktast,0.625,0.9,0.585,K,Kontaktast,1,0,0,7.2226,,806.713,806.713,80,eingeschwungen
"Schnitt (140°,240°)",0,140,240,8,8,8,0.35,0.1,0.65,10,egg THOLD=0.65,Kelvin-Voigt,1.5e+06,0.1,197.484,,,,9.81,Kontaktast,0.625,1,0.65,K,Kontaktast,1,0,0,7.2226,,891.052,891.052,80,eingeschwungen
"Schnitt (140°,240°)",0,140,240,8,8,8,0.35,0.1,0.65,10,egg THOLD=0.65,Kelvin-Voigt,1.5e+06,0.1,197.484,,,,9.81,Kontaktast,0.75,-1,-0.65,K,Kontaktast,1,0,0,7.2226,,875.6,652.056,80,eingeschwungen
"Schnitt (140°,240°)",0,140,240,8,8,8,0.35,0.1,0.65,10,egg THOLD=0.65,Kelvin-Voigt,1.5e+06,0.1,197.484,,,,9.81,Kontaktast,0.75,-0.9,-0.585,K,Kontaktast,1,0,0,7.2226,,788.693,574.534,80,eingeschwungen
"Schnitt (140°,240°)",0,140,240,8,8,8,0.35,0.1,0.65,10,egg THOLD=0.65,Kelvin-Voigt,1.5e+06,0.1,197.484,,,,9.81,Kontaktast,0.75,-0.8,-0.52,K,Kontaktast,1,0,0,7.2226,,701.785,523.551,80,eingeschwungen
"Schnitt (140°,240°)",0,140,240,8,8,8,0.35,0.1,0.65,10,egg THOLD=0.65,Kelvin-Voigt,1.5e+06,0.1,197.484,,,,9.81,Kontaktast,0.75,-0.7,-0.455,K,Kontaktast,1,0,0,7.2226,,614.878,468.534,80,eingeschwungen
"Schnitt (140°,240°)",0,140,240,8,8,8,0.35,0.1,0.65,10,egg THOLD=0.65,Kelvin-Voigt,1.5e+06,0.1,197.484,,,,9.81,Kontaktast,0.75,-0.6,-0.39,K,Kontaktast,1,0,0,7.2226,,527.971,402.813,80,eingeschwungen
"Schnitt (140°,240°)",0,140,240,8,8,8,0.35,0.1,0.65,10,egg THOLD=0.65,Kelvin-Voigt,1.5e+06,0.1,197.484,,,,9.81,Kontaktast,0.75,-0.5,-0.325,K,Kontaktast,1,0,0,7.2226,,441.064,347.907,80,eingeschwungen
"Schnitt (140°,240°)",0,140,240,8,8,8,0.35,0.1,0.65,10,egg THOLD=0.65,Kelvin-Voigt,1.5e+06,0.1,197.484,,,,9.81,Kontaktast,0.75,-0.4,-0.26,K,Kontaktast,1,0,0,7.2226,,354.156,272.019,80,eingeschwungen
"Schnitt (140°,240°)",0,140,240,8,8,8,0.35,0.1,0.65,10,egg THOLD=0.65,Kelvin-Voigt,1.5e+06,0.1,197.484,,,,9.81,Kontaktast,0.75,-0.3,-0.195,K,Kontaktast,1,0,0,7.2226,,267.249,199.56,80,eingeschwungen
"Schnitt (140°,240°)",0,140,240,8,8,8,0.35,0.1,0.65,10,egg THOLD=0.65,Kelvin-Voigt,1.5e+06,0.1,197.484,,,,9.81,Kontaktast,0.75,-0.2,-0.13,K,Kontaktast,1,0,0,7.2226,,180.342,117.575,80,eingeschwungen
"Schnitt (140°,240°)",0,140,240,8,8,8,0.35,0.1,0.65,10,egg THOLD=0.65,Kelvin-Voigt,1.5e+06,0.1,197.484,,,,9.81,Kontaktast,0.75,-0.1,-0.065,K,Kontaktast,1,0,0,7.2226,,93.4344,66.9008,80,eingeschwungen
"Schnitt (140°,240°)",0,140,240,8,8,8,0.35,0.1,0.65,10,egg THOLD=0.65,Kelvin-Voigt,1.5e+06,0.1,197.484,,,,9.81,Kontaktast,0.75,0,0,K,Kontaktast,1,0,0,7.2226,,7.2226,,80,eingeschwungen
"Schnitt (140°,240°)",0,140,240,8,8,8,0.35,0.1,0.65,10,egg THOLD=0.65,Kelvin-Voigt,1.5e+06,0.1,197.484,,,,9.81,Kontaktast,0.75,0.1,0.065,K,Kontaktast,1,0,0,7.2226,,87.829,87.829,80,eingeschwungen
"Schnitt (140°,240°)",0,140,240,8,8,8,0.35,0.1,0.65,10,egg THOLD=0.65,Kelvin-Voigt,1.5e+06,0.1,197.484,,,,9.81,Kontaktast,0.75,0.2,0.13,K,Kontaktast,1,0,0,7.2226,,170.208,170.208,80,eingeschwungen
"Schnitt (140°,240°)",0,140,240,8,8,8,0.35,0.1,0.65,10,egg THOLD=0.65,Kelvin-Voigt,1.5e+06,0.1,197.484,,,,9.81,Kontaktast,0.75,0.3,0.195,K,Kontaktast,1,0,0,7.2226,,273.666,273.666,80,eingeschwungen
"Schnitt (140°,240°)",0,140,240,8,8,8,0.35,0.1,0.65,10,egg THOLD=0.65,Kelvin-Voigt,1.5e+06,0.1,197.484,,,,9.81,Kontaktast,0.75,0.4,0.26,K,Kontaktast,1,0,0,7.2226,,372.995,372.995,80,eingeschwungen
"Schnitt (140°,240°)",0,140,240,8,8,8,0.35,0.1,0.65,10,egg THOLD=0.65,Kelvin-Voigt,1.5e+06,0.1,197.484,,,,9.81,Kontaktast,0.75,0.5,0.325,K,Kontaktast,1,0,0,7.2226,,448.714,448.714,80,eingeschwungen
"Schnitt (140°,240°)",0,140,240,8,8,8,0.35,0.1,0.65,10,egg THOLD=0.65,Kelvin-Voigt,1.5e+06,0.1,197.484,,,,9.81,Kontaktast,0.75,0.6,0.39,K,Kontaktast,1,0,0,7.2226,,529.934,529.934,80,eingeschwungen
"Schnitt (140°,240°)",0,140,240,8,8,8,0.35,0.1,0.65,10,egg THOLD=0.65,Kelvin-Voigt,1.5e+06,0.1,197.484,,,,9.81,Kontaktast,0.75,0.7,0.455,K,Kontaktast,1,0,0,7.2226,,604.771,604.771,80,eingeschwungen
"Schnitt (140°,240°)",0,140,240,8,8,8,0.35,0.1,0.65,10,egg THOLD=0.65,Kelvin-Voigt,1.5e+06,0.1,197.484,,,,9.81,Kontaktast,0.75,0.8,0.52,K,Kontaktast,1,0,0,7.2226,,704.384,704.384,80,eingeschwungen
"Schnitt (140°,240°)",0,140,240,8,8,8,0.35,0.1,0.65,10,egg THOLD=0.65,Kelvin-Voigt,1.5e+06,0.1,197.484,,,,9.81,Kontaktast,0.75,0.9,0.585,K,Kontaktast,1,0,0,7.2226,,805.495,805.495,80,eingeschwungen
"Schnitt (140°,240°)",0,140,240,8,8,8,0.35,0.1,0.65,10,egg THOLD=0.65,Kelvin-Voigt,1.5e+06,0.1,197.484,,,,9.81,Kontaktast,0.75,1,0.65,K,Kontaktast,1,0,0,7.2226,,884.18,884.18,80,eingeschwungen
"Schnitt (140°,240°)",0,140,240,8,8,8,0.35,0.1,0.65,10,egg THOLD=0.65,Kelvin-Voigt,1.5e+06,0.1,197.484,,,,9.81,Kontaktast,0.875,-1,-0.65,K,Kontaktast,1,0,0,7.2226,,875.524,664.423,80,eingeschwungen
"Schnitt (140°,240°)",0,140,240,8,8,8,0.35,0.1,0.65,10,egg THOLD=0.65,Kelvin-Voigt,1.5e+06,0.1,197.484,,,,9.81,Kontaktast,0.875,-0.9,-0.585,K,Kontaktast,1,0,0,7.2226,,788.617,592.829,80,eingeschwungen
"Schnitt (140°,240°)",0,140,240,8,8,8,0.35,0.1,0.65,10,egg THOLD=0.65,Kelvin-Voigt,1.5e+06,0.1,197.484,,,,9.81,Kontaktast,0.875,-0.8,-0.52,K,Kontaktast,1,0,0,7.2226,,701.71,515.337,80,eingeschwungen
"Schnitt (140°,240°)",0,140,240,8,8,8,0.35,0.1,0.65,10,egg THOLD=0.65,Kelvin-Voigt,1.5e+06,0.1,197.484,,,,9.81,Kontaktast,0.875,-0.7,-0.455,K,Kontaktast,1,0,0,7.2226,,614.802,467.353,80,eingeschwungen
"Schnitt (140°,240°)",0,140,240,8,8,8,0.35,0.1,0.65,10,egg THOLD=0.65,Kelvin-Voigt,1.5e+06,0.1,197.484,,,,9.81,Kontaktast,0.875,-0.6,-0.39,K,Kontaktast,1,0,0,7.2226,,527.895,409.939,80,eingeschwungen
"Schnitt (140°,240°)",0,140,240,8,8,8,0.35,0.1,0.65,10,egg THOLD=0.65,Kelvin-Voigt,1.5e+06,0.1,197.484,,,,9.81,Kontaktast,0.875,-0.5,-0.325,K,Kontaktast,1,0,0,7.2226,,440.988,346.384,80,eingeschwungen
"Schnitt (140°,240°)",0,140,240,8,8,8,0.35,0.1,0.65,10,egg THOLD=0.65,Kelvin-Voigt,1.5e+06,0.1,197.484,,,,9.81,Kontaktast,0.875,-0.4,-0.26,K,Kontaktast,1,0,0,7.2226,,354.08,291.281,80,eingeschwungen
"Schnitt (140°,240°)",0,140,240,8,8,8,0.35,0.1,0.65,10,egg THOLD=0.65,Kelvin-Voigt,1.5e+06,0.1,197.484,,,,9.81,Kontaktast,0.875,-0.3,-0.195,K,Kontaktast,1,0,0,7.2226,,267.173,217.306,80,eingeschwungen
"Schnitt (140°,240°)",0,140,240,8,8,8,0.35,0.1,0.65,10,egg THOLD=0.65,Kelvin-Voigt,1.5e+06,0.1,197.484,,,,9.81,Kontaktast,0.875,-0.2,-0.13,K,Kontaktast,1,0,0,7.2226,,180.266,146.344,80,eingeschwungen
"Schnitt (140°,240°)",0,140,240,8,8,8,0.35,0.1,0.65,10,egg THOLD=0.65,Kelvin-Voigt,1.5e+06,0.1,197.484,,,,9.81,Kontaktast,0.875,-0.1,-0.065,K,Kontaktast,1,0,0,7.2226,,93.3586,62.8659,80,eingeschwungen
"Schnitt (140°,240°)",0,140,240,8,8,8,0.35,0.1,0.65,10,egg THOLD=0.65,Kelvin-Voigt,1.5e+06,0.1,197.484,,,,9.81,Kontaktast,0.875,0,0,K,Kontaktast,1,0,0,7.2226,,7.2226,,80,eingeschwungen
"Schnitt (140°,240°)",0,140,240,8,8,8,0.35,0.1,0.65,10,egg THOLD=0.65,Kelvin-Voigt,1.5e+06,0.1,197.484,,,,9.81,Kontaktast,0.875,0.1,0.065,K,Kontaktast,1,0,0,7.2226,,86.419,86.419,80,eingeschwungen
"Schnitt (140°,240°)",0,140,240,8,8,8,0.35,0.1,0.65,10,egg THOLD=0.65,Kelvin-Voigt,1.5e+06,0.1,197.484,,,,9.81,Kontaktast,0.875,0.2,0.13,K,Kontaktast,1,0,0,7.2226,,195.196,195.196,80,eingeschwungen
"Schnitt (140°,240°)",0,140,240,8,8,8,0.35,0.1,0.65,10,egg THOLD=0.65,Kelvin-Voigt,1.5e+06,0.1,197.484,,,,9.81,Kontaktast,0.875,0.3,0.195,K,Kontaktast,1,0,0,7.2226,,292.659,292.659,80,eingeschwungen
"Schnitt (140°,240°)",0,140,240,8,8,8,0.35,0.1,0.65,10,egg THOLD=0.65,Kelvin-Voigt,1.5e+06,0.1,197.484,,,,9.81,Kontaktast,0.875,0.4,0.26,K,Kontaktast,1,0,0,7.2226,,368.409,368.409,80,eingeschwungen
"Schnitt (140°,240°)",0,140,240,8,8,8,0.35,0.1,0.65,10,egg THOLD=0.65,Kelvin-Voigt,1.5e+06,0.1,197.484,,,,9.81,Kontaktast,0.875,0.5,0.325,K,Kontaktast,1,0,0,7.2226,,456.521,456.521,80,eingeschwungen
"Schnitt (140°,240°)",0,140,240,8,8,8,0.35,0.1,0.65,10,egg THOLD=0.65,Kelvin-Voigt,1.5e+06,0.1,197.484,,,,9.81,Kontaktast,0.875,0.6,0.39,K,Kontaktast,1,0,0,7.2226,,519.823,519.823,80,eingeschwungen
"Schnitt (140°,240°)",0,140,240,8,8,8,0.35,0.1,0.65,10,egg THOLD=0.65,Kelvin-Voigt,1.5e+06,0.1,197.484,,,,9.81,Kontaktast,0.875,0.7,0.455,K,Kontaktast,1,0,0,7.2226,,621.399,621.399,80,eingeschwungen
"Schnitt (140°,240°)",0,140,240,8,8,8,0.35,0.1,0.65,10,egg THOLD=0.65,Kelvin-Voigt,1.5e+06,0.1,197.484,,,,9.81,Kontaktast,0.875,0.8,0.52,K,Kontaktast,1,0,0,7.2226,,722.775,722.775,80,eingeschwungen
"Schnitt (140°,240°)",0,140,240,8,8,8,0.35,0.1,0.65,10,egg THOLD=0.65,Kelvin-Voigt,1.5e+06,0.1,197.484,,,,9.81,Kontaktast,0.875,0.9,0.585,K,Kontaktast,1,0,0,7.2226,,801.399,801.399,80,eingeschwungen
"Schnitt (140°,240°)",0,140,240,8,8,8,0.35,0.1,0.65,10,egg THOLD=0.65,Kelvin-Voigt,1.5e+06,0.1,197.484,,,,9.81,Kontaktast,0.875,1,0.65,K,Kontaktast,1,0,0,7.2226,,890.069,890.069,80,eingeschwungen
"Pilot (110°,252°)",0,110,252,8,8,8,0.35,0.1,0.65,10,egg THOLD=0.65,Kelvin-Voigt,1.5e+06,0.1,197.484,,,,9.81,Kontaktast,0,-1,-0.65,K,Kontaktast,1,0,0,7.24368,,875.099,646.97,80,eingeschwungen
"Pilot (110°,252°)",0,110,252,8,8,8,0.35,0.1,0.65,10,egg THOLD=0.65,Kelvin-Voigt,1.5e+06,0.1,197.484,,,,9.81,Kontaktast,0,-0.9,-0.585,K,Kontaktast,1,0,0,7.24368,,788.192,576.565,80,eingeschwungen
"Pilot (110°,252°)",0,110,252,8,8,8,0.35,0.1,0.65,10,egg THOLD=0.65,Kelvin-Voigt,1.5e+06,0.1,197.484,,,,9.81,Kontaktast,0,-0.8,-0.52,K,Kontaktast,1,0,0,7.24368,,701.285,535.59,80,eingeschwungen
"Pilot (110°,252°)",0,110,252,8,8,8,0.35,0.1,0.65,10,egg THOLD=0.65,Kelvin-Voigt,1.5e+06,0.1,197.484,,,,9.81,Kontaktast,0,-0.7,-0.455,K,Kontaktast,1,0,0,7.24368,,614.377,470.542,80,eingeschwungen
"Pilot (110°,252°)",0,110,252,8,8,8,0.35,0.1,0.65,10,egg THOLD=0.65,Kelvin-Voigt,1.5e+06,0.1,197.484,,,,9.81,Kontaktast,0,-0.6,-0.39,K,Kontaktast,1,0,0,7.24368,,527.47,407.929,80,eingeschwungen
"Pilot (110°,252°)",0,110,252,8,8,8,0.35,0.1,0.65,10,egg THOLD=0.65,Kelvin-Voigt,1.5e+06,0.1,197.484,,,,9.81,Kontaktast,0,-0.5,-0.325,K,Kontaktast,1,0,0,7.24368,,440.563,334.434,80,eingeschwungen
"Pilot (110°,252°)",0,110,252,8,8,8,0.35,0.1,0.65,10,egg THOLD=0.65,Kelvin-Voigt,1.5e+06,0.1,197.484,,,,9.81,Kontaktast,0,-0.4,-0.26,K,Kontaktast,1,0,0,7.24368,,353.655,263.095,80,eingeschwungen
"Pilot (110°,252°)",0,110,252,8,8,8,0.35,0.1,0.65,10,egg THOLD=0.65,Kelvin-Voigt,1.5e+06,0.1,197.484,,,,9.81,Kontaktast,0,-0.3,-0.195,K,Kontaktast,1,0,0,7.24368,,266.748,185.238,80,eingeschwungen
"Pilot (110°,252°)",0,110,252,8,8,8,0.35,0.1,0.65,10,egg THOLD=0.65,Kelvin-Voigt,1.5e+06,0.1,197.484,,,,9.81,Kontaktast,0,-0.2,-0.13,K,Kontaktast,1,0,0,7.24368,,179.841,121.188,80,eingeschwungen
"Pilot (110°,252°)",0,110,252,8,8,8,0.35,0.1,0.65,10,egg THOLD=0.65,Kelvin-Voigt,1.5e+06,0.1,197.484,,,,9.81,Kontaktast,0,-0.1,-0.065,K,Kontaktast,1,0,0,7.24368,,92.9335,70.3557,80,eingeschwungen
"Pilot (110°,252°)",0,110,252,8,8,8,0.35,0.1,0.65,10,egg THOLD=0.65,Kelvin-Voigt,1.5e+06,0.1,197.484,,,,9.81,Kontaktast,0,0,0,K,Kontaktast,1,0,0,7.24368,,7.24368,,80,eingeschwungen
"Pilot (110°,252°)",0,110,252,8,8,8,0.35,0.1,0.65,10,egg THOLD=0.65,Kelvin-Voigt,1.5e+06,0.1,197.484,,,,9.81,Kontaktast,0,0.1,0.065,K,Kontaktast,1,0,0,7.24368,,93.928,93.928,80,eingeschwungen
"Pilot (110°,252°)",0,110,252,8,8,8,0.35,0.1,0.65,10,egg THOLD=0.65,Kelvin-Voigt,1.5e+06,0.1,197.484,,,,9.81,Kontaktast,0,0.2,0.13,K,Kontaktast,1,0,0,7.24368,,160.904,160.904,80,eingeschwungen
"Pilot (110°,252°)",0,110,252,8,8,8,0.35,0.1,0.65,10,egg THOLD=0.65,Kelvin-Voigt,1.5e+06,0.1,197.484,,,,9.81,Kontaktast,0,0.3,0.195,K,Kontaktast,1,0,0,7.24368,,266.507,266.507,80,eingeschwungen
"Pilot (110°,252°)",0,110,252,8,8,8,0.35,0.1,0.65,10,egg THOLD=0.65,Kelvin-Voigt,1.5e+06,0.1,197.484,,,,9.81,Kontaktast,0,0.4,0.26,K,Kontaktast,1,0,0,7.24368,,364.581,364.581,80,eingeschwungen
"Pilot (110°,252°)",0,110,252,8,8,8,0.35,0.1,0.65,10,egg THOLD=0.65,Kelvin-Voigt,1.5e+06,0.1,197.484,,,,9.81,Kontaktast,0,0.5,0.325,K,Kontaktast,1,0,0,7.24368,,452.238,452.238,80,eingeschwungen
"Pilot (110°,252°)",0,110,252,8,8,8,0.35,0.1,0.65,10,egg THOLD=0.65,Kelvin-Voigt,1.5e+06,0.1,197.484,,,,9.81,Kontaktast,0,0.6,0.39,K,Kontaktast,1,0,0,7.24368,,542.026,542.026,80,eingeschwungen
"Pilot (110°,252°)",0,110,252,8,8,8,0.35,0.1,0.65,10,egg THOLD=0.65,Kelvin-Voigt,1.5e+06,0.1,197.484,,,,9.81,Kontaktast,0,0.7,0.455,K,Kontaktast,1,0,0,7.24368,,603.325,603.325,80,eingeschwungen
"Pilot (110°,252°)",0,110,252,8,8,8,0.35,0.1,0.65,10,egg THOLD=0.65,Kelvin-Voigt,1.5e+06,0.1,197.484,,,,9.81,Kontaktast,0,0.8,0.52,K,Kontaktast,1,0,0,7.24368,,700.817,700.817,80,eingeschwungen
"Pilot (110°,252°)",0,110,252,8,8,8,0.35,0.1,0.65,10,egg THOLD=0.65,Kelvin-Voigt,1.5e+06,0.1,197.484,,,,9.81,Kontaktast,0,0.9,0.585,K,Kontaktast,1,0,0,7.24368,,799.481,799.481,80,eingeschwungen
"Pilot (110°,252°)",0,110,252,8,8,8,0.35,0.1,0.65,10,egg THOLD=0.65,Kelvin-Voigt,1.5e+06,0.1,197.484,,,,9.81,Kontaktast,0,1,0.65,K,Kontaktast,1,0,0,7.24368,,887.395,887.395,80,eingeschwungen
"Pilot (110°,252°)",0,110,252,8,8,8,0.35,0.1,0.65,10,egg THOLD=0.65,Kelvin-Voigt,1.5e+06,0.1,197.484,,,,9.81,Kontaktast,0.125,-1,-0.65,K,Kontaktast,1,0,0,7.24368,,875.91,656.773,80,eingeschwungen
"Pilot (110°,252°)",0,110,252,8,8,8,0.35,0.1,0.65,10,egg THOLD=0.65,Kelvin-Voigt,1.5e+06,0.1,197.484,,,,9.81,Kontaktast,0.125,-0.9,-0.585,K,Kontaktast,1,0,0,7.24368,,789.003,588.323,80,eingeschwungen
"Pilot (110°,252°)",0,110,252,8,8,8,0.35,0.1,0.65,10,egg THOLD=0.65,Kelvin-Voigt,1.5e+06,0.1,197.484,,,,9.81,Kontaktast,0.125,-0.8,-0.52,K,Kontaktast,1,0,0,7.24368,,702.096,519.858,80,eingeschwungen
"Pilot (110°,252°)",0,110,252,8,8,8,0.35,0.1,0.65,10,egg THOLD=0.65,Kelvin-Voigt,1.5e+06,0.1,197.484,,,,9.81,Kontaktast,0.125,-0.7,-0.455,K,Kontaktast,1,0,0,7.24368,,615.188,478.996,80,eingeschwungen
"Pilot (110°,252°)",0,110,252,8,8,8,0.35,0.1,0.65,10,egg THOLD=0.65,Kelvin-Voigt,1.5e+06,0.1,197.484,,,,9.81,Kontaktast,0.125,-0.6,-0.39,K,Kontaktast,1,0,0,7.24368,,528.281,413.057,80,eingeschwungen
"Pilot (110°,252°)",0,110,252,8,8,8,0.35,0.1,0.65,10,egg THOLD=0.65,Kelvin-Voigt,1.5e+06,0.1,197.484,,,,9.81,Kontaktast,0.125,-0.5,-0.325,K,Kontaktast,1,0,0,7.24368,,441.374,352.051,80,eingeschwungen
"Pilot (110°,252°)",0,110,252,8,8,8,0.35,0.1,0.65,10,egg THOLD=0.65,Kelvin-Voigt,1.5e+06,0.1,197.484,,,,9.81,Kontaktast,0.125,-0.4,-0.26,K,Kontaktast,1,0,0,7.24368,,354.467,278.18,80,eingeschwungen
"Pilot (110°,252°)",0,110,252,8,8,8,0.35,0.1,0.65,10,egg THOLD=0.65,Kelvin-Voigt,1.5e+06,0.1,197.484,,,,9.81,Kontaktast,0.125,-0.3,-0.195,K,Kontaktast,1,0,0,7.24368,,267.559,208.364,80,eingeschwungen
"Pilot (110°,252°)",0,110,252,8,8,8,0.35,0.1,0.65,10,egg THOLD=0.65,Kelvin-Voigt,1.5e+06,0.1,197.484,,,,9.81,Kontaktast,0.125,-0.2,-0.13,K,Kontaktast,1,0,0,7.24368,,180.652,128.984,80,eingeschwungen
"Pilot (110°,252°)",0,110,252,8,8,8,0.35,0.1,0.65,10,egg THOLD=0.65,Kelvin-Voigt,1.5e+06,0.1,197.484,,,,9.81,Kontaktast,0.125,-0.1,-0.065,K,Kontaktast,1,0,0,7.24368,,93.7447,61.5887,80,eingeschwungen
"Pilot (110°,252°)",0,110,252,8,8,8,0.35,0.1,0.65,10,egg THOLD=0.65,Kelvin-Voigt,1.5e+06,0.1,197.484,,,,9.81,Kontaktast,0.125,0,0,K,Kontaktast,1,0,0,7.24368,,7.24368,,80,eingeschwungen
"Pilot (110°,252°)",0,110,252,8,8,8,0.35,0.1,0.65,10,egg THOLD=0.65,Kelvin-Voigt,1.5e+06,0.1,197.484,,,,9.81,Kontaktast,0.125,0.1,0.065,K,Kontaktast,1,0,0,7.24368,,80.0379,80.0379,80,eingeschwungen
"Pilot (110°,252°)",0,110,252,8,8,8,0.35,0.1,0.65,10,egg THOLD=0.65,Kelvin-Voigt,1.5e+06,0.1,197.484,,,,9.81,Kontaktast,0.125,0.2,0.13,K,Kontaktast,1,0,0,7.24368,,182.892,182.892,80,eingeschwungen
"Pilot (110°,252°)",0,110,252,8,8,8,0.35,0.1,0.65,10,egg THOLD=0.65,Kelvin-Voigt,1.5e+06,0.1,197.484,,,,9.81,Kontaktast,0.125,0.3,0.195,K,Kontaktast,1,0,0,7.24368,,277.41,277.41,80,eingeschwungen
"Pilot (110°,252°)",0,110,252,8,8,8,0.35,0.1,0.65,10,egg THOLD=0.65,Kelvin-Voigt,1.5e+06,0.1,197.484,,,,9.81,Kontaktast,0.125,0.4,0.26,K,Kontaktast,1,0,0,7.24368,,373.697,373.697,80,eingeschwungen
"Pilot (110°,252°)",0,110,252,8,8,8,0.35,0.1,0.65,10,egg THOLD=0.65,Kelvin-Voigt,1.5e+06,0.1,197.484,,,,9.81,Kontaktast,0.125,0.5,0.325,K,Kontaktast,1,0,0,7.24368,,462.193,462.193,80,eingeschwungen
"Pilot (110°,252°)",0,110,252,8,8,8,0.35,0.1,0.65,10,egg THOLD=0.65,Kelvin-Voigt,1.5e+06,0.1,197.484,,,,9.81,Kontaktast,0.125,0.6,0.39,K,Kontaktast,1,0,0,7.24368,,524.911,524.911,80,eingeschwungen
"Pilot (110°,252°)",0,110,252,8,8,8,0.35,0.1,0.65,10,egg THOLD=0.65,Kelvin-Voigt,1.5e+06,0.1,197.484,,,,9.81,Kontaktast,0.125,0.7,0.455,K,Kontaktast,1,0,0,7.24368,,617.318,617.318,80,eingeschwungen
"Pilot (110°,252°)",0,110,252,8,8,8,0.35,0.1,0.65,10,egg THOLD=0.65,Kelvin-Voigt,1.5e+06,0.1,197.484,,,,9.81,Kontaktast,0.125,0.8,0.52,K,Kontaktast,1,0,0,7.24368,,709.882,709.882,80,eingeschwungen
"Pilot (110°,252°)",0,110,252,8,8,8,0.35,0.1,0.65,10,egg THOLD=0.65,Kelvin-Voigt,1.5e+06,0.1,197.484,,,,9.81,Kontaktast,0.125,0.9,0.585,K,Kontaktast,1,0,0,7.24368,,805.927,805.927,80,eingeschwungen
"Pilot (110°,252°)",0,110,252,8,8,8,0.35,0.1,0.65,10,egg THOLD=0.65,Kelvin-Voigt,1.5e+06,0.1,197.484,,,,9.81,Kontaktast,0.125,1,0.65,K,Kontaktast,1,0,0,7.24368,,897.458,897.458,80,eingeschwungen
"Pilot (110°,252°)",0,110,252,8,8,8,0.35,0.1,0.65,10,egg THOLD=0.65,Kelvin-Voigt,1.5e+06,0.1,197.484,,,,9.81,Kontaktast,0.25,-1,-0.65,K,Kontaktast,1,0,0,7.24368,,874.702,665.519,80,eingeschwungen
"Pilot (110°,252°)",0,110,252,8,8,8,0.35,0.1,0.65,10,egg THOLD=0.65,Kelvin-Voigt,1.5e+06,0.1,197.484,,,,9.81,Kontaktast,0.25,-0.9,-0.585,K,Kontaktast,1,0,0,7.24368,,787.795,593.145,80,eingeschwungen
"Pilot (110°,252°)",0,110,252,8,8,8,0.35,0.1,0.65,10,egg THOLD=0.65,Kelvin-Voigt,1.5e+06,0.1,197.484,,,,9.81,Kontaktast,0.25,-0.8,-0.52,K,Kontaktast,1,0,0,7.24368,,700.887,521.988,80,eingeschwungen
"Pilot (110°,252°)",0,110,252,8,8,8,0.35,0.1,0.65,10,egg THOLD=0.65,Kelvin-Voigt,1.5e+06,0.1,197.484,,,,9.81,Kontaktast,0.25,-0.7,-0.455,K,Kontaktast,1,0,0,7.24368,,613.98,459.727,80,eingeschwungen
"Pilot (110°,252°)",0,110,252,8,8,8,0.35,0.1,0.65,10,egg THOLD=0.65,Kelvin-Voigt,1.5e+06,0.1,197.484,,,,9.81,Kontaktast,0.25,-0.6,-0.39,K,Kontaktast,1,0,0,7.24368,,527.073,417.176,80,eingeschwungen
"Pilot (110°,252°)",0,110,252,8,8,8,0.35,0.1,0.65,10,egg THOLD=0.65,Kelvin-Voigt,1.5e+06,0.1,197.484,,,,9.81,Kontaktast,0.25,-0.5,-0.325,K,Kontaktast,1,0,0,7.24368,,440.166,350.004,80,eingeschwungen
"Pilot (110°,252°)",0,110,252,8,8,8,0.35,0.1,0.65,10,egg THOLD=0.65,Kelvin-Voigt,1.5e+06,0.1,197.484,,,,9.81,Kontaktast,0.25,-0.4,-0.26,K,Kontaktast,1,0,0,7.24368,,353.258,291.739,80,eingeschwungen
"Pilot (110°,252°)",0,110,252,8,8,8,0.35,0.1,0.65,10,egg THOLD=0.65,Kelvin-Voigt,1.5e+06,0.1,197.484,,,,9.81,Kontaktast,0.25,-0.3,-0.195,K,Kontaktast,1,0,0,7.24368,,266.351,217.658,80,eingeschwungen
"Pilot (110°,252°)",0,110,252,8,8,8,0.35,0.1,0.65,10,egg THOLD=0.65,Kelvin-Voigt,1.5e+06,0.1,197.484,,,,9.81,Kontaktast,0.25,-0.2,-0.13,K,Kontaktast,1,0,0,7.24368,,179.444,152.385,80,eingeschwungen
"Pilot (110°,252°)",0,110,252,8,8,8,0.35,0.1,0.65,10,egg THOLD=0.65,Kelvin-Voigt,1.5e+06,0.1,197.484,,,,9.81,Kontaktast,0.25,-0.1,-0.065,K,Kontaktast,1,0,0,7.24368,,92.5365,74.9528,80,eingeschwungen
"Pilot (110°,252°)",0,110,252,8,8,8,0.35,0.1,0.65,10,egg THOLD=0.65,Kelvin-Voigt,1.5e+06,0.1,197.484,,,,9.81,Kontaktast,0.25,0,0,K,Kontaktast,1,0,0,7.24368,,7.24368,,80,eingeschwungen
"Pilot (110°,252°)",0,110,252,8,8,8,0.35,0.1,0.65,10,egg THOLD=0.65,Kelvin-Voigt,1.5e+06,0.1,197.484,,,,9.81,Kontaktast,0.25,0.1,0.065,K,Kontaktast,1,0,0,7.24368,,101.546,101.546,80,eingeschwungen
"Pilot (110°,252°)",0,110,252,8,8,8,0.35,0.1,0.65,10,egg THOLD=0.65,Kelvin-Voigt,1.5e+06,0.1,197.484,,,,9.81,Kontaktast,0.25,0.2,0.13,K,Kontaktast,1,0,0,7.24368,,196.257,196.257,80,eingeschwungen
"Pilot (110°,252°)",0,110,252,8,8,8,0.35,0.1,0.65,10,egg THOLD=0.65,Kelvin-Voigt,1.5e+06,0.1,197.484,,,,9.81,Kontaktast,0.25,0.3,0.195,K,Kontaktast,1,0,0,7.24368,,295.839,295.839,80,eingeschwungen
"Pilot (110°,252°)",0,110,252,8,8,8,0.35,0.1,0.65,10,egg THOLD=0.65,Kelvin-Voigt,1.5e+06,0.1,197.484,,,,9.81,Kontaktast,0.25,0.4,0.26,K,Kontaktast,1,0,0,7.24368,,377.936,377.936,80,eingeschwungen
"Pilot (110°,252°)",0,110,252,8,8,8,0.35,0.1,0.65,10,egg THOLD=0.65,Kelvin-Voigt,1.5e+06,0.1,197.484,,,,9.81,Kontaktast,0.25,0.5,0.325,K,Kontaktast,1,0,0,7.24368,,455.298,455.298,80,eingeschwungen
"Pilot (110°,252°)",0,110,252,8,8,8,0.35,0.1,0.65,10,egg THOLD=0.65,Kelvin-Voigt,1.5e+06,0.1,197.484,,,,9.81,Kontaktast,0.25,0.6,0.39,K,Kontaktast,1,0,0,7.24368,,528.445,528.445,80,eingeschwungen
"Pilot (110°,252°)",0,110,252,8,8,8,0.35,0.1,0.65,10,egg THOLD=0.65,Kelvin-Voigt,1.5e+06,0.1,197.484,,,,9.81,Kontaktast,0.25,0.7,0.455,K,Kontaktast,1,0,0,7.24368,,621.703,621.703,80,eingeschwungen
"Pilot (110°,252°)",0,110,252,8,8,8,0.35,0.1,0.65,10,egg THOLD=0.65,Kelvin-Voigt,1.5e+06,0.1,197.484,,,,9.81,Kontaktast,0.25,0.8,0.52,K,Kontaktast,1,0,0,7.24368,,724.603,724.603,80,eingeschwungen
"Pilot (110°,252°)",0,110,252,8,8,8,0.35,0.1,0.65,10,egg THOLD=0.65,Kelvin-Voigt,1.5e+06,0.1,197.484,,,,9.81,Kontaktast,0.25,0.9,0.585,K,Kontaktast,1,0,0,7.24368,,811.05,811.05,80,eingeschwungen
"Pilot (110°,252°)",0,110,252,8,8,8,0.35,0.1,0.65,10,egg THOLD=0.65,Kelvin-Voigt,1.5e+06,0.1,197.484,,,,9.81,Kontaktast,0.25,1,0.65,K,Kontaktast,1,0,0,7.24368,,886.299,886.299,80,eingeschwungen
"Pilot (110°,252°)",0,110,252,8,8,8,0.35,0.1,0.65,10,egg THOLD=0.65,Kelvin-Voigt,1.5e+06,0.1,197.484,,,,9.81,Kontaktast,0.375,-1,-0.65,K,Kontaktast,1,0,0,7.24368,,874.578,651.182,80,eingeschwungen
"Pilot (110°,252°)",0,110,252,8,8,8,0.35,0.1,0.65,10,egg THOLD=0.65,Kelvin-Voigt,1.5e+06,0.1,197.484,,,,9.81,Kontaktast,0.375,-0.9,-0.585,K,Kontaktast,1,0,0,7.24368,,787.671,572.555,80,eingeschwungen
"Pilot (110°,252°)",0,110,252,8,8,8,0.35,0.1,0.65,10,egg THOLD=0.65,Kelvin-Voigt,1.5e+06,0.1,197.484,,,,9.81,Kontaktast,0.375,-0.8,-0.52,K,Kontaktast,1,0,0,7.24368,,700.764,506.626,80,eingeschwungen
"Pilot (110°,252°)",0,110,252,8,8,8,0.35,0.1,0.65,10,egg THOLD=0.65,Kelvin-Voigt,1.5e+06,0.1,197.484,,,,9.81,Kontaktast,0.375,-0.7,-0.455,K,Kontaktast,1,0,0,7.24368,,613.856,432.019,80,eingeschwungen
"Pilot (110°,252°)",0,110,252,8,8,8,0.35,0.1,0.65,10,egg THOLD=0.65,Kelvin-Voigt,1.5e+06,0.1,197.484,,,,9.81,Kontaktast,0.375,-0.6,-0.39,K,Kontaktast,1,0,0,7.24368,,526.949,388.096,80,eingeschwungen
"Pilot (110°,252°)",0,110,252,8,8,8,0.35,0.1,0.65,10,egg THOLD=0.65,Kelvin-Voigt,1.5e+06,0.1,197.484,,,,9.81,Kontaktast,0.375,-0.5,-0.325,K,Kontaktast,1,0,0,7.24368,,440.042,331.295,80,eingeschwungen
"Pilot (110°,252°)",0,110,252,8,8,8,0.35,0.1,0.65,10,egg THOLD=0.65,Kelvin-Voigt,1.5e+06,0.1,197.484,,,,9.81,Kontaktast,0.375,-0.4,-0.26,K,Kontaktast,1,0,0,7.24368,,353.135,267.445,80,eingeschwungen
"Pilot (110°,252°)",0,110,252,8,8,8,0.35,0.1,0.65,10,egg THOLD=0.65,Kelvin-Voigt,1.5e+06,0.1,197.484,,,,9.81,Kontaktast,0.375,-0.3,-0.195,K,Kontaktast,1,0,0,7.24368,,266.227,206.039,80,eingeschwungen
"Pilot (110°,252°)",0,110,252,8,8,8,0.35,0.1,0.65,10,egg THOLD=0.65,Kelvin-Voigt,1.5e+06,0.1,197.484,,,,9.81,Kontaktast,0.375,-0.2,-0.13,K,Kontaktast,1,0,0,7.24368,,179.32,134.375,80,eingeschwungen
"Pilot (110°,252°)",0,110,252,8,8,8,0.35,0.1,0.65,10,egg THOLD=0.65,Kelvin-Voigt,1.5e+06,0.1,197.484,,,,9.81,Kontaktast,0.375,-0.1,-0.065,K,Kontaktast,1,0,0,7.24368,,92.4127,73.7967,80,eingeschwungen
"Pilot (110°,252°)",0,110,252,8,8,8,0.35,0.1,0.65,10,egg THOLD=0.65,Kelvin-Voigt,1.5e+06,0.1,197.484,,,,9.81,Kontaktast,0.375,0,0,K,Kontaktast,1,0,0,7.24368,,7.24368,,80,eingeschwungen
"Pilot (110°,252°)",0,110,252,8,8,8,0.35,0.1,0.65,10,egg THOLD=0.65,Kelvin-Voigt,1.5e+06,0.1,197.484,,,,9.81,Kontaktast,0.375,0.1,0.065,K,Kontaktast,1,0,0,7.24368,,99.4251,99.4251,80,eingeschwungen
"Pilot (110°,252°)",0,110,252,8,8,8,0.35,0.1,0.65,10,egg THOLD=0.65,Kelvin-Voigt,1.5e+06,0.1,197.484,,,,9.81,Kontaktast,0.375,0.2,0.13,K,Kontaktast,1,0,0,7.24368,,185.134,185.134,80,eingeschwungen
"Pilot (110°,252°)",0,110,252,8,8,8,0.35,0.1,0.65,10,egg THOLD=0.65,Kelvin-Voigt,1.5e+06,0.1,197.484,,,,9.81,Kontaktast,0.375,0.3,0.195,K,Kontaktast,1,0,0,7.24368,,273.863,273.863,80,eingeschwungen
"Pilot (110°,252°)",0,110,252,8,8,8,0.35,0.1,0.65,10,egg THOLD=0.65,Kelvin-Voigt,1.5e+06,0.1,197.484,,,,9.81,Kontaktast,0.375,0.4,0.26,K,Kontaktast,1,0,0,7.24368,,360.007,360.007,80,eingeschwungen
"Pilot (110°,252°)",0,110,252,8,8,8,0.35,0.1,0.65,10,egg THOLD=0.65,Kelvin-Voigt,1.5e+06,0.1,197.484,,,,9.81,Kontaktast,0.375,0.5,0.325,K,Kontaktast,1,0,0,7.24368,,420.886,420.886,80,eingeschwungen
"Pilot (110°,252°)",0,110,252,8,8,8,0.35,0.1,0.65,10,egg THOLD=0.65,Kelvin-Voigt,1.5e+06,0.1,197.484,,,,9.81,Kontaktast,0.375,0.6,0.39,K,Kontaktast,1,0,0,7.24368,,514.265,514.265,80,eingeschwungen
"Pilot (110°,252°)",0,110,252,8,8,8,0.35,0.1,0.65,10,egg THOLD=0.65,Kelvin-Voigt,1.5e+06,0.1,197.484,,,,9.81,Kontaktast,0.375,0.7,0.455,K,Kontaktast,1,0,0,7.24368,,606.789,606.789,80,eingeschwungen
"Pilot (110°,252°)",0,110,252,8,8,8,0.35,0.1,0.65,10,egg THOLD=0.65,Kelvin-Voigt,1.5e+06,0.1,197.484,,,,9.81,Kontaktast,0.375,0.8,0.52,K,Kontaktast,1,0,0,7.24368,,701.707,701.707,80,eingeschwungen
"Pilot (110°,252°)",0,110,252,8,8,8,0.35,0.1,0.65,10,egg THOLD=0.65,Kelvin-Voigt,1.5e+06,0.1,197.484,,,,9.81,Kontaktast,0.375,0.9,0.585,K,Kontaktast,1,0,0,7.24368,,792.86,792.86,80,eingeschwungen
"Pilot (110°,252°)",0,110,252,8,8,8,0.35,0.1,0.65,10,egg THOLD=0.65,Kelvin-Voigt,1.5e+06,0.1,197.484,,,,9.81,Kontaktast,0.375,1,0.65,K,Kontaktast,1,0,0,7.24368,,853.38,853.38,80,eingeschwungen
"Pilot (110°,252°)",0,110,252,8,8,8,0.35,0.1,0.65,10,egg THOLD=0.65,Kelvin-Voigt,1.5e+06,0.1,197.484,,,,9.81,Kontaktast,0.5,-1,-0.65,K,Kontaktast,1,0,0,7.24368,,875.92,646.461,80,eingeschwungen
"Pilot (110°,252°)",0,110,252,8,8,8,0.35,0.1,0.65,10,egg THOLD=0.65,Kelvin-Voigt,1.5e+06,0.1,197.484,,,,9.81,Kontaktast,0.5,-0.9,-0.585,K,Kontaktast,1,0,0,7.24368,,789.013,582.297,80,eingeschwungen
"Pilot (110°,252°)",0,110,252,8,8,8,0.35,0.1,0.65,10,egg THOLD=0.65,Kelvin-Voigt,1.5e+06,0.1,197.484,,,,9.81,Kontaktast,0.5,-0.8,-0.52,K,Kontaktast,1,0,0,7.24368,,702.106,504.388,80,eingeschwungen
"Pilot (110°,252°)",0,110,252,8,8,8,0.35,0.1,0.65,10,egg THOLD=0.65,Kelvin-Voigt,1.5e+06,0.1,197.484,,,,9.81,Kontaktast,0.5,-0.7,-0.455,K,Kontaktast,1,0,0,7.24368,,615.198,436.961,80,eingeschwungen
"Pilot (110°,252°)",0,110,252,8,8,8,0.35,0.1,0.65,10,egg THOLD=0.65,Kelvin-Voigt,1.5e+06,0.1,197.484,,,,9.81,Kontaktast,0.5,-0.6,-0.39,K,Kontaktast,1,0,0,7.24368,,528.291,364.428,80,eingeschwungen
"Pilot (110°,252°)",0,110,252,8,8,8,0.35,0.1,0.65,10,egg THOLD=0.65,Kelvin-Voigt,1.5e+06,0.1,197.484,,,,9.81,Kontaktast,0.5,-0.5,-0.325,K,Kontaktast,1,0,0,7.24368,,441.384,323.157,80,eingeschwungen
"Pilot (110°,252°)",0,110,252,8,8,8,0.35,0.1,0.65,10,egg THOLD=0.65,Kelvin-Voigt,1.5e+06,0.1,197.484,,,,9.81,Kontaktast,0.5,-0.4,-0.26,K,Kontaktast,1,0,0,7.24368,,354.477,260.921,80,eingeschwungen
"Pilot (110°,252°)",0,110,252,8,8,8,0.35,0.1,0.65,10,egg THOLD=0.65,Kelvin-Voigt,1.5e+06,0.1,197.484,,,,9.81,Kontaktast,0.5,-0.3,-0.195,K,Kontaktast,1,0,0,7.24368,,267.569,200.515,80,eingeschwungen
"Pilot (110°,252°)",0,110,252,8,8,8,0.35,0.1,0.65,10,egg THOLD=0.65,Kelvin-Voigt,1.5e+06,0.1,197.484,,,,9.81,Kontaktast,0.5,-0.2,-0.13,K,Kontaktast,1,0,0,7.24368,,180.662,135.31,80,eingeschwungen
"Pilot (110°,252°)",0,110,252,8,8,8,0.35,0.1,0.65,10,egg THOLD=0.65,Kelvin-Voigt,1.5e+06,0.1,197.484,,,,9.81,Kontaktast,0.5,-0.1,-0.065,K,Kontaktast,1,0,0,7.24368,,93.7546,65.8087,80,eingeschwungen
"Pilot (110°,252°)",0,110,252,8,8,8,0.35,0.1,0.65,10,egg THOLD=0.65,Kelvin-Voigt,1.5e+06,0.1,197.484,,,,9.81,Kontaktast,0.5,0,0,K,Kontaktast,1,0,0,7.24368,,7.24368,,80,eingeschwungen
"Pilot (110°,252°)",0,110,252,8,8,8,0.35,0.1,0.65,10,egg THOLD=0.65,Kelvin-Voigt,1.5e+06,0.1,197.484,,,,9.81,Kontaktast,0.5,0.1,0.065,K,Kontaktast,1,0,0,7.24368,,87.758,87.758,80,eingeschwungen
"Pilot (110°,252°)",0,110,252,8,8,8,0.35,0.1,0.65,10,egg THOLD=0.65,Kelvin-Voigt,1.5e+06,0.1,197.484,,,,9.81,Kontaktast,0.5,0.2,0.13,K,Kontaktast,1,0,0,7.24368,,183.82,183.82,80,eingeschwungen
"Pilot (110°,252°)",0,110,252,8,8,8,0.35,0.1,0.65,10,egg THOLD=0.65,Kelvin-Voigt,1.5e+06,0.1,197.484,,,,9.81,Kontaktast,0.5,0.3,0.195,K,Kontaktast,1,0,0,7.24368,,263.171,263.171,80,eingeschwungen
"Pilot (110°,252°)",0,110,252,8,8,8,0.35,0.1,0.65,10,egg THOLD=0.65,Kelvin-Voigt,1.5e+06,0.1,197.484,,,,9.81,Kontaktast,0.5,0.4,0.26,K,Kontaktast,1,0,0,7.24368,,342.991,342.991,80,eingeschwungen
"Pilot (110°,252°)",0,110,252,8,8,8,0.35,0.1,0.65,10,egg THOLD=0.65,Kelvin-Voigt,1.5e+06,0.1,197.484,,,,9.81,Kontaktast,0.5,0.5,0.325,K,Kontaktast,1,0,0,7.24368,,413.537,413.537,80,eingeschwungen
"Pilot (110°,252°)",0,110,252,8,8,8,0.35,0.1,0.65,10,egg THOLD=0.65,Kelvin-Voigt,1.5e+06,0.1,197.484,,,,9.81,Kontaktast,0.5,0.6,0.39,K,Kontaktast,1,0,0,7.24368,,508.714,508.714,80,eingeschwungen
"Pilot (110°,252°)",0,110,252,8,8,8,0.35,0.1,0.65,10,egg THOLD=0.65,Kelvin-Voigt,1.5e+06,0.1,197.484,,,,9.81,Kontaktast,0.5,0.7,0.455,K,Kontaktast,1,0,0,7.24368,,611.475,611.475,80,eingeschwungen
"Pilot (110°,252°)",0,110,252,8,8,8,0.35,0.1,0.65,10,egg THOLD=0.65,Kelvin-Voigt,1.5e+06,0.1,197.484,,,,9.81,Kontaktast,0.5,0.8,0.52,K,Kontaktast,1,0,0,7.24368,,697.408,697.408,80,eingeschwungen
"Pilot (110°,252°)",0,110,252,8,8,8,0.35,0.1,0.65,10,egg THOLD=0.65,Kelvin-Voigt,1.5e+06,0.1,197.484,,,,9.81,Kontaktast,0.5,0.9,0.585,K,Kontaktast,1,0,0,7.24368,,775.878,775.878,80,eingeschwungen
"Pilot (110°,252°)",0,110,252,8,8,8,0.35,0.1,0.65,10,egg THOLD=0.65,Kelvin-Voigt,1.5e+06,0.1,197.484,,,,9.81,Kontaktast,0.5,1,0.65,K,Kontaktast,1,0,0,7.24368,,849.656,849.656,80,eingeschwungen
"Pilot (110°,252°)",0,110,252,8,8,8,0.35,0.1,0.65,10,egg THOLD=0.65,Kelvin-Voigt,1.5e+06,0.1,197.484,,,,9.81,Kontaktast,0.625,-1,-0.65,K,Kontaktast,1,0,0,7.24368,,875.412,654.741,80,eingeschwungen
"Pilot (110°,252°)",0,110,252,8,8,8,0.35,0.1,0.65,10,egg THOLD=0.65,Kelvin-Voigt,1.5e+06,0.1,197.484,,,,9.81,Kontaktast,0.625,-0.9,-0.585,K,Kontaktast,1,0,0,7.24368,,788.505,586.437,80,eingeschwungen
"Pilot (110°,252°)",0,110,252,8,8,8,0.35,0.1,0.65,10,egg THOLD=0.65,Kelvin-Voigt,1.5e+06,0.1,197.484,,,,9.81,Kontaktast,0.625,-0.8,-0.52,K,Kontaktast,1,0,0,7.24368,,701.597,520.164,80,eingeschwungen
"Pilot (110°,252°)",0,110,252,8,8,8,0.35,0.1,0.65,10,egg THOLD=0.65,Kelvin-Voigt,1.5e+06,0.1,197.484,,,,9.81,Kontaktast,0.625,-0.7,-0.455,K,Kontaktast,1,0,0,7.24368,,614.69,443.451,80,eingeschwungen
"Pilot (110°,252°)",0,110,252,8,8,8,0.35,0.1,0.65,10,egg THOLD=0.65,Kelvin-Voigt,1.5e+06,0.1,197.484,,,,9.81,Kontaktast,0.625,-0.6,-0.39,K,Kontaktast,1,0,0,7.24368,,527.783,373.986,80,eingeschwungen
"Pilot (110°,252°)",0,110,252,8,8,8,0.35,0.1,0.65,10,egg THOLD=0.65,Kelvin-Voigt,1.5e+06,0.1,197.484,,,,9.81,Kontaktast,0.625,-0.5,-0.325,K,Kontaktast,1,0,0,7.24368,,440.875,303.099,80,eingeschwungen
"Pilot (110°,252°)",0,110,252,8,8,8,0.35,0.1,0.65,10,egg THOLD=0.65,Kelvin-Voigt,1.5e+06,0.1,197.484,,,,9.81,Kontaktast,0.625,-0.4,-0.26,K,Kontaktast,1,0,0,7.24368,,353.968,261.385,80,eingeschwungen
"Pilot (110°,252°)",0,110,252,8,8,8,0.35,0.1,0.65,10,egg THOLD=0.65,Kelvin-Voigt,1.5e+06,0.1,197.484,,,,9.81,Kontaktast,0.625,-0.3,-0.195,K,Kontaktast,1,0,0,7.24368,,267.061,196.821,80,eingeschwungen
"Pilot (110°,252°)",0,110,252,8,8,8,0.35,0.1,0.65,10,egg THOLD=0.65,Kelvin-Voigt,1.5e+06,0.1,197.484,,,,9.81,Kontaktast,0.625,-0.2,-0.13,K,Kontaktast,1,0,0,7.24368,,180.154,138.635,80,eingeschwungen
"Pilot (110°,252°)",0,110,252,8,8,8,0.35,0.1,0.65,10,egg THOLD=0.65,Kelvin-Voigt,1.5e+06,0.1,197.484,,,,9.81,Kontaktast,0.625,-0.1,-0.065,K,Kontaktast,1,0,0,7.24368,,93.2463,73.6292,80,eingeschwungen
"Pilot (110°,252°)",0,110,252,8,8,8,0.35,0.1,0.65,10,egg THOLD=0.65,Kelvin-Voigt,1.5e+06,0.1,197.484,,,,9.81,Kontaktast,0.625,0,0,K,Kontaktast,1,0,0,7.24368,,7.24368,,80,eingeschwungen
"Pilot (110°,252°)",0,110,252,8,8,8,0.35,0.1,0.65,10,egg THOLD=0.65,Kelvin-Voigt,1.5e+06,0.1,197.484,,,,9.81,Kontaktast,0.625,0.1,0.065,K,Kontaktast,1,0,0,7.24368,,98.6862,98.6862,80,eingeschwungen
"Pilot (110°,252°)",0,110,252,8,8,8,0.35,0.1,0.65,10,egg THOLD=0.65,Kelvin-Voigt,1.5e+06,0.1,197.484,,,,9.81,Kontaktast,0.625,0.2,0.13,K,Kontaktast,1,0,0,7.24368,,178.39,178.39,80,eingeschwungen
"Pilot (110°,252°)",0,110,252,8,8,8,0.35,0.1,0.65,10,egg THOLD=0.65,Kelvin-Voigt,1.5e+06,0.1,197.484,,,,9.81,Kontaktast,0.625,0.3,0.195,K,Kontaktast,1,0,0,7.24368,,266.2,266.2,80,eingeschwungen
"Pilot (110°,252°)",0,110,252,8,8,8,0.35,0.1,0.65,10,egg THOLD=0.65,Kelvin-Voigt,1.5e+06,0.1,197.484,,,,9.81,Kontaktast,0.625,0.4,0.26,K,Kontaktast,1,0,0,7.24368,,327.319,327.319,80,eingeschwungen
"Pilot (110°,252°)",0,110,252,8,8,8,0.35,0.1,0.65,10,egg THOLD=0.65,Kelvin-Voigt,1.5e+06,0.1,197.484,,,,9.81,Kontaktast,0.625,0.5,0.325,K,Kontaktast,1,0,0,7.24368,,427.481,427.481,80,eingeschwungen
"Pilot (110°,252°)",0,110,252,8,8,8,0.35,0.1,0.65,10,egg THOLD=0.65,Kelvin-Voigt,1.5e+06,0.1,197.484,,,,9.81,Kontaktast,0.625,0.6,0.39,K,Kontaktast,1,0,0,7.24368,,524.872,524.872,80,eingeschwungen
"Pilot (110°,252°)",0,110,252,8,8,8,0.35,0.1,0.65,10,egg THOLD=0.65,Kelvin-Voigt,1.5e+06,0.1,197.484,,,,9.81,Kontaktast,0.625,0.7,0.455,K,Kontaktast,1,0,0,7.24368,,613.331,613.331,80,eingeschwungen
"Pilot (110°,252°)",0,110,252,8,8,8,0.35,0.1,0.65,10,egg THOLD=0.65,Kelvin-Voigt,1.5e+06,0.1,197.484,,,,9.81,Kontaktast,0.625,0.8,0.52,K,Kontaktast,1,0,0,7.24368,,703.561,703.561,80,eingeschwungen
"Pilot (110°,252°)",0,110,252,8,8,8,0.35,0.1,0.65,10,egg THOLD=0.65,Kelvin-Voigt,1.5e+06,0.1,197.484,,,,9.81,Kontaktast,0.625,0.9,0.585,K,Kontaktast,1,0,0,7.24368,,764.878,764.878,80,eingeschwungen
"Pilot (110°,252°)",0,110,252,8,8,8,0.35,0.1,0.65,10,egg THOLD=0.65,Kelvin-Voigt,1.5e+06,0.1,197.484,,,,9.81,Kontaktast,0.625,1,0.65,K,Kontaktast,1,0,0,7.24368,,861.682,861.682,80,eingeschwungen
"Pilot (110°,252°)",0,110,252,8,8,8,0.35,0.1,0.65,10,egg THOLD=0.65,Kelvin-Voigt,1.5e+06,0.1,197.484,,,,9.81,Kontaktast,0.75,-1,-0.65,K,Kontaktast,1,0,0,7.24368,,875.98,649.775,80,eingeschwungen
"Pilot (110°,252°)",0,110,252,8,8,8,0.35,0.1,0.65,10,egg THOLD=0.65,Kelvin-Voigt,1.5e+06,0.1,197.484,,,,9.81,Kontaktast,0.75,-0.9,-0.585,K,Kontaktast,1,0,0,7.24368,,789.073,588.373,80,eingeschwungen
"Pilot (110°,252°)",0,110,252,8,8,8,0.35,0.1,0.65,10,egg THOLD=0.65,Kelvin-Voigt,1.5e+06,0.1,197.484,,,,9.81,Kontaktast,0.75,-0.8,-0.52,K,Kontaktast,1,0,0,7.24368,,702.166,522.618,80,eingeschwungen
"Pilot (110°,252°)",0,110,252,8,8,8,0.35,0.1,0.65,10,egg THOLD=0.65,Kelvin-Voigt,1.5e+06,0.1,197.484,,,,9.81,Kontaktast,0.75,-0.7,-0.455,K,Kontaktast,1,0,0,7.24368,,615.259,452.176,80,eingeschwungen
"Pilot (110°,252°)",0,110,252,8,8,8,0.35,0.1,0.65,10,egg THOLD=0.65,Kelvin-Voigt,1.5e+06,0.1,197.484,,,,9.81,Kontaktast,0.75,-0.6,-0.39,K,Kontaktast,1,0,0,7.24368,,528.351,378.074,80,eingeschwungen
"Pilot (110°,252°)",0,110,252,8,8,8,0.35,0.1,0.65,10,egg THOLD=0.65,Kelvin-Voigt,1.5e+06,0.1,197.484,,,,9.81,Kontaktast,0.75,-0.5,-0.325,K,Kontaktast,1,0,0,7.24368,,441.444,304.667,80,eingeschwungen
"Pilot (110°,252°)",0,110,252,8,8,8,0.35,0.1,0.65,10,egg THOLD=0.65,Kelvin-Voigt,1.5e+06,0.1,197.484,,,,9.81,Kontaktast,0.75,-0.4,-0.26,K,Kontaktast,1,0,0,7.24368,,354.537,238.399,80,eingeschwungen
"Pilot (110°,252°)",0,110,252,8,8,8,0.35,0.1,0.65,10,egg THOLD=0.65,Kelvin-Voigt,1.5e+06,0.1,197.484,,,,9.81,Kontaktast,0.75,-0.3,-0.195,K,Kontaktast,1,0,0,7.24368,,267.629,193.228,80,eingeschwungen
"Pilot (110°,252°)",0,110,252,8,8,8,0.35,0.1,0.65,10,egg THOLD=0.65,Kelvin-Voigt,1.5e+06,0.1,197.484,,,,9.81,Kontaktast,0.75,-0.2,-0.13,K,Kontaktast,1,0,0,7.24368,,180.722,125.194,80,eingeschwungen
"Pilot (110°,252°)",0,110,252,8,8,8,0.35,0.1,0.65,10,egg THOLD=0.65,Kelvin-Voigt,1.5e+06,0.1,197.484,,,,9.81,Kontaktast,0.75,-0.1,-0.065,K,Kontaktast,1,0,0,7.24368,,93.8149,68.1829,80,eingeschwungen
"Pilot (110°,252°)",0,110,252,8,8,8,0.35,0.1,0.65,10,egg THOLD=0.65,Kelvin-Voigt,1.5e+06,0.1,197.484,,,,9.81,Kontaktast,0.75,0,0,K,Kontaktast,1,0,0,7.24368,,7.24368,,80,eingeschwungen
"Pilot (110°,252°)",0,110,252,8,8,8,0.35,0.1,0.65,10,egg THOLD=0.65,Kelvin-Voigt,1.5e+06,0.1,197.484,,,,9.81,Kontaktast,0.75,0.1,0.065,K,Kontaktast,1,0,0,7.24368,,90.0993,90.0993,80,eingeschwungen
"Pilot (110°,252°)",0,110,252,8,8,8,0.35,0.1,0.65,10,egg THOLD=0.65,Kelvin-Voigt,1.5e+06,0.1,197.484,,,,9.81,Kontaktast,0.75,0.2,0.13,K,Kontaktast,1,0,0,7.24368,,173.562,173.562,80,eingeschwungen
"Pilot (110°,252°)",0,110,252,8,8,8,0.35,0.1,0.65,10,egg THOLD=0.65,Kelvin-Voigt,1.5e+06,0.1,197.484,,,,9.81,Kontaktast,0.75,0.3,0.195,K,Kontaktast,1,0,0,7.24368,,243.679,243.679,80,eingeschwungen
"Pilot (110°,252°)",0,110,252,8,8,8,0.35,0.1,0.65,10,egg THOLD=0.65,Kelvin-Voigt,1.5e+06,0.1,197.484,,,,9.81,Kontaktast,0.75,0.4,0.26,K,Kontaktast,1,0,0,7.24368,,332.922,332.922,80,eingeschwungen
"Pilot (110°,252°)",0,110,252,8,8,8,0.35,0.1,0.65,10,egg THOLD=0.65,Kelvin-Voigt,1.5e+06,0.1,197.484,,,,9.81,Kontaktast,0.75,0.5,0.325,K,Kontaktast,1,0,0,7.24368,,427.072,427.072,80,eingeschwungen
"Pilot (110°,252°)",0,110,252,8,8,8,0.35,0.1,0.65,10,egg THOLD=0.65,Kelvin-Voigt,1.5e+06,0.1,197.484,,,,9.81,Kontaktast,0.75,0.6,0.39,K,Kontaktast,1,0,0,7.24368,,527.196,527.196,80,eingeschwungen
"Pilot (110°,252°)",0,110,252,8,8,8,0.35,0.1,0.65,10,egg THOLD=0.65,Kelvin-Voigt,1.5e+06,0.1,197.484,,,,9.81,Kontaktast,0.75,0.7,0.455,K,Kontaktast,1,0,0,7.24368,,616.364,616.364,80,eingeschwungen
"Pilot (110°,252°)",0,110,252,8,8,8,0.35,0.1,0.65,10,egg THOLD=0.65,Kelvin-Voigt,1.5e+06,0.1,197.484,,,,9.81,Kontaktast,0.75,0.8,0.52,K,Kontaktast,1,0,0,7.24368,,681.416,681.416,80,eingeschwungen
"Pilot (110°,252°)",0,110,252,8,8,8,0.35,0.1,0.65,10,egg THOLD=0.65,Kelvin-Voigt,1.5e+06,0.1,197.484,,,,9.81,Kontaktast,0.75,0.9,0.585,K,Kontaktast,1,0,0,7.24368,,771.24,771.24,80,eingeschwungen
"Pilot (110°,252°)",0,110,252,8,8,8,0.35,0.1,0.65,10,egg THOLD=0.65,Kelvin-Voigt,1.5e+06,0.1,197.484,,,,9.81,Kontaktast,0.75,1,0.65,K,Kontaktast,1,0,0,7.24368,,863.352,863.352,80,eingeschwungen
"Pilot (110°,252°)",0,110,252,8,8,8,0.35,0.1,0.65,10,egg THOLD=0.65,Kelvin-Voigt,1.5e+06,0.1,197.484,,,,9.81,Kontaktast,0.875,-1,-0.65,K,Kontaktast,1,0,0,7.24368,,876.05,640.269,80,eingeschwungen
"Pilot (110°,252°)",0,110,252,8,8,8,0.35,0.1,0.65,10,egg THOLD=0.65,Kelvin-Voigt,1.5e+06,0.1,197.484,,,,9.81,Kontaktast,0.875,-0.9,-0.585,K,Kontaktast,1,0,0,7.24368,,789.143,597.164,80,eingeschwungen
"Pilot (110°,252°)",0,110,252,8,8,8,0.35,0.1,0.65,10,egg THOLD=0.65,Kelvin-Voigt,1.5e+06,0.1,197.484,,,,9.81,Kontaktast,0.875,-0.8,-0.52,K,Kontaktast,1,0,0,7.24368,,702.236,536.494,80,eingeschwungen
"Pilot (110°,252°)",0,110,252,8,8,8,0.35,0.1,0.65,10,egg THOLD=0.65,Kelvin-Voigt,1.5e+06,0.1,197.484,,,,9.81,Kontaktast,0.875,-0.7,-0.455,K,Kontaktast,1,0,0,7.24368,,615.328,470.599,80,eingeschwungen
"Pilot (110°,252°)",0,110,252,8,8,8,0.35,0.1,0.65,10,egg THOLD=0.65,Kelvin-Voigt,1.5e+06,0.1,197.484,,,,9.81,Kontaktast,0.875,-0.6,-0.39,K,Kontaktast,1,0,0,7.24368,,528.421,400.943,80,eingeschwungen
"Pilot (110°,252°)",0,110,252,8,8,8,0.35,0.1,0.65,10,egg THOLD=0.65,Kelvin-Voigt,1.5e+06,0.1,197.484,,,,9.81,Kontaktast,0.875,-0.5,-0.325,K,Kontaktast,1,0,0,7.24368,,441.514,326.196,80,eingeschwungen
"Pilot (110°,252°)",0,110,252,8,8,8,0.35,0.1,0.65,10,egg THOLD=0.65,Kelvin-Voigt,1.5e+06,0.1,197.484,,,,9.81,Kontaktast,0.875,-0.4,-0.26,K,Kontaktast,1,0,0,7.24368,,354.607,252.348,80,eingeschwungen
"Pilot (110°,252°)",0,110,252,8,8,8,0.35,0.1,0.65,10,egg THOLD=0.65,Kelvin-Voigt,1.5e+06,0.1,197.484,,,,9.81,Kontaktast,0.875,-0.3,-0.195,K,Kontaktast,1,0,0,7.24368,,267.699,183.395,80,eingeschwungen
"Pilot (110°,252°)",0,110,252,8,8,8,0.35,0.1,0.65,10,egg THOLD=0.65,Kelvin-Voigt,1.5e+06,0.1,197.484,,,,9.81,Kontaktast,0.875,-0.2,-0.13,K,Kontaktast,1,0,0,7.24368,,180.792,136.909,80,eingeschwungen
"Pilot (110°,252°)",0,110,252,8,8,8,0.35,0.1,0.65,10,egg THOLD=0.65,Kelvin-Voigt,1.5e+06,0.1,197.484,,,,9.81,Kontaktast,0.875,-0.1,-0.065,K,Kontaktast,1,0,0,7.24368,,93.8848,67.506,80,eingeschwungen
"Pilot (110°,252°)",0,110,252,8,8,8,0.35,0.1,0.65,10,egg THOLD=0.65,Kelvin-Voigt,1.5e+06,0.1,197.484,,,,9.81,Kontaktast,0.875,0,0,K,Kontaktast,1,0,0,7.24368,,7.24368,,80,eingeschwungen
"Pilot (110°,252°)",0,110,252,8,8,8,0.35,0.1,0.65,10,egg THOLD=0.65,Kelvin-Voigt,1.5e+06,0.1,197.484,,,,9.81,Kontaktast,0.875,0.1,0.065,K,Kontaktast,1,0,0,7.24368,,90.8231,90.8231,80,eingeschwungen
"Pilot (110°,252°)",0,110,252,8,8,8,0.35,0.1,0.65,10,egg THOLD=0.65,Kelvin-Voigt,1.5e+06,0.1,197.484,,,,9.81,Kontaktast,0.875,0.2,0.13,K,Kontaktast,1,0,0,7.24368,,174.293,174.293,80,eingeschwungen
"Pilot (110°,252°)",0,110,252,8,8,8,0.35,0.1,0.65,10,egg THOLD=0.65,Kelvin-Voigt,1.5e+06,0.1,197.484,,,,9.81,Kontaktast,0.875,0.3,0.195,K,Kontaktast,1,0,0,7.24368,,251.636,251.636,80,eingeschwungen
"Pilot (110°,252°)",0,110,252,8,8,8,0.35,0.1,0.65,10,egg THOLD=0.65,Kelvin-Voigt,1.5e+06,0.1,197.484,,,,9.81,Kontaktast,0.875,0.4,0.26,K,Kontaktast,1,0,0,7.24368,,349.7,349.7,80,eingeschwungen
"Pilot (110°,252°)",0,110,252,8,8,8,0.35,0.1,0.65,10,egg THOLD=0.65,Kelvin-Voigt,1.5e+06,0.1,197.484,,,,9.81,Kontaktast,0.875,0.5,0.325,K,Kontaktast,1,0,0,7.24368,,453.431,453.431,80,eingeschwungen
"Pilot (110°,252°)",0,110,252,8,8,8,0.35,0.1,0.65,10,egg THOLD=0.65,Kelvin-Voigt,1.5e+06,0.1,197.484,,,,9.81,Kontaktast,0.875,0.6,0.39,K,Kontaktast,1,0,0,7.24368,,539.355,539.355,80,eingeschwungen
"Pilot (110°,252°)",0,110,252,8,8,8,0.35,0.1,0.65,10,egg THOLD=0.65,Kelvin-Voigt,1.5e+06,0.1,197.484,,,,9.81,Kontaktast,0.875,0.7,0.455,K,Kontaktast,1,0,0,7.24368,,615.865,615.865,80,eingeschwungen
"Pilot (110°,252°)",0,110,252,8,8,8,0.35,0.1,0.65,10,egg THOLD=0.65,Kelvin-Voigt,1.5e+06,0.1,197.484,,,,9.81,Kontaktast,0.875,0.8,0.52,K,Kontaktast,1,0,0,7.24368,,692.617,692.617,80,eingeschwungen
"Pilot (110°,252°)",0,110,252,8,8,8,0.35,0.1,0.65,10,egg THOLD=0.65,Kelvin-Voigt,1.5e+06,0.1,197.484,,,,9.81,Kontaktast,0.875,0.9,0.585,K,Kontaktast,1,0,0,7.24368,,785.289,785.289,80,eingeschwungen
"Pilot (110°,252°)",0,110,252,8,8,8,0.35,0.1,0.65,10,egg THOLD=0.65,Kelvin-Voigt,1.5e+06,0.1,197.484,,,,9.81,Kontaktast,0.875,1,0.65,K,Kontaktast,1,0,0,7.24368,,888.494,888.494,80,eingeschwungen
"synchron (0°,0°)",0,0,0,8,8,8,0.35,0.1,0.65,10,egg THOLD=0.65,Kelvin-Voigt,1.5e+06,0.1,197.484,,,,9.81,Kontaktast,0,-1,-0.65,H1,Hüpfen,1,1,98.0443,486.754,486.754,875.061,737.297,80,eingeschwungen
"synchron (0°,0°)",0,0,0,8,8,8,0.35,0.1,0.65,10,egg THOLD=0.65,Kelvin-Voigt,1.5e+06,0.1,197.484,,,,9.81,Kontaktast,0,-0.9,-0.585,K,Kontaktast,1,0,0,13.1496,,788.154,584.919,80,eingeschwungen
"synchron (0°,0°)",0,0,0,8,8,8,0.35,0.1,0.65,10,egg THOLD=0.65,Kelvin-Voigt,1.5e+06,0.1,197.484,,,,9.81,Kontaktast,0,-0.8,-0.52,H1,Hüpfen,1,1,98.0443,486.754,486.754,701.247,543.585,80,eingeschwungen
"synchron (0°,0°)",0,0,0,8,8,8,0.35,0.1,0.65,10,egg THOLD=0.65,Kelvin-Voigt,1.5e+06,0.1,197.484,,,,9.81,Kontaktast,0,-0.7,-0.455,H1,Hüpfen,1,1,98.0443,486.754,486.754,614.339,546.24,80,eingeschwungen
"synchron (0°,0°)",0,0,0,8,8,8,0.35,0.1,0.65,10,egg THOLD=0.65,Kelvin-Voigt,1.5e+06,0.1,197.484,,,,9.81,Kontaktast,0,-0.6,-0.39,H1,Hüpfen,1,1,98.0443,486.754,486.754,549.242,549.242,80,eingeschwungen
"synchron (0°,0°)",0,0,0,8,8,8,0.35,0.1,0.65,10,egg THOLD=0.65,Kelvin-Voigt,1.5e+06,0.1,197.484,,,,9.81,Kontaktast,0,-0.5,-0.325,H1,Hüpfen,1,1,98.0443,486.754,486.754,545.09,545.09,80,eingeschwungen
"synchron (0°,0°)",0,0,0,8,8,8,0.35,0.1,0.65,10,egg THOLD=0.65,Kelvin-Voigt,1.5e+06,0.1,197.484,,,,9.81,Kontaktast,0,-0.4,-0.26,K,Kontaktast,1,0,0,13.1496,,450.203,450.203,80,eingeschwungen
"synchron (0°,0°)",0,0,0,8,8,8,0.35,0.1,0.65,10,egg THOLD=0.65,Kelvin-Voigt,1.5e+06,0.1,197.484,,,,9.81,Kontaktast,0,-0.3,-0.195,K,Kontaktast,1,0,0,13.1496,,266.71,263.369,80,eingeschwungen
"synchron (0°,0°)",0,0,0,8,8,8,0.35,0.1,0.65,10,egg THOLD=0.65,Kelvin-Voigt,1.5e+06,0.1,197.484,,,,9.81,Kontaktast,0,-0.2,-0.13,K,Kontaktast,1,0,0,13.1496,,179.803,113.523,80,eingeschwungen
"synchron (0°,0°)",0,0,0,8,8,8,0.35,0.1,0.65,10,egg THOLD=0.65,Kelvin-Voigt,1.5e+06,0.1,197.484,,,,9.81,Kontaktast,0,-0.1,-0.065,K,Kontaktast,1,0,0,13.1496,,92.8958,54.2041,80,eingeschwungen
"synchron (0°,0°)",0,0,0,8,8,8,0.35,0.1,0.65,10,egg THOLD=0.65,Kelvin-Voigt,1.5e+06,0.1,197.484,,,,9.81,Kontaktast,0,0,0,K,Kontaktast,1,0,0,13.1496,,13.1496,,80,eingeschwungen
"synchron (0°,0°)",0,0,0,8,8,8,0.35,0.1,0.65,10,egg THOLD=0.65,Kelvin-Voigt,1.5e+06,0.1,197.484,,,,9.81,Kontaktast,0,0.1,0.065,K,Kontaktast,1,0,0,13.1496,,68.3969,68.3969,80,eingeschwungen
"synchron (0°,0°)",0,0,0,8,8,8,0.35,0.1,0.65,10,egg THOLD=0.65,Kelvin-Voigt,1.5e+06,0.1,197.484,,,,9.81,Kontaktast,0,0.2,0.13,K,Kontaktast,1,0,0,13.1496,,176.882,176.882,80,eingeschwungen
"synchron (0°,0°)",0,0,0,8,8,8,0.35,0.1,0.65,10,egg THOLD=0.65,Kelvin-Voigt,1.5e+06,0.1,197.484,,,,9.81,Kontaktast,0,0.3,0.195,K,Kontaktast,1,0,0,13.1496,,439.56,439.56,80,eingeschwungen
"synchron (0°,0°)",0,0,0,8,8,8,0.35,0.1,0.65,10,egg THOLD=0.65,Kelvin-Voigt,1.5e+06,0.1,197.484,,,,9.81,Kontaktast,0,0.4,0.26,H1,Hüpfen,1,1,98.0443,486.754,486.754,543.705,543.705,80,eingeschwungen
"synchron (0°,0°)",0,0,0,8,8,8,0.35,0.1,0.65,10,egg THOLD=0.65,Kelvin-Voigt,1.5e+06,0.1,197.484,,,,9.81,Kontaktast,0,0.5,0.325,H1,Hüpfen,1,1,98.0443,486.754,486.754,556.643,556.643,80,eingeschwungen
"synchron (0°,0°)",0,0,0,8,8,8,0.35,0.1,0.65,10,egg THOLD=0.65,Kelvin-Voigt,1.5e+06,0.1,197.484,,,,9.81,Kontaktast,0,0.6,0.39,H1,Hüpfen,1,1,98.0443,486.754,486.754,550.511,550.511,80,eingeschwungen
"synchron (0°,0°)",0,0,0,8,8,8,0.35,0.1,0.65,10,egg THOLD=0.65,Kelvin-Voigt,1.5e+06,0.1,197.484,,,,9.81,Kontaktast,0,0.7,0.455,K,Kontaktast,1,0,0,13.1496,,618.109,618.109,80,eingeschwungen
"synchron (0°,0°)",0,0,0,8,8,8,0.35,0.1,0.65,10,egg THOLD=0.65,Kelvin-Voigt,1.5e+06,0.1,197.484,,,,9.81,Kontaktast,0,0.8,0.52,H1,Hüpfen,1,1,98.0443,486.754,486.754,865.219,865.219,80,eingeschwungen
"synchron (0°,0°)",0,0,0,8,8,8,0.35,0.1,0.65,10,egg THOLD=0.65,Kelvin-Voigt,1.5e+06,0.1,197.484,,,,9.81,Kontaktast,0,0.9,0.585,H1,Hüpfen,1,1,98.0443,486.754,486.754,977.258,977.258,80,eingeschwungen
"synchron (0°,0°)",0,0,0,8,8,8,0.35,0.1,0.65,10,egg THOLD=0.65,Kelvin-Voigt,1.5e+06,0.1,197.484,,,,9.81,Kontaktast,0,1,0.65,H1,Hüpfen,1,1,98.0443,486.754,486.754,988.363,988.363,80,eingeschwungen
"synchron (0°,0°)",0,0,0,8,8,8,0.35,0.1,0.65,10,egg THOLD=0.65,Kelvin-Voigt,1.5e+06,0.1,197.484,,,,9.81,Kontaktast,0.125,-1,-0.65,H1,Hüpfen,1,1,98.0443,486.754,486.754,873.221,803.077,80,eingeschwungen
"synchron (0°,0°)",0,0,0,8,8,8,0.35,0.1,0.65,10,egg THOLD=0.65,Kelvin-Voigt,1.5e+06,0.1,197.484,,,,9.81,Kontaktast,0.125,-0.9,-0.585,K,Kontaktast,1,0,0,13.1496,,786.313,610.606,80,eingeschwungen
"synchron (0°,0°)",0,0,0,8,8,8,0.35,0.1,0.65,10,egg THOLD=0.65,Kelvin-Voigt,1.5e+06,0.1,197.484,,,,9.81,Kontaktast,0.125,-0.8,-0.52,H1,Hüpfen,1,1,98.0443,486.754,486.754,699.406,557.854,80,eingeschwungen
"synchron (0°,0°)",0,0,0,8,8,8,0.35,0.1,0.65,10,egg THOLD=0.65,Kelvin-Voigt,1.5e+06,0.1,197.484,,,,9.81,Kontaktast,0.125,-0.7,-0.455,H1,Hüpfen,1,1,98.0443,486.754,486.754,612.499,524.887,80,eingeschwungen
"synchron (0°,0°)",0,0,0,8,8,8,0.35,0.1,0.65,10,egg THOLD=0.65,Kelvin-Voigt,1.5e+06,0.1,197.484,,,,9.81,Kontaktast,0.125,-0.6,-0.39,H1,Hüpfen,1,1,98.0443,486.754,486.754,525.591,504.919,80,eingeschwungen
"synchron (0°,0°)",0,0,0,8,8,8,0.35,0.1,0.65,10,egg THOLD=0.65,Kelvin-Voigt,1.5e+06,0.1,197.484,,,,9.81,Kontaktast,0.125,-0.5,-0.325,H1,Hüpfen,1,1,98.0443,486.754,486.754,517.477,517.477,80,eingeschwungen
"synchron (0°,0°)",0,0,0,8,8,8,0.35,0.1,0.65,10,egg THOLD=0.65,Kelvin-Voigt,1.5e+06,0.1,197.484,,,,9.81,Kontaktast,0.125,-0.4,-0.26,H1,Hüpfen,1,1,98.0443,486.754,486.754,544.627,544.627,80,eingeschwungen
"synchron (0°,0°)",0,0,0,8,8,8,0.35,0.1,0.65,10,egg THOLD=0.65,Kelvin-Voigt,1.5e+06,0.1,197.484,,,,9.81,Kontaktast,0.125,-0.3,-0.195,K,Kontaktast,1,0,0,13.1496,,379.108,379.108,80,eingeschwungen
"synchron (0°,0°)",0,0,0,8,8,8,0.35,0.1,0.65,10,egg THOLD=0.65,Kelvin-Voigt,1.5e+06,0.1,197.484,,,,9.81,Kontaktast,0.125,-0.2,-0.13,K,Kontaktast,1,0,0,13.1496,,193.871,193.871,80,eingeschwungen
"synchron (0°,0°)",0,0,0,8,8,8,0.35,0.1,0.65,10,egg THOLD=0.65,Kelvin-Voigt,1.5e+06,0.1,197.484,,,,9.81,Kontaktast,0.125,-0.1,-0.065,K,Kontaktast,1,0,0,13.1496,,91.055,62.0753,80,eingeschwungen
"synchron (0°,0°)",0,0,0,8,8,8,0.35,0.1,0.65,10,egg THOLD=0.65,Kelvin-Voigt,1.5e+06,0.1,197.484,,,,9.81,Kontaktast,0.125,0,0,K,Kontaktast,1,0,0,13.1496,,13.1496,,80,eingeschwungen
"synchron (0°,0°)",0,0,0,8,8,8,0.35,0.1,0.65,10,egg THOLD=0.65,Kelvin-Voigt,1.5e+06,0.1,197.484,,,,9.81,Kontaktast,0.125,0.1,0.065,K,Kontaktast,1,0,0,13.1496,,90.1834,90.1834,80,eingeschwungen
"synchron (0°,0°)",0,0,0,8,8,8,0.35,0.1,0.65,10,egg THOLD=0.65,Kelvin-Voigt,1.5e+06,0.1,197.484,,,,9.81,Kontaktast,0.125,0.2,0.13,K,Kontaktast,1,0,0,13.1496,,318.427,318.427,80,eingeschwungen
"synchron (0°,0°)",0,0,0,8,8,8,0.35,0.1,0.65,10,egg THOLD=0.65,Kelvin-Voigt,1.5e+06,0.1,197.484,,,,9.81,Kontaktast,0.125,0.3,0.195,H1,Hüpfen,1,1,98.0443,486.754,486.754,546.381,546.381,80,eingeschwungen
"synchron (0°,0°)",0,0,0,8,8,8,0.35,0.1,0.65,10,egg THOLD=0.65,Kelvin-Voigt,1.5e+06,0.1,197.484,,,,9.81,Kontaktast,0.125,0.4,0.26,H1,Hüpfen,1,1,98.0443,486.754,486.754,513.162,513.162,80,eingeschwungen
"synchron (0°,0°)",0,0,0,8,8,8,0.35,0.1,0.65,10,egg THOLD=0.65,Kelvin-Voigt,1.5e+06,0.1,197.484,,,,9.81,Kontaktast,0.125,0.5,0.325,H1,Hüpfen,1,1,98.0443,486.754,486.754,514.203,514.203,80,eingeschwungen
"synchron (0°,0°)",0,0,0,8,8,8,0.35,0.1,0.65,10,egg THOLD=0.65,Kelvin-Voigt,1.5e+06,0.1,197.484,,,,9.81,Kontaktast,0.125,0.6,0.39,H1,Hüpfen,1,1,98.0443,486.754,486.754,558.162,558.162,80,eingeschwungen
"synchron (0°,0°)",0,0,0,8,8,8,0.35,0.1,0.65,10,egg THOLD=0.65,Kelvin-Voigt,1.5e+06,0.1,197.484,,,,9.81,Kontaktast,0.125,0.7,0.455,H1,Hüpfen,1,1,98.0443,486.754,486.754,687.682,687.682,80,eingeschwungen
"synchron (0°,0°)",0,0,0,8,8,8,0.35,0.1,0.65,10,egg THOLD=0.65,Kelvin-Voigt,1.5e+06,0.1,197.484,,,,9.81,Kontaktast,0.125,0.8,0.52,H1,Hüpfen,1,1,98.0443,486.754,486.754,898.156,898.156,80,eingeschwungen
"synchron (0°,0°)",0,0,0,8,8,8,0.35,0.1,0.65,10,egg THOLD=0.65,Kelvin-Voigt,1.5e+06,0.1,197.484,,,,9.81,Kontaktast,0.125,0.9,0.585,H1,Hüpfen,1,1,98.0443,486.754,486.754,941.037,941.037,80,eingeschwungen
"synchron (0°,0°)",0,0,0,8,8,8,0.35,0.1,0.65,10,egg THOLD=0.65,Kelvin-Voigt,1.5e+06,0.1,197.484,,,,9.81,Kontaktast,0.125,1,0.65,K,Kontaktast,1,0,0,13.1496,,934.649,934.649,80,eingeschwungen
"synchron (0°,0°)",0,0,0,8,8,8,0.35,0.1,0.65,10,egg THOLD=0.65,Kelvin-Voigt,1.5e+06,0.1,197.484,,,,9.81,Kontaktast,0.25,-1,-0.65,H1,Hüpfen,1,1,98.0443,486.754,486.754,871.983,774.534,80,eingeschwungen
"synchron (0°,0°)",0,0,0,8,8,8,0.35,0.1,0.65,10,egg THOLD=0.65,Kelvin-Voigt,1.5e+06,0.1,197.484,,,,9.81,Kontaktast,0.25,-0.9,-0.585,K,Kontaktast,1,0,0,13.1496,,785.076,587.001,80,eingeschwungen
"synchron (0°,0°)",0,0,0,8,8,8,0.35,0.1,0.65,10,egg THOLD=0.65,Kelvin-Voigt,1.5e+06,0.1,197.484,,,,9.81,Kontaktast,0.25,-0.8,-0.52,H1,Hüpfen,1,1,98.0443,486.754,486.754,698.169,560.141,80,eingeschwungen
"synchron (0°,0°)",0,0,0,8,8,8,0.35,0.1,0.65,10,egg THOLD=0.65,Kelvin-Voigt,1.5e+06,0.1,197.484,,,,9.81,Kontaktast,0.25,-0.7,-0.455,H1,Hüpfen,1,1,98.0443,486.754,486.754,611.262,536.049,80,eingeschwungen
"synchron (0°,0°)",0,0,0,8,8,8,0.35,0.1,0.65,10,egg THOLD=0.65,Kelvin-Voigt,1.5e+06,0.1,197.484,,,,9.81,Kontaktast,0.25,-0.6,-0.39,H1,Hüpfen,1,1,98.0443,486.754,486.754,524.354,502.704,80,eingeschwungen
"synchron (0°,0°)",0,0,0,8,8,8,0.35,0.1,0.65,10,egg THOLD=0.65,Kelvin-Voigt,1.5e+06,0.1,197.484,,,,9.81,Kontaktast,0.25,-0.5,-0.325,H1,Hüpfen,1,1,98.0443,486.754,486.754,508.788,508.788,80,eingeschwungen
"synchron (0°,0°)",0,0,0,8,8,8,0.35,0.1,0.65,10,egg THOLD=0.65,Kelvin-Voigt,1.5e+06,0.1,197.484,,,,9.81,Kontaktast,0.25,-0.4,-0.26,H1,Hüpfen,1,1,98.0443,486.754,486.754,542.517,542.517,80,eingeschwungen
"synchron (0°,0°)",0,0,0,8,8,8,0.35,0.1,0.65,10,egg THOLD=0.65,Kelvin-Voigt,1.5e+06,0.1,197.484,,,,9.81,Kontaktast,0.25,-0.3,-0.195,K,Kontaktast,1,0,0,13.1496,,382.529,382.529,80,eingeschwungen
"synchron (0°,0°)",0,0,0,8,8,8,0.35,0.1,0.65,10,egg THOLD=0.65,Kelvin-Voigt,1.5e+06,0.1,197.484,,,,9.81,Kontaktast,0.25,-0.2,-0.13,K,Kontaktast,1,0,0,13.1496,,241.921,241.921,80,eingeschwungen
"synchron (0°,0°)",0,0,0,8,8,8,0.35,0.1,0.65,10,egg THOLD=0.65,Kelvin-Voigt,1.5e+06,0.1,197.484,,,,9.81,Kontaktast,0.25,-0.1,-0.065,K,Kontaktast,1,0,0,13.1496,,89.8178,86.0451,80,eingeschwungen
"synchron (0°,0°)",0,0,0,8,8,8,0.35,0.1,0.65,10,egg THOLD=0.65,Kelvin-Voigt,1.5e+06,0.1,197.484,,,,9.81,Kontaktast,0.25,0,0,K,Kontaktast,1,0,0,13.1496,,13.1496,,80,eingeschwungen
"synchron (0°,0°)",0,0,0,8,8,8,0.35,0.1,0.65,10,egg THOLD=0.65,Kelvin-Voigt,1.5e+06,0.1,197.484,,,,9.81,Kontaktast,0.25,0.1,0.065,K,Kontaktast,1,0,0,13.1496,,125.865,125.865,80,eingeschwungen
"synchron (0°,0°)",0,0,0,8,8,8,0.35,0.1,0.65,10,egg THOLD=0.65,Kelvin-Voigt,1.5e+06,0.1,197.484,,,,9.81,Kontaktast,0.25,0.2,0.13,K,Kontaktast,1,0,0,13.1496,,349.331,349.331,80,eingeschwungen
"synchron (0°,0°)",0,0,0,8,8,8,0.35,0.1,0.65,10,egg THOLD=0.65,Kelvin-Voigt,1.5e+06,0.1,197.484,,,,9.81,Kontaktast,0.25,0.3,0.195,H1,Hüpfen,1,1,98.0443,486.754,486.754,537.714,537.714,80,eingeschwungen
"synchron (0°,0°)",0,0,0,8,8,8,0.35,0.1,0.65,10,egg THOLD=0.65,Kelvin-Voigt,1.5e+06,0.1,197.484,,,,9.81,Kontaktast,0.25,0.4,0.26,H1,Hüpfen,1,1,98.0443,486.754,486.754,497.937,497.937,80,eingeschwungen
"synchron (0°,0°)",0,0,0,8,8,8,0.35,0.1,0.65,10,egg THOLD=0.65,Kelvin-Voigt,1.5e+06,0.1,197.484,,,,9.81,Kontaktast,0.25,0.5,0.325,H1,Hüpfen,1,1,98.0443,486.754,486.754,525.442,525.442,80,eingeschwungen
"synchron (0°,0°)",0,0,0,8,8,8,0.35,0.1,0.65,10,egg THOLD=0.65,Kelvin-Voigt,1.5e+06,0.1,197.484,,,,9.81,Kontaktast,0.25,0.6,0.39,K,Kontaktast,1,0,0,13.1496,,485.371,485.371,80,eingeschwungen
"synchron (0°,0°)",0,0,0,8,8,8,0.35,0.1,0.65,10,egg THOLD=0.65,Kelvin-Voigt,1.5e+06,0.1,197.484,,,,9.81,Kontaktast,0.25,0.7,0.455,H1,Hüpfen,1,1,98.0443,486.754,486.754,678.192,678.192,80,eingeschwungen
"synchron (0°,0°)",0,0,0,8,8,8,0.35,0.1,0.65,10,egg THOLD=0.65,Kelvin-Voigt,1.5e+06,0.1,197.484,,,,9.81,Kontaktast,0.25,0.8,0.52,K,Kontaktast,1,0,0,13.1496,,860.369,860.369,80,eingeschwungen
"synchron (0°,0°)",0,0,0,8,8,8,0.35,0.1,0.65,10,egg THOLD=0.65,Kelvin-Voigt,1.5e+06,0.1,197.484,,,,9.81,Kontaktast,0.25,0.9,0.585,K,Kontaktast,1,0,0,13.1496,,892.407,892.407,80,eingeschwungen
"synchron (0°,0°)",0,0,0,8,8,8,0.35,0.1,0.65,10,egg THOLD=0.65,Kelvin-Voigt,1.5e+06,0.1,197.484,,,,9.81,Kontaktast,0.25,1,0.65,H1,Hüpfen,1,1,98.0443,486.754,486.754,883.821,883.821,80,eingeschwungen
"synchron (0°,0°)",0,0,0,8,8,8,0.35,0.1,0.65,10,egg THOLD=0.65,Kelvin-Voigt,1.5e+06,0.1,197.484,,,,9.81,Kontaktast,0.375,-1,-0.65,H1,Hüpfen,1,1,98.0443,486.754,486.754,871.945,709.275,80,eingeschwungen
"synchron (0°,0°)",0,0,0,8,8,8,0.35,0.1,0.65,10,egg THOLD=0.65,Kelvin-Voigt,1.5e+06,0.1,197.484,,,,9.81,Kontaktast,0.375,-0.9,-0.585,K,Kontaktast,1,0,0,13.1496,,785.038,519.755,80,eingeschwungen
"synchron (0°,0°)",0,0,0,8,8,8,0.35,0.1,0.65,10,egg THOLD=0.65,Kelvin-Voigt,1.5e+06,0.1,197.484,,,,9.81,Kontaktast,0.375,-0.8,-0.52,K,Kontaktast,1,0,0,13.1496,,698.131,434.395,80,eingeschwungen
"synchron (0°,0°)",0,0,0,8,8,8,0.35,0.1,0.65,10,egg THOLD=0.65,Kelvin-Voigt,1.5e+06,0.1,197.484,,,,9.81,Kontaktast,0.375,-0.7,-0.455,H1,Hüpfen,1,1,98.0443,486.754,486.754,611.223,546.329,80,eingeschwungen
"synchron (0°,0°)",0,0,0,8,8,8,0.35,0.1,0.65,10,egg THOLD=0.65,Kelvin-Voigt,1.5e+06,0.1,197.484,,,,9.81,Kontaktast,0.375,-0.6,-0.39,H1,Hüpfen,1,1,98.0443,486.754,486.754,524.316,522.969,80,eingeschwungen
"synchron (0°,0°)",0,0,0,8,8,8,0.35,0.1,0.65,10,egg THOLD=0.65,Kelvin-Voigt,1.5e+06,0.1,197.484,,,,9.81,Kontaktast,0.375,-0.5,-0.325,H1,Hüpfen,1,1,98.0443,486.754,486.754,534.763,534.763,80,eingeschwungen
"synchron (0°,0°)",0,0,0,8,8,8,0.35,0.1,0.65,10,egg THOLD=0.65,Kelvin-Voigt,1.5e+06,0.1,197.484,,,,9.81,Kontaktast,0.375,-0.4,-0.26,H1,Hüpfen,1,1,98.0443,486.754,486.754,553.443,553.443,80,eingeschwungen
"synchron (0°,0°)",0,0,0,8,8,8,0.35,0.1,0.65,10,egg THOLD=0.65,Kelvin-Voigt,1.5e+06,0.1,197.484,,,,9.81,Kontaktast,0.375,-0.3,-0.195,K,Kontaktast,1,0,0,13.1496,,345.168,345.168,80,eingeschwungen
"synchron (0°,0°)",0,0,0,8,8,8,0.35,0.1,0.65,10,egg THOLD=0.65,Kelvin-Voigt,1.5e+06,0.1,197.484,,,,9.81,Kontaktast,0.375,-0.2,-0.13,K,Kontaktast,1,0,0,13.1496,,232.996,232.996,80,eingeschwungen
"synchron (0°,0°)",0,0,0,8,8,8,0.35,0.1,0.65,10,egg THOLD=0.65,Kelvin-Voigt,1.5e+06,0.1,197.484,,,,9.81,Kontaktast,0.375,-0.1,-0.065,K,Kontaktast,1,0,0,13.1496,,89.7795,89.0717,80,eingeschwungen
"synchron (0°,0°)",0,0,0,8,8,8,0.35,0.1,0.65,10,egg THOLD=0.65,Kelvin-Voigt,1.5e+06,0.1,197.484,,,,9.81,Kontaktast,0.375,0,0,K,Kontaktast,1,0,0,13.1496,,13.1496,,80,eingeschwungen
"synchron (0°,0°)",0,0,0,8,8,8,0.35,0.1,0.65,10,egg THOLD=0.65,Kelvin-Voigt,1.5e+06,0.1,197.484,,,,9.81,Kontaktast,0.375,0.1,0.065,K,Kontaktast,1,0,0,13.1496,,136.577,136.577,80,eingeschwungen
"synchron (0°,0°)",0,0,0,8,8,8,0.35,0.1,0.65,10,egg THOLD=0.65,Kelvin-Voigt,1.5e+06,0.1,197.484,,,,9.81,Kontaktast,0.375,0.2,0.13,K,Kontaktast,1,0,0,13.1496,,323.527,323.527,80,eingeschwungen
"synchron (0°,0°)",0,0,0,8,8,8,0.35,0.1,0.65,10,egg THOLD=0.65,Kelvin-Voigt,1.5e+06,0.1,197.484,,,,9.81,Kontaktast,0.375,0.3,0.195,H1,Hüpfen,1,1,98.0443,486.754,486.754,554.528,554.528,80,eingeschwungen
"synchron (0°,0°)",0,0,0,8,8,8,0.35,0.1,0.65,10,egg THOLD=0.65,Kelvin-Voigt,1.5e+06,0.1,197.484,,,,9.81,Kontaktast,0.375,0.4,0.26,H1,Hüpfen,1,1,98.0443,486.754,486.754,524.139,524.139,80,eingeschwungen
"synchron (0°,0°)",0,0,0,8,8,8,0.35,0.1,0.65,10,egg THOLD=0.65,Kelvin-Voigt,1.5e+06,0.1,197.484,,,,9.81,Kontaktast,0.375,0.5,0.325,H1,Hüpfen,1,1,98.0443,486.754,486.754,535.321,535.321,80,eingeschwungen
"synchron (0°,0°)",0,0,0,8,8,8,0.35,0.1,0.65,10,egg THOLD=0.65,Kelvin-Voigt,1.5e+06,0.1,197.484,,,,9.81,Kontaktast,0.375,0.6,0.39,K,Kontaktast,1,0,0,13.1496,,429.003,429.003,80,eingeschwungen
"synchron (0°,0°)",0,0,0,8,8,8,0.35,0.1,0.65,10,egg THOLD=0.65,Kelvin-Voigt,1.5e+06,0.1,197.484,,,,9.81,Kontaktast,0.375,0.7,0.455,K,Kontaktast,1,0,0,13.1496,,613.511,613.511,80,eingeschwungen
"synchron (0°,0°)",0,0,0,8,8,8,0.35,0.1,0.65,10,egg THOLD=0.65,Kelvin-Voigt,1.5e+06,0.1,197.484,,,,9.81,Kontaktast,0.375,0.8,0.52,K,Kontaktast,1,0,0,13.1496,,804.062,804.062,80,eingeschwungen
"synchron (0°,0°)",0,0,0,8,8,8,0.35,0.1,0.65,10,egg THOLD=0.65,Kelvin-Voigt,1.5e+06,0.1,197.484,,,,9.81,Kontaktast,0.375,0.9,0.585,H1,Hüpfen,1,1,98.0443,486.754,486.754,839.372,839.372,80,eingeschwungen
"synchron (0°,0°)",0,0,0,8,8,8,0.35,0.1,0.65,10,egg THOLD=0.65,Kelvin-Voigt,1.5e+06,0.1,197.484,,,,9.81,Kontaktast,0.375,1,0.65,H1,Hüpfen,1,1,98.0443,486.754,486.754,831.485,831.485,80,eingeschwungen
"synchron (0°,0°)",0,0,0,8,8,8,0.35,0.1,0.65,10,egg THOLD=0.65,Kelvin-Voigt,1.5e+06,0.1,197.484,,,,9.81,Kontaktast,0.5,-1,-0.65,H1,Hüpfen,1,1,98.0443,486.754,486.754,873.143,655.718,80,eingeschwungen
"synchron (0°,0°)",0,0,0,8,8,8,0.35,0.1,0.65,10,egg THOLD=0.65,Kelvin-Voigt,1.5e+06,0.1,197.484,,,,9.81,Kontaktast,0.5,-0.9,-0.585,K,Kontaktast,1,0,0,13.1496,,786.236,465.197,80,eingeschwungen
"synchron (0°,0°)",0,0,0,8,8,8,0.35,0.1,0.65,10,egg THOLD=0.65,Kelvin-Voigt,1.5e+06,0.1,197.484,,,,9.81,Kontaktast,0.5,-0.8,-0.52,K,Kontaktast,1,0,0,13.1496,,699.329,369.027,80,eingeschwungen
"synchron (0°,0°)",0,0,0,8,8,8,0.35,0.1,0.65,10,egg THOLD=0.65,Kelvin-Voigt,1.5e+06,0.1,197.484,,,,9.81,Kontaktast,0.5,-0.7,-0.455,H1,Hüpfen,1,1,98.0443,486.754,486.754,612.421,552.532,80,eingeschwungen
"synchron (0°,0°)",0,0,0,8,8,8,0.35,0.1,0.65,10,egg THOLD=0.65,Kelvin-Voigt,1.5e+06,0.1,197.484,,,,9.81,Kontaktast,0.5,-0.6,-0.39,H1,Hüpfen,1,1,98.0443,486.754,486.754,543.8,543.8,80,eingeschwungen
"synchron (0°,0°)",0,0,0,8,8,8,0.35,0.1,0.65,10,egg THOLD=0.65,Kelvin-Voigt,1.5e+06,0.1,197.484,,,,9.81,Kontaktast,0.5,-0.5,-0.325,H1,Hüpfen,1,1,98.0443,486.754,486.754,547.924,547.924,80,eingeschwungen
"synchron (0°,0°)",0,0,0,8,8,8,0.35,0.1,0.65,10,egg THOLD=0.65,Kelvin-Voigt,1.5e+06,0.1,197.484,,,,9.81,Kontaktast,0.5,-0.4,-0.26,K,Kontaktast,1,0,0,13.1496,,414.491,414.491,80,eingeschwungen
"synchron (0°,0°)",0,0,0,8,8,8,0.35,0.1,0.65,10,egg THOLD=0.65,Kelvin-Voigt,1.5e+06,0.1,197.484,,,,9.81,Kontaktast,0.5,-0.3,-0.195,K,Kontaktast,1,0,0,13.1496,,294.673,294.673,80,eingeschwungen
"synchron (0°,0°)",0,0,0,8,8,8,0.35,0.1,0.65,10,egg THOLD=0.65,Kelvin-Voigt,1.5e+06,0.1,197.484,,,,9.81,Kontaktast,0.5,-0.2,-0.13,K,Kontaktast,1,0,0,13.1496,,208.15,208.15,80,eingeschwungen
"synchron (0°,0°)",0,0,0,8,8,8,0.35,0.1,0.65,10,egg THOLD=0.65,Kelvin-Voigt,1.5e+06,0.1,197.484,,,,9.81,Kontaktast,0.5,-0.1,-0.065,K,Kontaktast,1,0,0,13.1496,,90.9776,90.5787,80,eingeschwungen
"synchron (0°,0°)",0,0,0,8,8,8,0.35,0.1,0.65,10,egg THOLD=0.65,Kelvin-Voigt,1.5e+06,0.1,197.484,,,,9.81,Kontaktast,0.5,0,0,K,Kontaktast,1,0,0,13.1496,,13.1496,,80,eingeschwungen
"synchron (0°,0°)",0,0,0,8,8,8,0.35,0.1,0.65,10,egg THOLD=0.65,Kelvin-Voigt,1.5e+06,0.1,197.484,,,,9.81,Kontaktast,0.5,0.1,0.065,K,Kontaktast,1,0,0,13.1496,,134.661,134.661,80,eingeschwungen
"synchron (0°,0°)",0,0,0,8,8,8,0.35,0.1,0.65,10,egg THOLD=0.65,Kelvin-Voigt,1.5e+06,0.1,197.484,,,,9.81,Kontaktast,0.5,0.2,0.13,K,Kontaktast,1,0,0,13.1496,,280.705,280.705,80,eingeschwungen
"synchron (0°,0°)",0,0,0,8,8,8,0.35,0.1,0.65,10,egg THOLD=0.65,Kelvin-Voigt,1.5e+06,0.1,197.484,,,,9.81,Kontaktast,0.5,0.3,0.195,K,Kontaktast,1,0,0,13.1496,,438.717,438.717,80,eingeschwungen
"synchron (0°,0°)",0,0,0,8,8,8,0.35,0.1,0.65,10,egg THOLD=0.65,Kelvin-Voigt,1.5e+06,0.1,197.484,,,,9.81,Kontaktast,0.5,0.4,0.26,H1,Hüpfen,1,1,98.0443,486.754,486.754,543.187,543.187,80,eingeschwungen
"synchron (0°,0°)",0,0,0,8,8,8,0.35,0.1,0.65,10,egg THOLD=0.65,Kelvin-Voigt,1.5e+06,0.1,197.484,,,,9.81,Kontaktast,0.5,0.5,0.325,H1,Hüpfen,1,1,98.0443,486.754,486.754,554.275,554.275,80,eingeschwungen
"synchron (0°,0°)",0,0,0,8,8,8,0.35,0.1,0.65,10,egg THOLD=0.65,Kelvin-Voigt,1.5e+06,0.1,197.484,,,,9.81,Kontaktast,0.5,0.6,0.39,K,Kontaktast,1,0,0,13.1496,,377.615,377.615,80,eingeschwungen
"synchron (0°,0°)",0,0,0,8,8,8,0.35,0.1,0.65,10,egg THOLD=0.65,Kelvin-Voigt,1.5e+06,0.1,197.484,,,,9.81,Kontaktast,0.5,0.7,0.455,K,Kontaktast,1,0,0,13.1496,,554.427,554.427,80,eingeschwungen
"synchron (0°,0°)",0,0,0,8,8,8,0.35,0.1,0.65,10,egg THOLD=0.65,Kelvin-Voigt,1.5e+06,0.1,197.484,,,,9.81,Kontaktast,0.5,0.8,0.52,H1,Hüpfen,1,1,98.0443,486.754,486.754,746.423,746.423,80,eingeschwungen
"synchron (0°,0°)",0,0,0,8,8,8,0.35,0.1,0.65,10,egg THOLD=0.65,Kelvin-Voigt,1.5e+06,0.1,197.484,,,,9.81,Kontaktast,0.5,0.9,0.585,K,Kontaktast,1,0,0,13.1496,,782.328,782.328,80,eingeschwungen
"synchron (0°,0°)",0,0,0,8,8,8,0.35,0.1,0.65,10,egg THOLD=0.65,Kelvin-Voigt,1.5e+06,0.1,197.484,,,,9.81,Kontaktast,0.5,1,0.65,K,Kontaktast,1,0,0,13.1496,,774.891,774.891,80,eingeschwungen
"synchron (0°,0°)",0,0,0,8,8,8,0.35,0.1,0.65,10,egg THOLD=0.65,Kelvin-Voigt,1.5e+06,0.1,197.484,,,,9.81,Kontaktast,0.625,-1,-0.65,H1,Hüpfen,1,1,98.0443,486.754,486.754,875.157,647.393,80,eingeschwungen
"synchron (0°,0°)",0,0,0,8,8,8,0.35,0.1,0.65,10,egg THOLD=0.65,Kelvin-Voigt,1.5e+06,0.1,197.484,,,,9.81,Kontaktast,0.625,-0.9,-0.585,K,Kontaktast,1,0,0,13.1496,,788.25,483.282,80,eingeschwungen
"synchron (0°,0°)",0,0,0,8,8,8,0.35,0.1,0.65,10,egg THOLD=0.65,Kelvin-Voigt,1.5e+06,0.1,197.484,,,,9.81,Kontaktast,0.625,-0.8,-0.52,K,Kontaktast,1,0,0,13.1496,,701.343,313.934,80,eingeschwungen
"synchron (0°,0°)",0,0,0,8,8,8,0.35,0.1,0.65,10,egg THOLD=0.65,Kelvin-Voigt,1.5e+06,0.1,197.484,,,,9.81,Kontaktast,0.625,-0.7,-0.455,K,Kontaktast,1,0,0,13.1496,,614.435,331.142,80,eingeschwungen
"synchron (0°,0°)",0,0,0,8,8,8,0.35,0.1,0.65,10,egg THOLD=0.65,Kelvin-Voigt,1.5e+06,0.1,197.484,,,,9.81,Kontaktast,0.625,-0.6,-0.39,K,Kontaktast,1,0,0,13.1496,,527.528,384.761,80,eingeschwungen
"synchron (0°,0°)",0,0,0,8,8,8,0.35,0.1,0.65,10,egg THOLD=0.65,Kelvin-Voigt,1.5e+06,0.1,197.484,,,,9.81,Kontaktast,0.625,-0.5,-0.325,K,Kontaktast,1,0,0,13.1496,,440.621,377.231,80,eingeschwungen
"synchron (0°,0°)",0,0,0,8,8,8,0.35,0.1,0.65,10,egg THOLD=0.65,Kelvin-Voigt,1.5e+06,0.1,197.484,,,,9.81,Kontaktast,0.625,-0.4,-0.26,K,Kontaktast,1,0,0,13.1496,,353.713,260.19,80,eingeschwungen
"synchron (0°,0°)",0,0,0,8,8,8,0.35,0.1,0.65,10,egg THOLD=0.65,Kelvin-Voigt,1.5e+06,0.1,197.484,,,,9.81,Kontaktast,0.625,-0.3,-0.195,K,Kontaktast,1,0,0,13.1496,,266.806,232.751,80,eingeschwungen
"synchron (0°,0°)",0,0,0,8,8,8,0.35,0.1,0.65,10,egg THOLD=0.65,Kelvin-Voigt,1.5e+06,0.1,197.484,,,,9.81,Kontaktast,0.625,-0.2,-0.13,K,Kontaktast,1,0,0,13.1496,,179.899,171.397,80,eingeschwungen
"synchron (0°,0°)",0,0,0,8,8,8,0.35,0.1,0.65,10,egg THOLD=0.65,Kelvin-Voigt,1.5e+06,0.1,197.484,,,,9.81,Kontaktast,0.625,-0.1,-0.065,K,Kontaktast,1,0,0,13.1496,,92.9915,88.9219,80,eingeschwungen
"synchron (0°,0°)",0,0,0,8,8,8,0.35,0.1,0.65,10,egg THOLD=0.65,Kelvin-Voigt,1.5e+06,0.1,197.484,,,,9.81,Kontaktast,0.625,0,0,K,Kontaktast,1,0,0,13.1496,,13.1496,,80,eingeschwungen
"synchron (0°,0°)",0,0,0,8,8,8,0.35,0.1,0.65,10,egg THOLD=0.65,Kelvin-Voigt,1.5e+06,0.1,197.484,,,,9.81,Kontaktast,0.625,0.1,0.065,K,Kontaktast,1,0,0,13.1496,,124.735,124.735,80,eingeschwungen
"synchron (0°,0°)",0,0,0,8,8,8,0.35,0.1,0.65,10,egg THOLD=0.65,Kelvin-Voigt,1.5e+06,0.1,197.484,,,,9.81,Kontaktast,0.625,0.2,0.13,K,Kontaktast,1,0,0,13.1496,,228.364,228.364,80,eingeschwungen
"synchron (0°,0°)",0,0,0,8,8,8,0.35,0.1,0.65,10,egg THOLD=0.65,Kelvin-Voigt,1.5e+06,0.1,197.484,,,,9.81,Kontaktast,0.625,0.3,0.195,K,Kontaktast,1,0,0,13.1496,,297.552,297.552,80,eingeschwungen
"synchron (0°,0°)",0,0,0,8,8,8,0.35,0.1,0.65,10,egg THOLD=0.65,Kelvin-Voigt,1.5e+06,0.1,197.484,,,,9.81,Kontaktast,0.625,0.4,0.26,K,Kontaktast,1,0,0,13.1496,,409.838,409.838,80,eingeschwungen
"synchron (0°,0°)",0,0,0,8,8,8,0.35,0.1,0.65,10,egg THOLD=0.65,Kelvin-Voigt,1.5e+06,0.1,197.484,,,,9.81,Kontaktast,0.625,0.5,0.325,K,Kontaktast,1,0,0,13.1496,,364.02,364.02,80,eingeschwungen
"synchron (0°,0°)",0,0,0,8,8,8,0.35,0.1,0.65,10,egg THOLD=0.65,Kelvin-Voigt,1.5e+06,0.1,197.484,,,,9.81,Kontaktast,0.625,0.6,0.39,K,Kontaktast,1,0,0,13.1496,,323.936,323.936,80,eingeschwungen
"synchron (0°,0°)",0,0,0,8,8,8,0.35,0.1,0.65,10,egg THOLD=0.65,Kelvin-Voigt,1.5e+06,0.1,197.484,,,,9.81,Kontaktast,0.625,0.7,0.455,H1,Hüpfen,1,1,98.0443,486.754,486.754,557.702,557.702,80,eingeschwungen
"synchron (0°,0°)",0,0,0,8,8,8,0.35,0.1,0.65,10,egg THOLD=0.65,Kelvin-Voigt,1.5e+06,0.1,197.484,,,,9.81,Kontaktast,0.625,0.8,0.52,H1,Hüpfen,1,1,98.0443,486.754,486.754,700.71,700.71,80,eingeschwungen
"synchron (0°,0°)",0,0,0,8,8,8,0.35,0.1,0.65,10,egg THOLD=0.65,Kelvin-Voigt,1.5e+06,0.1,197.484,,,,9.81,Kontaktast,0.625,0.9,0.585,K,Kontaktast,1,0,0,13.1496,,722.054,722.054,80,eingeschwungen
"synchron (0°,0°)",0,0,0,8,8,8,0.35,0.1,0.65,10,egg THOLD=0.65,Kelvin-Voigt,1.5e+06,0.1,197.484,,,,9.81,Kontaktast,0.625,1,0.65,K,Kontaktast,1,0,0,13.1496,,713.816,713.816,80,eingeschwungen
"synchron (0°,0°)",0,0,0,8,8,8,0.35,0.1,0.65,10,egg THOLD=0.65,Kelvin-Voigt,1.5e+06,0.1,197.484,,,,9.81,Kontaktast,0.75,-1,-0.65,H1,Hüpfen,1,1,98.0443,486.754,486.754,881.098,648.295,80,eingeschwungen
"synchron (0°,0°)",0,0,0,8,8,8,0.35,0.1,0.65,10,egg THOLD=0.65,Kelvin-Voigt,1.5e+06,0.1,197.484,,,,9.81,Kontaktast,0.75,-0.9,-0.585,H1,Hüpfen,1,1,98.0443,486.754,486.754,794.19,622.229,80,eingeschwungen
"synchron (0°,0°)",0,0,0,8,8,8,0.35,0.1,0.65,10,egg THOLD=0.65,Kelvin-Voigt,1.5e+06,0.1,197.484,,,,9.81,Kontaktast,0.75,-0.8,-0.52,H1,Hüpfen,1,1,98.0443,486.754,486.754,707.283,561.506,80,eingeschwungen
"synchron (0°,0°)",0,0,0,8,8,8,0.35,0.1,0.65,10,egg THOLD=0.65,Kelvin-Voigt,1.5e+06,0.1,197.484,,,,9.81,Kontaktast,0.75,-0.7,-0.455,K,Kontaktast,1,0,0,13.1496,,620.376,312.86,80,eingeschwungen
"synchron (0°,0°)",0,0,0,8,8,8,0.35,0.1,0.65,10,egg THOLD=0.65,Kelvin-Voigt,1.5e+06,0.1,197.484,,,,9.81,Kontaktast,0.75,-0.6,-0.39,K,Kontaktast,1,0,0,13.1496,,533.469,241.058,80,eingeschwungen
"synchron (0°,0°)",0,0,0,8,8,8,0.35,0.1,0.65,10,egg THOLD=0.65,Kelvin-Voigt,1.5e+06,0.1,197.484,,,,9.81,Kontaktast,0.75,-0.5,-0.325,K,Kontaktast,1,0,0,13.1496,,446.561,251.979,80,eingeschwungen
"synchron (0°,0°)",0,0,0,8,8,8,0.35,0.1,0.65,10,egg THOLD=0.65,Kelvin-Voigt,1.5e+06,0.1,197.484,,,,9.81,Kontaktast,0.75,-0.4,-0.26,K,Kontaktast,1,0,0,13.1496,,359.654,182.969,80,eingeschwungen
"synchron (0°,0°)",0,0,0,8,8,8,0.35,0.1,0.65,10,egg THOLD=0.65,Kelvin-Voigt,1.5e+06,0.1,197.484,,,,9.81,Kontaktast,0.75,-0.3,-0.195,K,Kontaktast,1,0,0,13.1496,,272.747,161.043,80,eingeschwungen
"synchron (0°,0°)",0,0,0,8,8,8,0.35,0.1,0.65,10,egg THOLD=0.65,Kelvin-Voigt,1.5e+06,0.1,197.484,,,,9.81,Kontaktast,0.75,-0.2,-0.13,K,Kontaktast,1,0,0,13.1496,,185.839,130.621,80,eingeschwungen
"synchron (0°,0°)",0,0,0,8,8,8,0.35,0.1,0.65,10,egg THOLD=0.65,Kelvin-Voigt,1.5e+06,0.1,197.484,,,,9.81,Kontaktast,0.75,-0.1,-0.065,K,Kontaktast,1,0,0,13.1496,,98.9324,74.1911,80,eingeschwungen
"synchron (0°,0°)",0,0,0,8,8,8,0.35,0.1,0.65,10,egg THOLD=0.65,Kelvin-Voigt,1.5e+06,0.1,197.484,,,,9.81,Kontaktast,0.75,0,0,K,Kontaktast,1,0,0,13.1496,,13.1496,,80,eingeschwungen
"synchron (0°,0°)",0,0,0,8,8,8,0.35,0.1,0.65,10,egg THOLD=0.65,Kelvin-Voigt,1.5e+06,0.1,197.484,,,,9.81,Kontaktast,0.75,0.1,0.065,K,Kontaktast,1,0,0,13.1496,,99.6175,99.6175,80,eingeschwungen
"synchron (0°,0°)",0,0,0,8,8,8,0.35,0.1,0.65,10,egg THOLD=0.65,Kelvin-Voigt,1.5e+06,0.1,197.484,,,,9.81,Kontaktast,0.75,0.2,0.13,K,Kontaktast,1,0,0,13.1496,,166.752,166.752,80,eingeschwungen
"synchron (0°,0°)",0,0,0,8,8,8,0.35,0.1,0.65,10,egg THOLD=0.65,Kelvin-Voigt,1.5e+06,0.1,197.484,,,,9.81,Kontaktast,0.75,0.3,0.195,K,Kontaktast,1,0,0,13.1496,,190.05,190.05,80,eingeschwungen
"synchron (0°,0°)",0,0,0,8,8,8,0.35,0.1,0.65,10,egg THOLD=0.65,Kelvin-Voigt,1.5e+06,0.1,197.484,,,,9.81,Kontaktast,0.75,0.4,0.26,K,Kontaktast,1,0,0,13.1496,,275.806,275.806,80,eingeschwungen
"synchron (0°,0°)",0,0,0,8,8,8,0.35,0.1,0.65,10,egg THOLD=0.65,Kelvin-Voigt,1.5e+06,0.1,197.484,,,,9.81,Kontaktast,0.75,0.5,0.325,K,Kontaktast,1,0,0,13.1496,,243.553,243.553,80,eingeschwungen
"synchron (0°,0°)",0,0,0,8,8,8,0.35,0.1,0.65,10,egg THOLD=0.65,Kelvin-Voigt,1.5e+06,0.1,197.484,,,,9.81,Kontaktast,0.75,0.6,0.39,K,Kontaktast,1,0,0,13.1496,,478.476,478.476,80,eingeschwungen
"synchron (0°,0°)",0,0,0,8,8,8,0.35,0.1,0.65,10,egg THOLD=0.65,Kelvin-Voigt,1.5e+06,0.1,197.484,,,,9.81,Kontaktast,0.75,0.7,0.455,H1,Hüpfen,1,1,98.0443,486.754,486.754,635.251,635.251,80,eingeschwungen
"synchron (0°,0°)",0,0,0,8,8,8,0.35,0.1,0.65,10,egg THOLD=0.65,Kelvin-Voigt,1.5e+06,0.1,197.484,,,,9.81,Kontaktast,0.75,0.8,0.52,H1,Hüpfen,1,1,98.0443,486.754,486.754,660.243,660.243,80,eingeschwungen
"synchron (0°,0°)",0,0,0,8,8,8,0.35,0.1,0.65,10,egg THOLD=0.65,Kelvin-Voigt,1.5e+06,0.1,197.484,,,,9.81,Kontaktast,0.75,0.9,0.585,H1,Hüpfen,1,1,98.0443,486.754,486.754,652.88,652.88,80,eingeschwungen
"synchron (0°,0°)",0,0,0,8,8,8,0.35,0.1,0.65,10,egg THOLD=0.65,Kelvin-Voigt,1.5e+06,0.1,197.484,,,,9.81,Kontaktast,0.75,1,0.65,K,Kontaktast,1,0,0,13.1496,,698.839,698.839,80,eingeschwungen
"synchron (0°,0°)",0,0,0,8,8,8,0.35,0.1,0.65,10,egg THOLD=0.65,Kelvin-Voigt,1.5e+06,0.1,197.484,,,,9.81,Kontaktast,0.875,-1,-0.65,H1,Hüpfen,1,1,98.0443,486.754,486.754,881.334,600.725,80,eingeschwungen
"synchron (0°,0°)",0,0,0,8,8,8,0.35,0.1,0.65,10,egg THOLD=0.65,Kelvin-Voigt,1.5e+06,0.1,197.484,,,,9.81,Kontaktast,0.875,-0.9,-0.585,H1,Hüpfen,1,1,98.0443,486.754,486.754,794.427,589.569,80,eingeschwungen
"synchron (0°,0°)",0,0,0,8,8,8,0.35,0.1,0.65,10,egg THOLD=0.65,Kelvin-Voigt,1.5e+06,0.1,197.484,,,,9.81,Kontaktast,0.875,-0.8,-0.52,H1,Hüpfen,1,1,98.0443,486.754,486.754,707.52,595.864,80,eingeschwungen
"synchron (0°,0°)",0,0,0,8,8,8,0.35,0.1,0.65,10,egg THOLD=0.65,Kelvin-Voigt,1.5e+06,0.1,197.484,,,,9.81,Kontaktast,0.875,-0.7,-0.455,H1,Hüpfen,1,1,98.0443,486.754,486.754,620.613,584.898,80,eingeschwungen
"synchron (0°,0°)",0,0,0,8,8,8,0.35,0.1,0.65,10,egg THOLD=0.65,Kelvin-Voigt,1.5e+06,0.1,197.484,,,,9.81,Kontaktast,0.875,-0.6,-0.39,H1,Hüpfen,1,1,98.0443,486.754,486.754,562.697,562.697,80,eingeschwungen
"synchron (0°,0°)",0,0,0,8,8,8,0.35,0.1,0.65,10,egg THOLD=0.65,Kelvin-Voigt,1.5e+06,0.1,197.484,,,,9.81,Kontaktast,0.875,-0.5,-0.325,K,Kontaktast,1,0,0,13.1496,,446.798,369.363,80,eingeschwungen
"synchron (0°,0°)",0,0,0,8,8,8,0.35,0.1,0.65,10,egg THOLD=0.65,Kelvin-Voigt,1.5e+06,0.1,197.484,,,,9.81,Kontaktast,0.875,-0.4,-0.26,K,Kontaktast,1,0,0,13.1496,,359.891,186.649,80,eingeschwungen
"synchron (0°,0°)",0,0,0,8,8,8,0.35,0.1,0.65,10,egg THOLD=0.65,Kelvin-Voigt,1.5e+06,0.1,197.484,,,,9.81,Kontaktast,0.875,-0.3,-0.195,K,Kontaktast,1,0,0,13.1496,,272.983,127.14,80,eingeschwungen
"synchron (0°,0°)",0,0,0,8,8,8,0.35,0.1,0.65,10,egg THOLD=0.65,Kelvin-Voigt,1.5e+06,0.1,197.484,,,,9.81,Kontaktast,0.875,-0.2,-0.13,K,Kontaktast,1,0,0,13.1496,,186.076,92.1822,80,eingeschwungen
"synchron (0°,0°)",0,0,0,8,8,8,0.35,0.1,0.65,10,egg THOLD=0.65,Kelvin-Voigt,1.5e+06,0.1,197.484,,,,9.81,Kontaktast,0.875,-0.1,-0.065,K,Kontaktast,1,0,0,13.1496,,99.169,59.0403,80,eingeschwungen
"synchron (0°,0°)",0,0,0,8,8,8,0.35,0.1,0.65,10,egg THOLD=0.65,Kelvin-Voigt,1.5e+06,0.1,197.484,,,,9.81,Kontaktast,0.875,0,0,K,Kontaktast,1,0,0,13.1496,,13.1496,,80,eingeschwungen
"synchron (0°,0°)",0,0,0,8,8,8,0.35,0.1,0.65,10,egg THOLD=0.65,Kelvin-Voigt,1.5e+06,0.1,197.484,,,,9.81,Kontaktast,0.875,0.1,0.065,K,Kontaktast,1,0,0,13.1496,,76.2248,76.2248,80,eingeschwungen
"synchron (0°,0°)",0,0,0,8,8,8,0.35,0.1,0.65,10,egg THOLD=0.65,Kelvin-Voigt,1.5e+06,0.1,197.484,,,,9.81,Kontaktast,0.875,0.2,0.13,K,Kontaktast,1,0,0,13.1496,,112.929,112.929,80,eingeschwungen
"synchron (0°,0°)",0,0,0,8,8,8,0.35,0.1,0.65,10,egg THOLD=0.65,Kelvin-Voigt,1.5e+06,0.1,197.484,,,,9.81,Kontaktast,0.875,0.3,0.195,K,Kontaktast,1,0,0,13.1496,,180.164,180.164,80,eingeschwungen
"synchron (0°,0°)",0,0,0,8,8,8,0.35,0.1,0.65,10,egg THOLD=0.65,Kelvin-Voigt,1.5e+06,0.1,197.484,,,,9.81,Kontaktast,0.875,0.4,0.26,K,Kontaktast,1,0,0,13.1496,,376.981,376.981,80,eingeschwungen
"synchron (0°,0°)",0,0,0,8,8,8,0.35,0.1,0.65,10,egg THOLD=0.65,Kelvin-Voigt,1.5e+06,0.1,197.484,,,,9.81,Kontaktast,0.875,0.5,0.325,H1,Hüpfen,1,1,98.0443,486.754,486.754,568.911,568.911,80,eingeschwungen
"synchron (0°,0°)",0,0,0,8,8,8,0.35,0.1,0.65,10,egg THOLD=0.65,Kelvin-Voigt,1.5e+06,0.1,197.484,,,,9.81,Kontaktast,0.875,0.6,0.39,H1,Hüpfen,1,1,98.0443,486.754,486.754,603.636,603.636,80,eingeschwungen
"synchron (0°,0°)",0,0,0,8,8,8,0.35,0.1,0.65,10,egg THOLD=0.65,Kelvin-Voigt,1.5e+06,0.1,197.484,,,,9.81,Kontaktast,0.875,0.7,0.455,H1,Hüpfen,1,1,98.0443,486.754,486.754,597.757,597.757,80,eingeschwungen
"synchron (0°,0°)",0,0,0,8,8,8,0.35,0.1,0.65,10,egg THOLD=0.65,Kelvin-Voigt,1.5e+06,0.1,197.484,,,,9.81,Kontaktast,0.875,0.8,0.52,K,Kontaktast,1,0,0,13.1496,,628.183,628.183,80,eingeschwungen
"synchron (0°,0°)",0,0,0,8,8,8,0.35,0.1,0.65,10,egg THOLD=0.65,Kelvin-Voigt,1.5e+06,0.1,197.484,,,,9.81,Kontaktast,0.875,0.9,0.585,H1,Hüpfen,1,1,98.0443,486.754,486.754,828.023,828.023,80,eingeschwungen
"synchron (0°,0°)",0,0,0,8,8,8,0.35,0.1,0.65,10,egg THOLD=0.65,Kelvin-Voigt,1.5e+06,0.1,197.484,,,,9.81,Kontaktast,0.875,1,0.65,K,Kontaktast,1,0,0,13.1496,,1008.85,1008.85,80,eingeschwungen
L1,0,0,0,8,0,0,0.35,0.1,0.65,10,egg THOLD=0.65,Kelvin-Voigt,1.5e+06,0.2,394.968,,,,9.81,Kontaktast,0,-1,-0.65,K,Kontaktast,1,0,0,8.63993,,816.865,498.565,80,eingeschwungen
L1,0,0,0,8,0,0,0.35,0.1,0.65,10,egg THOLD=0.65,Kelvin-Voigt,1.5e+06,0.2,394.968,,,,9.81,Kontaktast,0,-0.9,-0.585,K,Kontaktast,1,0,0,8.63993,,735.806,468.886,80,eingeschwungen
L1,0,0,0,8,0,0,0.35,0.1,0.65,10,egg THOLD=0.65,Kelvin-Voigt,1.5e+06,0.2,394.968,,,,9.81,Kontaktast,0,-0.8,-0.52,K,Kontaktast,1,0,0,8.63993,,654.747,434.796,80,eingeschwungen
L1,0,0,0,8,0,0,0.35,0.1,0.65,10,egg THOLD=0.65,Kelvin-Voigt,1.5e+06,0.2,394.968,,,,9.81,Kontaktast,0,-0.7,-0.455,K,Kontaktast,1,0,0,8.63993,,573.687,388.808,80,eingeschwungen
L1,0,0,0,8,0,0,0.35,0.1,0.65,10,egg THOLD=0.65,Kelvin-Voigt,1.5e+06,0.2,394.968,,,,9.81,Kontaktast,0,-0.6,-0.39,K,Kontaktast,1,0,0,8.63993,,492.628,318.349,80,eingeschwungen
L1,0,0,0,8,0,0,0.35,0.1,0.65,10,egg THOLD=0.65,Kelvin-Voigt,1.5e+06,0.2,394.968,,,,9.81,Kontaktast,0,-0.5,-0.325,K,Kontaktast,1,0,0,8.63993,,411.569,240.809,80,eingeschwungen
L1,0,0,0,8,0,0,0.35,0.1,0.65,10,egg THOLD=0.65,Kelvin-Voigt,1.5e+06,0.2,394.968,,,,9.81,Kontaktast,0,-0.4,-0.26,K,Kontaktast,1,0,0,8.63993,,330.51,181.709,80,eingeschwungen
L1,0,0,0,8,0,0,0.35,0.1,0.65,10,egg THOLD=0.65,Kelvin-Voigt,1.5e+06,0.2,394.968,,,,9.81,Kontaktast,0,-0.3,-0.195,K,Kontaktast,1,0,0,8.63993,,249.451,131.973,80,eingeschwungen
L1,0,0,0,8,0,0,0.35,0.1,0.65,10,egg THOLD=0.65,Kelvin-Voigt,1.5e+06,0.2,394.968,,,,9.81,Kontaktast,0,-0.2,-0.13,K,Kontaktast,1,0,0,8.63993,,168.391,88.488,80,eingeschwungen
L1,0,0,0,8,0,0,0.35,0.1,0.65,10,egg THOLD=0.65,Kelvin-Voigt,1.5e+06,0.2,394.968,,,,9.81,Kontaktast,0,-0.1,-0.065,K,Kontaktast,1,0,0,8.63993,,87.3321,46.4283,80,eingeschwungen
L1,0,0,0,8,0,0,0.35,0.1,0.65,10,egg THOLD=0.65,Kelvin-Voigt,1.5e+06,0.2,394.968,,,,9.81,Kontaktast,0,0,0,K,Kontaktast,1,0,0,8.63993,,8.63993,,80,eingeschwungen
L1,0,0,0,8,0,0,0.35,0.1,0.65,10,egg THOLD=0.65,Kelvin-Voigt,1.5e+06,0.2,394.968,,,,9.81,Kontaktast,0,0.1,0.065,K,Kontaktast,1,0,0,8.63993,,79.6879,79.6879,80,eingeschwungen
L1,0,0,0,8,0,0,0.35,0.1,0.65,10,egg THOLD=0.65,Kelvin-Voigt,1.5e+06,0.2,394.968,,,,9.81,Kontaktast,0,0.2,0.13,K,Kontaktast,1,0,0,8.63993,,155.669,155.669,80,eingeschwungen
L1,0,0,0,8,0,0,0.35,0.1,0.65,10,egg THOLD=0.65,Kelvin-Voigt,1.5e+06,0.2,394.968,,,,9.81,Kontaktast,0,0.3,0.195,K,Kontaktast,1,0,0,8.63993,,254.773,254.773,80,eingeschwungen
L1,0,0,0,8,0,0,0.35,0.1,0.65,10,egg THOLD=0.65,Kelvin-Voigt,1.5e+06,0.2,394.968,,,,9.81,Kontaktast,0,0.4,0.26,K,Kontaktast,1,0,0,8.63993,,387.038,387.038,80,eingeschwungen
L1,0,0,0,8,0,0,0.35,0.1,0.65,10,egg THOLD=0.65,Kelvin-Voigt,1.5e+06,0.2,394.968,,,,9.81,Kontaktast,0,0.5,0.325,K,Kontaktast,1,0,0,8.63993,,463.82,463.82,80,eingeschwungen
L1,0,0,0,8,0,0,0.35,0.1,0.65,10,egg THOLD=0.65,Kelvin-Voigt,1.5e+06,0.2,394.968,,,,9.81,Kontaktast,0,0.6,0.39,K,Kontaktast,1,0,0,8.63993,,516.641,516.641,80,eingeschwungen
L1,0,0,0,8,0,0,0.35,0.1,0.65,10,egg THOLD=0.65,Kelvin-Voigt,1.5e+06,0.2,394.968,,,,9.81,Kontaktast,0,0.7,0.455,K,Kontaktast,1,0,0,8.63993,,573.464,573.464,80,eingeschwungen
L1,0,0,0,8,0,0,0.35,0.1,0.65,10,egg THOLD=0.65,Kelvin-Voigt,1.5e+06,0.2,394.968,,,,9.81,Kontaktast,0,0.8,0.52,K,Kontaktast,1,0,0,8.63993,,660.723,660.723,80,eingeschwungen
L1,0,0,0,8,0,0,0.35,0.1,0.65,10,egg THOLD=0.65,Kelvin-Voigt,1.5e+06,0.2,394.968,,,,9.81,Kontaktast,0,0.9,0.585,K,Kontaktast,1,0,0,8.63993,,791.768,791.768,80,eingeschwungen
L1,0,0,0,8,0,0,0.35,0.1,0.65,10,egg THOLD=0.65,Kelvin-Voigt,1.5e+06,0.2,394.968,,,,9.81,Kontaktast,0,1,0.65,K,Kontaktast,1,0,0,8.63993,,869.386,869.386,80,eingeschwungen
L1,0,0,0,8,0,0,0.35,0.1,0.65,10,egg THOLD=0.65,Kelvin-Voigt,1.5e+06,0.2,394.968,,,,9.81,Kontaktast,0.125,-1,-0.65,K,Kontaktast,1,0,0,8.63993,,816.246,479.725,80,eingeschwungen
L1,0,0,0,8,0,0,0.35,0.1,0.65,10,egg THOLD=0.65,Kelvin-Voigt,1.5e+06,0.2,394.968,,,,9.81,Kontaktast,0.125,-0.9,-0.585,K,Kontaktast,1,0,0,8.63993,,735.186,450.977,80,eingeschwungen
L1,0,0,0,8,0,0,0.35,0.1,0.65,10,egg THOLD=0.65,Kelvin-Voigt,1.5e+06,0.2,394.968,,,,9.81,Kontaktast,0.125,-0.8,-0.52,K,Kontaktast,1,0,0,8.63993,,654.127,422.062,80,eingeschwungen
L1,0,0,0,8,0,0,0.35,0.1,0.65,10,egg THOLD=0.65,Kelvin-Voigt,1.5e+06,0.2,394.968,,,,9.81,Kontaktast,0.125,-0.7,-0.455,K,Kontaktast,1,0,0,8.63993,,573.068,389.321,80,eingeschwungen
L1,0,0,0,8,0,0,0.35,0.1,0.65,10,egg THOLD=0.65,Kelvin-Voigt,1.5e+06,0.2,394.968,,,,9.81,Kontaktast,0.125,-0.6,-0.39,K,Kontaktast,1,0,0,8.63993,,492.009,345.942,80,eingeschwungen
L1,0,0,0,8,0,0,0.35,0.1,0.65,10,egg THOLD=0.65,Kelvin-Voigt,1.5e+06,0.2,394.968,,,,9.81,Kontaktast,0.125,-0.5,-0.325,K,Kontaktast,1,0,0,8.63993,,410.95,279.309,80,eingeschwungen
L1,0,0,0,8,0,0,0.35,0.1,0.65,10,egg THOLD=0.65,Kelvin-Voigt,1.5e+06,0.2,394.968,,,,9.81,Kontaktast,0.125,-0.4,-0.26,K,Kontaktast,1,0,0,8.63993,,329.89,203.511,80,eingeschwungen
L1,0,0,0,8,0,0,0.35,0.1,0.65,10,egg THOLD=0.65,Kelvin-Voigt,1.5e+06,0.2,394.968,,,,9.81,Kontaktast,0.125,-0.3,-0.195,K,Kontaktast,1,0,0,8.63993,,248.831,143.732,80,eingeschwungen
L1,0,0,0,8,0,0,0.35,0.1,0.65,10,egg THOLD=0.65,Kelvin-Voigt,1.5e+06,0.2,394.968,,,,9.81,Kontaktast,0.125,-0.2,-0.13,K,Kontaktast,1,0,0,8.63993,,167.772,92.6501,80,eingeschwungen
L1,0,0,0,8,0,0,0.35,0.1,0.65,10,egg THOLD=0.65,Kelvin-Voigt,1.5e+06,0.2,394.968,,,,9.81,Kontaktast,0.125,-0.1,-0.065,K,Kontaktast,1,0,0,8.63993,,86.7127,46.8838,80,eingeschwungen
L1,0,0,0,8,0,0,0.35,0.1,0.65,10,egg THOLD=0.65,Kelvin-Voigt,1.5e+06,0.2,394.968,,,,9.81,Kontaktast,0.125,0,0,K,Kontaktast,1,0,0,8.63993,,8.63993,,80,eingeschwungen
L1,0,0,0,8,0,0,0.35,0.1,0.65,10,egg THOLD=0.65,Kelvin-Voigt,1.5e+06,0.2,394.968,,,,9.81,Kontaktast,0.125,0.1,0.065,K,Kontaktast,1,0,0,8.63993,,81.8675,81.8675,80,eingeschwungen
L1,0,0,0,8,0,0,0.35,0.1,0.65,10,egg THOLD=0.65,Kelvin-Voigt,1.5e+06,0.2,394.968,,,,9.81,Kontaktast,0.125,0.2,0.13,K,Kontaktast,1,0,0,8.63993,,171.339,171.339,80,eingeschwungen
L1,0,0,0,8,0,0,0.35,0.1,0.65,10,egg THOLD=0.65,Kelvin-Voigt,1.5e+06,0.2,394.968,,,,9.81,Kontaktast,0.125,0.3,0.195,K,Kontaktast,1,0,0,8.63993,,295.838,295.838,80,eingeschwungen
L1,0,0,0,8,0,0,0.35,0.1,0.65,10,egg THOLD=0.65,Kelvin-Voigt,1.5e+06,0.2,394.968,,,,9.81,Kontaktast,0.125,0.4,0.26,K,Kontaktast,1,0,0,8.63993,,392.766,392.766,80,eingeschwungen
L1,0,0,0,8,0,0,0.35,0.1,0.65,10,egg THOLD=0.65,Kelvin-Voigt,1.5e+06,0.2,394.968,,,,9.81,Kontaktast,0.125,0.5,0.325,K,Kontaktast,1,0,0,8.63993,,448.601,448.601,80,eingeschwungen
L1,0,0,0,8,0,0,0.35,0.1,0.65,10,egg THOLD=0.65,Kelvin-Voigt,1.5e+06,0.2,394.968,,,,9.81,Kontaktast,0.125,0.6,0.39,K,Kontaktast,1,0,0,8.63993,,499.805,499.805,80,eingeschwungen
L1,0,0,0,8,0,0,0.35,0.1,0.65,10,egg THOLD=0.65,Kelvin-Voigt,1.5e+06,0.2,394.968,,,,9.81,Kontaktast,0.125,0.7,0.455,K,Kontaktast,1,0,0,8.63993,,570.093,570.093,80,eingeschwungen
L1,0,0,0,8,0,0,0.35,0.1,0.65,10,egg THOLD=0.65,Kelvin-Voigt,1.5e+06,0.2,394.968,,,,9.81,Kontaktast,0.125,0.8,0.52,K,Kontaktast,1,0,0,8.63993,,690.307,690.307,80,eingeschwungen
L1,0,0,0,8,0,0,0.35,0.1,0.65,10,egg THOLD=0.65,Kelvin-Voigt,1.5e+06,0.2,394.968,,,,9.81,Kontaktast,0.125,0.9,0.585,K,Kontaktast,1,0,0,8.63993,,793.481,793.481,80,eingeschwungen
L1,0,0,0,8,0,0,0.35,0.1,0.65,10,egg THOLD=0.65,Kelvin-Voigt,1.5e+06,0.2,394.968,,,,9.81,Kontaktast,0.125,1,0.65,K,Kontaktast,1,0,0,8.63993,,852.383,852.383,80,eingeschwungen
L1,0,0,0,8,0,0,0.35,0.1,0.65,10,egg THOLD=0.65,Kelvin-Voigt,1.5e+06,0.2,394.968,,,,9.81,Kontaktast,0.25,-1,-0.65,K,Kontaktast,1,0,0,8.63993,,815.819,456.762,80,eingeschwungen
L1,0,0,0,8,0,0,0.35,0.1,0.65,10,egg THOLD=0.65,Kelvin-Voigt,1.5e+06,0.2,394.968,,,,9.81,Kontaktast,0.25,-0.9,-0.585,K,Kontaktast,1,0,0,8.63993,,734.759,424.934,80,eingeschwungen
L1,0,0,0,8,0,0,0.35,0.1,0.65,10,egg THOLD=0.65,Kelvin-Voigt,1.5e+06,0.2,394.968,,,,9.81,Kontaktast,0.25,-0.8,-0.52,K,Kontaktast,1,0,0,8.63993,,653.7,396.996,80,eingeschwungen
L1,0,0,0,8,0,0,0.35,0.1,0.65,10,egg THOLD=0.65,Kelvin-Voigt,1.5e+06,0.2,394.968,,,,9.81,Kontaktast,0.25,-0.7,-0.455,K,Kontaktast,1,0,0,8.63993,,572.641,368.485,80,eingeschwungen
L1,0,0,0,8,0,0,0.35,0.1,0.65,10,egg THOLD=0.65,Kelvin-Voigt,1.5e+06,0.2,394.968,,,,9.81,Kontaktast,0.25,-0.6,-0.39,K,Kontaktast,1,0,0,8.63993,,491.582,336.429,80,eingeschwungen
L1,0,0,0,8,0,0,0.35,0.1,0.65,10,egg THOLD=0.65,Kelvin-Voigt,1.5e+06,0.2,394.968,,,,9.81,Kontaktast,0.25,-0.5,-0.325,K,Kontaktast,1,0,0,8.63993,,410.523,292.219,80,eingeschwungen
L1,0,0,0,8,0,0,0.35,0.1,0.65,10,egg THOLD=0.65,Kelvin-Voigt,1.5e+06,0.2,394.968,,,,9.81,Kontaktast,0.25,-0.4,-0.26,K,Kontaktast,1,0,0,8.63993,,329.463,227.007,80,eingeschwungen
L1,0,0,0,8,0,0,0.35,0.1,0.65,10,egg THOLD=0.65,Kelvin-Voigt,1.5e+06,0.2,394.968,,,,9.81,Kontaktast,0.25,-0.3,-0.195,K,Kontaktast,1,0,0,8.63993,,248.404,155.306,80,eingeschwungen
L1,0,0,0,8,0,0,0.35,0.1,0.65,10,egg THOLD=0.65,Kelvin-Voigt,1.5e+06,0.2,394.968,,,,9.81,Kontaktast,0.25,-0.2,-0.13,K,Kontaktast,1,0,0,8.63993,,167.345,98.5239,80,eingeschwungen
L1,0,0,0,8,0,0,0.35,0.1,0.65,10,egg THOLD=0.65,Kelvin-Voigt,1.5e+06,0.2,394.968,,,,9.81,Kontaktast,0.25,-0.1,-0.065,K,Kontaktast,1,0,0,8.63993,,86.2858,48.3312,80,eingeschwungen
L1,0,0,0,8,0,0,0.35,0.1,0.65,10,egg THOLD=0.65,Kelvin-Voigt,1.5e+06,0.2,394.968,,,,9.81,Kontaktast,0.25,0,0,K,Kontaktast,1,0,0,8.63993,,8.63993,,80,eingeschwungen
L1,0,0,0,8,0,0,0.35,0.1,0.65,10,egg THOLD=0.65,Kelvin-Voigt,1.5e+06,0.2,394.968,,,,9.81,Kontaktast,0.25,0.1,0.065,K,Kontaktast,1,0,0,8.63993,,86.4537,86.4537,80,eingeschwungen
L1,0,0,0,8,0,0,0.35,0.1,0.65,10,egg THOLD=0.65,Kelvin-Voigt,1.5e+06,0.2,394.968,,,,9.81,Kontaktast,0.25,0.2,0.13,K,Kontaktast,1,0,0,8.63993,,189.645,189.645,80,eingeschwungen
L1,0,0,0,8,0,0,0.35,0.1,0.65,10,egg THOLD=0.65,Kelvin-Voigt,1.5e+06,0.2,394.968,,,,9.81,Kontaktast,0.25,0.3,0.195,K,Kontaktast,1,0,0,8.63993,,308.147,308.147,80,eingeschwungen
L1,0,0,0,8,0,0,0.35,0.1,0.65,10,egg THOLD=0.65,Kelvin-Voigt,1.5e+06,0.2,394.968,,,,9.81,Kontaktast,0.25,0.4,0.26,K,Kontaktast,1,0,0,8.63993,,373.82,373.82,80,eingeschwungen
L1,0,0,0,8,0,0,0.35,0.1,0.65,10,egg THOLD=0.65,Kelvin-Voigt,1.5e+06,0.2,394.968,,,,9.81,Kontaktast,0.25,0.5,0.325,K,Kontaktast,1,0,0,8.63993,,423.491,423.491,80,eingeschwungen
L1,0,0,0,8,0,0,0.35,0.1,0.65,10,egg THOLD=0.65,Kelvin-Voigt,1.5e+06,0.2,394.968,,,,9.81,Kontaktast,0.25,0.6,0.39,K,Kontaktast,1,0,0,8.63993,,480.271,480.271,80,eingeschwungen
L1,0,0,0,8,0,0,0.35,0.1,0.65,10,egg THOLD=0.65,Kelvin-Voigt,1.5e+06,0.2,394.968,,,,9.81,Kontaktast,0.25,0.7,0.455,K,Kontaktast,1,0,0,8.63993,,569.205,569.205,80,eingeschwungen
L1,0,0,0,8,0,0,0.35,0.1,0.65,10,egg THOLD=0.65,Kelvin-Voigt,1.5e+06,0.2,394.968,,,,9.81,Kontaktast,0.25,0.8,0.52,K,Kontaktast,1,0,0,8.63993,,698.662,698.662,80,eingeschwungen
L1,0,0,0,8,0,0,0.35,0.1,0.65,10,egg THOLD=0.65,Kelvin-Voigt,1.5e+06,0.2,394.968,,,,9.81,Kontaktast,0.25,0.9,0.585,K,Kontaktast,1,0,0,8.63993,,773.792,773.792,80,eingeschwungen
L1,0,0,0,8,0,0,0.35,0.1,0.65,10,egg THOLD=0.65,Kelvin-Voigt,1.5e+06,0.2,394.968,,,,9.81,Kontaktast,0.25,1,0.65,K,Kontaktast,1,0,0,8.63993,,826.102,826.102,80,eingeschwungen
L1,0,0,0,8,0,0,0.35,0.1,0.65,10,egg THOLD=0.65,Kelvin-Voigt,1.5e+06,0.2,394.968,,,,9.81,Kontaktast,0.375,-1,-0.65,K,Kontaktast,1,0,0,8.63993,,815.798,433.055,80,eingeschwungen
L1,0,0,0,8,0,0,0.35,0.1,0.65,10,egg THOLD=0.65,Kelvin-Voigt,1.5e+06,0.2,394.968,,,,9.81,Kontaktast,0.375,-0.9,-0.585,K,Kontaktast,1,0,0,8.63993,,734.738,395.622,80,eingeschwungen
L1,0,0,0,8,0,0,0.35,0.1,0.65,10,egg THOLD=0.65,Kelvin-Voigt,1.5e+06,0.2,394.968,,,,9.81,Kontaktast,0.375,-0.8,-0.52,K,Kontaktast,1,0,0,8.63993,,653.679,365.496,80,eingeschwungen
L1,0,0,0,8,0,0,0.35,0.1,0.65,10,egg THOLD=0.65,Kelvin-Voigt,1.5e+06,0.2,394.968,,,,9.81,Kontaktast,0.375,-0.7,-0.455,K,Kontaktast,1,0,0,8.63993,,572.62,338.14,80,eingeschwungen
L1,0,0,0,8,0,0,0.35,0.1,0.65,10,egg THOLD=0.65,Kelvin-Voigt,1.5e+06,0.2,394.968,,,,9.81,Kontaktast,0.375,-0.6,-0.39,K,Kontaktast,1,0,0,8.63993,,491.561,309.762,80,eingeschwungen
L1,0,0,0,8,0,0,0.35,0.1,0.65,10,egg THOLD=0.65,Kelvin-Voigt,1.5e+06,0.2,394.968,,,,9.81,Kontaktast,0.375,-0.5,-0.325,K,Kontaktast,1,0,0,8.63993,,410.502,278.113,80,eingeschwungen
L1,0,0,0,8,0,0,0.35,0.1,0.65,10,egg THOLD=0.65,Kelvin-Voigt,1.5e+06,0.2,394.968,,,,9.81,Kontaktast,0.375,-0.4,-0.26,K,Kontaktast,1,0,0,8.63993,,329.442,231.441,80,eingeschwungen
L1,0,0,0,8,0,0,0.35,0.1,0.65,10,egg THOLD=0.65,Kelvin-Voigt,1.5e+06,0.2,394.968,,,,9.81,Kontaktast,0.375,-0.3,-0.195,K,Kontaktast,1,0,0,8.63993,,248.383,167.936,80,eingeschwungen
L1,0,0,0,8,0,0,0.35,0.1,0.65,10,egg THOLD=0.65,Kelvin-Voigt,1.5e+06,0.2,394.968,,,,9.81,Kontaktast,0.375,-0.2,-0.13,K,Kontaktast,1,0,0,8.63993,,167.324,102.259,80,eingeschwungen
L1,0,0,0,8,0,0,0.35,0.1,0.65,10,egg THOLD=0.65,Kelvin-Voigt,1.5e+06,0.2,394.968,,,,9.81,Kontaktast,0.375,-0.1,-0.065,K,Kontaktast,1,0,0,8.63993,,86.2648,49.7873,80,eingeschwungen
L1,0,0,0,8,0,0,0.35,0.1,0.65,10,egg THOLD=0.65,Kelvin-Voigt,1.5e+06,0.2,394.968,,,,9.81,Kontaktast,0.375,0,0,K,Kontaktast,1,0,0,8.63993,,8.63993,,80,eingeschwungen
L1,0,0,0,8,0,0,0.35,0.1,0.65,10,egg THOLD=0.65,Kelvin-Voigt,1.5e+06,0.2,394.968,,,,9.81,Kontaktast,0.375,0.1,0.065,K,Kontaktast,1,0,0,8.63993,,90.0555,90.0555,80,eingeschwungen
L1,0,0,0,8,0,0,0.35,0.1,0.65,10,egg THOLD=0.65,Kelvin-Voigt,1.5e+06,0.2,394.968,,,,9.81,Kontaktast,0.375,0.2,0.13,K,Kontaktast,1,0,0,8.63993,,202.811,202.811,80,eingeschwungen
L1,0,0,0,8,0,0,0.35,0.1,0.65,10,egg THOLD=0.65,Kelvin-Voigt,1.5e+06,0.2,394.968,,,,9.81,Kontaktast,0.375,0.3,0.195,K,Kontaktast,1,0,0,8.63993,,292.203,292.203,80,eingeschwungen
L1,0,0,0,8,0,0,0.35,0.1,0.65,10,egg THOLD=0.65,Kelvin-Voigt,1.5e+06,0.2,394.968,,,,9.81,Kontaktast,0.375,0.4,0.26,K,Kontaktast,1,0,0,8.63993,,344.572,344.572,80,eingeschwungen
L1,0,0,0,8,0,0,0.35,0.1,0.65,10,egg THOLD=0.65,Kelvin-Voigt,1.5e+06,0.2,394.968,,,,9.81,Kontaktast,0.375,0.5,0.325,K,Kontaktast,1,0,0,8.63993,,393.693,393.693,80,eingeschwungen
L1,0,0,0,8,0,0,0.35,0.1,0.65,10,egg THOLD=0.65,Kelvin-Voigt,1.5e+06,0.2,394.968,,,,9.81,Kontaktast,0.375,0.6,0.39,K,Kontaktast,1,0,0,8.63993,,460.162,460.162,80,eingeschwungen
L1,0,0,0,8,0,0,0.35,0.1,0.65,10,egg THOLD=0.65,Kelvin-Voigt,1.5e+06,0.2,394.968,,,,9.81,Kontaktast,0.375,0.7,0.455,K,Kontaktast,1,0,0,8.63993,,572.404,572.404,80,eingeschwungen
L1,0,0,0,8,0,0,0.35,0.1,0.65,10,egg THOLD=0.65,Kelvin-Voigt,1.5e+06,0.2,394.968,,,,9.81,Kontaktast,0.375,0.8,0.52,K,Kontaktast,1,0,0,8.63993,,684.454,684.454,80,eingeschwungen
L1,0,0,0,8,0,0,0.35,0.1,0.65,10,egg THOLD=0.65,Kelvin-Voigt,1.5e+06,0.2,394.968,,,,9.81,Kontaktast,0.375,0.9,0.585,K,Kontaktast,1,0,0,8.63993,,745.569,745.569,80,eingeschwungen
L1,0,0,0,8,0,0,0.35,0.1,0.65,10,egg THOLD=0.65,Kelvin-Voigt,1.5e+06,0.2,394.968,,,,9.81,Kontaktast,0.375,1,0.65,K,Kontaktast,1,0,0,8.63993,,796.354,796.354,80,eingeschwungen
L1,0,0,0,8,0,0,0.35,0.1,0.65,10,egg THOLD=0.65,Kelvin-Voigt,1.5e+06,0.2,394.968,,,,9.81,Kontaktast,0.5,-1,-0.65,K,Kontaktast,1,0,0,8.63993,,816.191,414.625,80,eingeschwungen
L1,0,0,0,8,0,0,0.35,0.1,0.65,10,egg THOLD=0.65,Kelvin-Voigt,1.5e+06,0.2,394.968,,,,9.81,Kontaktast,0.5,-0.9,-0.585,K,Kontaktast,1,0,0,8.63993,,735.132,368.996,80,eingeschwungen
L1,0,0,0,8,0,0,0.35,0.1,0.65,10,egg THOLD=0.65,Kelvin-Voigt,1.5e+06,0.2,394.968,,,,9.81,Kontaktast,0.5,-0.8,-0.52,K,Kontaktast,1,0,0,8.63993,,654.073,333.222,80,eingeschwungen
L1,0,0,0,8,0,0,0.35,0.1,0.65,10,egg THOLD=0.65,Kelvin-Voigt,1.5e+06,0.2,394.968,,,,9.81,Kontaktast,0.5,-0.7,-0.455,K,Kontaktast,1,0,0,8.63993,,573.014,303.783,80,eingeschwungen
L1,0,0,0,8,0,0,0.35,0.1,0.65,10,egg THOLD=0.65,Kelvin-Voigt,1.5e+06,0.2,394.968,,,,9.81,Kontaktast,0.5,-0.6,-0.39,K,Kontaktast,1,0,0,8.63993,,491.954,276.333,80,eingeschwungen
L1,0,0,0,8,0,0,0.35,0.1,0.65,10,egg THOLD=0.65,Kelvin-Voigt,1.5e+06,0.2,394.968,,,,9.81,Kontaktast,0.5,-0.5,-0.325,K,Kontaktast,1,0,0,8.63993,,410.895,247.949,80,eingeschwungen
L1,0,0,0,8,0,0,0.35,0.1,0.65,10,egg THOLD=0.65,Kelvin-Voigt,1.5e+06,0.2,394.968,,,,9.81,Kontaktast,0.5,-0.4,-0.26,K,Kontaktast,1,0,0,8.63993,,329.836,215.919,80,eingeschwungen
L1,0,0,0,8,0,0,0.35,0.1,0.65,10,egg THOLD=0.65,Kelvin-Voigt,1.5e+06,0.2,394.968,,,,9.81,Kontaktast,0.5,-0.3,-0.195,K,Kontaktast,1,0,0,8.63993,,248.777,168.688,80,eingeschwungen
L1,0,0,0,8,0,0,0.35,0.1,0.65,10,egg THOLD=0.65,Kelvin-Voigt,1.5e+06,0.2,394.968,,,,9.81,Kontaktast,0.5,-0.2,-0.13,K,Kontaktast,1,0,0,8.63993,,167.718,109.23,80,eingeschwungen
L1,0,0,0,8,0,0,0.35,0.1,0.65,10,egg THOLD=0.65,Kelvin-Voigt,1.5e+06,0.2,394.968,,,,9.81,Kontaktast,0.5,-0.1,-0.065,K,Kontaktast,1,0,0,8.63993,,86.6583,50.4089,80,eingeschwungen
L1,0,0,0,8,0,0,0.35,0.1,0.65,10,egg THOLD=0.65,Kelvin-Voigt,1.5e+06,0.2,394.968,,,,9.81,Kontaktast,0.5,0,0,K,Kontaktast,1,0,0,8.63993,,8.63993,,80,eingeschwungen
L1,0,0,0,8,0,0,0.35,0.1,0.65,10,egg THOLD=0.65,Kelvin-Voigt,1.5e+06,0.2,394.968,,,,9.81,Kontaktast,0.5,0.1,0.065,K,Kontaktast,1,0,0,8.63993,,94.7254,94.7254,80,eingeschwungen
L1,0,0,0,8,0,0,0.35,0.1,0.65,10,egg THOLD=0.65,Kelvin-Voigt,1.5e+06,0.2,394.968,,,,9.81,Kontaktast,0.5,0.2,0.13,K,Kontaktast,1,0,0,8.63993,,198.549,198.549,80,eingeschwungen
L1,0,0,0,8,0,0,0.35,0.1,0.65,10,egg THOLD=0.65,Kelvin-Voigt,1.5e+06,0.2,394.968,,,,9.81,Kontaktast,0.5,0.3,0.195,K,Kontaktast,1,0,0,8.63993,,261.939,261.939,80,eingeschwungen
L1,0,0,0,8,0,0,0.35,0.1,0.65,10,egg THOLD=0.65,Kelvin-Voigt,1.5e+06,0.2,394.968,,,,9.81,Kontaktast,0.5,0.4,0.26,K,Kontaktast,1,0,0,8.63993,,310.564,310.564,80,eingeschwungen
L1,0,0,0,8,0,0,0.35,0.1,0.65,10,egg THOLD=0.65,Kelvin-Voigt,1.5e+06,0.2,394.968,,,,9.81,Kontaktast,0.5,0.5,0.325,K,Kontaktast,1,0,0,8.63993,,364.776,364.776,80,eingeschwungen
L1,0,0,0,8,0,0,0.35,0.1,0.65,10,egg THOLD=0.65,Kelvin-Voigt,1.5e+06,0.2,394.968,,,,9.81,Kontaktast,0.5,0.6,0.39,K,Kontaktast,1,0,0,8.63993,,445.6,445.6,80,eingeschwungen
L1,0,0,0,8,0,0,0.35,0.1,0.65,10,egg THOLD=0.65,Kelvin-Voigt,1.5e+06,0.2,394.968,,,,9.81,Kontaktast,0.5,0.7,0.455,K,Kontaktast,1,0,0,8.63993,,575.358,575.358,80,eingeschwungen
L1,0,0,0,8,0,0,0.35,0.1,0.65,10,egg THOLD=0.65,Kelvin-Voigt,1.5e+06,0.2,394.968,,,,9.81,Kontaktast,0.5,0.8,0.52,K,Kontaktast,1,0,0,8.63993,,660.792,660.792,80,eingeschwungen
L1,0,0,0,8,0,0,0.35,0.1,0.65,10,egg THOLD=0.65,Kelvin-Voigt,1.5e+06,0.2,394.968,,,,9.81,Kontaktast,0.5,0.9,0.585,K,Kontaktast,1,0,0,8.63993,,715.086,715.086,80,eingeschwungen
L1,0,0,0,8,0,0,0.35,0.1,0.65,10,egg THOLD=0.65,Kelvin-Voigt,1.5e+06,0.2,394.968,,,,9.81,Kontaktast,0.5,1,0.65,K,Kontaktast,1,0,0,8.63993,,769.071,769.071,80,eingeschwungen
L1,0,0,0,8,0,0,0.35,0.1,0.65,10,egg THOLD=0.65,Kelvin-Voigt,1.5e+06,0.2,394.968,,,,9.81,Kontaktast,0.625,-1,-0.65,K,Kontaktast,1,0,0,8.63993,,816.86,416.964,80,eingeschwungen
L1,0,0,0,8,0,0,0.35,0.1,0.65,10,egg THOLD=0.65,Kelvin-Voigt,1.5e+06,0.2,394.968,,,,9.81,Kontaktast,0.625,-0.9,-0.585,K,Kontaktast,1,0,0,8.63993,,735.801,354.609,80,eingeschwungen
L1,0,0,0,8,0,0,0.35,0.1,0.65,10,egg THOLD=0.65,Kelvin-Voigt,1.5e+06,0.2,394.968,,,,9.81,Kontaktast,0.625,-0.8,-0.52,K,Kontaktast,1,0,0,8.63993,,654.742,308.526,80,eingeschwungen
L1,0,0,0,8,0,0,0.35,0.1,0.65,10,egg THOLD=0.65,Kelvin-Voigt,1.5e+06,0.2,394.968,,,,9.81,Kontaktast,0.625,-0.7,-0.455,K,Kontaktast,1,0,0,8.63993,,573.682,272.074,80,eingeschwungen
L1,0,0,0,8,0,0,0.35,0.1,0.65,10,egg THOLD=0.65,Kelvin-Voigt,1.5e+06,0.2,394.968,,,,9.81,Kontaktast,0.625,-0.6,-0.39,K,Kontaktast,1,0,0,8.63993,,492.623,241.532,80,eingeschwungen
L1,0,0,0,8,0,0,0.35,0.1,0.65,10,egg THOLD=0.65,Kelvin-Voigt,1.5e+06,0.2,394.968,,,,9.81,Kontaktast,0.625,-0.5,-0.325,K,Kontaktast,1,0,0,8.63993,,411.564,212.822,80,eingeschwungen
L1,0,0,0,8,0,0,0.35,0.1,0.65,10,egg THOLD=0.65,Kelvin-Voigt,1.5e+06,0.2,394.968,,,,9.81,Kontaktast,0.625,-0.4,-0.26,K,Kontaktast,1,0,0,8.63993,,330.505,183.885,80,eingeschwungen
L1,0,0,0,8,0,0,0.35,0.1,0.65,10,egg THOLD=0.65,Kelvin-Voigt,1.5e+06,0.2,394.968,,,,9.81,Kontaktast,0.625,-0.3,-0.195,K,Kontaktast,1,0,0,8.63993,,249.446,151.336,80,eingeschwungen
L1,0,0,0,8,0,0,0.35,0.1,0.65,10,egg THOLD=0.65,Kelvin-Voigt,1.5e+06,0.2,394.968,,,,9.81,Kontaktast,0.625,-0.2,-0.13,K,Kontaktast,1,0,0,8.63993,,168.386,106.25,80,eingeschwungen
L1,0,0,0,8,0,0,0.35,0.1,0.65,10,egg THOLD=0.65,Kelvin-Voigt,1.5e+06,0.2,394.968,,,,9.81,Kontaktast,0.625,-0.1,-0.065,K,Kontaktast,1,0,0,8.63993,,87.3271,53.6467,80,eingeschwungen
L1,0,0,0,8,0,0,0.35,0.1,0.65,10,egg THOLD=0.65,Kelvin-Voigt,1.5e+06,0.2,394.968,,,,9.81,Kontaktast,0.625,0,0,K,Kontaktast,1,0,0,8.63993,,8.63993,,80,eingeschwungen
L1,0,0,0,8,0,0,0.35,0.1,0.65,10,egg THOLD=0.65,Kelvin-Voigt,1.5e+06,0.2,394.968,,,,9.81,Kontaktast,0.625,0.1,0.065,K,Kontaktast,1,0,0,8.63993,,97.1232,97.1232,80,eingeschwungen
L1,0,0,0,8,0,0,0.35,0.1,0.65,10,egg THOLD=0.65,Kelvin-Voigt,1.5e+06,0.2,394.968,,,,9.81,Kontaktast,0.625,0.2,0.13,K,Kontaktast,1,0,0,8.63993,,176.022,176.022,80,eingeschwungen
L1,0,0,0,8,0,0,0.35,0.1,0.65,10,egg THOLD=0.65,Kelvin-Voigt,1.5e+06,0.2,394.968,,,,9.81,Kontaktast,0.625,0.3,0.195,K,Kontaktast,1,0,0,8.63993,,227.089,227.089,80,eingeschwungen
L1,0,0,0,8,0,0,0.35,0.1,0.65,10,egg THOLD=0.65,Kelvin-Voigt,1.5e+06,0.2,394.968,,,,9.81,Kontaktast,0.625,0.4,0.26,K,Kontaktast,1,0,0,8.63993,,278.068,278.068,80,eingeschwungen
L1,0,0,0,8,0,0,0.35,0.1,0.65,10,egg THOLD=0.65,Kelvin-Voigt,1.5e+06,0.2,394.968,,,,9.81,Kontaktast,0.625,0.5,0.325,K,Kontaktast,1,0,0,8.63993,,345.47,345.47,80,eingeschwungen
L1,0,0,0,8,0,0,0.35,0.1,0.65,10,egg THOLD=0.65,Kelvin-Voigt,1.5e+06,0.2,394.968,,,,9.81,Kontaktast,0.625,0.6,0.39,K,Kontaktast,1,0,0,8.63993,,455.073,455.073,80,eingeschwungen
L1,0,0,0,8,0,0,0.35,0.1,0.65,10,egg THOLD=0.65,Kelvin-Voigt,1.5e+06,0.2,394.968,,,,9.81,Kontaktast,0.625,0.7,0.455,K,Kontaktast,1,0,0,8.63993,,573.694,573.694,80,eingeschwungen
L1,0,0,0,8,0,0,0.35,0.1,0.65,10,egg THOLD=0.65,Kelvin-Voigt,1.5e+06,0.2,394.968,,,,9.81,Kontaktast,0.625,0.8,0.52,K,Kontaktast,1,0,0,8.63993,,637.035,637.035,80,eingeschwungen
L1,0,0,0,8,0,0,0.35,0.1,0.65,10,egg THOLD=0.65,Kelvin-Voigt,1.5e+06,0.2,394.968,,,,9.81,Kontaktast,0.625,0.9,0.585,K,Kontaktast,1,0,0,8.63993,,688.25,688.25,80,eingeschwungen
L1,0,0,0,8,0,0,0.35,0.1,0.65,10,egg THOLD=0.65,Kelvin-Voigt,1.5e+06,0.2,394.968,,,,9.81,Kontaktast,0.625,1,0.65,K,Kontaktast,1,0,0,8.63993,,752.431,752.431,80,eingeschwungen
L1,0,0,0,8,0,0,0.35,0.1,0.65,10,egg THOLD=0.65,Kelvin-Voigt,1.5e+06,0.2,394.968,,,,9.81,Kontaktast,0.75,-1,-0.65,K,Kontaktast,1,0,0,8.63993,,818.818,469.015,80,eingeschwungen
L1,0,0,0,8,0,0,0.35,0.1,0.65,10,egg THOLD=0.65,Kelvin-Voigt,1.5e+06,0.2,394.968,,,,9.81,Kontaktast,0.75,-0.9,-0.585,K,Kontaktast,1,0,0,8.63993,,737.759,392.353,80,eingeschwungen
L1,0,0,0,8,0,0,0.35,0.1,0.65,10,egg THOLD=0.65,Kelvin-Voigt,1.5e+06,0.2,394.968,,,,9.81,Kontaktast,0.75,-0.8,-0.52,K,Kontaktast,1,0,0,8.63993,,656.7,319.411,80,eingeschwungen
L1,0,0,0,8,0,0,0.35,0.1,0.65,10,egg THOLD=0.65,Kelvin-Voigt,1.5e+06,0.2,394.968,,,,9.81,Kontaktast,0.75,-0.7,-0.455,K,Kontaktast,1,0,0,8.63993,,575.641,267.029,80,eingeschwungen
L1,0,0,0,8,0,0,0.35,0.1,0.65,10,egg THOLD=0.65,Kelvin-Voigt,1.5e+06,0.2,394.968,,,,9.81,Kontaktast,0.75,-0.6,-0.39,K,Kontaktast,1,0,0,8.63993,,494.581,224.622,80,eingeschwungen
L1,0,0,0,8,0,0,0.35,0.1,0.65,10,egg THOLD=0.65,Kelvin-Voigt,1.5e+06,0.2,394.968,,,,9.81,Kontaktast,0.75,-0.5,-0.325,K,Kontaktast,1,0,0,8.63993,,413.522,189.326,80,eingeschwungen
L1,0,0,0,8,0,0,0.35,0.1,0.65,10,egg THOLD=0.65,Kelvin-Voigt,1.5e+06,0.2,394.968,,,,9.81,Kontaktast,0.75,-0.4,-0.26,K,Kontaktast,1,0,0,8.63993,,332.463,156.78,80,eingeschwungen
L1,0,0,0,8,0,0,0.35,0.1,0.65,10,egg THOLD=0.65,Kelvin-Voigt,1.5e+06,0.2,394.968,,,,9.81,Kontaktast,0.75,-0.3,-0.195,K,Kontaktast,1,0,0,8.63993,,251.404,124.633,80,eingeschwungen
L1,0,0,0,8,0,0,0.35,0.1,0.65,10,egg THOLD=0.65,Kelvin-Voigt,1.5e+06,0.2,394.968,,,,9.81,Kontaktast,0.75,-0.2,-0.13,K,Kontaktast,1,0,0,8.63993,,170.345,91.6787,80,eingeschwungen
L1,0,0,0,8,0,0,0.35,0.1,0.65,10,egg THOLD=0.65,Kelvin-Voigt,1.5e+06,0.2,394.968,,,,9.81,Kontaktast,0.75,-0.1,-0.065,K,Kontaktast,1,0,0,8.63993,,89.2853,49.5413,80,eingeschwungen
L1,0,0,0,8,0,0,0.35,0.1,0.65,10,egg THOLD=0.65,Kelvin-Voigt,1.5e+06,0.2,394.968,,,,9.81,Kontaktast,0.75,0,0,K,Kontaktast,1,0,0,8.63993,,8.63993,,80,eingeschwungen
L1,0,0,0,8,0,0,0.35,0.1,0.65,10,egg THOLD=0.65,Kelvin-Voigt,1.5e+06,0.2,394.968,,,,9.81,Kontaktast,0.75,0.1,0.065,K,Kontaktast,1,0,0,8.63993,,85.9817,85.9817,80,eingeschwungen
L1,0,0,0,8,0,0,0.35,0.1,0.65,10,egg THOLD=0.65,Kelvin-Voigt,1.5e+06,0.2,394.968,,,,9.81,Kontaktast,0.75,0.2,0.13,K,Kontaktast,1,0,0,8.63993,,145.406,145.406,80,eingeschwungen
L1,0,0,0,8,0,0,0.35,0.1,0.65,10,egg THOLD=0.65,Kelvin-Voigt,1.5e+06,0.2,394.968,,,,9.81,Kontaktast,0.75,0.3,0.195,K,Kontaktast,1,0,0,8.63993,,200.766,200.766,80,eingeschwungen
L1,0,0,0,8,0,0,0.35,0.1,0.65,10,egg THOLD=0.65,Kelvin-Voigt,1.5e+06,0.2,394.968,,,,9.81,Kontaktast,0.75,0.4,0.26,K,Kontaktast,1,0,0,8.63993,,266.193,266.193,80,eingeschwungen
L1,0,0,0,8,0,0,0.35,0.1,0.65,10,egg THOLD=0.65,Kelvin-Voigt,1.5e+06,0.2,394.968,,,,9.81,Kontaktast,0.75,0.5,0.325,K,Kontaktast,1,0,0,8.63993,,363.65,363.65,80,eingeschwungen
L1,0,0,0,8,0,0,0.35,0.1,0.65,10,egg THOLD=0.65,Kelvin-Voigt,1.5e+06,0.2,394.968,,,,9.81,Kontaktast,0.75,0.6,0.39,K,Kontaktast,1,0,0,8.63993,,495.183,495.183,80,eingeschwungen
L1,0,0,0,8,0,0,0.35,0.1,0.65,10,egg THOLD=0.65,Kelvin-Voigt,1.5e+06,0.2,394.968,,,,9.81,Kontaktast,0.75,0.7,0.455,K,Kontaktast,1,0,0,8.63993,,569.057,569.057,80,eingeschwungen
L1,0,0,0,8,0,0,0.35,0.1,0.65,10,egg THOLD=0.65,Kelvin-Voigt,1.5e+06,0.2,394.968,,,,9.81,Kontaktast,0.75,0.8,0.52,K,Kontaktast,1,0,0,8.63993,,621.771,621.771,80,eingeschwungen
L1,0,0,0,8,0,0,0.35,0.1,0.65,10,egg THOLD=0.65,Kelvin-Voigt,1.5e+06,0.2,394.968,,,,9.81,Kontaktast,0.75,0.9,0.585,K,Kontaktast,1,0,0,8.63993,,680.623,680.623,80,eingeschwungen
L1,0,0,0,8,0,0,0.35,0.1,0.65,10,egg THOLD=0.65,Kelvin-Voigt,1.5e+06,0.2,394.968,,,,9.81,Kontaktast,0.75,1,0.65,K,Kontaktast,1,0,0,8.63993,,774.282,774.282,80,eingeschwungen
L1,0,0,0,8,0,0,0.35,0.1,0.65,10,egg THOLD=0.65,Kelvin-Voigt,1.5e+06,0.2,394.968,,,,9.81,Kontaktast,0.875,-1,-0.65,K,Kontaktast,1,0,0,8.63993,,818.948,502.506,80,eingeschwungen
L1,0,0,0,8,0,0,0.35,0.1,0.65,10,egg THOLD=0.65,Kelvin-Voigt,1.5e+06,0.2,394.968,,,,9.81,Kontaktast,0.875,-0.9,-0.585,K,Kontaktast,1,0,0,8.63993,,737.888,464.447,80,eingeschwungen
L1,0,0,0,8,0,0,0.35,0.1,0.65,10,egg THOLD=0.65,Kelvin-Voigt,1.5e+06,0.2,394.968,,,,9.81,Kontaktast,0.875,-0.8,-0.52,K,Kontaktast,1,0,0,8.63993,,656.829,405.597,80,eingeschwungen
L1,0,0,0,8,0,0,0.35,0.1,0.65,10,egg THOLD=0.65,Kelvin-Voigt,1.5e+06,0.2,394.968,,,,9.81,Kontaktast,0.875,-0.7,-0.455,K,Kontaktast,1,0,0,8.63993,,575.77,326.849,80,eingeschwungen
L1,0,0,0,8,0,0,0.35,0.1,0.65,10,egg THOLD=0.65,Kelvin-Voigt,1.5e+06,0.2,394.968,,,,9.81,Kontaktast,0.875,-0.6,-0.39,K,Kontaktast,1,0,0,8.63993,,494.711,257.18,80,eingeschwungen
L1,0,0,0,8,0,0,0.35,0.1,0.65,10,egg THOLD=0.65,Kelvin-Voigt,1.5e+06,0.2,394.968,,,,9.81,Kontaktast,0.875,-0.5,-0.325,K,Kontaktast,1,0,0,8.63993,,413.652,204.3,80,eingeschwungen
L1,0,0,0,8,0,0,0.35,0.1,0.65,10,egg THOLD=0.65,Kelvin-Voigt,1.5e+06,0.2,394.968,,,,9.81,Kontaktast,0.875,-0.4,-0.26,K,Kontaktast,1,0,0,8.63993,,332.592,160.278,80,eingeschwungen
L1,0,0,0,8,0,0,0.35,0.1,0.65,10,egg THOLD=0.65,Kelvin-Voigt,1.5e+06,0.2,394.968,,,,9.81,Kontaktast,0.875,-0.3,-0.195,K,Kontaktast,1,0,0,8.63993,,251.533,121.476,80,eingeschwungen
L1,0,0,0,8,0,0,0.35,0.1,0.65,10,egg THOLD=0.65,Kelvin-Voigt,1.5e+06,0.2,394.968,,,,9.81,Kontaktast,0.875,-0.2,-0.13,K,Kontaktast,1,0,0,8.63993,,170.474,83.3703,80,eingeschwungen
L1,0,0,0,8,0,0,0.35,0.1,0.65,10,egg THOLD=0.65,Kelvin-Voigt,1.5e+06,0.2,394.968,,,,9.81,Kontaktast,0.875,-0.1,-0.065,K,Kontaktast,1,0,0,8.63993,,89.4147,45.0325,80,eingeschwungen
L1,0,0,0,8,0,0,0.35,0.1,0.65,10,egg THOLD=0.65,Kelvin-Voigt,1.5e+06,0.2,394.968,,,,9.81,Kontaktast,0.875,0,0,K,Kontaktast,1,0,0,8.63993,,8.63993,,80,eingeschwungen
L1,0,0,0,8,0,0,0.35,0.1,0.65,10,egg THOLD=0.65,Kelvin-Voigt,1.5e+06,0.2,394.968,,,,9.81,Kontaktast,0.875,0.1,0.065,K,Kontaktast,1,0,0,8.63993,,75.5482,75.5482,80,eingeschwungen
L1,0,0,0,8,0,0,0.35,0.1,0.65,10,egg THOLD=0.65,Kelvin-Voigt,1.5e+06,0.2,394.968,,,,9.81,Kontaktast,0.875,0.2,0.13,K,Kontaktast,1,0,0,8.63993,,140.714,140.714,80,eingeschwungen
L1,0,0,0,8,0,0,0.35,0.1,0.65,10,egg THOLD=0.65,Kelvin-Voigt,1.5e+06,0.2,394.968,,,,9.81,Kontaktast,0.875,0.3,0.195,K,Kontaktast,1,0,0,8.63993,,213.046,213.046,80,eingeschwungen
L1,0,0,0,8,0,0,0.35,0.1,0.65,10,egg THOLD=0.65,Kelvin-Voigt,1.5e+06,0.2,394.968,,,,9.81,Kontaktast,0.875,0.4,0.26,K,Kontaktast,1,0,0,8.63993,,315.47,315.47,80,eingeschwungen
L1,0,0,0,8,0,0,0.35,0.1,0.65,10,egg THOLD=0.65,Kelvin-Voigt,1.5e+06,0.2,394.968,,,,9.81,Kontaktast,0.875,0.5,0.325,K,Kontaktast,1,0,0,8.63993,,446.894,446.894,80,eingeschwungen
L1,0,0,0,8,0,0,0.35,0.1,0.65,10,egg THOLD=0.65,Kelvin-Voigt,1.5e+06,0.2,394.968,,,,9.81,Kontaktast,0.875,0.6,0.39,K,Kontaktast,1,0,0,8.63993,,519.35,519.35,80,eingeschwungen
L1,0,0,0,8,0,0,0.35,0.1,0.65,10,egg THOLD=0.65,Kelvin-Voigt,1.5e+06,0.2,394.968,,,,9.81,Kontaktast,0.875,0.7,0.455,K,Kontaktast,1,0,0,8.63993,,571.967,571.967,80,eingeschwungen
L1,0,0,0,8,0,0,0.35,0.1,0.65,10,egg THOLD=0.65,Kelvin-Voigt,1.5e+06,0.2,394.968,,,,9.81,Kontaktast,0.875,0.8,0.52,K,Kontaktast,1,0,0,8.63993,,631.61,631.61,80,eingeschwungen
L1,0,0,0,8,0,0,0.35,0.1,0.65,10,egg THOLD=0.65,Kelvin-Voigt,1.5e+06,0.2,394.968,,,,9.81,Kontaktast,0.875,0.9,0.585,K,Kontaktast,1,0,0,8.63993,,727.042,727.042,80,eingeschwungen
L1,0,0,0,8,0,0,0.35,0.1,0.65,10,egg THOLD=0.65,Kelvin-Voigt,1.5e+06,0.2,394.968,,,,9.81,Kontaktast,0.875,1,0.65,K,Kontaktast,1,0,0,8.63993,,855.445,855.445,80,eingeschwungen
"Schnitt (120°,240°)",0,120,240,8,8,8,0.35,0.1,0.65,10,egg THOLD=0.65,Kelvin-Voigt,1.5e+06,0.2,394.968,,,,9.81,Kontaktast,0,-1,-0.65,K,Kontaktast,1,0,0,6.95609,,816.134,465.201,80,eingeschwungen
"Schnitt (120°,240°)",0,120,240,8,8,8,0.35,0.1,0.65,10,egg THOLD=0.65,Kelvin-Voigt,1.5e+06,0.2,394.968,,,,9.81,Kontaktast,0,-0.9,-0.585,K,Kontaktast,1,0,0,6.95609,,735.074,412.471,80,eingeschwungen
"Schnitt (120°,240°)",0,120,240,8,8,8,0.35,0.1,0.65,10,egg THOLD=0.65,Kelvin-Voigt,1.5e+06,0.2,394.968,,,,9.81,Kontaktast,0,-0.8,-0.52,K,Kontaktast,1,0,0,6.95609,,654.015,374.078,80,eingeschwungen
"Schnitt (120°,240°)",0,120,240,8,8,8,0.35,0.1,0.65,10,egg THOLD=0.65,Kelvin-Voigt,1.5e+06,0.2,394.968,,,,9.81,Kontaktast,0,-0.7,-0.455,K,Kontaktast,1,0,0,6.95609,,572.956,325.4,80,eingeschwungen
"Schnitt (120°,240°)",0,120,240,8,8,8,0.35,0.1,0.65,10,egg THOLD=0.65,Kelvin-Voigt,1.5e+06,0.2,394.968,,,,9.81,Kontaktast,0,-0.6,-0.39,K,Kontaktast,1,0,0,6.95609,,491.897,273.615,80,eingeschwungen
"Schnitt (120°,240°)",0,120,240,8,8,8,0.35,0.1,0.65,10,egg THOLD=0.65,Kelvin-Voigt,1.5e+06,0.2,394.968,,,,9.81,Kontaktast,0,-0.5,-0.325,K,Kontaktast,1,0,0,6.95609,,410.838,235.886,80,eingeschwungen
"Schnitt (120°,240°)",0,120,240,8,8,8,0.35,0.1,0.65,10,egg THOLD=0.65,Kelvin-Voigt,1.5e+06,0.2,394.968,,,,9.81,Kontaktast,0,-0.4,-0.26,K,Kontaktast,1,0,0,6.95609,,329.778,186.048,80,eingeschwungen
"Schnitt (120°,240°)",0,120,240,8,8,8,0.35,0.1,0.65,10,egg THOLD=0.65,Kelvin-Voigt,1.5e+06,0.2,394.968,,,,9.81,Kontaktast,0,-0.3,-0.195,K,Kontaktast,1,0,0,6.95609,,248.719,135.114,80,eingeschwungen
"Schnitt (120°,240°)",0,120,240,8,8,8,0.35,0.1,0.65,10,egg THOLD=0.65,Kelvin-Voigt,1.5e+06,0.2,394.968,,,,9.81,Kontaktast,0,-0.2,-0.13,K,Kontaktast,1,0,0,6.95609,,167.66,98.2853,80,eingeschwungen
"Schnitt (120°,240°)",0,120,240,8,8,8,0.35,0.1,0.65,10,egg THOLD=0.65,Kelvin-Voigt,1.5e+06,0.2,394.968,,,,9.81,Kontaktast,0,-0.1,-0.065,K,Kontaktast,1,0,0,6.95609,,86.6008,51.668,80,eingeschwungen
"Schnitt (120°,240°)",0,120,240,8,8,8,0.35,0.1,0.65,10,egg THOLD=0.65,Kelvin-Voigt,1.5e+06,0.2,394.968,,,,9.81,Kontaktast,0,0,0,K,Kontaktast,1,0,0,6.95609,,6.95609,,80,eingeschwungen
"Schnitt (120°,240°)",0,120,240,8,8,8,0.35,0.1,0.65,10,egg THOLD=0.65,Kelvin-Voigt,1.5e+06,0.2,394.968,,,,9.81,Kontaktast,0,0.1,0.065,K,Kontaktast,1,0,0,6.95609,,91.4236,91.4236,80,eingeschwungen
"Schnitt (120°,240°)",0,120,240,8,8,8,0.35,0.1,0.65,10,egg THOLD=0.65,Kelvin-Voigt,1.5e+06,0.2,394.968,,,,9.81,Kontaktast,0,0.2,0.13,K,Kontaktast,1,0,0,6.95609,,162.379,162.379,80,eingeschwungen
"Schnitt (120°,240°)",0,120,240,8,8,8,0.35,0.1,0.65,10,egg THOLD=0.65,Kelvin-Voigt,1.5e+06,0.2,394.968,,,,9.81,Kontaktast,0,0.3,0.195,K,Kontaktast,1,0,0,6.95609,,250.473,250.473,80,eingeschwungen
"Schnitt (120°,240°)",0,120,240,8,8,8,0.35,0.1,0.65,10,egg THOLD=0.65,Kelvin-Voigt,1.5e+06,0.2,394.968,,,,9.81,Kontaktast,0,0.4,0.26,K,Kontaktast,1,0,0,6.95609,,328.323,328.323,80,eingeschwungen
"Schnitt (120°,240°)",0,120,240,8,8,8,0.35,0.1,0.65,10,egg THOLD=0.65,Kelvin-Voigt,1.5e+06,0.2,394.968,,,,9.81,Kontaktast,0,0.5,0.325,K,Kontaktast,1,0,0,6.95609,,405.753,405.753,80,eingeschwungen
"Schnitt (120°,240°)",0,120,240,8,8,8,0.35,0.1,0.65,10,egg THOLD=0.65,Kelvin-Voigt,1.5e+06,0.2,394.968,,,,9.81,Kontaktast,0,0.6,0.39,K,Kontaktast,1,0,0,6.95609,,494.191,494.191,80,eingeschwungen
"Schnitt (120°,240°)",0,120,240,8,8,8,0.35,0.1,0.65,10,egg THOLD=0.65,Kelvin-Voigt,1.5e+06,0.2,394.968,,,,9.81,Kontaktast,0,0.7,0.455,K,Kontaktast,1,0,0,6.95609,,567.495,567.495,80,eingeschwungen
"Schnitt (120°,240°)",0,120,240,8,8,8,0.35,0.1,0.65,10,egg THOLD=0.65,Kelvin-Voigt,1.5e+06,0.2,394.968,,,,9.81,Kontaktast,0,0.8,0.52,K,Kontaktast,1,0,0,6.95609,,654.275,654.275,80,eingeschwungen
"Schnitt (120°,240°)",0,120,240,8,8,8,0.35,0.1,0.65,10,egg THOLD=0.65,Kelvin-Voigt,1.5e+06,0.2,394.968,,,,9.81,Kontaktast,0,0.9,0.585,K,Kontaktast,1,0,0,6.95609,,734.324,734.324,80,eingeschwungen
"Schnitt (120°,240°)",0,120,240,8,8,8,0.35,0.1,0.65,10,egg THOLD=0.65,Kelvin-Voigt,1.5e+06,0.2,394.968,,,,9.81,Kontaktast,0,1,0.65,K,Kontaktast,1,0,0,6.95609,,810.069,810.069,80,eingeschwungen
"Schnitt (120°,240°)",0,120,240,8,8,8,0.35,0.1,0.65,10,egg THOLD=0.65,Kelvin-Voigt,1.5e+06,0.2,394.968,,,,9.81,Kontaktast,0.125,-1,-0.65,K,Kontaktast,1,0,0,6.95609,,817.495,465.574,80,eingeschwungen
"Schnitt (120°,240°)",0,120,240,8,8,8,0.35,0.1,0.65,10,egg THOLD=0.65,Kelvin-Voigt,1.5e+06,0.2,394.968,,,,9.81,Kontaktast,0.125,-0.9,-0.585,K,Kontaktast,1,0,0,6.95609,,736.436,420.496,80,eingeschwungen
"Schnitt (120°,240°)",0,120,240,8,8,8,0.35,0.1,0.65,10,egg THOLD=0.65,Kelvin-Voigt,1.5e+06,0.2,394.968,,,,9.81,Kontaktast,0.125,-0.8,-0.52,K,Kontaktast,1,0,0,6.95609,,655.377,367.083,80,eingeschwungen
"Schnitt (120°,240°)",0,120,240,8,8,8,0.35,0.1,0.65,10,egg THOLD=0.65,Kelvin-Voigt,1.5e+06,0.2,394.968,,,,9.81,Kontaktast,0.125,-0.7,-0.455,K,Kontaktast,1,0,0,6.95609,,574.318,327.646,80,eingeschwungen
"Schnitt (120°,240°)",0,120,240,8,8,8,0.35,0.1,0.65,10,egg THOLD=0.65,Kelvin-Voigt,1.5e+06,0.2,394.968,,,,9.81,Kontaktast,0.125,-0.6,-0.39,K,Kontaktast,1,0,0,6.95609,,493.259,280.444,80,eingeschwungen
"Schnitt (120°,240°)",0,120,240,8,8,8,0.35,0.1,0.65,10,egg THOLD=0.65,Kelvin-Voigt,1.5e+06,0.2,394.968,,,,9.81,Kontaktast,0.125,-0.5,-0.325,K,Kontaktast,1,0,0,6.95609,,412.199,227.45,80,eingeschwungen
"Schnitt (120°,240°)",0,120,240,8,8,8,0.35,0.1,0.65,10,egg THOLD=0.65,Kelvin-Voigt,1.5e+06,0.2,394.968,,,,9.81,Kontaktast,0.125,-0.4,-0.26,K,Kontaktast,1,0,0,6.95609,,331.14,188.995,80,eingeschwungen
"Schnitt (120°,240°)",0,120,240,8,8,8,0.35,0.1,0.65,10,egg THOLD=0.65,Kelvin-Voigt,1.5e+06,0.2,394.968,,,,9.81,Kontaktast,0.125,-0.3,-0.195,K,Kontaktast,1,0,0,6.95609,,250.081,140.291,80,eingeschwungen
"Schnitt (120°,240°)",0,120,240,8,8,8,0.35,0.1,0.65,10,egg THOLD=0.65,Kelvin-Voigt,1.5e+06,0.2,394.968,,,,9.81,Kontaktast,0.125,-0.2,-0.13,K,Kontaktast,1,0,0,6.95609,,169.022,86.5016,80,eingeschwungen
"Schnitt (120°,240°)",0,120,240,8,8,8,0.35,0.1,0.65,10,egg THOLD=0.65,Kelvin-Voigt,1.5e+06,0.2,394.968,,,,9.81,Kontaktast,0.125,-0.1,-0.065,K,Kontaktast,1,0,0,6.95609,,87.9625,47.0801,80,eingeschwungen
"Schnitt (120°,240°)",0,120,240,8,8,8,0.35,0.1,0.65,10,egg THOLD=0.65,Kelvin-Voigt,1.5e+06,0.2,394.968,,,,9.81,Kontaktast,0.125,0,0,K,Kontaktast,1,0,0,6.95609,,6.95609,,80,eingeschwungen
"Schnitt (120°,240°)",0,120,240,8,8,8,0.35,0.1,0.65,10,egg THOLD=0.65,Kelvin-Voigt,1.5e+06,0.2,394.968,,,,9.81,Kontaktast,0.125,0.1,0.065,K,Kontaktast,1,0,0,6.95609,,78.621,78.621,80,eingeschwungen
"Schnitt (120°,240°)",0,120,240,8,8,8,0.35,0.1,0.65,10,egg THOLD=0.65,Kelvin-Voigt,1.5e+06,0.2,394.968,,,,9.81,Kontaktast,0.125,0.2,0.13,K,Kontaktast,1,0,0,6.95609,,166.689,166.689,80,eingeschwungen
"Schnitt (120°,240°)",0,120,240,8,8,8,0.35,0.1,0.65,10,egg THOLD=0.65,Kelvin-Voigt,1.5e+06,0.2,394.968,,,,9.81,Kontaktast,0.125,0.3,0.195,K,Kontaktast,1,0,0,6.95609,,239.996,239.996,80,eingeschwungen
"Schnitt (120°,240°)",0,120,240,8,8,8,0.35,0.1,0.65,10,egg THOLD=0.65,Kelvin-Voigt,1.5e+06,0.2,394.968,,,,9.81,Kontaktast,0.125,0.4,0.26,K,Kontaktast,1,0,0,6.95609,,329.488,329.488,80,eingeschwungen
"Schnitt (120°,240°)",0,120,240,8,8,8,0.35,0.1,0.65,10,egg THOLD=0.65,Kelvin-Voigt,1.5e+06,0.2,394.968,,,,9.81,Kontaktast,0.125,0.5,0.325,K,Kontaktast,1,0,0,6.95609,,406.277,406.277,80,eingeschwungen
"Schnitt (120°,240°)",0,120,240,8,8,8,0.35,0.1,0.65,10,egg THOLD=0.65,Kelvin-Voigt,1.5e+06,0.2,394.968,,,,9.81,Kontaktast,0.125,0.6,0.39,K,Kontaktast,1,0,0,6.95609,,485.385,485.385,80,eingeschwungen
"Schnitt (120°,240°)",0,120,240,8,8,8,0.35,0.1,0.65,10,egg THOLD=0.65,Kelvin-Voigt,1.5e+06,0.2,394.968,,,,9.81,Kontaktast,0.125,0.7,0.455,K,Kontaktast,1,0,0,6.95609,,572.94,572.94,80,eingeschwungen
"Schnitt (120°,240°)",0,120,240,8,8,8,0.35,0.1,0.65,10,egg THOLD=0.65,Kelvin-Voigt,1.5e+06,0.2,394.968,,,,9.81,Kontaktast,0.125,0.8,0.52,K,Kontaktast,1,0,0,6.95609,,646.264,646.264,80,eingeschwungen
"Schnitt (120°,240°)",0,120,240,8,8,8,0.35,0.1,0.65,10,egg THOLD=0.65,Kelvin-Voigt,1.5e+06,0.2,394.968,,,,9.81,Kontaktast,0.125,0.9,0.585,K,Kontaktast,1,0,0,6.95609,,734.147,734.147,80,eingeschwungen
"Schnitt (120°,240°)",0,120,240,8,8,8,0.35,0.1,0.65,10,egg THOLD=0.65,Kelvin-Voigt,1.5e+06,0.2,394.968,,,,9.81,Kontaktast,0.125,1,0.65,K,Kontaktast,1,0,0,6.95609,,812.955,812.955,80,eingeschwungen
"Schnitt (120°,240°)",0,120,240,8,8,8,0.35,0.1,0.65,10,egg THOLD=0.65,Kelvin-Voigt,1.5e+06,0.2,394.968,,,,9.81,Kontaktast,0.25,-1,-0.65,K,Kontaktast,1,0,0,6.95609,,816.911,467.407,80,eingeschwungen
"Schnitt (120°,240°)",0,120,240,8,8,8,0.35,0.1,0.65,10,egg THOLD=0.65,Kelvin-Voigt,1.5e+06,0.2,394.968,,,,9.81,Kontaktast,0.25,-0.9,-0.585,K,Kontaktast,1,0,0,6.95609,,735.851,422.64,80,eingeschwungen
"Schnitt (120°,240°)",0,120,240,8,8,8,0.35,0.1,0.65,10,egg THOLD=0.65,Kelvin-Voigt,1.5e+06,0.2,394.968,,,,9.81,Kontaktast,0.25,-0.8,-0.52,K,Kontaktast,1,0,0,6.95609,,654.792,381.204,80,eingeschwungen
"Schnitt (120°,240°)",0,120,240,8,8,8,0.35,0.1,0.65,10,egg THOLD=0.65,Kelvin-Voigt,1.5e+06,0.2,394.968,,,,9.81,Kontaktast,0.25,-0.7,-0.455,K,Kontaktast,1,0,0,6.95609,,573.733,327.638,80,eingeschwungen
"Schnitt (120°,240°)",0,120,240,8,8,8,0.35,0.1,0.65,10,egg THOLD=0.65,Kelvin-Voigt,1.5e+06,0.2,394.968,,,,9.81,Kontaktast,0.25,-0.6,-0.39,K,Kontaktast,1,0,0,6.95609,,492.674,285.31,80,eingeschwungen
"Schnitt (120°,240°)",0,120,240,8,8,8,0.35,0.1,0.65,10,egg THOLD=0.65,Kelvin-Voigt,1.5e+06,0.2,394.968,,,,9.81,Kontaktast,0.25,-0.5,-0.325,K,Kontaktast,1,0,0,6.95609,,411.615,241.841,80,eingeschwungen
"Schnitt (120°,240°)",0,120,240,8,8,8,0.35,0.1,0.65,10,egg THOLD=0.65,Kelvin-Voigt,1.5e+06,0.2,394.968,,,,9.81,Kontaktast,0.25,-0.4,-0.26,K,Kontaktast,1,0,0,6.95609,,330.555,188.166,80,eingeschwungen
"Schnitt (120°,240°)",0,120,240,8,8,8,0.35,0.1,0.65,10,egg THOLD=0.65,Kelvin-Voigt,1.5e+06,0.2,394.968,,,,9.81,Kontaktast,0.25,-0.3,-0.195,K,Kontaktast,1,0,0,6.95609,,249.496,147.647,80,eingeschwungen
"Schnitt (120°,240°)",0,120,240,8,8,8,0.35,0.1,0.65,10,egg THOLD=0.65,Kelvin-Voigt,1.5e+06,0.2,394.968,,,,9.81,Kontaktast,0.25,-0.2,-0.13,K,Kontaktast,1,0,0,6.95609,,168.437,103.612,80,eingeschwungen
"Schnitt (120°,240°)",0,120,240,8,8,8,0.35,0.1,0.65,10,egg THOLD=0.65,Kelvin-Voigt,1.5e+06,0.2,394.968,,,,9.81,Kontaktast,0.25,-0.1,-0.065,K,Kontaktast,1,0,0,6.95609,,87.3778,49.4519,80,eingeschwungen
"Schnitt (120°,240°)",0,120,240,8,8,8,0.35,0.1,0.65,10,egg THOLD=0.65,Kelvin-Voigt,1.5e+06,0.2,394.968,,,,9.81,Kontaktast,0.25,0,0,K,Kontaktast,1,0,0,6.95609,,6.95609,,80,eingeschwungen
"Schnitt (120°,240°)",0,120,240,8,8,8,0.35,0.1,0.65,10,egg THOLD=0.65,Kelvin-Voigt,1.5e+06,0.2,394.968,,,,9.81,Kontaktast,0.25,0.1,0.065,K,Kontaktast,1,0,0,6.95609,,90.3947,90.3947,80,eingeschwungen
"Schnitt (120°,240°)",0,120,240,8,8,8,0.35,0.1,0.65,10,egg THOLD=0.65,Kelvin-Voigt,1.5e+06,0.2,394.968,,,,9.81,Kontaktast,0.25,0.2,0.13,K,Kontaktast,1,0,0,6.95609,,168.141,168.141,80,eingeschwungen
"Schnitt (120°,240°)",0,120,240,8,8,8,0.35,0.1,0.65,10,egg THOLD=0.65,Kelvin-Voigt,1.5e+06,0.2,394.968,,,,9.81,Kontaktast,0.25,0.3,0.195,K,Kontaktast,1,0,0,6.95609,,255.759,255.759,80,eingeschwungen
"Schnitt (120°,240°)",0,120,240,8,8,8,0.35,0.1,0.65,10,egg THOLD=0.65,Kelvin-Voigt,1.5e+06,0.2,394.968,,,,9.81,Kontaktast,0.25,0.4,0.26,K,Kontaktast,1,0,0,6.95609,,328.833,328.833,80,eingeschwungen
"Schnitt (120°,240°)",0,120,240,8,8,8,0.35,0.1,0.65,10,egg THOLD=0.65,Kelvin-Voigt,1.5e+06,0.2,394.968,,,,9.81,Kontaktast,0.25,0.5,0.325,K,Kontaktast,1,0,0,6.95609,,417.174,417.174,80,eingeschwungen
"Schnitt (120°,240°)",0,120,240,8,8,8,0.35,0.1,0.65,10,egg THOLD=0.65,Kelvin-Voigt,1.5e+06,0.2,394.968,,,,9.81,Kontaktast,0.25,0.6,0.39,K,Kontaktast,1,0,0,6.95609,,495.331,495.331,80,eingeschwungen
"Schnitt (120°,240°)",0,120,240,8,8,8,0.35,0.1,0.65,10,egg THOLD=0.65,Kelvin-Voigt,1.5e+06,0.2,394.968,,,,9.81,Kontaktast,0.25,0.7,0.455,K,Kontaktast,1,0,0,6.95609,,572.657,572.657,80,eingeschwungen
"Schnitt (120°,240°)",0,120,240,8,8,8,0.35,0.1,0.65,10,egg THOLD=0.65,Kelvin-Voigt,1.5e+06,0.2,394.968,,,,9.81,Kontaktast,0.25,0.8,0.52,K,Kontaktast,1,0,0,6.95609,,661.364,661.364,80,eingeschwungen
"Schnitt (120°,240°)",0,120,240,8,8,8,0.35,0.1,0.65,10,egg THOLD=0.65,Kelvin-Voigt,1.5e+06,0.2,394.968,,,,9.81,Kontaktast,0.25,0.9,0.585,K,Kontaktast,1,0,0,6.95609,,734.826,734.826,80,eingeschwungen
"Schnitt (120°,240°)",0,120,240,8,8,8,0.35,0.1,0.65,10,egg THOLD=0.65,Kelvin-Voigt,1.5e+06,0.2,394.968,,,,9.81,Kontaktast,0.25,1,0.65,K,Kontaktast,1,0,0,6.95609,,821.16,821.16,80,eingeschwungen
"Schnitt (120°,240°)",0,120,240,8,8,8,0.35,0.1,0.65,10,egg THOLD=0.65,Kelvin-Voigt,1.5e+06,0.2,394.968,,,,9.81,Kontaktast,0.375,-1,-0.65,K,Kontaktast,1,0,0,6.95609,,816.747,465.146,80,eingeschwungen
"Schnitt (120°,240°)",0,120,240,8,8,8,0.35,0.1,0.65,10,egg THOLD=0.65,Kelvin-Voigt,1.5e+06,0.2,394.968,,,,9.81,Kontaktast,0.375,-0.9,-0.585,K,Kontaktast,1,0,0,6.95609,,735.688,411.601,80,eingeschwungen
"Schnitt (120°,240°)",0,120,240,8,8,8,0.35,0.1,0.65,10,egg THOLD=0.65,Kelvin-Voigt,1.5e+06,0.2,394.968,,,,9.81,Kontaktast,0.375,-0.8,-0.52,K,Kontaktast,1,0,0,6.95609,,654.628,368.966,80,eingeschwungen
"Schnitt (120°,240°)",0,120,240,8,8,8,0.35,0.1,0.65,10,egg THOLD=0.65,Kelvin-Voigt,1.5e+06,0.2,394.968,,,,9.81,Kontaktast,0.375,-0.7,-0.455,K,Kontaktast,1,0,0,6.95609,,573.569,325.585,80,eingeschwungen
"Schnitt (120°,240°)",0,120,240,8,8,8,0.35,0.1,0.65,10,egg THOLD=0.65,Kelvin-Voigt,1.5e+06,0.2,394.968,,,,9.81,Kontaktast,0.375,-0.6,-0.39,K,Kontaktast,1,0,0,6.95609,,492.51,271.94,80,eingeschwungen
"Schnitt (120°,240°)",0,120,240,8,8,8,0.35,0.1,0.65,10,egg THOLD=0.65,Kelvin-Voigt,1.5e+06,0.2,394.968,,,,9.81,Kontaktast,0.375,-0.5,-0.325,K,Kontaktast,1,0,0,6.95609,,411.451,231.364,80,eingeschwungen
"Schnitt (120°,240°)",0,120,240,8,8,8,0.35,0.1,0.65,10,egg THOLD=0.65,Kelvin-Voigt,1.5e+06,0.2,394.968,,,,9.81,Kontaktast,0.375,-0.4,-0.26,K,Kontaktast,1,0,0,6.95609,,330.392,186.17,80,eingeschwungen
"Schnitt (120°,240°)",0,120,240,8,8,8,0.35,0.1,0.65,10,egg THOLD=0.65,Kelvin-Voigt,1.5e+06,0.2,394.968,,,,9.81,Kontaktast,0.375,-0.3,-0.195,K,Kontaktast,1,0,0,6.95609,,249.332,132.439,80,eingeschwungen
"Schnitt (120°,240°)",0,120,240,8,8,8,0.35,0.1,0.65,10,egg THOLD=0.65,Kelvin-Voigt,1.5e+06,0.2,394.968,,,,9.81,Kontaktast,0.375,-0.2,-0.13,K,Kontaktast,1,0,0,6.95609,,168.273,93.0264,80,eingeschwungen
"Schnitt (120°,240°)",0,120,240,8,8,8,0.35,0.1,0.65,10,egg THOLD=0.65,Kelvin-Voigt,1.5e+06,0.2,394.968,,,,9.81,Kontaktast,0.375,-0.1,-0.065,K,Kontaktast,1,0,0,6.95609,,87.2141,50.1718,80,eingeschwungen
"Schnitt (120°,240°)",0,120,240,8,8,8,0.35,0.1,0.65,10,egg THOLD=0.65,Kelvin-Voigt,1.5e+06,0.2,394.968,,,,9.81,Kontaktast,0.375,0,0,K,Kontaktast,1,0,0,6.95609,,6.95609,,80,eingeschwungen
"Schnitt (120°,240°)",0,120,240,8,8,8,0.35,0.1,0.65,10,egg THOLD=0.65,Kelvin-Voigt,1.5e+06,0.2,394.968,,,,9.81,Kontaktast,0.375,0.1,0.065,K,Kontaktast,1,0,0,6.95609,,87.1412,87.1412,80,eingeschwungen
"Schnitt (120°,240°)",0,120,240,8,8,8,0.35,0.1,0.65,10,egg THOLD=0.65,Kelvin-Voigt,1.5e+06,0.2,394.968,,,,9.81,Kontaktast,0.375,0.2,0.13,K,Kontaktast,1,0,0,6.95609,,160.715,160.715,80,eingeschwungen
"Schnitt (120°,240°)",0,120,240,8,8,8,0.35,0.1,0.65,10,egg THOLD=0.65,Kelvin-Voigt,1.5e+06,0.2,394.968,,,,9.81,Kontaktast,0.375,0.3,0.195,K,Kontaktast,1,0,0,6.95609,,244.179,244.179,80,eingeschwungen
"Schnitt (120°,240°)",0,120,240,8,8,8,0.35,0.1,0.65,10,egg THOLD=0.65,Kelvin-Voigt,1.5e+06,0.2,394.968,,,,9.81,Kontaktast,0.375,0.4,0.26,K,Kontaktast,1,0,0,6.95609,,327.293,327.293,80,eingeschwungen
"Schnitt (120°,240°)",0,120,240,8,8,8,0.35,0.1,0.65,10,egg THOLD=0.65,Kelvin-Voigt,1.5e+06,0.2,394.968,,,,9.81,Kontaktast,0.375,0.5,0.325,K,Kontaktast,1,0,0,6.95609,,401.329,401.329,80,eingeschwungen
"Schnitt (120°,240°)",0,120,240,8,8,8,0.35,0.1,0.65,10,egg THOLD=0.65,Kelvin-Voigt,1.5e+06,0.2,394.968,,,,9.81,Kontaktast,0.375,0.6,0.39,K,Kontaktast,1,0,0,6.95609,,491.055,491.055,80,eingeschwungen
"Schnitt (120°,240°)",0,120,240,8,8,8,0.35,0.1,0.65,10,egg THOLD=0.65,Kelvin-Voigt,1.5e+06,0.2,394.968,,,,9.81,Kontaktast,0.375,0.7,0.455,K,Kontaktast,1,0,0,6.95609,,566.262,566.262,80,eingeschwungen
"Schnitt (120°,240°)",0,120,240,8,8,8,0.35,0.1,0.65,10,egg THOLD=0.65,Kelvin-Voigt,1.5e+06,0.2,394.968,,,,9.81,Kontaktast,0.375,0.8,0.52,K,Kontaktast,1,0,0,6.95609,,647.567,647.567,80,eingeschwungen
"Schnitt (120°,240°)",0,120,240,8,8,8,0.35,0.1,0.65,10,egg THOLD=0.65,Kelvin-Voigt,1.5e+06,0.2,394.968,,,,9.81,Kontaktast,0.375,0.9,0.585,K,Kontaktast,1,0,0,6.95609,,733.196,733.196,80,eingeschwungen
"Schnitt (120°,240°)",0,120,240,8,8,8,0.35,0.1,0.65,10,egg THOLD=0.65,Kelvin-Voigt,1.5e+06,0.2,394.968,,,,9.81,Kontaktast,0.375,1,0.65,K,Kontaktast,1,0,0,6.95609,,806.703,806.703,80,eingeschwungen
"Schnitt (120°,240°)",0,120,240,8,8,8,0.35,0.1,0.65,10,egg THOLD=0.65,Kelvin-Voigt,1.5e+06,0.2,394.968,,,,9.81,Kontaktast,0.5,-1,-0.65,K,Kontaktast,1,0,0,6.95609,,817.532,463.79,80,eingeschwungen
"Schnitt (120°,240°)",0,120,240,8,8,8,0.35,0.1,0.65,10,egg THOLD=0.65,Kelvin-Voigt,1.5e+06,0.2,394.968,,,,9.81,Kontaktast,0.5,-0.9,-0.585,K,Kontaktast,1,0,0,6.95609,,736.473,425.148,80,eingeschwungen
"Schnitt (120°,240°)",0,120,240,8,8,8,0.35,0.1,0.65,10,egg THOLD=0.65,Kelvin-Voigt,1.5e+06,0.2,394.968,,,,9.81,Kontaktast,0.5,-0.8,-0.52,K,Kontaktast,1,0,0,6.95609,,655.413,372.5,80,eingeschwungen
"Schnitt (120°,240°)",0,120,240,8,8,8,0.35,0.1,0.65,10,egg THOLD=0.65,Kelvin-Voigt,1.5e+06,0.2,394.968,,,,9.81,Kontaktast,0.5,-0.7,-0.455,K,Kontaktast,1,0,0,6.95609,,574.354,325.747,80,eingeschwungen
"Schnitt (120°,240°)",0,120,240,8,8,8,0.35,0.1,0.65,10,egg THOLD=0.65,Kelvin-Voigt,1.5e+06,0.2,394.968,,,,9.81,Kontaktast,0.5,-0.6,-0.39,K,Kontaktast,1,0,0,6.95609,,493.295,285.759,80,eingeschwungen
"Schnitt (120°,240°)",0,120,240,8,8,8,0.35,0.1,0.65,10,egg THOLD=0.65,Kelvin-Voigt,1.5e+06,0.2,394.968,,,,9.81,Kontaktast,0.5,-0.5,-0.325,K,Kontaktast,1,0,0,6.95609,,412.236,232.332,80,eingeschwungen
"Schnitt (120°,240°)",0,120,240,8,8,8,0.35,0.1,0.65,10,egg THOLD=0.65,Kelvin-Voigt,1.5e+06,0.2,394.968,,,,9.81,Kontaktast,0.5,-0.4,-0.26,K,Kontaktast,1,0,0,6.95609,,331.177,187.733,80,eingeschwungen
"Schnitt (120°,240°)",0,120,240,8,8,8,0.35,0.1,0.65,10,egg THOLD=0.65,Kelvin-Voigt,1.5e+06,0.2,394.968,,,,9.81,Kontaktast,0.5,-0.3,-0.195,K,Kontaktast,1,0,0,6.95609,,250.117,146.09,80,eingeschwungen
"Schnitt (120°,240°)",0,120,240,8,8,8,0.35,0.1,0.65,10,egg THOLD=0.65,Kelvin-Voigt,1.5e+06,0.2,394.968,,,,9.81,Kontaktast,0.5,-0.2,-0.13,K,Kontaktast,1,0,0,6.95609,,169.058,91.6167,80,eingeschwungen
"Schnitt (120°,240°)",0,120,240,8,8,8,0.35,0.1,0.65,10,egg THOLD=0.65,Kelvin-Voigt,1.5e+06,0.2,394.968,,,,9.81,Kontaktast,0.5,-0.1,-0.065,K,Kontaktast,1,0,0,6.95609,,87.9989,45.4406,80,eingeschwungen
"Schnitt (120°,240°)",0,120,240,8,8,8,0.35,0.1,0.65,10,egg THOLD=0.65,Kelvin-Voigt,1.5e+06,0.2,394.968,,,,9.81,Kontaktast,0.5,0,0,K,Kontaktast,1,0,0,6.95609,,6.95609,,80,eingeschwungen
"Schnitt (120°,240°)",0,120,240,8,8,8,0.35,0.1,0.65,10,egg THOLD=0.65,Kelvin-Voigt,1.5e+06,0.2,394.968,,,,9.81,Kontaktast,0.5,0.1,0.065,K,Kontaktast,1,0,0,6.95609,,78.0772,78.0772,80,eingeschwungen
"Schnitt (120°,240°)",0,120,240,8,8,8,0.35,0.1,0.65,10,egg THOLD=0.65,Kelvin-Voigt,1.5e+06,0.2,394.968,,,,9.81,Kontaktast,0.5,0.2,0.13,K,Kontaktast,1,0,0,6.95609,,170.222,170.222,80,eingeschwungen
"Schnitt (120°,240°)",0,120,240,8,8,8,0.35,0.1,0.65,10,egg THOLD=0.65,Kelvin-Voigt,1.5e+06,0.2,394.968,,,,9.81,Kontaktast,0.5,0.3,0.195,K,Kontaktast,1,0,0,6.95609,,245.093,245.093,80,eingeschwungen
"Schnitt (120°,240°)",0,120,240,8,8,8,0.35,0.1,0.65,10,egg THOLD=0.65,Kelvin-Voigt,1.5e+06,0.2,394.968,,,,9.81,Kontaktast,0.5,0.4,0.26,K,Kontaktast,1,0,0,6.95609,,328.377,328.377,80,eingeschwungen
"Schnitt (120°,240°)",0,120,240,8,8,8,0.35,0.1,0.65,10,egg THOLD=0.65,Kelvin-Voigt,1.5e+06,0.2,394.968,,,,9.81,Kontaktast,0.5,0.5,0.325,K,Kontaktast,1,0,0,6.95609,,412.429,412.429,80,eingeschwungen
"Schnitt (120°,240°)",0,120,240,8,8,8,0.35,0.1,0.65,10,egg THOLD=0.65,Kelvin-Voigt,1.5e+06,0.2,394.968,,,,9.81,Kontaktast,0.5,0.6,0.39,K,Kontaktast,1,0,0,6.95609,,486.379,486.379,80,eingeschwungen
"Schnitt (120°,240°)",0,120,240,8,8,8,0.35,0.1,0.65,10,egg THOLD=0.65,Kelvin-Voigt,1.5e+06,0.2,394.968,,,,9.81,Kontaktast,0.5,0.7,0.455,K,Kontaktast,1,0,0,6.95609,,576.032,576.032,80,eingeschwungen
"Schnitt (120°,240°)",0,120,240,8,8,8,0.35,0.1,0.65,10,egg THOLD=0.65,Kelvin-Voigt,1.5e+06,0.2,394.968,,,,9.81,Kontaktast,0.5,0.8,0.52,K,Kontaktast,1,0,0,6.95609,,651.866,651.866,80,eingeschwungen
"Schnitt (120°,240°)",0,120,240,8,8,8,0.35,0.1,0.65,10,egg THOLD=0.65,Kelvin-Voigt,1.5e+06,0.2,394.968,,,,9.81,Kontaktast,0.5,0.9,0.585,K,Kontaktast,1,0,0,6.95609,,732.182,732.182,80,eingeschwungen
"Schnitt (120°,240°)",0,120,240,8,8,8,0.35,0.1,0.65,10,egg THOLD=0.65,Kelvin-Voigt,1.5e+06,0.2,394.968,,,,9.81,Kontaktast,0.5,1,0.65,K,Kontaktast,1,0,0,6.95609,,818.769,818.769,80,eingeschwungen
"Schnitt (120°,240°)",0,120,240,8,8,8,0.35,0.1,0.65,10,egg THOLD=0.65,Kelvin-Voigt,1.5e+06,0.2,394.968,,,,9.81,Kontaktast,0.625,-1,-0.65,K,Kontaktast,1,0,0,6.95609,,816.357,467.521,80,eingeschwungen
"Schnitt (120°,240°)",0,120,240,8,8,8,0.35,0.1,0.65,10,egg THOLD=0.65,Kelvin-Voigt,1.5e+06,0.2,394.968,,,,9.81,Kontaktast,0.625,-0.9,-0.585,K,Kontaktast,1,0,0,6.95609,,735.298,417.517,80,eingeschwungen
"Schnitt (120°,240°)",0,120,240,8,8,8,0.35,0.1,0.65,10,egg THOLD=0.65,Kelvin-Voigt,1.5e+06,0.2,394.968,,,,9.81,Kontaktast,0.625,-0.8,-0.52,K,Kontaktast,1,0,0,6.95609,,654.239,379.48,80,eingeschwungen
"Schnitt (120°,240°)",0,120,240,8,8,8,0.35,0.1,0.65,10,egg THOLD=0.65,Kelvin-Voigt,1.5e+06,0.2,394.968,,,,9.81,Kontaktast,0.625,-0.7,-0.455,K,Kontaktast,1,0,0,6.95609,,573.18,327.658,80,eingeschwungen
"Schnitt (120°,240°)",0,120,240,8,8,8,0.35,0.1,0.65,10,egg THOLD=0.65,Kelvin-Voigt,1.5e+06,0.2,394.968,,,,9.81,Kontaktast,0.625,-0.6,-0.39,K,Kontaktast,1,0,0,6.95609,,492.12,279.484,80,eingeschwungen
"Schnitt (120°,240°)",0,120,240,8,8,8,0.35,0.1,0.65,10,egg THOLD=0.65,Kelvin-Voigt,1.5e+06,0.2,394.968,,,,9.81,Kontaktast,0.625,-0.5,-0.325,K,Kontaktast,1,0,0,6.95609,,411.061,240.783,80,eingeschwungen
"Schnitt (120°,240°)",0,120,240,8,8,8,0.35,0.1,0.65,10,egg THOLD=0.65,Kelvin-Voigt,1.5e+06,0.2,394.968,,,,9.81,Kontaktast,0.625,-0.4,-0.26,K,Kontaktast,1,0,0,6.95609,,330.002,188.277,80,eingeschwungen
"Schnitt (120°,240°)",0,120,240,8,8,8,0.35,0.1,0.65,10,egg THOLD=0.65,Kelvin-Voigt,1.5e+06,0.2,394.968,,,,9.81,Kontaktast,0.625,-0.3,-0.195,K,Kontaktast,1,0,0,6.95609,,248.943,141.91,80,eingeschwungen
"Schnitt (120°,240°)",0,120,240,8,8,8,0.35,0.1,0.65,10,egg THOLD=0.65,Kelvin-Voigt,1.5e+06,0.2,394.968,,,,9.81,Kontaktast,0.625,-0.2,-0.13,K,Kontaktast,1,0,0,6.95609,,167.884,103.295,80,eingeschwungen
"Schnitt (120°,240°)",0,120,240,8,8,8,0.35,0.1,0.65,10,egg THOLD=0.65,Kelvin-Voigt,1.5e+06,0.2,394.968,,,,9.81,Kontaktast,0.625,-0.1,-0.065,K,Kontaktast,1,0,0,6.95609,,86.8245,52.801,80,eingeschwungen
"Schnitt (120°,240°)",0,120,240,8,8,8,0.35,0.1,0.65,10,egg THOLD=0.65,Kelvin-Voigt,1.5e+06,0.2,394.968,,,,9.81,Kontaktast,0.625,0,0,K,Kontaktast,1,0,0,6.95609,,6.95609,,80,eingeschwungen
"Schnitt (120°,240°)",0,120,240,8,8,8,0.35,0.1,0.65,10,egg THOLD=0.65,Kelvin-Voigt,1.5e+06,0.2,394.968,,,,9.81,Kontaktast,0.625,0.1,0.065,K,Kontaktast,1,0,0,6.95609,,93.6517,93.6517,80,eingeschwungen
"Schnitt (120°,240°)",0,120,240,8,8,8,0.35,0.1,0.65,10,egg THOLD=0.65,Kelvin-Voigt,1.5e+06,0.2,394.968,,,,9.81,Kontaktast,0.625,0.2,0.13,K,Kontaktast,1,0,0,6.95609,,165.677,165.677,80,eingeschwungen
"Schnitt (120°,240°)",0,120,240,8,8,8,0.35,0.1,0.65,10,egg THOLD=0.65,Kelvin-Voigt,1.5e+06,0.2,394.968,,,,9.81,Kontaktast,0.625,0.3,0.195,K,Kontaktast,1,0,0,6.95609,,255.536,255.536,80,eingeschwungen
"Schnitt (120°,240°)",0,120,240,8,8,8,0.35,0.1,0.65,10,egg THOLD=0.65,Kelvin-Voigt,1.5e+06,0.2,394.968,,,,9.81,Kontaktast,0.625,0.4,0.26,K,Kontaktast,1,0,0,6.95609,,330.027,330.027,80,eingeschwungen
"Schnitt (120°,240°)",0,120,240,8,8,8,0.35,0.1,0.65,10,egg THOLD=0.65,Kelvin-Voigt,1.5e+06,0.2,394.968,,,,9.81,Kontaktast,0.625,0.5,0.325,K,Kontaktast,1,0,0,6.95609,,412.692,412.692,80,eingeschwungen
"Schnitt (120°,240°)",0,120,240,8,8,8,0.35,0.1,0.65,10,egg THOLD=0.65,Kelvin-Voigt,1.5e+06,0.2,394.968,,,,9.81,Kontaktast,0.625,0.6,0.39,K,Kontaktast,1,0,0,6.95609,,496.909,496.909,80,eingeschwungen
"Schnitt (120°,240°)",0,120,240,8,8,8,0.35,0.1,0.65,10,egg THOLD=0.65,Kelvin-Voigt,1.5e+06,0.2,394.968,,,,9.81,Kontaktast,0.625,0.7,0.455,K,Kontaktast,1,0,0,6.95609,,570.673,570.673,80,eingeschwungen
"Schnitt (120°,240°)",0,120,240,8,8,8,0.35,0.1,0.65,10,egg THOLD=0.65,Kelvin-Voigt,1.5e+06,0.2,394.968,,,,9.81,Kontaktast,0.625,0.8,0.52,K,Kontaktast,1,0,0,6.95609,,660.141,660.141,80,eingeschwungen
"Schnitt (120°,240°)",0,120,240,8,8,8,0.35,0.1,0.65,10,egg THOLD=0.65,Kelvin-Voigt,1.5e+06,0.2,394.968,,,,9.81,Kontaktast,0.625,0.9,0.585,K,Kontaktast,1,0,0,6.95609,,736.13,736.13,80,eingeschwungen
"Schnitt (120°,240°)",0,120,240,8,8,8,0.35,0.1,0.65,10,egg THOLD=0.65,Kelvin-Voigt,1.5e+06,0.2,394.968,,,,9.81,Kontaktast,0.625,1,0.65,K,Kontaktast,1,0,0,6.95609,,816.033,816.033,80,eingeschwungen
"Schnitt (120°,240°)",0,120,240,8,8,8,0.35,0.1,0.65,10,egg THOLD=0.65,Kelvin-Voigt,1.5e+06,0.2,394.968,,,,9.81,Kontaktast,0.75,-1,-0.65,K,Kontaktast,1,0,0,6.95609,,817.22,466.058,80,eingeschwungen
"Schnitt (120°,240°)",0,120,240,8,8,8,0.35,0.1,0.65,10,egg THOLD=0.65,Kelvin-Voigt,1.5e+06,0.2,394.968,,,,9.81,Kontaktast,0.75,-0.9,-0.585,K,Kontaktast,1,0,0,6.95609,,736.161,414.936,80,eingeschwungen
"Schnitt (120°,240°)",0,120,240,8,8,8,0.35,0.1,0.65,10,egg THOLD=0.65,Kelvin-Voigt,1.5e+06,0.2,394.968,,,,9.81,Kontaktast,0.75,-0.8,-0.52,K,Kontaktast,1,0,0,6.95609,,655.102,365.441,80,eingeschwungen
"Schnitt (120°,240°)",0,120,240,8,8,8,0.35,0.1,0.65,10,egg THOLD=0.65,Kelvin-Voigt,1.5e+06,0.2,394.968,,,,9.81,Kontaktast,0.75,-0.7,-0.455,K,Kontaktast,1,0,0,6.95609,,574.043,327.102,80,eingeschwungen
"Schnitt (120°,240°)",0,120,240,8,8,8,0.35,0.1,0.65,10,egg THOLD=0.65,Kelvin-Voigt,1.5e+06,0.2,394.968,,,,9.81,Kontaktast,0.75,-0.6,-0.39,K,Kontaktast,1,0,0,6.95609,,492.984,274.799,80,eingeschwungen
"Schnitt (120°,240°)",0,120,240,8,8,8,0.35,0.1,0.65,10,egg THOLD=0.65,Kelvin-Voigt,1.5e+06,0.2,394.968,,,,9.81,Kontaktast,0.75,-0.5,-0.325,K,Kontaktast,1,0,0,6.95609,,411.924,227.127,80,eingeschwungen
"Schnitt (120°,240°)",0,120,240,8,8,8,0.35,0.1,0.65,10,egg THOLD=0.65,Kelvin-Voigt,1.5e+06,0.2,394.968,,,,9.81,Kontaktast,0.75,-0.4,-0.26,K,Kontaktast,1,0,0,6.95609,,330.865,187.834,80,eingeschwungen
"Schnitt (120°,240°)",0,120,240,8,8,8,0.35,0.1,0.65,10,egg THOLD=0.65,Kelvin-Voigt,1.5e+06,0.2,394.968,,,,9.81,Kontaktast,0.75,-0.3,-0.195,K,Kontaktast,1,0,0,6.95609,,249.806,134.681,80,eingeschwungen
"Schnitt (120°,240°)",0,120,240,8,8,8,0.35,0.1,0.65,10,egg THOLD=0.65,Kelvin-Voigt,1.5e+06,0.2,394.968,,,,9.81,Kontaktast,0.75,-0.2,-0.13,K,Kontaktast,1,0,0,6.95609,,168.747,87.8683,80,eingeschwungen
"Schnitt (120°,240°)",0,120,240,8,8,8,0.35,0.1,0.65,10,egg THOLD=0.65,Kelvin-Voigt,1.5e+06,0.2,394.968,,,,9.81,Kontaktast,0.75,-0.1,-0.065,K,Kontaktast,1,0,0,6.95609,,87.6876,48.6502,80,eingeschwungen
"Schnitt (120°,240°)",0,120,240,8,8,8,0.35,0.1,0.65,10,egg THOLD=0.65,Kelvin-Voigt,1.5e+06,0.2,394.968,,,,9.81,Kontaktast,0.75,0,0,K,Kontaktast,1,0,0,6.95609,,6.95609,,80,eingeschwungen
"Schnitt (120°,240°)",0,120,240,8,8,8,0.35,0.1,0.65,10,egg THOLD=0.65,Kelvin-Voigt,1.5e+06,0.2,394.968,,,,9.81,Kontaktast,0.75,0.1,0.065,K,Kontaktast,1,0,0,6.95609,,82.8802,82.8802,80,eingeschwungen
"Schnitt (120°,240°)",0,120,240,8,8,8,0.35,0.1,0.65,10,egg THOLD=0.65,Kelvin-Voigt,1.5e+06,0.2,394.968,,,,9.81,Kontaktast,0.75,0.2,0.13,K,Kontaktast,1,0,0,6.95609,,162.661,162.661,80,eingeschwungen
"Schnitt (120°,240°)",0,120,240,8,8,8,0.35,0.1,0.65,10,egg THOLD=0.65,Kelvin-Voigt,1.5e+06,0.2,394.968,,,,9.81,Kontaktast,0.75,0.3,0.195,K,Kontaktast,1,0,0,6.95609,,239.453,239.453,80,eingeschwungen
"Schnitt (120°,240°)",0,120,240,8,8,8,0.35,0.1,0.65,10,egg THOLD=0.65,Kelvin-Voigt,1.5e+06,0.2,394.968,,,,9.81,Kontaktast,0.75,0.4,0.26,K,Kontaktast,1,0,0,6.95609,,328.368,328.368,80,eingeschwungen
"Schnitt (120°,240°)",0,120,240,8,8,8,0.35,0.1,0.65,10,egg THOLD=0.65,Kelvin-Voigt,1.5e+06,0.2,394.968,,,,9.81,Kontaktast,0.75,0.5,0.325,K,Kontaktast,1,0,0,6.95609,,401.734,401.734,80,eingeschwungen
"Schnitt (120°,240°)",0,120,240,8,8,8,0.35,0.1,0.65,10,egg THOLD=0.65,Kelvin-Voigt,1.5e+06,0.2,394.968,,,,9.81,Kontaktast,0.75,0.6,0.39,K,Kontaktast,1,0,0,6.95609,,488.419,488.419,80,eingeschwungen
"Schnitt (120°,240°)",0,120,240,8,8,8,0.35,0.1,0.65,10,egg THOLD=0.65,Kelvin-Voigt,1.5e+06,0.2,394.968,,,,9.81,Kontaktast,0.75,0.7,0.455,K,Kontaktast,1,0,0,6.95609,,568.712,568.712,80,eingeschwungen
"Schnitt (120°,240°)",0,120,240,8,8,8,0.35,0.1,0.65,10,egg THOLD=0.65,Kelvin-Voigt,1.5e+06,0.2,394.968,,,,9.81,Kontaktast,0.75,0.8,0.52,K,Kontaktast,1,0,0,6.95609,,644.346,644.346,80,eingeschwungen
"Schnitt (120°,240°)",0,120,240,8,8,8,0.35,0.1,0.65,10,egg THOLD=0.65,Kelvin-Voigt,1.5e+06,0.2,394.968,,,,9.81,Kontaktast,0.75,0.9,0.585,K,Kontaktast,1,0,0,6.95609,,733.91,733.91,80,eingeschwungen
"Schnitt (120°,240°)",0,120,240,8,8,8,0.35,0.1,0.65,10,egg THOLD=0.65,Kelvin-Voigt,1.5e+06,0.2,394.968,,,,9.81,Kontaktast,0.75,1,0.65,K,Kontaktast,1,0,0,6.95609,,808.022,808.022,80,eingeschwungen
"Schnitt (120°,240°)",0,120,240,8,8,8,0.35,0.1,0.65,10,egg THOLD=0.65,Kelvin-Voigt,1.5e+06,0.2,394.968,,,,9.81,Kontaktast,0.875,-1,-0.65,K,Kontaktast,1,0,0,6.95609,,817.325,465.157,80,eingeschwungen
"Schnitt (120°,240°)",0,120,240,8,8,8,0.35,0.1,0.65,10,egg THOLD=0.65,Kelvin-Voigt,1.5e+06,0.2,394.968,,,,9.81,Kontaktast,0.875,-0.9,-0.585,K,Kontaktast,1,0,0,6.95609,,736.266,426.177,80,eingeschwungen
"Schnitt (120°,240°)",0,120,240,8,8,8,0.35,0.1,0.65,10,egg THOLD=0.65,Kelvin-Voigt,1.5e+06,0.2,394.968,,,,9.81,Kontaktast,0.875,-0.8,-0.52,K,Kontaktast,1,0,0,6.95609,,655.207,378.299,80,eingeschwungen
"Schnitt (120°,240°)",0,120,240,8,8,8,0.35,0.1,0.65,10,egg THOLD=0.65,Kelvin-Voigt,1.5e+06,0.2,394.968,,,,9.81,Kontaktast,0.875,-0.7,-0.455,K,Kontaktast,1,0,0,6.95609,,574.148,325.931,80,eingeschwungen
"Schnitt (120°,240°)",0,120,240,8,8,8,0.35,0.1,0.65,10,egg THOLD=0.65,Kelvin-Voigt,1.5e+06,0.2,394.968,,,,9.81,Kontaktast,0.875,-0.6,-0.39,K,Kontaktast,1,0,0,6.95609,,493.088,287.851,80,eingeschwungen
"Schnitt (120°,240°)",0,120,240,8,8,8,0.35,0.1,0.65,10,egg THOLD=0.65,Kelvin-Voigt,1.5e+06,0.2,394.968,,,,9.81,Kontaktast,0.875,-0.5,-0.325,K,Kontaktast,1,0,0,6.95609,,412.029,238.329,80,eingeschwungen
"Schnitt (120°,240°)",0,120,240,8,8,8,0.35,0.1,0.65,10,egg THOLD=0.65,Kelvin-Voigt,1.5e+06,0.2,394.968,,,,9.81,Kontaktast,0.875,-0.4,-0.26,K,Kontaktast,1,0,0,6.95609,,330.97,186.808,80,eingeschwungen
"Schnitt (120°,240°)",0,120,240,8,8,8,0.35,0.1,0.65,10,egg THOLD=0.65,Kelvin-Voigt,1.5e+06,0.2,394.968,,,,9.81,Kontaktast,0.875,-0.3,-0.195,K,Kontaktast,1,0,0,6.95609,,249.911,149.07,80,eingeschwungen
"Schnitt (120°,240°)",0,120,240,8,8,8,0.35,0.1,0.65,10,egg THOLD=0.65,Kelvin-Voigt,1.5e+06,0.2,394.968,,,,9.81,Kontaktast,0.875,-0.2,-0.13,K,Kontaktast,1,0,0,6.95609,,168.852,98.8664,80,eingeschwungen
"Schnitt (120°,240°)",0,120,240,8,8,8,0.35,0.1,0.65,10,egg THOLD=0.65,Kelvin-Voigt,1.5e+06,0.2,394.968,,,,9.81,Kontaktast,0.875,-0.1,-0.065,K,Kontaktast,1,0,0,6.95609,,87.7924,44.9997,80,eingeschwungen
"Schnitt (120°,240°)",0,120,240,8,8,8,0.35,0.1,0.65,10,egg THOLD=0.65,Kelvin-Voigt,1.5e+06,0.2,394.968,,,,9.81,Kontaktast,0.875,0,0,K,Kontaktast,1,0,0,6.95609,,6.95609,,80,eingeschwungen
"Schnitt (120°,240°)",0,120,240,8,8,8,0.35,0.1,0.65,10,egg THOLD=0.65,Kelvin-Voigt,1.5e+06,0.2,394.968,,,,9.81,Kontaktast,0.875,0.1,0.065,K,Kontaktast,1,0,0,6.95609,,83.7009,83.7009,80,eingeschwungen
"Schnitt (120°,240°)",0,120,240,8,8,8,0.35,0.1,0.65,10,egg THOLD=0.65,Kelvin-Voigt,1.5e+06,0.2,394.968,,,,9.81,Kontaktast,0.875,0.2,0.13,K,Kontaktast,1,0,0,6.95609,,170.91,170.91,80,eingeschwungen
"Schnitt (120°,240°)",0,120,240,8,8,8,0.35,0.1,0.65,10,egg THOLD=0.65,Kelvin-Voigt,1.5e+06,0.2,394.968,,,,9.81,Kontaktast,0.875,0.3,0.195,K,Kontaktast,1,0,0,6.95609,,251.541,251.541,80,eingeschwungen
"Schnitt (120°,240°)",0,120,240,8,8,8,0.35,0.1,0.65,10,egg THOLD=0.65,Kelvin-Voigt,1.5e+06,0.2,394.968,,,,9.81,Kontaktast,0.875,0.4,0.26,K,Kontaktast,1,0,0,6.95609,,327.244,327.244,80,eingeschwungen
"Schnitt (120°,240°)",0,120,240,8,8,8,0.35,0.1,0.65,10,egg THOLD=0.65,Kelvin-Voigt,1.5e+06,0.2,394.968,,,,9.81,Kontaktast,0.875,0.5,0.325,K,Kontaktast,1,0,0,6.95609,,416.871,416.871,80,eingeschwungen
"Schnitt (120°,240°)",0,120,240,8,8,8,0.35,0.1,0.65,10,egg THOLD=0.65,Kelvin-Voigt,1.5e+06,0.2,394.968,,,,9.81,Kontaktast,0.875,0.6,0.39,K,Kontaktast,1,0,0,6.95609,,490.808,490.808,80,eingeschwungen
"Schnitt (120°,240°)",0,120,240,8,8,8,0.35,0.1,0.65,10,egg THOLD=0.65,Kelvin-Voigt,1.5e+06,0.2,394.968,,,,9.81,Kontaktast,0.875,0.7,0.455,K,Kontaktast,1,0,0,6.95609,,575.483,575.483,80,eingeschwungen
"Schnitt (120°,240°)",0,120,240,8,8,8,0.35,0.1,0.65,10,egg THOLD=0.65,Kelvin-Voigt,1.5e+06,0.2,394.968,,,,9.81,Kontaktast,0.875,0.8,0.52,K,Kontaktast,1,0,0,6.95609,,657.99,657.99,80,eingeschwungen
"Schnitt (120°,240°)",0,120,240,8,8,8,0.35,0.1,0.65,10,egg THOLD=0.65,Kelvin-Voigt,1.5e+06,0.2,394.968,,,,9.81,Kontaktast,0.875,0.9,0.585,K,Kontaktast,1,0,0,6.95609,,732.485,732.485,80,eingeschwungen
"Schnitt (120°,240°)",0,120,240,8,8,8,0.35,0.1,0.65,10,egg THOLD=0.65,Kelvin-Voigt,1.5e+06,0.2,394.968,,,,9.81,Kontaktast,0.875,1,0.65,K,Kontaktast,1,0,0,6.95609,,822.214,822.214,80,eingeschwungen
"Schnitt (100°,240°)",0,100,240,8,8,8,0.35,0.1,0.65,10,egg THOLD=0.65,Kelvin-Voigt,1.5e+06,0.2,394.968,,,,9.81,Kontaktast,0,-1,-0.65,K,Kontaktast,1,0,0,7.22142,,817.128,483.277,80,eingeschwungen
"Schnitt (100°,240°)",0,100,240,8,8,8,0.35,0.1,0.65,10,egg THOLD=0.65,Kelvin-Voigt,1.5e+06,0.2,394.968,,,,9.81,Kontaktast,0,-0.9,-0.585,K,Kontaktast,1,0,0,7.22142,,736.069,434.001,80,eingeschwungen
"Schnitt (100°,240°)",0,100,240,8,8,8,0.35,0.1,0.65,10,egg THOLD=0.65,Kelvin-Voigt,1.5e+06,0.2,394.968,,,,9.81,Kontaktast,0,-0.8,-0.52,K,Kontaktast,1,0,0,7.22142,,655.01,383.441,80,eingeschwungen
"Schnitt (100°,240°)",0,100,240,8,8,8,0.35,0.1,0.65,10,egg THOLD=0.65,Kelvin-Voigt,1.5e+06,0.2,394.968,,,,9.81,Kontaktast,0,-0.7,-0.455,K,Kontaktast,1,0,0,7.22142,,573.951,331.228,80,eingeschwungen
"Schnitt (100°,240°)",0,100,240,8,8,8,0.35,0.1,0.65,10,egg THOLD=0.65,Kelvin-Voigt,1.5e+06,0.2,394.968,,,,9.81,Kontaktast,0,-0.6,-0.39,K,Kontaktast,1,0,0,7.22142,,492.892,272.656,80,eingeschwungen
"Schnitt (100°,240°)",0,100,240,8,8,8,0.35,0.1,0.65,10,egg THOLD=0.65,Kelvin-Voigt,1.5e+06,0.2,394.968,,,,9.81,Kontaktast,0,-0.5,-0.325,K,Kontaktast,1,0,0,7.22142,,411.832,229.594,80,eingeschwungen
"Schnitt (100°,240°)",0,100,240,8,8,8,0.35,0.1,0.65,10,egg THOLD=0.65,Kelvin-Voigt,1.5e+06,0.2,394.968,,,,9.81,Kontaktast,0,-0.4,-0.26,K,Kontaktast,1,0,0,7.22142,,330.773,177.257,80,eingeschwungen
"Schnitt (100°,240°)",0,100,240,8,8,8,0.35,0.1,0.65,10,egg THOLD=0.65,Kelvin-Voigt,1.5e+06,0.2,394.968,,,,9.81,Kontaktast,0,-0.3,-0.195,K,Kontaktast,1,0,0,7.22142,,249.714,122.646,80,eingeschwungen
"Schnitt (100°,240°)",0,100,240,8,8,8,0.35,0.1,0.65,10,egg THOLD=0.65,Kelvin-Voigt,1.5e+06,0.2,394.968,,,,9.81,Kontaktast,0,-0.2,-0.13,K,Kontaktast,1,0,0,7.22142,,168.655,89.3244,80,eingeschwungen
"Schnitt (100°,240°)",0,100,240,8,8,8,0.35,0.1,0.65,10,egg THOLD=0.65,Kelvin-Voigt,1.5e+06,0.2,394.968,,,,9.81,Kontaktast,0,-0.1,-0.065,K,Kontaktast,1,0,0,7.22142,,87.5955,49.1156,80,eingeschwungen
"Schnitt (100°,240°)",0,100,240,8,8,8,0.35,0.1,0.65,10,egg THOLD=0.65,Kelvin-Voigt,1.5e+06,0.2,394.968,,,,9.81,Kontaktast,0,0,0,K,Kontaktast,1,0,0,7.22142,,7.22142,,80,eingeschwungen
"Schnitt (100°,240°)",0,100,240,8,8,8,0.35,0.1,0.65,10,egg THOLD=0.65,Kelvin-Voigt,1.5e+06,0.2,394.968,,,,9.81,Kontaktast,0,0.1,0.065,K,Kontaktast,1,0,0,7.22142,,84.306,84.306,80,eingeschwungen
"Schnitt (100°,240°)",0,100,240,8,8,8,0.35,0.1,0.65,10,egg THOLD=0.65,Kelvin-Voigt,1.5e+06,0.2,394.968,,,,9.81,Kontaktast,0,0.2,0.13,K,Kontaktast,1,0,0,7.22142,,148.672,148.672,80,eingeschwungen
"Schnitt (100°,240°)",0,100,240,8,8,8,0.35,0.1,0.65,10,egg THOLD=0.65,Kelvin-Voigt,1.5e+06,0.2,394.968,,,,9.81,Kontaktast,0,0.3,0.195,K,Kontaktast,1,0,0,7.22142,,242.086,242.086,80,eingeschwungen
"Schnitt (100°,240°)",0,100,240,8,8,8,0.35,0.1,0.65,10,egg THOLD=0.65,Kelvin-Voigt,1.5e+06,0.2,394.968,,,,9.81,Kontaktast,0,0.4,0.26,K,Kontaktast,1,0,0,7.22142,,330.371,330.371,80,eingeschwungen
"Schnitt (100°,240°)",0,100,240,8,8,8,0.35,0.1,0.65,10,egg THOLD=0.65,Kelvin-Voigt,1.5e+06,0.2,394.968,,,,9.81,Kontaktast,0,0.5,0.325,K,Kontaktast,1,0,0,7.22142,,420.904,420.904,80,eingeschwungen
"Schnitt (100°,240°)",0,100,240,8,8,8,0.35,0.1,0.65,10,egg THOLD=0.65,Kelvin-Voigt,1.5e+06,0.2,394.968,,,,9.81,Kontaktast,0,0.6,0.39,K,Kontaktast,1,0,0,7.22142,,504.669,504.669,80,eingeschwungen
"Schnitt (100°,240°)",0,100,240,8,8,8,0.35,0.1,0.65,10,egg THOLD=0.65,Kelvin-Voigt,1.5e+06,0.2,394.968,,,,9.81,Kontaktast,0,0.7,0.455,K,Kontaktast,1,0,0,7.22142,,564.764,564.764,80,eingeschwungen
"Schnitt (100°,240°)",0,100,240,8,8,8,0.35,0.1,0.65,10,egg THOLD=0.65,Kelvin-Voigt,1.5e+06,0.2,394.968,,,,9.81,Kontaktast,0,0.8,0.52,K,Kontaktast,1,0,0,7.22142,,648.909,648.909,80,eingeschwungen
"Schnitt (100°,240°)",0,100,240,8,8,8,0.35,0.1,0.65,10,egg THOLD=0.65,Kelvin-Voigt,1.5e+06,0.2,394.968,,,,9.81,Kontaktast,0,0.9,0.585,K,Kontaktast,1,0,0,7.22142,,737.311,737.311,80,eingeschwungen
"Schnitt (100°,240°)",0,100,240,8,8,8,0.35,0.1,0.65,10,egg THOLD=0.65,Kelvin-Voigt,1.5e+06,0.2,394.968,,,,9.81,Kontaktast,0,1,0.65,K,Kontaktast,1,0,0,7.22142,,827.545,827.545,80,eingeschwungen
"Schnitt (100°,240°)",0,100,240,8,8,8,0.35,0.1,0.65,10,egg THOLD=0.65,Kelvin-Voigt,1.5e+06,0.2,394.968,,,,9.81,Kontaktast,0.125,-1,-0.65,K,Kontaktast,1,0,0,7.22142,,817.486,473.235,80,eingeschwungen
"Schnitt (100°,240°)",0,100,240,8,8,8,0.35,0.1,0.65,10,egg THOLD=0.65,Kelvin-Voigt,1.5e+06,0.2,394.968,,,,9.81,Kontaktast,0.125,-0.9,-0.585,K,Kontaktast,1,0,0,7.22142,,736.427,445.334,80,eingeschwungen
"Schnitt (100°,240°)",0,100,240,8,8,8,0.35,0.1,0.65,10,egg THOLD=0.65,Kelvin-Voigt,1.5e+06,0.2,394.968,,,,9.81,Kontaktast,0.125,-0.8,-0.52,K,Kontaktast,1,0,0,7.22142,,655.368,400.81,80,eingeschwungen
"Schnitt (100°,240°)",0,100,240,8,8,8,0.35,0.1,0.65,10,egg THOLD=0.65,Kelvin-Voigt,1.5e+06,0.2,394.968,,,,9.81,Kontaktast,0.125,-0.7,-0.455,K,Kontaktast,1,0,0,7.22142,,574.309,349.337,80,eingeschwungen
"Schnitt (100°,240°)",0,100,240,8,8,8,0.35,0.1,0.65,10,egg THOLD=0.65,Kelvin-Voigt,1.5e+06,0.2,394.968,,,,9.81,Kontaktast,0.125,-0.6,-0.39,K,Kontaktast,1,0,0,7.22142,,493.249,300.455,80,eingeschwungen
"Schnitt (100°,240°)",0,100,240,8,8,8,0.35,0.1,0.65,10,egg THOLD=0.65,Kelvin-Voigt,1.5e+06,0.2,394.968,,,,9.81,Kontaktast,0.125,-0.5,-0.325,K,Kontaktast,1,0,0,7.22142,,412.19,242.039,80,eingeschwungen
"Schnitt (100°,240°)",0,100,240,8,8,8,0.35,0.1,0.65,10,egg THOLD=0.65,Kelvin-Voigt,1.5e+06,0.2,394.968,,,,9.81,Kontaktast,0.125,-0.4,-0.26,K,Kontaktast,1,0,0,7.22142,,331.131,194.215,80,eingeschwungen
"Schnitt (100°,240°)",0,100,240,8,8,8,0.35,0.1,0.65,10,egg THOLD=0.65,Kelvin-Voigt,1.5e+06,0.2,394.968,,,,9.81,Kontaktast,0.125,-0.3,-0.195,K,Kontaktast,1,0,0,7.22142,,250.072,147.144,80,eingeschwungen
"Schnitt (100°,240°)",0,100,240,8,8,8,0.35,0.1,0.65,10,egg THOLD=0.65,Kelvin-Voigt,1.5e+06,0.2,394.968,,,,9.81,Kontaktast,0.125,-0.2,-0.13,K,Kontaktast,1,0,0,7.22142,,169.013,88.1663,80,eingeschwungen
"Schnitt (100°,240°)",0,100,240,8,8,8,0.35,0.1,0.65,10,egg THOLD=0.65,Kelvin-Voigt,1.5e+06,0.2,394.968,,,,9.81,Kontaktast,0.125,-0.1,-0.065,K,Kontaktast,1,0,0,7.22142,,87.9533,44.0488,80,eingeschwungen
"Schnitt (100°,240°)",0,100,240,8,8,8,0.35,0.1,0.65,10,egg THOLD=0.65,Kelvin-Voigt,1.5e+06,0.2,394.968,,,,9.81,Kontaktast,0.125,0,0,K,Kontaktast,1,0,0,7.22142,,7.22142,,80,eingeschwungen
"Schnitt (100°,240°)",0,100,240,8,8,8,0.35,0.1,0.65,10,egg THOLD=0.65,Kelvin-Voigt,1.5e+06,0.2,394.968,,,,9.81,Kontaktast,0.125,0.1,0.065,K,Kontaktast,1,0,0,7.22142,,74.0389,74.0389,80,eingeschwungen
"Schnitt (100°,240°)",0,100,240,8,8,8,0.35,0.1,0.65,10,egg THOLD=0.65,Kelvin-Voigt,1.5e+06,0.2,394.968,,,,9.81,Kontaktast,0.125,0.2,0.13,K,Kontaktast,1,0,0,7.22142,,172.12,172.12,80,eingeschwungen
"Schnitt (100°,240°)",0,100,240,8,8,8,0.35,0.1,0.65,10,egg THOLD=0.65,Kelvin-Voigt,1.5e+06,0.2,394.968,,,,9.81,Kontaktast,0.125,0.3,0.195,K,Kontaktast,1,0,0,7.22142,,254.268,254.268,80,eingeschwungen
"Schnitt (100°,240°)",0,100,240,8,8,8,0.35,0.1,0.65,10,egg THOLD=0.65,Kelvin-Voigt,1.5e+06,0.2,394.968,,,,9.81,Kontaktast,0.125,0.4,0.26,K,Kontaktast,1,0,0,7.22142,,349.167,349.167,80,eingeschwungen
"Schnitt (100°,240°)",0,100,240,8,8,8,0.35,0.1,0.65,10,egg THOLD=0.65,Kelvin-Voigt,1.5e+06,0.2,394.968,,,,9.81,Kontaktast,0.125,0.5,0.325,K,Kontaktast,1,0,0,7.22142,,436.833,436.833,80,eingeschwungen
"Schnitt (100°,240°)",0,100,240,8,8,8,0.35,0.1,0.65,10,egg THOLD=0.65,Kelvin-Voigt,1.5e+06,0.2,394.968,,,,9.81,Kontaktast,0.125,0.6,0.39,K,Kontaktast,1,0,0,7.22142,,493.347,493.347,80,eingeschwungen
"Schnitt (100°,240°)",0,100,240,8,8,8,0.35,0.1,0.65,10,egg THOLD=0.65,Kelvin-Voigt,1.5e+06,0.2,394.968,,,,9.81,Kontaktast,0.125,0.7,0.455,K,Kontaktast,1,0,0,7.22142,,580.049,580.049,80,eingeschwungen
"Schnitt (100°,240°)",0,100,240,8,8,8,0.35,0.1,0.65,10,egg THOLD=0.65,Kelvin-Voigt,1.5e+06,0.2,394.968,,,,9.81,Kontaktast,0.125,0.8,0.52,K,Kontaktast,1,0,0,7.22142,,659.468,659.468,80,eingeschwungen
"Schnitt (100°,240°)",0,100,240,8,8,8,0.35,0.1,0.65,10,egg THOLD=0.65,Kelvin-Voigt,1.5e+06,0.2,394.968,,,,9.81,Kontaktast,0.125,0.9,0.585,K,Kontaktast,1,0,0,7.22142,,753.272,753.272,80,eingeschwungen
"Schnitt (100°,240°)",0,100,240,8,8,8,0.35,0.1,0.65,10,egg THOLD=0.65,Kelvin-Voigt,1.5e+06,0.2,394.968,,,,9.81,Kontaktast,0.125,1,0.65,K,Kontaktast,1,0,0,7.22142,,842.344,842.344,80,eingeschwungen
"Schnitt (100°,240°)",0,100,240,8,8,8,0.35,0.1,0.65,10,egg THOLD=0.65,Kelvin-Voigt,1.5e+06,0.2,394.968,,,,9.81,Kontaktast,0.25,-1,-0.65,K,Kontaktast,1,0,0,7.22142,,815.9,468.194,80,eingeschwungen
"Schnitt (100°,240°)",0,100,240,8,8,8,0.35,0.1,0.65,10,egg THOLD=0.65,Kelvin-Voigt,1.5e+06,0.2,394.968,,,,9.81,Kontaktast,0.25,-0.9,-0.585,K,Kontaktast,1,0,0,7.22142,,734.841,424.796,80,eingeschwungen
"Schnitt (100°,240°)",0,100,240,8,8,8,0.35,0.1,0.65,10,egg THOLD=0.65,Kelvin-Voigt,1.5e+06,0.2,394.968,,,,9.81,Kontaktast,0.25,-0.8,-0.52,K,Kontaktast,1,0,0,7.22142,,653.782,397.305,80,eingeschwungen
"Schnitt (100°,240°)",0,100,240,8,8,8,0.35,0.1,0.65,10,egg THOLD=0.65,Kelvin-Voigt,1.5e+06,0.2,394.968,,,,9.81,Kontaktast,0.25,-0.7,-0.455,K,Kontaktast,1,0,0,7.22142,,572.722,353.734,80,eingeschwungen
"Schnitt (100°,240°)",0,100,240,8,8,8,0.35,0.1,0.65,10,egg THOLD=0.65,Kelvin-Voigt,1.5e+06,0.2,394.968,,,,9.81,Kontaktast,0.25,-0.6,-0.39,K,Kontaktast,1,0,0,7.22142,,491.663,303.276,80,eingeschwungen
"Schnitt (100°,240°)",0,100,240,8,8,8,0.35,0.1,0.65,10,egg THOLD=0.65,Kelvin-Voigt,1.5e+06,0.2,394.968,,,,9.81,Kontaktast,0.25,-0.5,-0.325,K,Kontaktast,1,0,0,7.22142,,410.604,255.928,80,eingeschwungen
"Schnitt (100°,240°)",0,100,240,8,8,8,0.35,0.1,0.65,10,egg THOLD=0.65,Kelvin-Voigt,1.5e+06,0.2,394.968,,,,9.81,Kontaktast,0.25,-0.4,-0.26,K,Kontaktast,1,0,0,7.22142,,329.545,199.172,80,eingeschwungen
"Schnitt (100°,240°)",0,100,240,8,8,8,0.35,0.1,0.65,10,egg THOLD=0.65,Kelvin-Voigt,1.5e+06,0.2,394.968,,,,9.81,Kontaktast,0.25,-0.3,-0.195,K,Kontaktast,1,0,0,7.22142,,248.486,151.342,80,eingeschwungen
"Schnitt (100°,240°)",0,100,240,8,8,8,0.35,0.1,0.65,10,egg THOLD=0.65,Kelvin-Voigt,1.5e+06,0.2,394.968,,,,9.81,Kontaktast,0.25,-0.2,-0.13,K,Kontaktast,1,0,0,7.22142,,167.426,108.306,80,eingeschwungen
"Schnitt (100°,240°)",0,100,240,8,8,8,0.35,0.1,0.65,10,egg THOLD=0.65,Kelvin-Voigt,1.5e+06,0.2,394.968,,,,9.81,Kontaktast,0.25,-0.1,-0.065,K,Kontaktast,1,0,0,7.22142,,86.3672,53.1455,80,eingeschwungen
"Schnitt (100°,240°)",0,100,240,8,8,8,0.35,0.1,0.65,10,egg THOLD=0.65,Kelvin-Voigt,1.5e+06,0.2,394.968,,,,9.81,Kontaktast,0.25,0,0,K,Kontaktast,1,0,0,7.22142,,7.22142,,80,eingeschwungen
"Schnitt (100°,240°)",0,100,240,8,8,8,0.35,0.1,0.65,10,egg THOLD=0.65,Kelvin-Voigt,1.5e+06,0.2,394.968,,,,9.81,Kontaktast,0.25,0.1,0.065,K,Kontaktast,1,0,0,7.22142,,96.3458,96.3458,80,eingeschwungen
"Schnitt (100°,240°)",0,100,240,8,8,8,0.35,0.1,0.65,10,egg THOLD=0.65,Kelvin-Voigt,1.5e+06,0.2,394.968,,,,9.81,Kontaktast,0.25,0.2,0.13,K,Kontaktast,1,0,0,7.22142,,175.177,175.177,80,eingeschwungen
"Schnitt (100°,240°)",0,100,240,8,8,8,0.35,0.1,0.65,10,egg THOLD=0.65,Kelvin-Voigt,1.5e+06,0.2,394.968,,,,9.81,Kontaktast,0.25,0.3,0.195,K,Kontaktast,1,0,0,7.22142,,271.66,271.66,80,eingeschwungen
"Schnitt (100°,240°)",0,100,240,8,8,8,0.35,0.1,0.65,10,egg THOLD=0.65,Kelvin-Voigt,1.5e+06,0.2,394.968,,,,9.81,Kontaktast,0.25,0.4,0.26,K,Kontaktast,1,0,0,7.22142,,357.111,357.111,80,eingeschwungen
"Schnitt (100°,240°)",0,100,240,8,8,8,0.35,0.1,0.65,10,egg THOLD=0.65,Kelvin-Voigt,1.5e+06,0.2,394.968,,,,9.81,Kontaktast,0.25,0.5,0.325,K,Kontaktast,1,0,0,7.22142,,423.706,423.706,80,eingeschwungen
"Schnitt (100°,240°)",0,100,240,8,8,8,0.35,0.1,0.65,10,egg THOLD=0.65,Kelvin-Voigt,1.5e+06,0.2,394.968,,,,9.81,Kontaktast,0.25,0.6,0.39,K,Kontaktast,1,0,0,7.22142,,497.965,497.965,80,eingeschwungen
"Schnitt (100°,240°)",0,100,240,8,8,8,0.35,0.1,0.65,10,egg THOLD=0.65,Kelvin-Voigt,1.5e+06,0.2,394.968,,,,9.81,Kontaktast,0.25,0.7,0.455,K,Kontaktast,1,0,0,7.22142,,574.51,574.51,80,eingeschwungen
"Schnitt (100°,240°)",0,100,240,8,8,8,0.35,0.1,0.65,10,egg THOLD=0.65,Kelvin-Voigt,1.5e+06,0.2,394.968,,,,9.81,Kontaktast,0.25,0.8,0.52,K,Kontaktast,1,0,0,7.22142,,671.415,671.415,80,eingeschwungen
"Schnitt (100°,240°)",0,100,240,8,8,8,0.35,0.1,0.65,10,egg THOLD=0.65,Kelvin-Voigt,1.5e+06,0.2,394.968,,,,9.81,Kontaktast,0.25,0.9,0.585,K,Kontaktast,1,0,0,7.22142,,760.704,760.704,80,eingeschwungen
"Schnitt (100°,240°)",0,100,240,8,8,8,0.35,0.1,0.65,10,egg THOLD=0.65,Kelvin-Voigt,1.5e+06,0.2,394.968,,,,9.81,Kontaktast,0.25,1,0.65,K,Kontaktast,1,0,0,7.22142,,825.831,825.831,80,eingeschwungen
"Schnitt (100°,240°)",0,100,240,8,8,8,0.35,0.1,0.65,10,egg THOLD=0.65,Kelvin-Voigt,1.5e+06,0.2,394.968,,,,9.81,Kontaktast,0.375,-1,-0.65,K,Kontaktast,1,0,0,7.22142,,816.459,455.213,80,eingeschwungen
"Schnitt (100°,240°)",0,100,240,8,8,8,0.35,0.1,0.65,10,egg THOLD=0.65,Kelvin-Voigt,1.5e+06,0.2,394.968,,,,9.81,Kontaktast,0.375,-0.9,-0.585,K,Kontaktast,1,0,0,7.22142,,735.4,403.335,80,eingeschwungen
"Schnitt (100°,240°)",0,100,240,8,8,8,0.35,0.1,0.65,10,egg THOLD=0.65,Kelvin-Voigt,1.5e+06,0.2,394.968,,,,9.81,Kontaktast,0.375,-0.8,-0.52,K,Kontaktast,1,0,0,7.22142,,654.341,366.606,80,eingeschwungen
"Schnitt (100°,240°)",0,100,240,8,8,8,0.35,0.1,0.65,10,egg THOLD=0.65,Kelvin-Voigt,1.5e+06,0.2,394.968,,,,9.81,Kontaktast,0.375,-0.7,-0.455,K,Kontaktast,1,0,0,7.22142,,573.282,336.49,80,eingeschwungen
"Schnitt (100°,240°)",0,100,240,8,8,8,0.35,0.1,0.65,10,egg THOLD=0.65,Kelvin-Voigt,1.5e+06,0.2,394.968,,,,9.81,Kontaktast,0.375,-0.6,-0.39,K,Kontaktast,1,0,0,7.22142,,492.222,289.507,80,eingeschwungen
"Schnitt (100°,240°)",0,100,240,8,8,8,0.35,0.1,0.65,10,egg THOLD=0.65,Kelvin-Voigt,1.5e+06,0.2,394.968,,,,9.81,Kontaktast,0.375,-0.5,-0.325,K,Kontaktast,1,0,0,7.22142,,411.163,241.391,80,eingeschwungen
"Schnitt (100°,240°)",0,100,240,8,8,8,0.35,0.1,0.65,10,egg THOLD=0.65,Kelvin-Voigt,1.5e+06,0.2,394.968,,,,9.81,Kontaktast,0.375,-0.4,-0.26,K,Kontaktast,1,0,0,7.22142,,330.104,192.985,80,eingeschwungen
"Schnitt (100°,240°)",0,100,240,8,8,8,0.35,0.1,0.65,10,egg THOLD=0.65,Kelvin-Voigt,1.5e+06,0.2,394.968,,,,9.81,Kontaktast,0.375,-0.3,-0.195,K,Kontaktast,1,0,0,7.22142,,249.045,136.422,80,eingeschwungen
"Schnitt (100°,240°)",0,100,240,8,8,8,0.35,0.1,0.65,10,egg THOLD=0.65,Kelvin-Voigt,1.5e+06,0.2,394.968,,,,9.81,Kontaktast,0.375,-0.2,-0.13,K,Kontaktast,1,0,0,7.22142,,167.986,93.7748,80,eingeschwungen
"Schnitt (100°,240°)",0,100,240,8,8,8,0.35,0.1,0.65,10,egg THOLD=0.65,Kelvin-Voigt,1.5e+06,0.2,394.968,,,,9.81,Kontaktast,0.375,-0.1,-0.065,K,Kontaktast,1,0,0,7.22142,,86.9265,50.4528,80,eingeschwungen
"Schnitt (100°,240°)",0,100,240,8,8,8,0.35,0.1,0.65,10,egg THOLD=0.65,Kelvin-Voigt,1.5e+06,0.2,394.968,,,,9.81,Kontaktast,0.375,0,0,K,Kontaktast,1,0,0,7.22142,,7.22142,,80,eingeschwungen
"Schnitt (100°,240°)",0,100,240,8,8,8,0.35,0.1,0.65,10,egg THOLD=0.65,Kelvin-Voigt,1.5e+06,0.2,394.968,,,,9.81,Kontaktast,0.375,0.1,0.065,K,Kontaktast,1,0,0,7.22142,,87.7265,87.7265,80,eingeschwungen
"Schnitt (100°,240°)",0,100,240,8,8,8,0.35,0.1,0.65,10,egg THOLD=0.65,Kelvin-Voigt,1.5e+06,0.2,394.968,,,,9.81,Kontaktast,0.375,0.2,0.13,K,Kontaktast,1,0,0,7.22142,,166.386,166.386,80,eingeschwungen
"Schnitt (100°,240°)",0,100,240,8,8,8,0.35,0.1,0.65,10,egg THOLD=0.65,Kelvin-Voigt,1.5e+06,0.2,394.968,,,,9.81,Kontaktast,0.375,0.3,0.195,K,Kontaktast,1,0,0,7.22142,,256.012,256.012,80,eingeschwungen
"Schnitt (100°,240°)",0,100,240,8,8,8,0.35,0.1,0.65,10,egg THOLD=0.65,Kelvin-Voigt,1.5e+06,0.2,394.968,,,,9.81,Kontaktast,0.375,0.4,0.26,K,Kontaktast,1,0,0,7.22142,,340.39,340.39,80,eingeschwungen
"Schnitt (100°,240°)",0,100,240,8,8,8,0.35,0.1,0.65,10,egg THOLD=0.65,Kelvin-Voigt,1.5e+06,0.2,394.968,,,,9.81,Kontaktast,0.375,0.5,0.325,K,Kontaktast,1,0,0,7.22142,,395.574,395.574,80,eingeschwungen
"Schnitt (100°,240°)",0,100,240,8,8,8,0.35,0.1,0.65,10,egg THOLD=0.65,Kelvin-Voigt,1.5e+06,0.2,394.968,,,,9.81,Kontaktast,0.375,0.6,0.39,K,Kontaktast,1,0,0,7.22142,,482.192,482.192,80,eingeschwungen
"Schnitt (100°,240°)",0,100,240,8,8,8,0.35,0.1,0.65,10,egg THOLD=0.65,Kelvin-Voigt,1.5e+06,0.2,394.968,,,,9.81,Kontaktast,0.375,0.7,0.455,K,Kontaktast,1,0,0,7.22142,,561.529,561.529,80,eingeschwungen
"Schnitt (100°,240°)",0,100,240,8,8,8,0.35,0.1,0.65,10,egg THOLD=0.65,Kelvin-Voigt,1.5e+06,0.2,394.968,,,,9.81,Kontaktast,0.375,0.8,0.52,K,Kontaktast,1,0,0,7.22142,,654.926,654.926,80,eingeschwungen
"Schnitt (100°,240°)",0,100,240,8,8,8,0.35,0.1,0.65,10,egg THOLD=0.65,Kelvin-Voigt,1.5e+06,0.2,394.968,,,,9.81,Kontaktast,0.375,0.9,0.585,K,Kontaktast,1,0,0,7.22142,,743.469,743.469,80,eingeschwungen
"Schnitt (100°,240°)",0,100,240,8,8,8,0.35,0.1,0.65,10,egg THOLD=0.65,Kelvin-Voigt,1.5e+06,0.2,394.968,,,,9.81,Kontaktast,0.375,1,0.65,K,Kontaktast,1,0,0,7.22142,,800.107,800.107,80,eingeschwungen
"Schnitt (100°,240°)",0,100,240,8,8,8,0.35,0.1,0.65,10,egg THOLD=0.65,Kelvin-Voigt,1.5e+06,0.2,394.968,,,,9.81,Kontaktast,0.5,-1,-0.65,K,Kontaktast,1,0,0,7.22142,,817.348,451.68,80,eingeschwungen
"Schnitt (100°,240°)",0,100,240,8,8,8,0.35,0.1,0.65,10,egg THOLD=0.65,Kelvin-Voigt,1.5e+06,0.2,394.968,,,,9.81,Kontaktast,0.5,-0.9,-0.585,K,Kontaktast,1,0,0,7.22142,,736.289,410.238,80,eingeschwungen
"Schnitt (100°,240°)",0,100,240,8,8,8,0.35,0.1,0.65,10,egg THOLD=0.65,Kelvin-Voigt,1.5e+06,0.2,394.968,,,,9.81,Kontaktast,0.5,-0.8,-0.52,K,Kontaktast,1,0,0,7.22142,,655.23,357.868,80,eingeschwungen
"Schnitt (100°,240°)",0,100,240,8,8,8,0.35,0.1,0.65,10,egg THOLD=0.65,Kelvin-Voigt,1.5e+06,0.2,394.968,,,,9.81,Kontaktast,0.5,-0.7,-0.455,K,Kontaktast,1,0,0,7.22142,,574.171,318.194,80,eingeschwungen
"Schnitt (100°,240°)",0,100,240,8,8,8,0.35,0.1,0.65,10,egg THOLD=0.65,Kelvin-Voigt,1.5e+06,0.2,394.968,,,,9.81,Kontaktast,0.5,-0.6,-0.39,K,Kontaktast,1,0,0,7.22142,,493.111,289.526,80,eingeschwungen
"Schnitt (100°,240°)",0,100,240,8,8,8,0.35,0.1,0.65,10,egg THOLD=0.65,Kelvin-Voigt,1.5e+06,0.2,394.968,,,,9.81,Kontaktast,0.5,-0.5,-0.325,K,Kontaktast,1,0,0,7.22142,,412.052,244.374,80,eingeschwungen
"Schnitt (100°,240°)",0,100,240,8,8,8,0.35,0.1,0.65,10,egg THOLD=0.65,Kelvin-Voigt,1.5e+06,0.2,394.968,,,,9.81,Kontaktast,0.5,-0.4,-0.26,K,Kontaktast,1,0,0,7.22142,,330.993,196.273,80,eingeschwungen
"Schnitt (100°,240°)",0,100,240,8,8,8,0.35,0.1,0.65,10,egg THOLD=0.65,Kelvin-Voigt,1.5e+06,0.2,394.968,,,,9.81,Kontaktast,0.5,-0.3,-0.195,K,Kontaktast,1,0,0,7.22142,,249.934,149.849,80,eingeschwungen
"Schnitt (100°,240°)",0,100,240,8,8,8,0.35,0.1,0.65,10,egg THOLD=0.65,Kelvin-Voigt,1.5e+06,0.2,394.968,,,,9.81,Kontaktast,0.5,-0.2,-0.13,K,Kontaktast,1,0,0,7.22142,,168.875,93.6633,80,eingeschwungen
"Schnitt (100°,240°)",0,100,240,8,8,8,0.35,0.1,0.65,10,egg THOLD=0.65,Kelvin-Voigt,1.5e+06,0.2,394.968,,,,9.81,Kontaktast,0.5,-0.1,-0.065,K,Kontaktast,1,0,0,7.22142,,87.8155,45.7353,80,eingeschwungen
"Schnitt (100°,240°)",0,100,240,8,8,8,0.35,0.1,0.65,10,egg THOLD=0.65,Kelvin-Voigt,1.5e+06,0.2,394.968,,,,9.81,Kontaktast,0.5,0,0,K,Kontaktast,1,0,0,7.22142,,7.22142,,80,eingeschwungen
"Schnitt (100°,240°)",0,100,240,8,8,8,0.35,0.1,0.65,10,egg THOLD=0.65,Kelvin-Voigt,1.5e+06,0.2,394.968,,,,9.81,Kontaktast,0.5,0.1,0.065,K,Kontaktast,1,0,0,7.22142,,79.5283,79.5283,80,eingeschwungen
"Schnitt (100°,240°)",0,100,240,8,8,8,0.35,0.1,0.65,10,egg THOLD=0.65,Kelvin-Voigt,1.5e+06,0.2,394.968,,,,9.81,Kontaktast,0.5,0.2,0.13,K,Kontaktast,1,0,0,7.22142,,175.054,175.054,80,eingeschwungen
"Schnitt (100°,240°)",0,100,240,8,8,8,0.35,0.1,0.65,10,egg THOLD=0.65,Kelvin-Voigt,1.5e+06,0.2,394.968,,,,9.81,Kontaktast,0.5,0.3,0.195,K,Kontaktast,1,0,0,7.22142,,257.599,257.599,80,eingeschwungen
"Schnitt (100°,240°)",0,100,240,8,8,8,0.35,0.1,0.65,10,egg THOLD=0.65,Kelvin-Voigt,1.5e+06,0.2,394.968,,,,9.81,Kontaktast,0.5,0.4,0.26,K,Kontaktast,1,0,0,7.22142,,322.856,322.856,80,eingeschwungen
"Schnitt (100°,240°)",0,100,240,8,8,8,0.35,0.1,0.65,10,egg THOLD=0.65,Kelvin-Voigt,1.5e+06,0.2,394.968,,,,9.81,Kontaktast,0.5,0.5,0.325,K,Kontaktast,1,0,0,7.22142,,397.655,397.655,80,eingeschwungen
"Schnitt (100°,240°)",0,100,240,8,8,8,0.35,0.1,0.65,10,egg THOLD=0.65,Kelvin-Voigt,1.5e+06,0.2,394.968,,,,9.81,Kontaktast,0.5,0.6,0.39,K,Kontaktast,1,0,0,7.22142,,474.775,474.775,80,eingeschwungen
"Schnitt (100°,240°)",0,100,240,8,8,8,0.35,0.1,0.65,10,egg THOLD=0.65,Kelvin-Voigt,1.5e+06,0.2,394.968,,,,9.81,Kontaktast,0.5,0.7,0.455,K,Kontaktast,1,0,0,7.22142,,571.967,571.967,80,eingeschwungen
"Schnitt (100°,240°)",0,100,240,8,8,8,0.35,0.1,0.65,10,egg THOLD=0.65,Kelvin-Voigt,1.5e+06,0.2,394.968,,,,9.81,Kontaktast,0.5,0.8,0.52,K,Kontaktast,1,0,0,7.22142,,661.013,661.013,80,eingeschwungen
"Schnitt (100°,240°)",0,100,240,8,8,8,0.35,0.1,0.65,10,egg THOLD=0.65,Kelvin-Voigt,1.5e+06,0.2,394.968,,,,9.81,Kontaktast,0.5,0.9,0.585,K,Kontaktast,1,0,0,7.22142,,725.92,725.92,80,eingeschwungen
"Schnitt (100°,240°)",0,100,240,8,8,8,0.35,0.1,0.65,10,egg THOLD=0.65,Kelvin-Voigt,1.5e+06,0.2,394.968,,,,9.81,Kontaktast,0.5,1,0.65,K,Kontaktast,1,0,0,7.22142,,803.906,803.906,80,eingeschwungen
"Schnitt (100°,240°)",0,100,240,8,8,8,0.35,0.1,0.65,10,egg THOLD=0.65,Kelvin-Voigt,1.5e+06,0.2,394.968,,,,9.81,Kontaktast,0.625,-1,-0.65,K,Kontaktast,1,0,0,7.22142,,816.359,453.948,80,eingeschwungen
"Schnitt (100°,240°)",0,100,240,8,8,8,0.35,0.1,0.65,10,egg THOLD=0.65,Kelvin-Voigt,1.5e+06,0.2,394.968,,,,9.81,Kontaktast,0.625,-0.9,-0.585,K,Kontaktast,1,0,0,7.22142,,735.3,402.748,80,eingeschwungen
"Schnitt (100°,240°)",0,100,240,8,8,8,0.35,0.1,0.65,10,egg THOLD=0.65,Kelvin-Voigt,1.5e+06,0.2,394.968,,,,9.81,Kontaktast,0.625,-0.8,-0.52,K,Kontaktast,1,0,0,7.22142,,654.24,361.375,80,eingeschwungen
"Schnitt (100°,240°)",0,100,240,8,8,8,0.35,0.1,0.65,10,egg THOLD=0.65,Kelvin-Voigt,1.5e+06,0.2,394.968,,,,9.81,Kontaktast,0.625,-0.7,-0.455,K,Kontaktast,1,0,0,7.22142,,573.181,308.581,80,eingeschwungen
"Schnitt (100°,240°)",0,100,240,8,8,8,0.35,0.1,0.65,10,egg THOLD=0.65,Kelvin-Voigt,1.5e+06,0.2,394.968,,,,9.81,Kontaktast,0.625,-0.6,-0.39,K,Kontaktast,1,0,0,7.22142,,492.122,267.795,80,eingeschwungen
"Schnitt (100°,240°)",0,100,240,8,8,8,0.35,0.1,0.65,10,egg THOLD=0.65,Kelvin-Voigt,1.5e+06,0.2,394.968,,,,9.81,Kontaktast,0.625,-0.5,-0.325,K,Kontaktast,1,0,0,7.22142,,411.063,239.425,80,eingeschwungen
"Schnitt (100°,240°)",0,100,240,8,8,8,0.35,0.1,0.65,10,egg THOLD=0.65,Kelvin-Voigt,1.5e+06,0.2,394.968,,,,9.81,Kontaktast,0.625,-0.4,-0.26,K,Kontaktast,1,0,0,7.22142,,330.004,195.474,80,eingeschwungen
"Schnitt (100°,240°)",0,100,240,8,8,8,0.35,0.1,0.65,10,egg THOLD=0.65,Kelvin-Voigt,1.5e+06,0.2,394.968,,,,9.81,Kontaktast,0.625,-0.3,-0.195,K,Kontaktast,1,0,0,7.22142,,248.944,148.415,80,eingeschwungen
"Schnitt (100°,240°)",0,100,240,8,8,8,0.35,0.1,0.65,10,egg THOLD=0.65,Kelvin-Voigt,1.5e+06,0.2,394.968,,,,9.81,Kontaktast,0.625,-0.2,-0.13,K,Kontaktast,1,0,0,7.22142,,167.885,104.864,80,eingeschwungen
"Schnitt (100°,240°)",0,100,240,8,8,8,0.35,0.1,0.65,10,egg THOLD=0.65,Kelvin-Voigt,1.5e+06,0.2,394.968,,,,9.81,Kontaktast,0.625,-0.1,-0.065,K,Kontaktast,1,0,0,7.22142,,86.8259,53.2739,80,eingeschwungen
"Schnitt (100°,240°)",0,100,240,8,8,8,0.35,0.1,0.65,10,egg THOLD=0.65,Kelvin-Voigt,1.5e+06,0.2,394.968,,,,9.81,Kontaktast,0.625,0,0,K,Kontaktast,1,0,0,7.22142,,7.22142,,80,eingeschwungen
"Schnitt (100°,240°)",0,100,240,8,8,8,0.35,0.1,0.65,10,egg THOLD=0.65,Kelvin-Voigt,1.5e+06,0.2,394.968,,,,9.81,Kontaktast,0.625,0.1,0.065,K,Kontaktast,1,0,0,7.22142,,94.9837,94.9837,80,eingeschwungen
"Schnitt (100°,240°)",0,100,240,8,8,8,0.35,0.1,0.65,10,egg THOLD=0.65,Kelvin-Voigt,1.5e+06,0.2,394.968,,,,9.81,Kontaktast,0.625,0.2,0.13,K,Kontaktast,1,0,0,7.22142,,174.568,174.568,80,eingeschwungen
"Schnitt (100°,240°)",0,100,240,8,8,8,0.35,0.1,0.65,10,egg THOLD=0.65,Kelvin-Voigt,1.5e+06,0.2,394.968,,,,9.81,Kontaktast,0.625,0.3,0.195,K,Kontaktast,1,0,0,7.22142,,253.293,253.293,80,eingeschwungen
"Schnitt (100°,240°)",0,100,240,8,8,8,0.35,0.1,0.65,10,egg THOLD=0.65,Kelvin-Voigt,1.5e+06,0.2,394.968,,,,9.81,Kontaktast,0.625,0.4,0.26,K,Kontaktast,1,0,0,7.22142,,311.898,311.898,80,eingeschwungen
"Schnitt (100°,240°)",0,100,240,8,8,8,0.35,0.1,0.65,10,egg THOLD=0.65,Kelvin-Voigt,1.5e+06,0.2,394.968,,,,9.81,Kontaktast,0.625,0.5,0.325,K,Kontaktast,1,0,0,7.22142,,398.209,398.209,80,eingeschwungen
"Schnitt (100°,240°)",0,100,240,8,8,8,0.35,0.1,0.65,10,egg THOLD=0.65,Kelvin-Voigt,1.5e+06,0.2,394.968,,,,9.81,Kontaktast,0.625,0.6,0.39,K,Kontaktast,1,0,0,7.22142,,485.626,485.626,80,eingeschwungen
"Schnitt (100°,240°)",0,100,240,8,8,8,0.35,0.1,0.65,10,egg THOLD=0.65,Kelvin-Voigt,1.5e+06,0.2,394.968,,,,9.81,Kontaktast,0.625,0.7,0.455,K,Kontaktast,1,0,0,7.22142,,575.533,575.533,80,eingeschwungen
"Schnitt (100°,240°)",0,100,240,8,8,8,0.35,0.1,0.65,10,egg THOLD=0.65,Kelvin-Voigt,1.5e+06,0.2,394.968,,,,9.81,Kontaktast,0.625,0.8,0.52,K,Kontaktast,1,0,0,7.22142,,658.213,658.213,80,eingeschwungen
"Schnitt (100°,240°)",0,100,240,8,8,8,0.35,0.1,0.65,10,egg THOLD=0.65,Kelvin-Voigt,1.5e+06,0.2,394.968,,,,9.81,Kontaktast,0.625,0.9,0.585,K,Kontaktast,1,0,0,7.22142,,719.368,719.368,80,eingeschwungen
"Schnitt (100°,240°)",0,100,240,8,8,8,0.35,0.1,0.65,10,egg THOLD=0.65,Kelvin-Voigt,1.5e+06,0.2,394.968,,,,9.81,Kontaktast,0.625,1,0.65,K,Kontaktast,1,0,0,7.22142,,801.701,801.701,80,eingeschwungen
"Schnitt (100°,240°)",0,100,240,8,8,8,0.35,0.1,0.65,10,egg THOLD=0.65,Kelvin-Voigt,1.5e+06,0.2,394.968,,,,9.81,Kontaktast,0.75,-1,-0.65,K,Kontaktast,1,0,0,7.22142,,817.407,458.927,80,eingeschwungen
"Schnitt (100°,240°)",0,100,240,8,8,8,0.35,0.1,0.65,10,egg THOLD=0.65,Kelvin-Voigt,1.5e+06,0.2,394.968,,,,9.81,Kontaktast,0.75,-0.9,-0.585,K,Kontaktast,1,0,0,7.22142,,736.347,401.535,80,eingeschwungen
"Schnitt (100°,240°)",0,100,240,8,8,8,0.35,0.1,0.65,10,egg THOLD=0.65,Kelvin-Voigt,1.5e+06,0.2,394.968,,,,9.81,Kontaktast,0.75,-0.8,-0.52,K,Kontaktast,1,0,0,7.22142,,655.288,350.301,80,eingeschwungen
"Schnitt (100°,240°)",0,100,240,8,8,8,0.35,0.1,0.65,10,egg THOLD=0.65,Kelvin-Voigt,1.5e+06,0.2,394.968,,,,9.81,Kontaktast,0.75,-0.7,-0.455,K,Kontaktast,1,0,0,7.22142,,574.229,307.878,80,eingeschwungen
"Schnitt (100°,240°)",0,100,240,8,8,8,0.35,0.1,0.65,10,egg THOLD=0.65,Kelvin-Voigt,1.5e+06,0.2,394.968,,,,9.81,Kontaktast,0.75,-0.6,-0.39,K,Kontaktast,1,0,0,7.22142,,493.17,253.915,80,eingeschwungen
"Schnitt (100°,240°)",0,100,240,8,8,8,0.35,0.1,0.65,10,egg THOLD=0.65,Kelvin-Voigt,1.5e+06,0.2,394.968,,,,9.81,Kontaktast,0.75,-0.5,-0.325,K,Kontaktast,1,0,0,7.22142,,412.111,213.15,80,eingeschwungen
"Schnitt (100°,240°)",0,100,240,8,8,8,0.35,0.1,0.65,10,egg THOLD=0.65,Kelvin-Voigt,1.5e+06,0.2,394.968,,,,9.81,Kontaktast,0.75,-0.4,-0.26,K,Kontaktast,1,0,0,7.22142,,331.051,183.362,80,eingeschwungen
"Schnitt (100°,240°)",0,100,240,8,8,8,0.35,0.1,0.65,10,egg THOLD=0.65,Kelvin-Voigt,1.5e+06,0.2,394.968,,,,9.81,Kontaktast,0.75,-0.3,-0.195,K,Kontaktast,1,0,0,7.22142,,249.992,138.551,80,eingeschwungen
"Schnitt (100°,240°)",0,100,240,8,8,8,0.35,0.1,0.65,10,egg THOLD=0.65,Kelvin-Voigt,1.5e+06,0.2,394.968,,,,9.81,Kontaktast,0.75,-0.2,-0.13,K,Kontaktast,1,0,0,7.22142,,168.933,91.7309,80,eingeschwungen
"Schnitt (100°,240°)",0,100,240,8,8,8,0.35,0.1,0.65,10,egg THOLD=0.65,Kelvin-Voigt,1.5e+06,0.2,394.968,,,,9.81,Kontaktast,0.75,-0.1,-0.065,K,Kontaktast,1,0,0,7.22142,,87.8738,49.0387,80,eingeschwungen
"Schnitt (100°,240°)",0,100,240,8,8,8,0.35,0.1,0.65,10,egg THOLD=0.65,Kelvin-Voigt,1.5e+06,0.2,394.968,,,,9.81,Kontaktast,0.75,0,0,K,Kontaktast,1,0,0,7.22142,,7.22142,,80,eingeschwungen
"Schnitt (100°,240°)",0,100,240,8,8,8,0.35,0.1,0.65,10,egg THOLD=0.65,Kelvin-Voigt,1.5e+06,0.2,394.968,,,,9.81,Kontaktast,0.75,0.1,0.065,K,Kontaktast,1,0,0,7.22142,,84.2721,84.2721,80,eingeschwungen
"Schnitt (100°,240°)",0,100,240,8,8,8,0.35,0.1,0.65,10,egg THOLD=0.65,Kelvin-Voigt,1.5e+06,0.2,394.968,,,,9.81,Kontaktast,0.75,0.2,0.13,K,Kontaktast,1,0,0,7.22142,,164.755,164.755,80,eingeschwungen
"Schnitt (100°,240°)",0,100,240,8,8,8,0.35,0.1,0.65,10,egg THOLD=0.65,Kelvin-Voigt,1.5e+06,0.2,394.968,,,,9.81,Kontaktast,0.75,0.3,0.195,K,Kontaktast,1,0,0,7.22142,,224.918,224.918,80,eingeschwungen
"Schnitt (100°,240°)",0,100,240,8,8,8,0.35,0.1,0.65,10,egg THOLD=0.65,Kelvin-Voigt,1.5e+06,0.2,394.968,,,,9.81,Kontaktast,0.75,0.4,0.26,K,Kontaktast,1,0,0,7.22142,,308.524,308.524,80,eingeschwungen
"Schnitt (100°,240°)",0,100,240,8,8,8,0.35,0.1,0.65,10,egg THOLD=0.65,Kelvin-Voigt,1.5e+06,0.2,394.968,,,,9.81,Kontaktast,0.75,0.5,0.325,K,Kontaktast,1,0,0,7.22142,,386.762,386.762,80,eingeschwungen
"Schnitt (100°,240°)",0,100,240,8,8,8,0.35,0.1,0.65,10,egg THOLD=0.65,Kelvin-Voigt,1.5e+06,0.2,394.968,,,,9.81,Kontaktast,0.75,0.6,0.39,K,Kontaktast,1,0,0,7.22142,,484.196,484.196,80,eingeschwungen
"Schnitt (100°,240°)",0,100,240,8,8,8,0.35,0.1,0.65,10,egg THOLD=0.65,Kelvin-Voigt,1.5e+06,0.2,394.968,,,,9.81,Kontaktast,0.75,0.7,0.455,K,Kontaktast,1,0,0,7.22142,,573.714,573.714,80,eingeschwungen
"Schnitt (100°,240°)",0,100,240,8,8,8,0.35,0.1,0.65,10,egg THOLD=0.65,Kelvin-Voigt,1.5e+06,0.2,394.968,,,,9.81,Kontaktast,0.75,0.8,0.52,K,Kontaktast,1,0,0,7.22142,,633.174,633.174,80,eingeschwungen
"Schnitt (100°,240°)",0,100,240,8,8,8,0.35,0.1,0.65,10,egg THOLD=0.65,Kelvin-Voigt,1.5e+06,0.2,394.968,,,,9.81,Kontaktast,0.75,0.9,0.585,K,Kontaktast,1,0,0,7.22142,,716.923,716.923,80,eingeschwungen
"Schnitt (100°,240°)",0,100,240,8,8,8,0.35,0.1,0.65,10,egg THOLD=0.65,Kelvin-Voigt,1.5e+06,0.2,394.968,,,,9.81,Kontaktast,0.75,1,0.65,K,Kontaktast,1,0,0,7.22142,,793.468,793.468,80,eingeschwungen
"Schnitt (100°,240°)",0,100,240,8,8,8,0.35,0.1,0.65,10,egg THOLD=0.65,Kelvin-Voigt,1.5e+06,0.2,394.968,,,,9.81,Kontaktast,0.875,-1,-0.65,K,Kontaktast,1,0,0,7.22142,,817.63,474.299,80,eingeschwungen
"Schnitt (100°,240°)",0,100,240,8,8,8,0.35,0.1,0.65,10,egg THOLD=0.65,Kelvin-Voigt,1.5e+06,0.2,394.968,,,,9.81,Kontaktast,0.875,-0.9,-0.585,K,Kontaktast,1,0,0,7.22142,,736.571,424.308,80,eingeschwungen
"Schnitt (100°,240°)",0,100,240,8,8,8,0.35,0.1,0.65,10,egg THOLD=0.65,Kelvin-Voigt,1.5e+06,0.2,394.968,,,,9.81,Kontaktast,0.875,-0.8,-0.52,K,Kontaktast,1,0,0,7.22142,,655.512,370.083,80,eingeschwungen
"Schnitt (100°,240°)",0,100,240,8,8,8,0.35,0.1,0.65,10,egg THOLD=0.65,Kelvin-Voigt,1.5e+06,0.2,394.968,,,,9.81,Kontaktast,0.875,-0.7,-0.455,K,Kontaktast,1,0,0,7.22142,,574.453,313.253,80,eingeschwungen
"Schnitt (100°,240°)",0,100,240,8,8,8,0.35,0.1,0.65,10,egg THOLD=0.65,Kelvin-Voigt,1.5e+06,0.2,394.968,,,,9.81,Kontaktast,0.875,-0.6,-0.39,K,Kontaktast,1,0,0,7.22142,,493.393,271.669,80,eingeschwungen
"Schnitt (100°,240°)",0,100,240,8,8,8,0.35,0.1,0.65,10,egg THOLD=0.65,Kelvin-Voigt,1.5e+06,0.2,394.968,,,,9.81,Kontaktast,0.875,-0.5,-0.325,K,Kontaktast,1,0,0,7.22142,,412.334,218.208,80,eingeschwungen
"Schnitt (100°,240°)",0,100,240,8,8,8,0.35,0.1,0.65,10,egg THOLD=0.65,Kelvin-Voigt,1.5e+06,0.2,394.968,,,,9.81,Kontaktast,0.875,-0.4,-0.26,K,Kontaktast,1,0,0,7.22142,,331.275,168.803,80,eingeschwungen
"Schnitt (100°,240°)",0,100,240,8,8,8,0.35,0.1,0.65,10,egg THOLD=0.65,Kelvin-Voigt,1.5e+06,0.2,394.968,,,,9.81,Kontaktast,0.875,-0.3,-0.195,K,Kontaktast,1,0,0,7.22142,,250.216,138.899,80,eingeschwungen
"Schnitt (100°,240°)",0,100,240,8,8,8,0.35,0.1,0.65,10,egg THOLD=0.65,Kelvin-Voigt,1.5e+06,0.2,394.968,,,,9.81,Kontaktast,0.875,-0.2,-0.13,K,Kontaktast,1,0,0,7.22142,,169.157,97.0793,80,eingeschwungen
"Schnitt (100°,240°)",0,100,240,8,8,8,0.35,0.1,0.65,10,egg THOLD=0.65,Kelvin-Voigt,1.5e+06,0.2,394.968,,,,9.81,Kontaktast,0.875,-0.1,-0.065,K,Kontaktast,1,0,0,7.22142,,88.0973,47.8827,80,eingeschwungen
"Schnitt (100°,240°)",0,100,240,8,8,8,0.35,0.1,0.65,10,egg THOLD=0.65,Kelvin-Voigt,1.5e+06,0.2,394.968,,,,9.81,Kontaktast,0.875,0,0,K,Kontaktast,1,0,0,7.22142,,7.22142,,80,eingeschwungen
"Schnitt (100°,240°)",0,100,240,8,8,8,0.35,0.1,0.65,10,egg THOLD=0.65,Kelvin-Voigt,1.5e+06,0.2,394.968,,,,9.81,Kontaktast,0.875,0.1,0.065,K,Kontaktast,1,0,0,7.22142,,85.5655,85.5655,80,eingeschwungen
"Schnitt (100°,240°)",0,100,240,8,8,8,0.35,0.1,0.65,10,egg THOLD=0.65,Kelvin-Voigt,1.5e+06,0.2,394.968,,,,9.81,Kontaktast,0.875,0.2,0.13,K,Kontaktast,1,0,0,7.22142,,158.273,158.273,80,eingeschwungen
"Schnitt (100°,240°)",0,100,240,8,8,8,0.35,0.1,0.65,10,egg THOLD=0.65,Kelvin-Voigt,1.5e+06,0.2,394.968,,,,9.81,Kontaktast,0.875,0.3,0.195,K,Kontaktast,1,0,0,7.22142,,231.339,231.339,80,eingeschwungen
"Schnitt (100°,240°)",0,100,240,8,8,8,0.35,0.1,0.65,10,egg THOLD=0.65,Kelvin-Voigt,1.5e+06,0.2,394.968,,,,9.81,Kontaktast,0.875,0.4,0.26,K,Kontaktast,1,0,0,7.22142,,313.741,313.741,80,eingeschwungen
"Schnitt (100°,240°)",0,100,240,8,8,8,0.35,0.1,0.65,10,egg THOLD=0.65,Kelvin-Voigt,1.5e+06,0.2,394.968,,,,9.81,Kontaktast,0.875,0.5,0.325,K,Kontaktast,1,0,0,7.22142,,411.467,411.467,80,eingeschwungen
"Schnitt (100°,240°)",0,100,240,8,8,8,0.35,0.1,0.65,10,egg THOLD=0.65,Kelvin-Voigt,1.5e+06,0.2,394.968,,,,9.81,Kontaktast,0.875,0.6,0.39,K,Kontaktast,1,0,0,7.22142,,500.232,500.232,80,eingeschwungen
"Schnitt (100°,240°)",0,100,240,8,8,8,0.35,0.1,0.65,10,egg THOLD=0.65,Kelvin-Voigt,1.5e+06,0.2,394.968,,,,9.81,Kontaktast,0.875,0.7,0.455,K,Kontaktast,1,0,0,7.22142,,570.057,570.057,80,eingeschwungen
"Schnitt (100°,240°)",0,100,240,8,8,8,0.35,0.1,0.65,10,egg THOLD=0.65,Kelvin-Voigt,1.5e+06,0.2,394.968,,,,9.81,Kontaktast,0.875,0.8,0.52,K,Kontaktast,1,0,0,7.22142,,643.843,643.843,80,eingeschwungen
"Schnitt (100°,240°)",0,100,240,8,8,8,0.35,0.1,0.65,10,egg THOLD=0.65,Kelvin-Voigt,1.5e+06,0.2,394.968,,,,9.81,Kontaktast,0.875,0.9,0.585,K,Kontaktast,1,0,0,7.22142,,720.666,720.666,80,eingeschwungen
"Schnitt (100°,240°)",0,100,240,8,8,8,0.35,0.1,0.65,10,egg THOLD=0.65,Kelvin-Voigt,1.5e+06,0.2,394.968,,,,9.81,Kontaktast,0.875,1,0.65,K,Kontaktast,1,0,0,7.22142,,817.743,817.743,80,eingeschwungen
"Schnitt (140°,240°)",0,140,240,8,8,8,0.35,0.1,0.65,10,egg THOLD=0.65,Kelvin-Voigt,1.5e+06,0.2,394.968,,,,9.81,Kontaktast,0,-1,-0.65,K,Kontaktast,1,0,0,7.21684,,815.463,451.129,80,eingeschwungen
"Schnitt (140°,240°)",0,140,240,8,8,8,0.35,0.1,0.65,10,egg THOLD=0.65,Kelvin-Voigt,1.5e+06,0.2,394.968,,,,9.81,Kontaktast,0,-0.9,-0.585,K,Kontaktast,1,0,0,7.21684,,734.403,404.73,80,eingeschwungen
"Schnitt (140°,240°)",0,140,240,8,8,8,0.35,0.1,0.65,10,egg THOLD=0.65,Kelvin-Voigt,1.5e+06,0.2,394.968,,,,9.81,Kontaktast,0,-0.8,-0.52,K,Kontaktast,1,0,0,7.21684,,653.344,375.784,80,eingeschwungen
"Schnitt (140°,240°)",0,140,240,8,8,8,0.35,0.1,0.65,10,egg THOLD=0.65,Kelvin-Voigt,1.5e+06,0.2,394.968,,,,9.81,Kontaktast,0,-0.7,-0.455,K,Kontaktast,1,0,0,7.21684,,572.285,332.012,80,eingeschwungen
"Schnitt (140°,240°)",0,140,240,8,8,8,0.35,0.1,0.65,10,egg THOLD=0.65,Kelvin-Voigt,1.5e+06,0.2,394.968,,,,9.81,Kontaktast,0,-0.6,-0.39,K,Kontaktast,1,0,0,7.21684,,491.226,284.949,80,eingeschwungen
"Schnitt (140°,240°)",0,140,240,8,8,8,0.35,0.1,0.65,10,egg THOLD=0.65,Kelvin-Voigt,1.5e+06,0.2,394.968,,,,9.81,Kontaktast,0,-0.5,-0.325,K,Kontaktast,1,0,0,7.21684,,410.166,250.414,80,eingeschwungen
"Schnitt (140°,240°)",0,140,240,8,8,8,0.35,0.1,0.65,10,egg THOLD=0.65,Kelvin-Voigt,1.5e+06,0.2,394.968,,,,9.81,Kontaktast,0,-0.4,-0.26,K,Kontaktast,1,0,0,7.21684,,329.107,204.062,80,eingeschwungen
"Schnitt (140°,240°)",0,140,240,8,8,8,0.35,0.1,0.65,10,egg THOLD=0.65,Kelvin-Voigt,1.5e+06,0.2,394.968,,,,9.81,Kontaktast,0,-0.3,-0.195,K,Kontaktast,1,0,0,7.21684,,248.048,153.624,80,eingeschwungen
"Schnitt (140°,240°)",0,140,240,8,8,8,0.35,0.1,0.65,10,egg THOLD=0.65,Kelvin-Voigt,1.5e+06,0.2,394.968,,,,9.81,Kontaktast,0,-0.2,-0.13,K,Kontaktast,1,0,0,7.21684,,166.989,107.973,80,eingeschwungen
"Schnitt (140°,240°)",0,140,240,8,8,8,0.35,0.1,0.65,10,egg THOLD=0.65,Kelvin-Voigt,1.5e+06,0.2,394.968,,,,9.81,Kontaktast,0,-0.1,-0.065,K,Kontaktast,1,0,0,7.21684,,85.9297,54.409,80,eingeschwungen
"Schnitt (140°,240°)",0,140,240,8,8,8,0.35,0.1,0.65,10,egg THOLD=0.65,Kelvin-Voigt,1.5e+06,0.2,394.968,,,,9.81,Kontaktast,0,0,0,K,Kontaktast,1,0,0,7.21684,,7.21684,,80,eingeschwungen
"Schnitt (140°,240°)",0,140,240,8,8,8,0.35,0.1,0.65,10,egg THOLD=0.65,Kelvin-Voigt,1.5e+06,0.2,394.968,,,,9.81,Kontaktast,0,0.1,0.065,K,Kontaktast,1,0,0,7.21684,,98.4055,98.4055,80,eingeschwungen
"Schnitt (140°,240°)",0,140,240,8,8,8,0.35,0.1,0.65,10,egg THOLD=0.65,Kelvin-Voigt,1.5e+06,0.2,394.968,,,,9.81,Kontaktast,0,0.2,0.13,K,Kontaktast,1,0,0,7.21684,,182.359,182.359,80,eingeschwungen
"Schnitt (140°,240°)",0,140,240,8,8,8,0.35,0.1,0.65,10,egg THOLD=0.65,Kelvin-Voigt,1.5e+06,0.2,394.968,,,,9.81,Kontaktast,0,0.3,0.195,K,Kontaktast,1,0,0,7.21684,,265.503,265.503,80,eingeschwungen
"Schnitt (140°,240°)",0,140,240,8,8,8,0.35,0.1,0.65,10,egg THOLD=0.65,Kelvin-Voigt,1.5e+06,0.2,394.968,,,,9.81,Kontaktast,0,0.4,0.26,K,Kontaktast,1,0,0,7.21684,,337.192,337.192,80,eingeschwungen
"Schnitt (140°,240°)",0,140,240,8,8,8,0.35,0.1,0.65,10,egg THOLD=0.65,Kelvin-Voigt,1.5e+06,0.2,394.968,,,,9.81,Kontaktast,0,0.5,0.325,K,Kontaktast,1,0,0,7.21684,,404.13,404.13,80,eingeschwungen
"Schnitt (140°,240°)",0,140,240,8,8,8,0.35,0.1,0.65,10,egg THOLD=0.65,Kelvin-Voigt,1.5e+06,0.2,394.968,,,,9.81,Kontaktast,0,0.6,0.39,K,Kontaktast,1,0,0,7.21684,,484.314,484.314,80,eingeschwungen
"Schnitt (140°,240°)",0,140,240,8,8,8,0.35,0.1,0.65,10,egg THOLD=0.65,Kelvin-Voigt,1.5e+06,0.2,394.968,,,,9.81,Kontaktast,0,0.7,0.455,K,Kontaktast,1,0,0,7.21684,,575.86,575.86,80,eingeschwungen
"Schnitt (140°,240°)",0,140,240,8,8,8,0.35,0.1,0.65,10,egg THOLD=0.65,Kelvin-Voigt,1.5e+06,0.2,394.968,,,,9.81,Kontaktast,0,0.8,0.52,K,Kontaktast,1,0,0,7.21684,,665.057,665.057,80,eingeschwungen
"Schnitt (140°,240°)",0,140,240,8,8,8,0.35,0.1,0.65,10,egg THOLD=0.65,Kelvin-Voigt,1.5e+06,0.2,394.968,,,,9.81,Kontaktast,0,0.9,0.585,K,Kontaktast,1,0,0,7.21684,,741.561,741.561,80,eingeschwungen
"Schnitt (140°,240°)",0,140,240,8,8,8,0.35,0.1,0.65,10,egg THOLD=0.65,Kelvin-Voigt,1.5e+06,0.2,394.968,,,,9.81,Kontaktast,0,1,0.65,K,Kontaktast,1,0,0,7.21684,,806.081,806.081,80,eingeschwungen
"Schnitt (140°,240°)",0,140,240,8,8,8,0.35,0.1,0.65,10,egg THOLD=0.65,Kelvin-Voigt,1.5e+06,0.2,394.968,,,,9.81,Kontaktast,0.125,-1,-0.65,K,Kontaktast,1,0,0,7.21684,,816.964,445.969,80,eingeschwungen
"Schnitt (140°,240°)",0,140,240,8,8,8,0.35,0.1,0.65,10,egg THOLD=0.65,Kelvin-Voigt,1.5e+06,0.2,394.968,,,,9.81,Kontaktast,0.125,-0.9,-0.585,K,Kontaktast,1,0,0,7.21684,,735.905,388.921,80,eingeschwungen
"Schnitt (140°,240°)",0,140,240,8,8,8,0.35,0.1,0.65,10,egg THOLD=0.65,Kelvin-Voigt,1.5e+06,0.2,394.968,,,,9.81,Kontaktast,0.125,-0.8,-0.52,K,Kontaktast,1,0,0,7.21684,,654.845,347.049,80,eingeschwungen
"Schnitt (140°,240°)",0,140,240,8,8,8,0.35,0.1,0.65,10,egg THOLD=0.65,Kelvin-Voigt,1.5e+06,0.2,394.968,,,,9.81,Kontaktast,0.125,-0.7,-0.455,K,Kontaktast,1,0,0,7.21684,,573.786,316.021,80,eingeschwungen
"Schnitt (140°,240°)",0,140,240,8,8,8,0.35,0.1,0.65,10,egg THOLD=0.65,Kelvin-Voigt,1.5e+06,0.2,394.968,,,,9.81,Kontaktast,0.125,-0.6,-0.39,K,Kontaktast,1,0,0,7.21684,,492.727,269.465,80,eingeschwungen
"Schnitt (140°,240°)",0,140,240,8,8,8,0.35,0.1,0.65,10,egg THOLD=0.65,Kelvin-Voigt,1.5e+06,0.2,394.968,,,,9.81,Kontaktast,0.125,-0.5,-0.325,K,Kontaktast,1,0,0,7.21684,,411.668,224.454,80,eingeschwungen
"Schnitt (140°,240°)",0,140,240,8,8,8,0.35,0.1,0.65,10,egg THOLD=0.65,Kelvin-Voigt,1.5e+06,0.2,394.968,,,,9.81,Kontaktast,0.125,-0.4,-0.26,K,Kontaktast,1,0,0,7.21684,,330.609,189.72,80,eingeschwungen
"Schnitt (140°,240°)",0,140,240,8,8,8,0.35,0.1,0.65,10,egg THOLD=0.65,Kelvin-Voigt,1.5e+06,0.2,394.968,,,,9.81,Kontaktast,0.125,-0.3,-0.195,K,Kontaktast,1,0,0,7.21684,,249.549,141.849,80,eingeschwungen
"Schnitt (140°,240°)",0,140,240,8,8,8,0.35,0.1,0.65,10,egg THOLD=0.65,Kelvin-Voigt,1.5e+06,0.2,394.968,,,,9.81,Kontaktast,0.125,-0.2,-0.13,K,Kontaktast,1,0,0,7.21684,,168.49,93.6486,80,eingeschwungen
"Schnitt (140°,240°)",0,140,240,8,8,8,0.35,0.1,0.65,10,egg THOLD=0.65,Kelvin-Voigt,1.5e+06,0.2,394.968,,,,9.81,Kontaktast,0.125,-0.1,-0.065,K,Kontaktast,1,0,0,7.21684,,87.4309,49.7689,80,eingeschwungen
"Schnitt (140°,240°)",0,140,240,8,8,8,0.35,0.1,0.65,10,egg THOLD=0.65,Kelvin-Voigt,1.5e+06,0.2,394.968,,,,9.81,Kontaktast,0.125,0,0,K,Kontaktast,1,0,0,7.21684,,7.21684,,80,eingeschwungen
"Schnitt (140°,240°)",0,140,240,8,8,8,0.35,0.1,0.65,10,egg THOLD=0.65,Kelvin-Voigt,1.5e+06,0.2,394.968,,,,9.81,Kontaktast,0.125,0.1,0.065,K,Kontaktast,1,0,0,7.21684,,86.1334,86.1334,80,eingeschwungen
"Schnitt (140°,240°)",0,140,240,8,8,8,0.35,0.1,0.65,10,egg THOLD=0.65,Kelvin-Voigt,1.5e+06,0.2,394.968,,,,9.81,Kontaktast,0.125,0.2,0.13,K,Kontaktast,1,0,0,7.21684,,169.673,169.673,80,eingeschwungen
"Schnitt (140°,240°)",0,140,240,8,8,8,0.35,0.1,0.65,10,egg THOLD=0.65,Kelvin-Voigt,1.5e+06,0.2,394.968,,,,9.81,Kontaktast,0.125,0.3,0.195,K,Kontaktast,1,0,0,7.21684,,237.95,237.95,80,eingeschwungen
"Schnitt (140°,240°)",0,140,240,8,8,8,0.35,0.1,0.65,10,egg THOLD=0.65,Kelvin-Voigt,1.5e+06,0.2,394.968,,,,9.81,Kontaktast,0.125,0.4,0.26,K,Kontaktast,1,0,0,7.21684,,319.441,319.441,80,eingeschwungen
"Schnitt (140°,240°)",0,140,240,8,8,8,0.35,0.1,0.65,10,egg THOLD=0.65,Kelvin-Voigt,1.5e+06,0.2,394.968,,,,9.81,Kontaktast,0.125,0.5,0.325,K,Kontaktast,1,0,0,7.21684,,378.256,378.256,80,eingeschwungen
"Schnitt (140°,240°)",0,140,240,8,8,8,0.35,0.1,0.65,10,egg THOLD=0.65,Kelvin-Voigt,1.5e+06,0.2,394.968,,,,9.81,Kontaktast,0.125,0.6,0.39,K,Kontaktast,1,0,0,7.21684,,473.456,473.456,80,eingeschwungen
"Schnitt (140°,240°)",0,140,240,8,8,8,0.35,0.1,0.65,10,egg THOLD=0.65,Kelvin-Voigt,1.5e+06,0.2,394.968,,,,9.81,Kontaktast,0.125,0.7,0.455,K,Kontaktast,1,0,0,7.21684,,567.276,567.276,80,eingeschwungen
"Schnitt (140°,240°)",0,140,240,8,8,8,0.35,0.1,0.65,10,egg THOLD=0.65,Kelvin-Voigt,1.5e+06,0.2,394.968,,,,9.81,Kontaktast,0.125,0.8,0.52,K,Kontaktast,1,0,0,7.21684,,641.609,641.609,80,eingeschwungen
"Schnitt (140°,240°)",0,140,240,8,8,8,0.35,0.1,0.65,10,egg THOLD=0.65,Kelvin-Voigt,1.5e+06,0.2,394.968,,,,9.81,Kontaktast,0.125,0.9,0.585,K,Kontaktast,1,0,0,7.21684,,724.984,724.984,80,eingeschwungen
"Schnitt (140°,240°)",0,140,240,8,8,8,0.35,0.1,0.65,10,egg THOLD=0.65,Kelvin-Voigt,1.5e+06,0.2,394.968,,,,9.81,Kontaktast,0.125,1,0.65,K,Kontaktast,1,0,0,7.21684,,783.813,783.813,80,eingeschwungen
"Schnitt (140°,240°)",0,140,240,8,8,8,0.35,0.1,0.65,10,egg THOLD=0.65,Kelvin-Voigt,1.5e+06,0.2,394.968,,,,9.81,Kontaktast,0.25,-1,-0.65,K,Kontaktast,1,0,0,7.21684,,817.57,457.784,80,eingeschwungen
"Schnitt (140°,240°)",0,140,240,8,8,8,0.35,0.1,0.65,10,egg THOLD=0.65,Kelvin-Voigt,1.5e+06,0.2,394.968,,,,9.81,Kontaktast,0.25,-0.9,-0.585,K,Kontaktast,1,0,0,7.21684,,736.511,406.852,80,eingeschwungen
"Schnitt (140°,240°)",0,140,240,8,8,8,0.35,0.1,0.65,10,egg THOLD=0.65,Kelvin-Voigt,1.5e+06,0.2,394.968,,,,9.81,Kontaktast,0.25,-0.8,-0.52,K,Kontaktast,1,0,0,7.21684,,655.452,349.704,80,eingeschwungen
"Schnitt (140°,240°)",0,140,240,8,8,8,0.35,0.1,0.65,10,egg THOLD=0.65,Kelvin-Voigt,1.5e+06,0.2,394.968,,,,9.81,Kontaktast,0.25,-0.7,-0.455,K,Kontaktast,1,0,0,7.21684,,574.393,301.396,80,eingeschwungen
"Schnitt (140°,240°)",0,140,240,8,8,8,0.35,0.1,0.65,10,egg THOLD=0.65,Kelvin-Voigt,1.5e+06,0.2,394.968,,,,9.81,Kontaktast,0.25,-0.6,-0.39,K,Kontaktast,1,0,0,7.21684,,493.333,271.227,80,eingeschwungen
"Schnitt (140°,240°)",0,140,240,8,8,8,0.35,0.1,0.65,10,egg THOLD=0.65,Kelvin-Voigt,1.5e+06,0.2,394.968,,,,9.81,Kontaktast,0.25,-0.5,-0.325,K,Kontaktast,1,0,0,7.21684,,412.274,226.366,80,eingeschwungen
"Schnitt (140°,240°)",0,140,240,8,8,8,0.35,0.1,0.65,10,egg THOLD=0.65,Kelvin-Voigt,1.5e+06,0.2,394.968,,,,9.81,Kontaktast,0.25,-0.4,-0.26,K,Kontaktast,1,0,0,7.21684,,331.215,178.224,80,eingeschwungen
"Schnitt (140°,240°)",0,140,240,8,8,8,0.35,0.1,0.65,10,egg THOLD=0.65,Kelvin-Voigt,1.5e+06,0.2,394.968,,,,9.81,Kontaktast,0.25,-0.3,-0.195,K,Kontaktast,1,0,0,7.21684,,250.156,143.309,80,eingeschwungen
"Schnitt (140°,240°)",0,140,240,8,8,8,0.35,0.1,0.65,10,egg THOLD=0.65,Kelvin-Voigt,1.5e+06,0.2,394.968,,,,9.81,Kontaktast,0.25,-0.2,-0.13,K,Kontaktast,1,0,0,7.21684,,169.097,97.9457,80,eingeschwungen
"Schnitt (140°,240°)",0,140,240,8,8,8,0.35,0.1,0.65,10,egg THOLD=0.65,Kelvin-Voigt,1.5e+06,0.2,394.968,,,,9.81,Kontaktast,0.25,-0.1,-0.065,K,Kontaktast,1,0,0,7.21684,,88.0373,47.9266,80,eingeschwungen
"Schnitt (140°,240°)",0,140,240,8,8,8,0.35,0.1,0.65,10,egg THOLD=0.65,Kelvin-Voigt,1.5e+06,0.2,394.968,,,,9.81,Kontaktast,0.25,0,0,K,Kontaktast,1,0,0,7.21684,,7.21684,,80,eingeschwungen
"Schnitt (140°,240°)",0,140,240,8,8,8,0.35,0.1,0.65,10,egg THOLD=0.65,Kelvin-Voigt,1.5e+06,0.2,394.968,,,,9.81,Kontaktast,0.25,0.1,0.065,K,Kontaktast,1,0,0,7.21684,,85.7664,85.7664,80,eingeschwungen
"Schnitt (140°,240°)",0,140,240,8,8,8,0.35,0.1,0.65,10,egg THOLD=0.65,Kelvin-Voigt,1.5e+06,0.2,394.968,,,,9.81,Kontaktast,0.25,0.2,0.13,K,Kontaktast,1,0,0,7.21684,,164.517,164.517,80,eingeschwungen
"Schnitt (140°,240°)",0,140,240,8,8,8,0.35,0.1,0.65,10,egg THOLD=0.65,Kelvin-Voigt,1.5e+06,0.2,394.968,,,,9.81,Kontaktast,0.25,0.3,0.195,K,Kontaktast,1,0,0,7.21684,,239.671,239.671,80,eingeschwungen
"Schnitt (140°,240°)",0,140,240,8,8,8,0.35,0.1,0.65,10,egg THOLD=0.65,Kelvin-Voigt,1.5e+06,0.2,394.968,,,,9.81,Kontaktast,0.25,0.4,0.26,K,Kontaktast,1,0,0,7.21684,,304.941,304.941,80,eingeschwungen
"Schnitt (140°,240°)",0,140,240,8,8,8,0.35,0.1,0.65,10,egg THOLD=0.65,Kelvin-Voigt,1.5e+06,0.2,394.968,,,,9.81,Kontaktast,0.25,0.5,0.325,K,Kontaktast,1,0,0,7.21684,,392.474,392.474,80,eingeschwungen
"Schnitt (140°,240°)",0,140,240,8,8,8,0.35,0.1,0.65,10,egg THOLD=0.65,Kelvin-Voigt,1.5e+06,0.2,394.968,,,,9.81,Kontaktast,0.25,0.6,0.39,K,Kontaktast,1,0,0,7.21684,,484.926,484.926,80,eingeschwungen
"Schnitt (140°,240°)",0,140,240,8,8,8,0.35,0.1,0.65,10,egg THOLD=0.65,Kelvin-Voigt,1.5e+06,0.2,394.968,,,,9.81,Kontaktast,0.25,0.7,0.455,K,Kontaktast,1,0,0,7.21684,,570.01,570.01,80,eingeschwungen
"Schnitt (140°,240°)",0,140,240,8,8,8,0.35,0.1,0.65,10,egg THOLD=0.65,Kelvin-Voigt,1.5e+06,0.2,394.968,,,,9.81,Kontaktast,0.25,0.8,0.52,K,Kontaktast,1,0,0,7.21684,,649.651,649.651,80,eingeschwungen
"Schnitt (140°,240°)",0,140,240,8,8,8,0.35,0.1,0.65,10,egg THOLD=0.65,Kelvin-Voigt,1.5e+06,0.2,394.968,,,,9.81,Kontaktast,0.25,0.9,0.585,K,Kontaktast,1,0,0,7.21684,,710.822,710.822,80,eingeschwungen
"Schnitt (140°,240°)",0,140,240,8,8,8,0.35,0.1,0.65,10,egg THOLD=0.65,Kelvin-Voigt,1.5e+06,0.2,394.968,,,,9.81,Kontaktast,0.25,1,0.65,K,Kontaktast,1,0,0,7.21684,,799.354,799.354,80,eingeschwungen
"Schnitt (140°,240°)",0,140,240,8,8,8,0.35,0.1,0.65,10,egg THOLD=0.65,Kelvin-Voigt,1.5e+06,0.2,394.968,,,,9.81,Kontaktast,0.375,-1,-0.65,K,Kontaktast,1,0,0,7.21684,,817.195,472.207,80,eingeschwungen
"Schnitt (140°,240°)",0,140,240,8,8,8,0.35,0.1,0.65,10,egg THOLD=0.65,Kelvin-Voigt,1.5e+06,0.2,394.968,,,,9.81,Kontaktast,0.375,-0.9,-0.585,K,Kontaktast,1,0,0,7.21684,,736.136,416.041,80,eingeschwungen
"Schnitt (140°,240°)",0,140,240,8,8,8,0.35,0.1,0.65,10,egg THOLD=0.65,Kelvin-Voigt,1.5e+06,0.2,394.968,,,,9.81,Kontaktast,0.375,-0.8,-0.52,K,Kontaktast,1,0,0,7.21684,,655.077,364.151,80,eingeschwungen
"Schnitt (140°,240°)",0,140,240,8,8,8,0.35,0.1,0.65,10,egg THOLD=0.65,Kelvin-Voigt,1.5e+06,0.2,394.968,,,,9.81,Kontaktast,0.375,-0.7,-0.455,K,Kontaktast,1,0,0,7.21684,,574.017,307.602,80,eingeschwungen
"Schnitt (140°,240°)",0,140,240,8,8,8,0.35,0.1,0.65,10,egg THOLD=0.65,Kelvin-Voigt,1.5e+06,0.2,394.968,,,,9.81,Kontaktast,0.375,-0.6,-0.39,K,Kontaktast,1,0,0,7.21684,,492.958,255.037,80,eingeschwungen
"Schnitt (140°,240°)",0,140,240,8,8,8,0.35,0.1,0.65,10,egg THOLD=0.65,Kelvin-Voigt,1.5e+06,0.2,394.968,,,,9.81,Kontaktast,0.375,-0.5,-0.325,K,Kontaktast,1,0,0,7.21684,,411.899,223.738,80,eingeschwungen
"Schnitt (140°,240°)",0,140,240,8,8,8,0.35,0.1,0.65,10,egg THOLD=0.65,Kelvin-Voigt,1.5e+06,0.2,394.968,,,,9.81,Kontaktast,0.375,-0.4,-0.26,K,Kontaktast,1,0,0,7.21684,,330.84,179.945,80,eingeschwungen
"Schnitt (140°,240°)",0,140,240,8,8,8,0.35,0.1,0.65,10,egg THOLD=0.65,Kelvin-Voigt,1.5e+06,0.2,394.968,,,,9.81,Kontaktast,0.375,-0.3,-0.195,K,Kontaktast,1,0,0,7.21684,,249.781,129.526,80,eingeschwungen
"Schnitt (140°,240°)",0,140,240,8,8,8,0.35,0.1,0.65,10,egg THOLD=0.65,Kelvin-Voigt,1.5e+06,0.2,394.968,,,,9.81,Kontaktast,0.375,-0.2,-0.13,K,Kontaktast,1,0,0,7.21684,,168.721,92.9037,80,eingeschwungen
"Schnitt (140°,240°)",0,140,240,8,8,8,0.35,0.1,0.65,10,egg THOLD=0.65,Kelvin-Voigt,1.5e+06,0.2,394.968,,,,9.81,Kontaktast,0.375,-0.1,-0.065,K,Kontaktast,1,0,0,7.21684,,87.6622,50.1259,80,eingeschwungen
"Schnitt (140°,240°)",0,140,240,8,8,8,0.35,0.1,0.65,10,egg THOLD=0.65,Kelvin-Voigt,1.5e+06,0.2,394.968,,,,9.81,Kontaktast,0.375,0,0,K,Kontaktast,1,0,0,7.21684,,7.21684,,80,eingeschwungen
"Schnitt (140°,240°)",0,140,240,8,8,8,0.35,0.1,0.65,10,egg THOLD=0.65,Kelvin-Voigt,1.5e+06,0.2,394.968,,,,9.81,Kontaktast,0.375,0.1,0.065,K,Kontaktast,1,0,0,7.21684,,86.868,86.868,80,eingeschwungen
"Schnitt (140°,240°)",0,140,240,8,8,8,0.35,0.1,0.65,10,egg THOLD=0.65,Kelvin-Voigt,1.5e+06,0.2,394.968,,,,9.81,Kontaktast,0.375,0.2,0.13,K,Kontaktast,1,0,0,7.21684,,155.878,155.878,80,eingeschwungen
"Schnitt (140°,240°)",0,140,240,8,8,8,0.35,0.1,0.65,10,egg THOLD=0.65,Kelvin-Voigt,1.5e+06,0.2,394.968,,,,9.81,Kontaktast,0.375,0.3,0.195,K,Kontaktast,1,0,0,7.21684,,236.064,236.064,80,eingeschwungen
"Schnitt (140°,240°)",0,140,240,8,8,8,0.35,0.1,0.65,10,egg THOLD=0.65,Kelvin-Voigt,1.5e+06,0.2,394.968,,,,9.81,Kontaktast,0.375,0.4,0.26,K,Kontaktast,1,0,0,7.21684,,307.305,307.305,80,eingeschwungen
"Schnitt (140°,240°)",0,140,240,8,8,8,0.35,0.1,0.65,10,egg THOLD=0.65,Kelvin-Voigt,1.5e+06,0.2,394.968,,,,9.81,Kontaktast,0.375,0.5,0.325,K,Kontaktast,1,0,0,7.21684,,402.955,402.955,80,eingeschwungen
"Schnitt (140°,240°)",0,140,240,8,8,8,0.35,0.1,0.65,10,egg THOLD=0.65,Kelvin-Voigt,1.5e+06,0.2,394.968,,,,9.81,Kontaktast,0.375,0.6,0.39,K,Kontaktast,1,0,0,7.21684,,497.524,497.524,80,eingeschwungen
"Schnitt (140°,240°)",0,140,240,8,8,8,0.35,0.1,0.65,10,egg THOLD=0.65,Kelvin-Voigt,1.5e+06,0.2,394.968,,,,9.81,Kontaktast,0.375,0.7,0.455,K,Kontaktast,1,0,0,7.21684,,570.114,570.114,80,eingeschwungen
"Schnitt (140°,240°)",0,140,240,8,8,8,0.35,0.1,0.65,10,egg THOLD=0.65,Kelvin-Voigt,1.5e+06,0.2,394.968,,,,9.81,Kontaktast,0.375,0.8,0.52,K,Kontaktast,1,0,0,7.21684,,644.602,644.602,80,eingeschwungen
"Schnitt (140°,240°)",0,140,240,8,8,8,0.35,0.1,0.65,10,egg THOLD=0.65,Kelvin-Voigt,1.5e+06,0.2,394.968,,,,9.81,Kontaktast,0.375,0.9,0.585,K,Kontaktast,1,0,0,7.21684,,716.66,716.66,80,eingeschwungen
"Schnitt (140°,240°)",0,140,240,8,8,8,0.35,0.1,0.65,10,egg THOLD=0.65,Kelvin-Voigt,1.5e+06,0.2,394.968,,,,9.81,Kontaktast,0.375,1,0.65,K,Kontaktast,1,0,0,7.21684,,809.109,809.109,80,eingeschwungen
"Schnitt (140°,240°)",0,140,240,8,8,8,0.35,0.1,0.65,10,egg THOLD=0.65,Kelvin-Voigt,1.5e+06,0.2,394.968,,,,9.81,Kontaktast,0.5,-1,-0.65,K,Kontaktast,1,0,0,7.21684,,817.783,475.075,80,eingeschwungen
"Schnitt (140°,240°)",0,140,240,8,8,8,0.35,0.1,0.65,10,egg THOLD=0.65,Kelvin-Voigt,1.5e+06,0.2,394.968,,,,9.81,Kontaktast,0.5,-0.9,-0.585,K,Kontaktast,1,0,0,7.21684,,736.724,437.585,80,eingeschwungen
"Schnitt (140°,240°)",0,140,240,8,8,8,0.35,0.1,0.65,10,egg THOLD=0.65,Kelvin-Voigt,1.5e+06,0.2,394.968,,,,9.81,Kontaktast,0.5,-0.8,-0.52,K,Kontaktast,1,0,0,7.21684,,655.665,384.271,80,eingeschwungen
"Schnitt (140°,240°)",0,140,240,8,8,8,0.35,0.1,0.65,10,egg THOLD=0.65,Kelvin-Voigt,1.5e+06,0.2,394.968,,,,9.81,Kontaktast,0.5,-0.7,-0.455,K,Kontaktast,1,0,0,7.21684,,574.606,330.35,80,eingeschwungen
"Schnitt (140°,240°)",0,140,240,8,8,8,0.35,0.1,0.65,10,egg THOLD=0.65,Kelvin-Voigt,1.5e+06,0.2,394.968,,,,9.81,Kontaktast,0.5,-0.6,-0.39,K,Kontaktast,1,0,0,7.21684,,493.546,276.337,80,eingeschwungen
"Schnitt (140°,240°)",0,140,240,8,8,8,0.35,0.1,0.65,10,egg THOLD=0.65,Kelvin-Voigt,1.5e+06,0.2,394.968,,,,9.81,Kontaktast,0.5,-0.5,-0.325,K,Kontaktast,1,0,0,7.21684,,412.487,218.107,80,eingeschwungen
"Schnitt (140°,240°)",0,140,240,8,8,8,0.35,0.1,0.65,10,egg THOLD=0.65,Kelvin-Voigt,1.5e+06,0.2,394.968,,,,9.81,Kontaktast,0.5,-0.4,-0.26,K,Kontaktast,1,0,0,7.21684,,331.428,181.761,80,eingeschwungen
"Schnitt (140°,240°)",0,140,240,8,8,8,0.35,0.1,0.65,10,egg THOLD=0.65,Kelvin-Voigt,1.5e+06,0.2,394.968,,,,9.81,Kontaktast,0.5,-0.3,-0.195,K,Kontaktast,1,0,0,7.21684,,250.369,142.082,80,eingeschwungen
"Schnitt (140°,240°)",0,140,240,8,8,8,0.35,0.1,0.65,10,egg THOLD=0.65,Kelvin-Voigt,1.5e+06,0.2,394.968,,,,9.81,Kontaktast,0.5,-0.2,-0.13,K,Kontaktast,1,0,0,7.21684,,169.309,89.5344,80,eingeschwungen
"Schnitt (140°,240°)",0,140,240,8,8,8,0.35,0.1,0.65,10,egg THOLD=0.65,Kelvin-Voigt,1.5e+06,0.2,394.968,,,,9.81,Kontaktast,0.5,-0.1,-0.065,K,Kontaktast,1,0,0,7.21684,,88.2503,45.337,80,eingeschwungen
"Schnitt (140°,240°)",0,140,240,8,8,8,0.35,0.1,0.65,10,egg THOLD=0.65,Kelvin-Voigt,1.5e+06,0.2,394.968,,,,9.81,Kontaktast,0.5,0,0,K,Kontaktast,1,0,0,7.21684,,7.21684,,80,eingeschwungen
"Schnitt (140°,240°)",0,140,240,8,8,8,0.35,0.1,0.65,10,egg THOLD=0.65,Kelvin-Voigt,1.5e+06,0.2,394.968,,,,9.81,Kontaktast,0.5,0.1,0.065,K,Kontaktast,1,0,0,7.21684,,76.8931,76.8931,80,eingeschwungen
"Schnitt (140°,240°)",0,140,240,8,8,8,0.35,0.1,0.65,10,egg THOLD=0.65,Kelvin-Voigt,1.5e+06,0.2,394.968,,,,9.81,Kontaktast,0.5,0.2,0.13,K,Kontaktast,1,0,0,7.21684,,165.254,165.254,80,eingeschwungen
"Schnitt (140°,240°)",0,140,240,8,8,8,0.35,0.1,0.65,10,egg THOLD=0.65,Kelvin-Voigt,1.5e+06,0.2,394.968,,,,9.81,Kontaktast,0.5,0.3,0.195,K,Kontaktast,1,0,0,7.21684,,229.902,229.902,80,eingeschwungen
"Schnitt (140°,240°)",0,140,240,8,8,8,0.35,0.1,0.65,10,egg THOLD=0.65,Kelvin-Voigt,1.5e+06,0.2,394.968,,,,9.81,Kontaktast,0.5,0.4,0.26,K,Kontaktast,1,0,0,7.21684,,329.187,329.187,80,eingeschwungen
"Schnitt (140°,240°)",0,140,240,8,8,8,0.35,0.1,0.65,10,egg THOLD=0.65,Kelvin-Voigt,1.5e+06,0.2,394.968,,,,9.81,Kontaktast,0.5,0.5,0.325,K,Kontaktast,1,0,0,7.21684,,424.287,424.287,80,eingeschwungen
"Schnitt (140°,240°)",0,140,240,8,8,8,0.35,0.1,0.65,10,egg THOLD=0.65,Kelvin-Voigt,1.5e+06,0.2,394.968,,,,9.81,Kontaktast,0.5,0.6,0.39,K,Kontaktast,1,0,0,7.21684,,496.97,496.97,80,eingeschwungen
"Schnitt (140°,240°)",0,140,240,8,8,8,0.35,0.1,0.65,10,egg THOLD=0.65,Kelvin-Voigt,1.5e+06,0.2,394.968,,,,9.81,Kontaktast,0.5,0.7,0.455,K,Kontaktast,1,0,0,7.21684,,579.597,579.597,80,eingeschwungen
"Schnitt (140°,240°)",0,140,240,8,8,8,0.35,0.1,0.65,10,egg THOLD=0.65,Kelvin-Voigt,1.5e+06,0.2,394.968,,,,9.81,Kontaktast,0.5,0.8,0.52,K,Kontaktast,1,0,0,7.21684,,640.779,640.779,80,eingeschwungen
"Schnitt (140°,240°)",0,140,240,8,8,8,0.35,0.1,0.65,10,egg THOLD=0.65,Kelvin-Voigt,1.5e+06,0.2,394.968,,,,9.81,Kontaktast,0.5,0.9,0.585,K,Kontaktast,1,0,0,7.21684,,735.387,735.387,80,eingeschwungen
"Schnitt (140°,240°)",0,140,240,8,8,8,0.35,0.1,0.65,10,egg THOLD=0.65,Kelvin-Voigt,1.5e+06,0.2,394.968,,,,9.81,Kontaktast,0.5,1,0.65,K,Kontaktast,1,0,0,7.21684,,830.985,830.985,80,eingeschwungen
"Schnitt (140°,240°)",0,140,240,8,8,8,0.35,0.1,0.65,10,egg THOLD=0.65,Kelvin-Voigt,1.5e+06,0.2,394.968,,,,9.81,Kontaktast,0.625,-1,-0.65,K,Kontaktast,1,0,0,7.21684,,816.442,480.876,80,eingeschwungen
"Schnitt (140°,240°)",0,140,240,8,8,8,0.35,0.1,0.65,10,egg THOLD=0.65,Kelvin-Voigt,1.5e+06,0.2,394.968,,,,9.81,Kontaktast,0.625,-0.9,-0.585,K,Kontaktast,1,0,0,7.21684,,735.383,432.413,80,eingeschwungen
"Schnitt (140°,240°)",0,140,240,8,8,8,0.35,0.1,0.65,10,egg THOLD=0.65,Kelvin-Voigt,1.5e+06,0.2,394.968,,,,9.81,Kontaktast,0.625,-0.8,-0.52,K,Kontaktast,1,0,0,7.21684,,654.324,395.716,80,eingeschwungen
"Schnitt (140°,240°)",0,140,240,8,8,8,0.35,0.1,0.65,10,egg THOLD=0.65,Kelvin-Voigt,1.5e+06,0.2,394.968,,,,9.81,Kontaktast,0.625,-0.7,-0.455,K,Kontaktast,1,0,0,7.21684,,573.265,345.149,80,eingeschwungen
"Schnitt (140°,240°)",0,140,240,8,8,8,0.35,0.1,0.65,10,egg THOLD=0.65,Kelvin-Voigt,1.5e+06,0.2,394.968,,,,9.81,Kontaktast,0.625,-0.6,-0.39,K,Kontaktast,1,0,0,7.21684,,492.205,290.728,80,eingeschwungen
"Schnitt (140°,240°)",0,140,240,8,8,8,0.35,0.1,0.65,10,egg THOLD=0.65,Kelvin-Voigt,1.5e+06,0.2,394.968,,,,9.81,Kontaktast,0.625,-0.5,-0.325,K,Kontaktast,1,0,0,7.21684,,411.146,238.47,80,eingeschwungen
"Schnitt (140°,240°)",0,140,240,8,8,8,0.35,0.1,0.65,10,egg THOLD=0.65,Kelvin-Voigt,1.5e+06,0.2,394.968,,,,9.81,Kontaktast,0.625,-0.4,-0.26,K,Kontaktast,1,0,0,7.21684,,330.087,178.786,80,eingeschwungen
"Schnitt (140°,240°)",0,140,240,8,8,8,0.35,0.1,0.65,10,egg THOLD=0.65,Kelvin-Voigt,1.5e+06,0.2,394.968,,,,9.81,Kontaktast,0.625,-0.3,-0.195,K,Kontaktast,1,0,0,7.21684,,249.028,137.606,80,eingeschwungen
"Schnitt (140°,240°)",0,140,240,8,8,8,0.35,0.1,0.65,10,egg THOLD=0.65,Kelvin-Voigt,1.5e+06,0.2,394.968,,,,9.81,Kontaktast,0.625,-0.2,-0.13,K,Kontaktast,1,0,0,7.21684,,167.969,101.423,80,eingeschwungen
"Schnitt (140°,240°)",0,140,240,8,8,8,0.35,0.1,0.65,10,egg THOLD=0.65,Kelvin-Voigt,1.5e+06,0.2,394.968,,,,9.81,Kontaktast,0.625,-0.1,-0.065,K,Kontaktast,1,0,0,7.21684,,86.9095,52.2048,80,eingeschwungen
"Schnitt (140°,240°)",0,140,240,8,8,8,0.35,0.1,0.65,10,egg THOLD=0.65,Kelvin-Voigt,1.5e+06,0.2,394.968,,,,9.81,Kontaktast,0.625,0,0,K,Kontaktast,1,0,0,7.21684,,7.21684,,80,eingeschwungen
"Schnitt (140°,240°)",0,140,240,8,8,8,0.35,0.1,0.65,10,egg THOLD=0.65,Kelvin-Voigt,1.5e+06,0.2,394.968,,,,9.81,Kontaktast,0.625,0.1,0.065,K,Kontaktast,1,0,0,7.21684,,92.0628,92.0628,80,eingeschwungen
"Schnitt (140°,240°)",0,140,240,8,8,8,0.35,0.1,0.65,10,egg THOLD=0.65,Kelvin-Voigt,1.5e+06,0.2,394.968,,,,9.81,Kontaktast,0.625,0.2,0.13,K,Kontaktast,1,0,0,7.21684,,157.786,157.786,80,eingeschwungen
"Schnitt (140°,240°)",0,140,240,8,8,8,0.35,0.1,0.65,10,egg THOLD=0.65,Kelvin-Voigt,1.5e+06,0.2,394.968,,,,9.81,Kontaktast,0.625,0.3,0.195,K,Kontaktast,1,0,0,7.21684,,253.912,253.912,80,eingeschwungen
"Schnitt (140°,240°)",0,140,240,8,8,8,0.35,0.1,0.65,10,egg THOLD=0.65,Kelvin-Voigt,1.5e+06,0.2,394.968,,,,9.81,Kontaktast,0.625,0.4,0.26,K,Kontaktast,1,0,0,7.21684,,346.494,346.494,80,eingeschwungen
"Schnitt (140°,240°)",0,140,240,8,8,8,0.35,0.1,0.65,10,egg THOLD=0.65,Kelvin-Voigt,1.5e+06,0.2,394.968,,,,9.81,Kontaktast,0.625,0.5,0.325,K,Kontaktast,1,0,0,7.21684,,426.376,426.376,80,eingeschwungen
"Schnitt (140°,240°)",0,140,240,8,8,8,0.35,0.1,0.65,10,egg THOLD=0.65,Kelvin-Voigt,1.5e+06,0.2,394.968,,,,9.81,Kontaktast,0.625,0.6,0.39,K,Kontaktast,1,0,0,7.21684,,507.748,507.748,80,eingeschwungen
"Schnitt (140°,240°)",0,140,240,8,8,8,0.35,0.1,0.65,10,egg THOLD=0.65,Kelvin-Voigt,1.5e+06,0.2,394.968,,,,9.81,Kontaktast,0.625,0.7,0.455,K,Kontaktast,1,0,0,7.21684,,567.08,567.08,80,eingeschwungen
"Schnitt (140°,240°)",0,140,240,8,8,8,0.35,0.1,0.65,10,egg THOLD=0.65,Kelvin-Voigt,1.5e+06,0.2,394.968,,,,9.81,Kontaktast,0.625,0.8,0.52,K,Kontaktast,1,0,0,7.21684,,658.989,658.989,80,eingeschwungen
"Schnitt (140°,240°)",0,140,240,8,8,8,0.35,0.1,0.65,10,egg THOLD=0.65,Kelvin-Voigt,1.5e+06,0.2,394.968,,,,9.81,Kontaktast,0.625,0.9,0.585,K,Kontaktast,1,0,0,7.21684,,751.732,751.732,80,eingeschwungen
"Schnitt (140°,240°)",0,140,240,8,8,8,0.35,0.1,0.65,10,egg THOLD=0.65,Kelvin-Voigt,1.5e+06,0.2,394.968,,,,9.81,Kontaktast,0.625,1,0.65,K,Kontaktast,1,0,0,7.21684,,830.519,830.519,80,eingeschwungen
"Schnitt (140°,240°)",0,140,240,8,8,8,0.35,0.1,0.65,10,egg THOLD=0.65,Kelvin-Voigt,1.5e+06,0.2,394.968,,,,9.81,Kontaktast,0.75,-1,-0.65,K,Kontaktast,1,0,0,7.21684,,817.112,474.233,80,eingeschwungen
"Schnitt (140°,240°)",0,140,240,8,8,8,0.35,0.1,0.65,10,egg THOLD=0.65,Kelvin-Voigt,1.5e+06,0.2,394.968,,,,9.81,Kontaktast,0.75,-0.9,-0.585,K,Kontaktast,1,0,0,7.21684,,736.053,429.729,80,eingeschwungen
"Schnitt (140°,240°)",0,140,240,8,8,8,0.35,0.1,0.65,10,egg THOLD=0.65,Kelvin-Voigt,1.5e+06,0.2,394.968,,,,9.81,Kontaktast,0.75,-0.8,-0.52,K,Kontaktast,1,0,0,7.21684,,654.993,381.814,80,eingeschwungen
"Schnitt (140°,240°)",0,140,240,8,8,8,0.35,0.1,0.65,10,egg THOLD=0.65,Kelvin-Voigt,1.5e+06,0.2,394.968,,,,9.81,Kontaktast,0.75,-0.7,-0.455,K,Kontaktast,1,0,0,7.21684,,573.934,345.579,80,eingeschwungen
"Schnitt (140°,240°)",0,140,240,8,8,8,0.35,0.1,0.65,10,egg THOLD=0.65,Kelvin-Voigt,1.5e+06,0.2,394.968,,,,9.81,Kontaktast,0.75,-0.6,-0.39,K,Kontaktast,1,0,0,7.21684,,492.875,295.366,80,eingeschwungen
"Schnitt (140°,240°)",0,140,240,8,8,8,0.35,0.1,0.65,10,egg THOLD=0.65,Kelvin-Voigt,1.5e+06,0.2,394.968,,,,9.81,Kontaktast,0.75,-0.5,-0.325,K,Kontaktast,1,0,0,7.21684,,411.816,241.678,80,eingeschwungen
"Schnitt (140°,240°)",0,140,240,8,8,8,0.35,0.1,0.65,10,egg THOLD=0.65,Kelvin-Voigt,1.5e+06,0.2,394.968,,,,9.81,Kontaktast,0.75,-0.4,-0.26,K,Kontaktast,1,0,0,7.21684,,330.757,189.727,80,eingeschwungen
"Schnitt (140°,240°)",0,140,240,8,8,8,0.35,0.1,0.65,10,egg THOLD=0.65,Kelvin-Voigt,1.5e+06,0.2,394.968,,,,9.81,Kontaktast,0.75,-0.3,-0.195,K,Kontaktast,1,0,0,7.21684,,249.697,129.065,80,eingeschwungen
"Schnitt (140°,240°)",0,140,240,8,8,8,0.35,0.1,0.65,10,egg THOLD=0.65,Kelvin-Voigt,1.5e+06,0.2,394.968,,,,9.81,Kontaktast,0.75,-0.2,-0.13,K,Kontaktast,1,0,0,7.21684,,168.638,85.8041,80,eingeschwungen
"Schnitt (140°,240°)",0,140,240,8,8,8,0.35,0.1,0.65,10,egg THOLD=0.65,Kelvin-Voigt,1.5e+06,0.2,394.968,,,,9.81,Kontaktast,0.75,-0.1,-0.065,K,Kontaktast,1,0,0,7.21684,,87.579,48.1787,80,eingeschwungen
"Schnitt (140°,240°)",0,140,240,8,8,8,0.35,0.1,0.65,10,egg THOLD=0.65,Kelvin-Voigt,1.5e+06,0.2,394.968,,,,9.81,Kontaktast,0.75,0,0,K,Kontaktast,1,0,0,7.21684,,7.21684,,80,eingeschwungen
"Schnitt (140°,240°)",0,140,240,8,8,8,0.35,0.1,0.65,10,egg THOLD=0.65,Kelvin-Voigt,1.5e+06,0.2,394.968,,,,9.81,Kontaktast,0.75,0.1,0.065,K,Kontaktast,1,0,0,7.21684,,81.3721,81.3721,80,eingeschwungen
"Schnitt (140°,240°)",0,140,240,8,8,8,0.35,0.1,0.65,10,egg THOLD=0.65,Kelvin-Voigt,1.5e+06,0.2,394.968,,,,9.81,Kontaktast,0.75,0.2,0.13,K,Kontaktast,1,0,0,7.21684,,158.086,158.086,80,eingeschwungen
"Schnitt (140°,240°)",0,140,240,8,8,8,0.35,0.1,0.65,10,egg THOLD=0.65,Kelvin-Voigt,1.5e+06,0.2,394.968,,,,9.81,Kontaktast,0.75,0.3,0.195,K,Kontaktast,1,0,0,7.21684,,254.607,254.607,80,eingeschwungen
"Schnitt (140°,240°)",0,140,240,8,8,8,0.35,0.1,0.65,10,egg THOLD=0.65,Kelvin-Voigt,1.5e+06,0.2,394.968,,,,9.81,Kontaktast,0.75,0.4,0.26,K,Kontaktast,1,0,0,7.21684,,347.26,347.26,80,eingeschwungen
"Schnitt (140°,240°)",0,140,240,8,8,8,0.35,0.1,0.65,10,egg THOLD=0.65,Kelvin-Voigt,1.5e+06,0.2,394.968,,,,9.81,Kontaktast,0.75,0.5,0.325,K,Kontaktast,1,0,0,7.21684,,417.866,417.866,80,eingeschwungen
"Schnitt (140°,240°)",0,140,240,8,8,8,0.35,0.1,0.65,10,egg THOLD=0.65,Kelvin-Voigt,1.5e+06,0.2,394.968,,,,9.81,Kontaktast,0.75,0.6,0.39,K,Kontaktast,1,0,0,7.21684,,493.774,493.774,80,eingeschwungen
"Schnitt (140°,240°)",0,140,240,8,8,8,0.35,0.1,0.65,10,egg THOLD=0.65,Kelvin-Voigt,1.5e+06,0.2,394.968,,,,9.81,Kontaktast,0.75,0.7,0.455,K,Kontaktast,1,0,0,7.21684,,563.396,563.396,80,eingeschwungen
"Schnitt (140°,240°)",0,140,240,8,8,8,0.35,0.1,0.65,10,egg THOLD=0.65,Kelvin-Voigt,1.5e+06,0.2,394.968,,,,9.81,Kontaktast,0.75,0.8,0.52,K,Kontaktast,1,0,0,7.21684,,656.328,656.328,80,eingeschwungen
"Schnitt (140°,240°)",0,140,240,8,8,8,0.35,0.1,0.65,10,egg THOLD=0.65,Kelvin-Voigt,1.5e+06,0.2,394.968,,,,9.81,Kontaktast,0.75,0.9,0.585,K,Kontaktast,1,0,0,7.21684,,750.679,750.679,80,eingeschwungen
"Schnitt (140°,240°)",0,140,240,8,8,8,0.35,0.1,0.65,10,egg THOLD=0.65,Kelvin-Voigt,1.5e+06,0.2,394.968,,,,9.81,Kontaktast,0.75,1,0.65,K,Kontaktast,1,0,0,7.21684,,824.023,824.023,80,eingeschwungen
"Schnitt (140°,240°)",0,140,240,8,8,8,0.35,0.1,0.65,10,egg THOLD=0.65,Kelvin-Voigt,1.5e+06,0.2,394.968,,,,9.81,Kontaktast,0.875,-1,-0.65,K,Kontaktast,1,0,0,7.21684,,817.062,460.707,80,eingeschwungen
"Schnitt (140°,240°)",0,140,240,8,8,8,0.35,0.1,0.65,10,egg THOLD=0.65,Kelvin-Voigt,1.5e+06,0.2,394.968,,,,9.81,Kontaktast,0.875,-0.9,-0.585,K,Kontaktast,1,0,0,7.21684,,736.002,431.336,80,eingeschwungen
"Schnitt (140°,240°)",0,140,240,8,8,8,0.35,0.1,0.65,10,egg THOLD=0.65,Kelvin-Voigt,1.5e+06,0.2,394.968,,,,9.81,Kontaktast,0.875,-0.8,-0.52,K,Kontaktast,1,0,0,7.21684,,654.943,390.018,80,eingeschwungen
"Schnitt (140°,240°)",0,140,240,8,8,8,0.35,0.1,0.65,10,egg THOLD=0.65,Kelvin-Voigt,1.5e+06,0.2,394.968,,,,9.81,Kontaktast,0.875,-0.7,-0.455,K,Kontaktast,1,0,0,7.21684,,573.884,341.326,80,eingeschwungen
"Schnitt (140°,240°)",0,140,240,8,8,8,0.35,0.1,0.65,10,egg THOLD=0.65,Kelvin-Voigt,1.5e+06,0.2,394.968,,,,9.81,Kontaktast,0.875,-0.6,-0.39,K,Kontaktast,1,0,0,7.21684,,492.825,304.988,80,eingeschwungen
"Schnitt (140°,240°)",0,140,240,8,8,8,0.35,0.1,0.65,10,egg THOLD=0.65,Kelvin-Voigt,1.5e+06,0.2,394.968,,,,9.81,Kontaktast,0.875,-0.5,-0.325,K,Kontaktast,1,0,0,7.21684,,411.766,259.175,80,eingeschwungen
"Schnitt (140°,240°)",0,140,240,8,8,8,0.35,0.1,0.65,10,egg THOLD=0.65,Kelvin-Voigt,1.5e+06,0.2,394.968,,,,9.81,Kontaktast,0.875,-0.4,-0.26,K,Kontaktast,1,0,0,7.21684,,330.706,205.636,80,eingeschwungen
"Schnitt (140°,240°)",0,140,240,8,8,8,0.35,0.1,0.65,10,egg THOLD=0.65,Kelvin-Voigt,1.5e+06,0.2,394.968,,,,9.81,Kontaktast,0.875,-0.3,-0.195,K,Kontaktast,1,0,0,7.21684,,249.647,156.704,80,eingeschwungen
"Schnitt (140°,240°)",0,140,240,8,8,8,0.35,0.1,0.65,10,egg THOLD=0.65,Kelvin-Voigt,1.5e+06,0.2,394.968,,,,9.81,Kontaktast,0.875,-0.2,-0.13,K,Kontaktast,1,0,0,7.21684,,168.588,97.7208,80,eingeschwungen
"Schnitt (140°,240°)",0,140,240,8,8,8,0.35,0.1,0.65,10,egg THOLD=0.65,Kelvin-Voigt,1.5e+06,0.2,394.968,,,,9.81,Kontaktast,0.875,-0.1,-0.065,K,Kontaktast,1,0,0,7.21684,,87.5287,43.5371,80,eingeschwungen
"Schnitt (140°,240°)",0,140,240,8,8,8,0.35,0.1,0.65,10,egg THOLD=0.65,Kelvin-Voigt,1.5e+06,0.2,394.968,,,,9.81,Kontaktast,0.875,0,0,K,Kontaktast,1,0,0,7.21684,,7.21684,,80,eingeschwungen
"Schnitt (140°,240°)",0,140,240,8,8,8,0.35,0.1,0.65,10,egg THOLD=0.65,Kelvin-Voigt,1.5e+06,0.2,394.968,,,,9.81,Kontaktast,0.875,0.1,0.065,K,Kontaktast,1,0,0,7.21684,,80.0134,80.0134,80,eingeschwungen
"Schnitt (140°,240°)",0,140,240,8,8,8,0.35,0.1,0.65,10,egg THOLD=0.65,Kelvin-Voigt,1.5e+06,0.2,394.968,,,,9.81,Kontaktast,0.875,0.2,0.13,K,Kontaktast,1,0,0,7.21684,,181.423,181.423,80,eingeschwungen
"Schnitt (140°,240°)",0,140,240,8,8,8,0.35,0.1,0.65,10,egg THOLD=0.65,Kelvin-Voigt,1.5e+06,0.2,394.968,,,,9.81,Kontaktast,0.875,0.3,0.195,K,Kontaktast,1,0,0,7.21684,,272.276,272.276,80,eingeschwungen
"Schnitt (140°,240°)",0,140,240,8,8,8,0.35,0.1,0.65,10,egg THOLD=0.65,Kelvin-Voigt,1.5e+06,0.2,394.968,,,,9.81,Kontaktast,0.875,0.4,0.26,K,Kontaktast,1,0,0,7.21684,,343.016,343.016,80,eingeschwungen
"Schnitt (140°,240°)",0,140,240,8,8,8,0.35,0.1,0.65,10,egg THOLD=0.65,Kelvin-Voigt,1.5e+06,0.2,394.968,,,,9.81,Kontaktast,0.875,0.5,0.325,K,Kontaktast,1,0,0,7.21684,,425.215,425.215,80,eingeschwungen
"Schnitt (140°,240°)",0,140,240,8,8,8,0.35,0.1,0.65,10,egg THOLD=0.65,Kelvin-Voigt,1.5e+06,0.2,394.968,,,,9.81,Kontaktast,0.875,0.6,0.39,K,Kontaktast,1,0,0,7.21684,,484.229,484.229,80,eingeschwungen
"Schnitt (140°,240°)",0,140,240,8,8,8,0.35,0.1,0.65,10,egg THOLD=0.65,Kelvin-Voigt,1.5e+06,0.2,394.968,,,,9.81,Kontaktast,0.875,0.7,0.455,K,Kontaktast,1,0,0,7.21684,,578.944,578.944,80,eingeschwungen
"Schnitt (140°,240°)",0,140,240,8,8,8,0.35,0.1,0.65,10,egg THOLD=0.65,Kelvin-Voigt,1.5e+06,0.2,394.968,,,,9.81,Kontaktast,0.875,0.8,0.52,K,Kontaktast,1,0,0,7.21684,,673.457,673.457,80,eingeschwungen
"Schnitt (140°,240°)",0,140,240,8,8,8,0.35,0.1,0.65,10,egg THOLD=0.65,Kelvin-Voigt,1.5e+06,0.2,394.968,,,,9.81,Kontaktast,0.875,0.9,0.585,K,Kontaktast,1,0,0,7.21684,,746.852,746.852,80,eingeschwungen
"Schnitt (140°,240°)",0,140,240,8,8,8,0.35,0.1,0.65,10,egg THOLD=0.65,Kelvin-Voigt,1.5e+06,0.2,394.968,,,,9.81,Kontaktast,0.875,1,0.65,K,Kontaktast,1,0,0,7.21684,,829.613,829.613,80,eingeschwungen
"Pilot (110°,252°)",0,110,252,8,8,8,0.35,0.1,0.65,10,egg THOLD=0.65,Kelvin-Voigt,1.5e+06,0.2,394.968,,,,9.81,Kontaktast,0,-1,-0.65,K,Kontaktast,1,0,0,7.2331,,816.633,481.321,80,eingeschwungen
"Pilot (110°,252°)",0,110,252,8,8,8,0.35,0.1,0.65,10,egg THOLD=0.65,Kelvin-Voigt,1.5e+06,0.2,394.968,,,,9.81,Kontaktast,0,-0.9,-0.585,K,Kontaktast,1,0,0,7.2331,,735.574,431.494,80,eingeschwungen
"Pilot (110°,252°)",0,110,252,8,8,8,0.35,0.1,0.65,10,egg THOLD=0.65,Kelvin-Voigt,1.5e+06,0.2,394.968,,,,9.81,Kontaktast,0,-0.8,-0.52,K,Kontaktast,1,0,0,7.2331,,654.515,386.772,80,eingeschwungen
"Pilot (110°,252°)",0,110,252,8,8,8,0.35,0.1,0.65,10,egg THOLD=0.65,Kelvin-Voigt,1.5e+06,0.2,394.968,,,,9.81,Kontaktast,0,-0.7,-0.455,K,Kontaktast,1,0,0,7.2331,,573.456,338.54,80,eingeschwungen
"Pilot (110°,252°)",0,110,252,8,8,8,0.35,0.1,0.65,10,egg THOLD=0.65,Kelvin-Voigt,1.5e+06,0.2,394.968,,,,9.81,Kontaktast,0,-0.6,-0.39,K,Kontaktast,1,0,0,7.2331,,492.396,281.401,80,eingeschwungen
"Pilot (110°,252°)",0,110,252,8,8,8,0.35,0.1,0.65,10,egg THOLD=0.65,Kelvin-Voigt,1.5e+06,0.2,394.968,,,,9.81,Kontaktast,0,-0.5,-0.325,K,Kontaktast,1,0,0,7.2331,,411.337,233.858,80,eingeschwungen
"Pilot (110°,252°)",0,110,252,8,8,8,0.35,0.1,0.65,10,egg THOLD=0.65,Kelvin-Voigt,1.5e+06,0.2,394.968,,,,9.81,Kontaktast,0,-0.4,-0.26,K,Kontaktast,1,0,0,7.2331,,330.278,176.615,80,eingeschwungen
"Pilot (110°,252°)",0,110,252,8,8,8,0.35,0.1,0.65,10,egg THOLD=0.65,Kelvin-Voigt,1.5e+06,0.2,394.968,,,,9.81,Kontaktast,0,-0.3,-0.195,K,Kontaktast,1,0,0,7.2331,,249.219,124.569,80,eingeschwungen
"Pilot (110°,252°)",0,110,252,8,8,8,0.35,0.1,0.65,10,egg THOLD=0.65,Kelvin-Voigt,1.5e+06,0.2,394.968,,,,9.81,Kontaktast,0,-0.2,-0.13,K,Kontaktast,1,0,0,7.2331,,168.16,92.6718,80,eingeschwungen
"Pilot (110°,252°)",0,110,252,8,8,8,0.35,0.1,0.65,10,egg THOLD=0.65,Kelvin-Voigt,1.5e+06,0.2,394.968,,,,9.81,Kontaktast,0,-0.1,-0.065,K,Kontaktast,1,0,0,7.2331,,87.1004,50.0583,80,eingeschwungen
"Pilot (110°,252°)",0,110,252,8,8,8,0.35,0.1,0.65,10,egg THOLD=0.65,Kelvin-Voigt,1.5e+06,0.2,394.968,,,,9.81,Kontaktast,0,0,0,K,Kontaktast,1,0,0,7.2331,,7.2331,,80,eingeschwungen
"Pilot (110°,252°)",0,110,252,8,8,8,0.35,0.1,0.65,10,egg THOLD=0.65,Kelvin-Voigt,1.5e+06,0.2,394.968,,,,9.81,Kontaktast,0,0.1,0.065,K,Kontaktast,1,0,0,7.2331,,86.9769,86.9769,80,eingeschwungen
"Pilot (110°,252°)",0,110,252,8,8,8,0.35,0.1,0.65,10,egg THOLD=0.65,Kelvin-Voigt,1.5e+06,0.2,394.968,,,,9.81,Kontaktast,0,0.2,0.13,K,Kontaktast,1,0,0,7.2331,,149.483,149.483,80,eingeschwungen
"Pilot (110°,252°)",0,110,252,8,8,8,0.35,0.1,0.65,10,egg THOLD=0.65,Kelvin-Voigt,1.5e+06,0.2,394.968,,,,9.81,Kontaktast,0,0.3,0.195,K,Kontaktast,1,0,0,7.2331,,247.943,247.943,80,eingeschwungen
"Pilot (110°,252°)",0,110,252,8,8,8,0.35,0.1,0.65,10,egg THOLD=0.65,Kelvin-Voigt,1.5e+06,0.2,394.968,,,,9.81,Kontaktast,0,0.4,0.26,K,Kontaktast,1,0,0,7.2331,,339.328,339.328,80,eingeschwungen
"Pilot (110°,252°)",0,110,252,8,8,8,0.35,0.1,0.65,10,egg THOLD=0.65,Kelvin-Voigt,1.5e+06,0.2,394.968,,,,9.81,Kontaktast,0,0.5,0.325,K,Kontaktast,1,0,0,7.2331,,421.159,421.159,80,eingeschwungen
"Pilot (110°,252°)",0,110,252,8,8,8,0.35,0.1,0.65,10,egg THOLD=0.65,Kelvin-Voigt,1.5e+06,0.2,394.968,,,,9.81,Kontaktast,0,0.6,0.39,K,Kontaktast,1,0,0,7.2331,,504.97,504.97,80,eingeschwungen
"Pilot (110°,252°)",0,110,252,8,8,8,0.35,0.1,0.65,10,egg THOLD=0.65,Kelvin-Voigt,1.5e+06,0.2,394.968,,,,9.81,Kontaktast,0,0.7,0.455,K,Kontaktast,1,0,0,7.2331,,562.096,562.096,80,eingeschwungen
"Pilot (110°,252°)",0,110,252,8,8,8,0.35,0.1,0.65,10,egg THOLD=0.65,Kelvin-Voigt,1.5e+06,0.2,394.968,,,,9.81,Kontaktast,0,0.8,0.52,K,Kontaktast,1,0,0,7.2331,,653.045,653.045,80,eingeschwungen
"Pilot (110°,252°)",0,110,252,8,8,8,0.35,0.1,0.65,10,egg THOLD=0.65,Kelvin-Voigt,1.5e+06,0.2,394.968,,,,9.81,Kontaktast,0,0.9,0.585,K,Kontaktast,1,0,0,7.2331,,744.971,744.971,80,eingeschwungen
"Pilot (110°,252°)",0,110,252,8,8,8,0.35,0.1,0.65,10,egg THOLD=0.65,Kelvin-Voigt,1.5e+06,0.2,394.968,,,,9.81,Kontaktast,0,1,0.65,K,Kontaktast,1,0,0,7.2331,,827.017,827.017,80,eingeschwungen
"Pilot (110°,252°)",0,110,252,8,8,8,0.35,0.1,0.65,10,egg THOLD=0.65,Kelvin-Voigt,1.5e+06,0.2,394.968,,,,9.81,Kontaktast,0.125,-1,-0.65,K,Kontaktast,1,0,0,7.2331,,817.451,471.694,80,eingeschwungen
"Pilot (110°,252°)",0,110,252,8,8,8,0.35,0.1,0.65,10,egg THOLD=0.65,Kelvin-Voigt,1.5e+06,0.2,394.968,,,,9.81,Kontaktast,0.125,-0.9,-0.585,K,Kontaktast,1,0,0,7.2331,,736.391,440.893,80,eingeschwungen
"Pilot (110°,252°)",0,110,252,8,8,8,0.35,0.1,0.65,10,egg THOLD=0.65,Kelvin-Voigt,1.5e+06,0.2,394.968,,,,9.81,Kontaktast,0.125,-0.8,-0.52,K,Kontaktast,1,0,0,7.2331,,655.332,393.16,80,eingeschwungen
"Pilot (110°,252°)",0,110,252,8,8,8,0.35,0.1,0.65,10,egg THOLD=0.65,Kelvin-Voigt,1.5e+06,0.2,394.968,,,,9.81,Kontaktast,0.125,-0.7,-0.455,K,Kontaktast,1,0,0,7.2331,,574.273,346.638,80,eingeschwungen
"Pilot (110°,252°)",0,110,252,8,8,8,0.35,0.1,0.65,10,egg THOLD=0.65,Kelvin-Voigt,1.5e+06,0.2,394.968,,,,9.81,Kontaktast,0.125,-0.6,-0.39,K,Kontaktast,1,0,0,7.2331,,493.214,302.234,80,eingeschwungen
"Pilot (110°,252°)",0,110,252,8,8,8,0.35,0.1,0.65,10,egg THOLD=0.65,Kelvin-Voigt,1.5e+06,0.2,394.968,,,,9.81,Kontaktast,0.125,-0.5,-0.325,K,Kontaktast,1,0,0,7.2331,,412.154,245.749,80,eingeschwungen
"Pilot (110°,252°)",0,110,252,8,8,8,0.35,0.1,0.65,10,egg THOLD=0.65,Kelvin-Voigt,1.5e+06,0.2,394.968,,,,9.81,Kontaktast,0.125,-0.4,-0.26,K,Kontaktast,1,0,0,7.2331,,331.095,197.065,80,eingeschwungen
"Pilot (110°,252°)",0,110,252,8,8,8,0.35,0.1,0.65,10,egg THOLD=0.65,Kelvin-Voigt,1.5e+06,0.2,394.968,,,,9.81,Kontaktast,0.125,-0.3,-0.195,K,Kontaktast,1,0,0,7.2331,,250.036,142.78,80,eingeschwungen
"Pilot (110°,252°)",0,110,252,8,8,8,0.35,0.1,0.65,10,egg THOLD=0.65,Kelvin-Voigt,1.5e+06,0.2,394.968,,,,9.81,Kontaktast,0.125,-0.2,-0.13,K,Kontaktast,1,0,0,7.2331,,168.977,83.5548,80,eingeschwungen
"Pilot (110°,252°)",0,110,252,8,8,8,0.35,0.1,0.65,10,egg THOLD=0.65,Kelvin-Voigt,1.5e+06,0.2,394.968,,,,9.81,Kontaktast,0.125,-0.1,-0.065,K,Kontaktast,1,0,0,7.2331,,87.9177,45.2482,80,eingeschwungen
"Pilot (110°,252°)",0,110,252,8,8,8,0.35,0.1,0.65,10,egg THOLD=0.65,Kelvin-Voigt,1.5e+06,0.2,394.968,,,,9.81,Kontaktast,0.125,0,0,K,Kontaktast,1,0,0,7.2331,,7.2331,,80,eingeschwungen
"Pilot (110°,252°)",0,110,252,8,8,8,0.35,0.1,0.65,10,egg THOLD=0.65,Kelvin-Voigt,1.5e+06,0.2,394.968,,,,9.81,Kontaktast,0.125,0.1,0.065,K,Kontaktast,1,0,0,7.2331,,74.1649,74.1649,80,eingeschwungen
"Pilot (110°,252°)",0,110,252,8,8,8,0.35,0.1,0.65,10,egg THOLD=0.65,Kelvin-Voigt,1.5e+06,0.2,394.968,,,,9.81,Kontaktast,0.125,0.2,0.13,K,Kontaktast,1,0,0,7.2331,,169.902,169.902,80,eingeschwungen
"Pilot (110°,252°)",0,110,252,8,8,8,0.35,0.1,0.65,10,egg THOLD=0.65,Kelvin-Voigt,1.5e+06,0.2,394.968,,,,9.81,Kontaktast,0.125,0.3,0.195,K,Kontaktast,1,0,0,7.2331,,258.04,258.04,80,eingeschwungen
"Pilot (110°,252°)",0,110,252,8,8,8,0.35,0.1,0.65,10,egg THOLD=0.65,Kelvin-Voigt,1.5e+06,0.2,394.968,,,,9.81,Kontaktast,0.125,0.4,0.26,K,Kontaktast,1,0,0,7.2331,,347.947,347.947,80,eingeschwungen
"Pilot (110°,252°)",0,110,252,8,8,8,0.35,0.1,0.65,10,egg THOLD=0.65,Kelvin-Voigt,1.5e+06,0.2,394.968,,,,9.81,Kontaktast,0.125,0.5,0.325,K,Kontaktast,1,0,0,7.2331,,430.432,430.432,80,eingeschwungen
"Pilot (110°,252°)",0,110,252,8,8,8,0.35,0.1,0.65,10,egg THOLD=0.65,Kelvin-Voigt,1.5e+06,0.2,394.968,,,,9.81,Kontaktast,0.125,0.6,0.39,K,Kontaktast,1,0,0,7.2331,,489.063,489.063,80,eingeschwungen
"Pilot (110°,252°)",0,110,252,8,8,8,0.35,0.1,0.65,10,egg THOLD=0.65,Kelvin-Voigt,1.5e+06,0.2,394.968,,,,9.81,Kontaktast,0.125,0.7,0.455,K,Kontaktast,1,0,0,7.2331,,575.105,575.105,80,eingeschwungen
"Pilot (110°,252°)",0,110,252,8,8,8,0.35,0.1,0.65,10,egg THOLD=0.65,Kelvin-Voigt,1.5e+06,0.2,394.968,,,,9.81,Kontaktast,0.125,0.8,0.52,K,Kontaktast,1,0,0,7.2331,,661.402,661.402,80,eingeschwungen
"Pilot (110°,252°)",0,110,252,8,8,8,0.35,0.1,0.65,10,egg THOLD=0.65,Kelvin-Voigt,1.5e+06,0.2,394.968,,,,9.81,Kontaktast,0.125,0.9,0.585,K,Kontaktast,1,0,0,7.2331,,751.093,751.093,80,eingeschwungen
"Pilot (110°,252°)",0,110,252,8,8,8,0.35,0.1,0.65,10,egg THOLD=0.65,Kelvin-Voigt,1.5e+06,0.2,394.968,,,,9.81,Kontaktast,0.125,1,0.65,K,Kontaktast,1,0,0,7.2331,,836.425,836.425,80,eingeschwungen
"Pilot (110°,252°)",0,110,252,8,8,8,0.35,0.1,0.65,10,egg THOLD=0.65,Kelvin-Voigt,1.5e+06,0.2,394.968,,,,9.81,Kontaktast,0.25,-1,-0.65,K,Kontaktast,1,0,0,7.2331,,816.253,463.169,80,eingeschwungen
"Pilot (110°,252°)",0,110,252,8,8,8,0.35,0.1,0.65,10,egg THOLD=0.65,Kelvin-Voigt,1.5e+06,0.2,394.968,,,,9.81,Kontaktast,0.25,-0.9,-0.585,K,Kontaktast,1,0,0,7.2331,,735.194,424.857,80,eingeschwungen
"Pilot (110°,252°)",0,110,252,8,8,8,0.35,0.1,0.65,10,egg THOLD=0.65,Kelvin-Voigt,1.5e+06,0.2,394.968,,,,9.81,Kontaktast,0.25,-0.8,-0.52,K,Kontaktast,1,0,0,7.2331,,654.134,395.426,80,eingeschwungen
"Pilot (110°,252°)",0,110,252,8,8,8,0.35,0.1,0.65,10,egg THOLD=0.65,Kelvin-Voigt,1.5e+06,0.2,394.968,,,,9.81,Kontaktast,0.25,-0.7,-0.455,K,Kontaktast,1,0,0,7.2331,,573.075,349.252,80,eingeschwungen
"Pilot (110°,252°)",0,110,252,8,8,8,0.35,0.1,0.65,10,egg THOLD=0.65,Kelvin-Voigt,1.5e+06,0.2,394.968,,,,9.81,Kontaktast,0.25,-0.6,-0.39,K,Kontaktast,1,0,0,7.2331,,492.016,302.648,80,eingeschwungen
"Pilot (110°,252°)",0,110,252,8,8,8,0.35,0.1,0.65,10,egg THOLD=0.65,Kelvin-Voigt,1.5e+06,0.2,394.968,,,,9.81,Kontaktast,0.25,-0.5,-0.325,K,Kontaktast,1,0,0,7.2331,,410.957,260.74,80,eingeschwungen
"Pilot (110°,252°)",0,110,252,8,8,8,0.35,0.1,0.65,10,egg THOLD=0.65,Kelvin-Voigt,1.5e+06,0.2,394.968,,,,9.81,Kontaktast,0.25,-0.4,-0.26,K,Kontaktast,1,0,0,7.2331,,329.898,206.522,80,eingeschwungen
"Pilot (110°,252°)",0,110,252,8,8,8,0.35,0.1,0.65,10,egg THOLD=0.65,Kelvin-Voigt,1.5e+06,0.2,394.968,,,,9.81,Kontaktast,0.25,-0.3,-0.195,K,Kontaktast,1,0,0,7.2331,,248.838,158.168,80,eingeschwungen
"Pilot (110°,252°)",0,110,252,8,8,8,0.35,0.1,0.65,10,egg THOLD=0.65,Kelvin-Voigt,1.5e+06,0.2,394.968,,,,9.81,Kontaktast,0.25,-0.2,-0.13,K,Kontaktast,1,0,0,7.2331,,167.779,109.2,80,eingeschwungen
"Pilot (110°,252°)",0,110,252,8,8,8,0.35,0.1,0.65,10,egg THOLD=0.65,Kelvin-Voigt,1.5e+06,0.2,394.968,,,,9.81,Kontaktast,0.25,-0.1,-0.065,K,Kontaktast,1,0,0,7.2331,,86.72,50.296,80,eingeschwungen
"Pilot (110°,252°)",0,110,252,8,8,8,0.35,0.1,0.65,10,egg THOLD=0.65,Kelvin-Voigt,1.5e+06,0.2,394.968,,,,9.81,Kontaktast,0.25,0,0,K,Kontaktast,1,0,0,7.2331,,7.2331,,80,eingeschwungen
"Pilot (110°,252°)",0,110,252,8,8,8,0.35,0.1,0.65,10,egg THOLD=0.65,Kelvin-Voigt,1.5e+06,0.2,394.968,,,,9.81,Kontaktast,0.25,0.1,0.065,K,Kontaktast,1,0,0,7.2331,,94.0507,94.0507,80,eingeschwungen
"Pilot (110°,252°)",0,110,252,8,8,8,0.35,0.1,0.65,10,egg THOLD=0.65,Kelvin-Voigt,1.5e+06,0.2,394.968,,,,9.81,Kontaktast,0.25,0.2,0.13,K,Kontaktast,1,0,0,7.2331,,182.435,182.435,80,eingeschwungen
"Pilot (110°,252°)",0,110,252,8,8,8,0.35,0.1,0.65,10,egg THOLD=0.65,Kelvin-Voigt,1.5e+06,0.2,394.968,,,,9.81,Kontaktast,0.25,0.3,0.195,K,Kontaktast,1,0,0,7.2331,,275.277,275.277,80,eingeschwungen
"Pilot (110°,252°)",0,110,252,8,8,8,0.35,0.1,0.65,10,egg THOLD=0.65,Kelvin-Voigt,1.5e+06,0.2,394.968,,,,9.81,Kontaktast,0.25,0.4,0.26,K,Kontaktast,1,0,0,7.2331,,351.836,351.836,80,eingeschwungen
"Pilot (110°,252°)",0,110,252,8,8,8,0.35,0.1,0.65,10,egg THOLD=0.65,Kelvin-Voigt,1.5e+06,0.2,394.968,,,,9.81,Kontaktast,0.25,0.5,0.325,K,Kontaktast,1,0,0,7.2331,,424.18,424.18,80,eingeschwungen
"Pilot (110°,252°)",0,110,252,8,8,8,0.35,0.1,0.65,10,egg THOLD=0.65,Kelvin-Voigt,1.5e+06,0.2,394.968,,,,9.81,Kontaktast,0.25,0.6,0.39,K,Kontaktast,1,0,0,7.2331,,492.219,492.219,80,eingeschwungen
"Pilot (110°,252°)",0,110,252,8,8,8,0.35,0.1,0.65,10,egg THOLD=0.65,Kelvin-Voigt,1.5e+06,0.2,394.968,,,,9.81,Kontaktast,0.25,0.7,0.455,K,Kontaktast,1,0,0,7.2331,,579.24,579.24,80,eingeschwungen
"Pilot (110°,252°)",0,110,252,8,8,8,0.35,0.1,0.65,10,egg THOLD=0.65,Kelvin-Voigt,1.5e+06,0.2,394.968,,,,9.81,Kontaktast,0.25,0.8,0.52,K,Kontaktast,1,0,0,7.2331,,675.202,675.202,80,eingeschwungen
"Pilot (110°,252°)",0,110,252,8,8,8,0.35,0.1,0.65,10,egg THOLD=0.65,Kelvin-Voigt,1.5e+06,0.2,394.968,,,,9.81,Kontaktast,0.25,0.9,0.585,K,Kontaktast,1,0,0,7.2331,,755.805,755.805,80,eingeschwungen
"Pilot (110°,252°)",0,110,252,8,8,8,0.35,0.1,0.65,10,egg THOLD=0.65,Kelvin-Voigt,1.5e+06,0.2,394.968,,,,9.81,Kontaktast,0.25,1,0.65,K,Kontaktast,1,0,0,7.2331,,826.182,826.182,80,eingeschwungen
"Pilot (110°,252°)",0,110,252,8,8,8,0.35,0.1,0.65,10,egg THOLD=0.65,Kelvin-Voigt,1.5e+06,0.2,394.968,,,,9.81,Kontaktast,0.375,-1,-0.65,K,Kontaktast,1,0,0,7.2331,,816.039,448.324,80,eingeschwungen
"Pilot (110°,252°)",0,110,252,8,8,8,0.35,0.1,0.65,10,egg THOLD=0.65,Kelvin-Voigt,1.5e+06,0.2,394.968,,,,9.81,Kontaktast,0.375,-0.9,-0.585,K,Kontaktast,1,0,0,7.2331,,734.98,396.497,80,eingeschwungen
"Pilot (110°,252°)",0,110,252,8,8,8,0.35,0.1,0.65,10,egg THOLD=0.65,Kelvin-Voigt,1.5e+06,0.2,394.968,,,,9.81,Kontaktast,0.375,-0.8,-0.52,K,Kontaktast,1,0,0,7.2331,,653.921,366,80,eingeschwungen
"Pilot (110°,252°)",0,110,252,8,8,8,0.35,0.1,0.65,10,egg THOLD=0.65,Kelvin-Voigt,1.5e+06,0.2,394.968,,,,9.81,Kontaktast,0.375,-0.7,-0.455,K,Kontaktast,1,0,0,7.2331,,572.861,330.641,80,eingeschwungen
"Pilot (110°,252°)",0,110,252,8,8,8,0.35,0.1,0.65,10,egg THOLD=0.65,Kelvin-Voigt,1.5e+06,0.2,394.968,,,,9.81,Kontaktast,0.375,-0.6,-0.39,K,Kontaktast,1,0,0,7.2331,,491.802,282.235,80,eingeschwungen
"Pilot (110°,252°)",0,110,252,8,8,8,0.35,0.1,0.65,10,egg THOLD=0.65,Kelvin-Voigt,1.5e+06,0.2,394.968,,,,9.81,Kontaktast,0.375,-0.5,-0.325,K,Kontaktast,1,0,0,7.2331,,410.743,240.262,80,eingeschwungen
"Pilot (110°,252°)",0,110,252,8,8,8,0.35,0.1,0.65,10,egg THOLD=0.65,Kelvin-Voigt,1.5e+06,0.2,394.968,,,,9.81,Kontaktast,0.375,-0.4,-0.26,K,Kontaktast,1,0,0,7.2331,,329.684,195.394,80,eingeschwungen
"Pilot (110°,252°)",0,110,252,8,8,8,0.35,0.1,0.65,10,egg THOLD=0.65,Kelvin-Voigt,1.5e+06,0.2,394.968,,,,9.81,Kontaktast,0.375,-0.3,-0.195,K,Kontaktast,1,0,0,7.2331,,248.625,142.172,80,eingeschwungen
"Pilot (110°,252°)",0,110,252,8,8,8,0.35,0.1,0.65,10,egg THOLD=0.65,Kelvin-Voigt,1.5e+06,0.2,394.968,,,,9.81,Kontaktast,0.375,-0.2,-0.13,K,Kontaktast,1,0,0,7.2331,,167.565,99.1545,80,eingeschwungen
"Pilot (110°,252°)",0,110,252,8,8,8,0.35,0.1,0.65,10,egg THOLD=0.65,Kelvin-Voigt,1.5e+06,0.2,394.968,,,,9.81,Kontaktast,0.375,-0.1,-0.065,K,Kontaktast,1,0,0,7.2331,,86.5063,52.072,80,eingeschwungen
"Pilot (110°,252°)",0,110,252,8,8,8,0.35,0.1,0.65,10,egg THOLD=0.65,Kelvin-Voigt,1.5e+06,0.2,394.968,,,,9.81,Kontaktast,0.375,0,0,K,Kontaktast,1,0,0,7.2331,,7.2331,,80,eingeschwungen
"Pilot (110°,252°)",0,110,252,8,8,8,0.35,0.1,0.65,10,egg THOLD=0.65,Kelvin-Voigt,1.5e+06,0.2,394.968,,,,9.81,Kontaktast,0.375,0.1,0.065,K,Kontaktast,1,0,0,7.2331,,92.1083,92.1083,80,eingeschwungen
"Pilot (110°,252°)",0,110,252,8,8,8,0.35,0.1,0.65,10,egg THOLD=0.65,Kelvin-Voigt,1.5e+06,0.2,394.968,,,,9.81,Kontaktast,0.375,0.2,0.13,K,Kontaktast,1,0,0,7.2331,,172.009,172.009,80,eingeschwungen
"Pilot (110°,252°)",0,110,252,8,8,8,0.35,0.1,0.65,10,egg THOLD=0.65,Kelvin-Voigt,1.5e+06,0.2,394.968,,,,9.81,Kontaktast,0.375,0.3,0.195,K,Kontaktast,1,0,0,7.2331,,254.862,254.862,80,eingeschwungen
"Pilot (110°,252°)",0,110,252,8,8,8,0.35,0.1,0.65,10,egg THOLD=0.65,Kelvin-Voigt,1.5e+06,0.2,394.968,,,,9.81,Kontaktast,0.375,0.4,0.26,K,Kontaktast,1,0,0,7.2331,,335.162,335.162,80,eingeschwungen
"Pilot (110°,252°)",0,110,252,8,8,8,0.35,0.1,0.65,10,egg THOLD=0.65,Kelvin-Voigt,1.5e+06,0.2,394.968,,,,9.81,Kontaktast,0.375,0.5,0.325,K,Kontaktast,1,0,0,7.2331,,392.058,392.058,80,eingeschwungen
"Pilot (110°,252°)",0,110,252,8,8,8,0.35,0.1,0.65,10,egg THOLD=0.65,Kelvin-Voigt,1.5e+06,0.2,394.968,,,,9.81,Kontaktast,0.375,0.6,0.39,K,Kontaktast,1,0,0,7.2331,,479.03,479.03,80,eingeschwungen
"Pilot (110°,252°)",0,110,252,8,8,8,0.35,0.1,0.65,10,egg THOLD=0.65,Kelvin-Voigt,1.5e+06,0.2,394.968,,,,9.81,Kontaktast,0.375,0.7,0.455,K,Kontaktast,1,0,0,7.2331,,565.288,565.288,80,eingeschwungen
"Pilot (110°,252°)",0,110,252,8,8,8,0.35,0.1,0.65,10,egg THOLD=0.65,Kelvin-Voigt,1.5e+06,0.2,394.968,,,,9.81,Kontaktast,0.375,0.8,0.52,K,Kontaktast,1,0,0,7.2331,,653.919,653.919,80,eingeschwungen
"Pilot (110°,252°)",0,110,252,8,8,8,0.35,0.1,0.65,10,egg THOLD=0.65,Kelvin-Voigt,1.5e+06,0.2,394.968,,,,9.81,Kontaktast,0.375,0.9,0.585,K,Kontaktast,1,0,0,7.2331,,738.903,738.903,80,eingeschwungen
"Pilot (110°,252°)",0,110,252,8,8,8,0.35,0.1,0.65,10,egg THOLD=0.65,Kelvin-Voigt,1.5e+06,0.2,394.968,,,,9.81,Kontaktast,0.375,1,0.65,K,Kontaktast,1,0,0,7.2331,,795.421,795.421,80,eingeschwungen
"Pilot (110°,252°)",0,110,252,8,8,8,0.35,0.1,0.65,10,egg THOLD=0.65,Kelvin-Voigt,1.5e+06,0.2,394.968,,,,9.81,Kontaktast,0.5,-1,-0.65,K,Kontaktast,1,0,0,7.2331,,817.421,450.101,80,eingeschwungen
"Pilot (110°,252°)",0,110,252,8,8,8,0.35,0.1,0.65,10,egg THOLD=0.65,Kelvin-Voigt,1.5e+06,0.2,394.968,,,,9.81,Kontaktast,0.5,-0.9,-0.585,K,Kontaktast,1,0,0,7.2331,,736.362,399.394,80,eingeschwungen
"Pilot (110°,252°)",0,110,252,8,8,8,0.35,0.1,0.65,10,egg THOLD=0.65,Kelvin-Voigt,1.5e+06,0.2,394.968,,,,9.81,Kontaktast,0.5,-0.8,-0.52,K,Kontaktast,1,0,0,7.2331,,655.303,346.399,80,eingeschwungen
"Pilot (110°,252°)",0,110,252,8,8,8,0.35,0.1,0.65,10,egg THOLD=0.65,Kelvin-Voigt,1.5e+06,0.2,394.968,,,,9.81,Kontaktast,0.5,-0.7,-0.455,K,Kontaktast,1,0,0,7.2331,,574.243,314.778,80,eingeschwungen
"Pilot (110°,252°)",0,110,252,8,8,8,0.35,0.1,0.65,10,egg THOLD=0.65,Kelvin-Voigt,1.5e+06,0.2,394.968,,,,9.81,Kontaktast,0.5,-0.6,-0.39,K,Kontaktast,1,0,0,7.2331,,493.184,279.708,80,eingeschwungen
"Pilot (110°,252°)",0,110,252,8,8,8,0.35,0.1,0.65,10,egg THOLD=0.65,Kelvin-Voigt,1.5e+06,0.2,394.968,,,,9.81,Kontaktast,0.5,-0.5,-0.325,K,Kontaktast,1,0,0,7.2331,,412.125,231.33,80,eingeschwungen
"Pilot (110°,252°)",0,110,252,8,8,8,0.35,0.1,0.65,10,egg THOLD=0.65,Kelvin-Voigt,1.5e+06,0.2,394.968,,,,9.81,Kontaktast,0.5,-0.4,-0.26,K,Kontaktast,1,0,0,7.2331,,331.066,189.065,80,eingeschwungen
"Pilot (110°,252°)",0,110,252,8,8,8,0.35,0.1,0.65,10,egg THOLD=0.65,Kelvin-Voigt,1.5e+06,0.2,394.968,,,,9.81,Kontaktast,0.5,-0.3,-0.195,K,Kontaktast,1,0,0,7.2331,,250.007,145.127,80,eingeschwungen
"Pilot (110°,252°)",0,110,252,8,8,8,0.35,0.1,0.65,10,egg THOLD=0.65,Kelvin-Voigt,1.5e+06,0.2,394.968,,,,9.81,Kontaktast,0.5,-0.2,-0.13,K,Kontaktast,1,0,0,7.2331,,168.947,91.8286,80,eingeschwungen
"Pilot (110°,252°)",0,110,252,8,8,8,0.35,0.1,0.65,10,egg THOLD=0.65,Kelvin-Voigt,1.5e+06,0.2,394.968,,,,9.81,Kontaktast,0.5,-0.1,-0.065,K,Kontaktast,1,0,0,7.2331,,87.8882,47.3065,80,eingeschwungen
"Pilot (110°,252°)",0,110,252,8,8,8,0.35,0.1,0.65,10,egg THOLD=0.65,Kelvin-Voigt,1.5e+06,0.2,394.968,,,,9.81,Kontaktast,0.5,0,0,K,Kontaktast,1,0,0,7.2331,,7.2331,,80,eingeschwungen
"Pilot (110°,252°)",0,110,252,8,8,8,0.35,0.1,0.65,10,egg THOLD=0.65,Kelvin-Voigt,1.5e+06,0.2,394.968,,,,9.81,Kontaktast,0.5,0.1,0.065,K,Kontaktast,1,0,0,7.2331,,81.2587,81.2587,80,eingeschwungen
"Pilot (110°,252°)",0,110,252,8,8,8,0.35,0.1,0.65,10,egg THOLD=0.65,Kelvin-Voigt,1.5e+06,0.2,394.968,,,,9.81,Kontaktast,0.5,0.2,0.13,K,Kontaktast,1,0,0,7.2331,,170.794,170.794,80,eingeschwungen
"Pilot (110°,252°)",0,110,252,8,8,8,0.35,0.1,0.65,10,egg THOLD=0.65,Kelvin-Voigt,1.5e+06,0.2,394.968,,,,9.81,Kontaktast,0.5,0.3,0.195,K,Kontaktast,1,0,0,7.2331,,244.809,244.809,80,eingeschwungen
"Pilot (110°,252°)",0,110,252,8,8,8,0.35,0.1,0.65,10,egg THOLD=0.65,Kelvin-Voigt,1.5e+06,0.2,394.968,,,,9.81,Kontaktast,0.5,0.4,0.26,K,Kontaktast,1,0,0,7.2331,,319.412,319.412,80,eingeschwungen
"Pilot (110°,252°)",0,110,252,8,8,8,0.35,0.1,0.65,10,egg THOLD=0.65,Kelvin-Voigt,1.5e+06,0.2,394.968,,,,9.81,Kontaktast,0.5,0.5,0.325,K,Kontaktast,1,0,0,7.2331,,385.062,385.062,80,eingeschwungen
"Pilot (110°,252°)",0,110,252,8,8,8,0.35,0.1,0.65,10,egg THOLD=0.65,Kelvin-Voigt,1.5e+06,0.2,394.968,,,,9.81,Kontaktast,0.5,0.6,0.39,K,Kontaktast,1,0,0,7.2331,,473.882,473.882,80,eingeschwungen
"Pilot (110°,252°)",0,110,252,8,8,8,0.35,0.1,0.65,10,egg THOLD=0.65,Kelvin-Voigt,1.5e+06,0.2,394.968,,,,9.81,Kontaktast,0.5,0.7,0.455,K,Kontaktast,1,0,0,7.2331,,569.683,569.683,80,eingeschwungen
"Pilot (110°,252°)",0,110,252,8,8,8,0.35,0.1,0.65,10,egg THOLD=0.65,Kelvin-Voigt,1.5e+06,0.2,394.968,,,,9.81,Kontaktast,0.5,0.8,0.52,K,Kontaktast,1,0,0,7.2331,,649.821,649.821,80,eingeschwungen
"Pilot (110°,252°)",0,110,252,8,8,8,0.35,0.1,0.65,10,egg THOLD=0.65,Kelvin-Voigt,1.5e+06,0.2,394.968,,,,9.81,Kontaktast,0.5,0.9,0.585,K,Kontaktast,1,0,0,7.2331,,723.197,723.197,80,eingeschwungen
"Pilot (110°,252°)",0,110,252,8,8,8,0.35,0.1,0.65,10,egg THOLD=0.65,Kelvin-Voigt,1.5e+06,0.2,394.968,,,,9.81,Kontaktast,0.5,1,0.65,K,Kontaktast,1,0,0,7.2331,,791.825,791.825,80,eingeschwungen
"Pilot (110°,252°)",0,110,252,8,8,8,0.35,0.1,0.65,10,egg THOLD=0.65,Kelvin-Voigt,1.5e+06,0.2,394.968,,,,9.81,Kontaktast,0.625,-1,-0.65,K,Kontaktast,1,0,0,7.2331,,816.95,459.199,80,eingeschwungen
"Pilot (110°,252°)",0,110,252,8,8,8,0.35,0.1,0.65,10,egg THOLD=0.65,Kelvin-Voigt,1.5e+06,0.2,394.968,,,,9.81,Kontaktast,0.625,-0.9,-0.585,K,Kontaktast,1,0,0,7.2331,,735.891,407.008,80,eingeschwungen
"Pilot (110°,252°)",0,110,252,8,8,8,0.35,0.1,0.65,10,egg THOLD=0.65,Kelvin-Voigt,1.5e+06,0.2,394.968,,,,9.81,Kontaktast,0.625,-0.8,-0.52,K,Kontaktast,1,0,0,7.2331,,654.832,357.729,80,eingeschwungen
"Pilot (110°,252°)",0,110,252,8,8,8,0.35,0.1,0.65,10,egg THOLD=0.65,Kelvin-Voigt,1.5e+06,0.2,394.968,,,,9.81,Kontaktast,0.625,-0.7,-0.455,K,Kontaktast,1,0,0,7.2331,,573.773,302.445,80,eingeschwungen
"Pilot (110°,252°)",0,110,252,8,8,8,0.35,0.1,0.65,10,egg THOLD=0.65,Kelvin-Voigt,1.5e+06,0.2,394.968,,,,9.81,Kontaktast,0.625,-0.6,-0.39,K,Kontaktast,1,0,0,7.2331,,492.713,266.747,80,eingeschwungen
"Pilot (110°,252°)",0,110,252,8,8,8,0.35,0.1,0.65,10,egg THOLD=0.65,Kelvin-Voigt,1.5e+06,0.2,394.968,,,,9.81,Kontaktast,0.625,-0.5,-0.325,K,Kontaktast,1,0,0,7.2331,,411.654,234.056,80,eingeschwungen
"Pilot (110°,252°)",0,110,252,8,8,8,0.35,0.1,0.65,10,egg THOLD=0.65,Kelvin-Voigt,1.5e+06,0.2,394.968,,,,9.81,Kontaktast,0.625,-0.4,-0.26,K,Kontaktast,1,0,0,7.2331,,330.595,186.548,80,eingeschwungen
"Pilot (110°,252°)",0,110,252,8,8,8,0.35,0.1,0.65,10,egg THOLD=0.65,Kelvin-Voigt,1.5e+06,0.2,394.968,,,,9.81,Kontaktast,0.625,-0.3,-0.195,K,Kontaktast,1,0,0,7.2331,,249.536,142.586,80,eingeschwungen
"Pilot (110°,252°)",0,110,252,8,8,8,0.35,0.1,0.65,10,egg THOLD=0.65,Kelvin-Voigt,1.5e+06,0.2,394.968,,,,9.81,Kontaktast,0.625,-0.2,-0.13,K,Kontaktast,1,0,0,7.2331,,168.476,101.788,80,eingeschwungen
"Pilot (110°,252°)",0,110,252,8,8,8,0.35,0.1,0.65,10,egg THOLD=0.65,Kelvin-Voigt,1.5e+06,0.2,394.968,,,,9.81,Kontaktast,0.625,-0.1,-0.065,K,Kontaktast,1,0,0,7.2331,,87.4173,50.9858,80,eingeschwungen
"Pilot (110°,252°)",0,110,252,8,8,8,0.35,0.1,0.65,10,egg THOLD=0.65,Kelvin-Voigt,1.5e+06,0.2,394.968,,,,9.81,Kontaktast,0.625,0,0,K,Kontaktast,1,0,0,7.2331,,7.2331,,80,eingeschwungen
"Pilot (110°,252°)",0,110,252,8,8,8,0.35,0.1,0.65,10,egg THOLD=0.65,Kelvin-Voigt,1.5e+06,0.2,394.968,,,,9.81,Kontaktast,0.625,0.1,0.065,K,Kontaktast,1,0,0,7.2331,,91.3472,91.3472,80,eingeschwungen
"Pilot (110°,252°)",0,110,252,8,8,8,0.35,0.1,0.65,10,egg THOLD=0.65,Kelvin-Voigt,1.5e+06,0.2,394.968,,,,9.81,Kontaktast,0.625,0.2,0.13,K,Kontaktast,1,0,0,7.2331,,165.773,165.773,80,eingeschwungen
"Pilot (110°,252°)",0,110,252,8,8,8,0.35,0.1,0.65,10,egg THOLD=0.65,Kelvin-Voigt,1.5e+06,0.2,394.968,,,,9.81,Kontaktast,0.625,0.3,0.195,K,Kontaktast,1,0,0,7.2331,,247.691,247.691,80,eingeschwungen
"Pilot (110°,252°)",0,110,252,8,8,8,0.35,0.1,0.65,10,egg THOLD=0.65,Kelvin-Voigt,1.5e+06,0.2,394.968,,,,9.81,Kontaktast,0.625,0.4,0.26,K,Kontaktast,1,0,0,7.2331,,304.706,304.706,80,eingeschwungen
"Pilot (110°,252°)",0,110,252,8,8,8,0.35,0.1,0.65,10,egg THOLD=0.65,Kelvin-Voigt,1.5e+06,0.2,394.968,,,,9.81,Kontaktast,0.625,0.5,0.325,K,Kontaktast,1,0,0,7.2331,,398.106,398.106,80,eingeschwungen
"Pilot (110°,252°)",0,110,252,8,8,8,0.35,0.1,0.65,10,egg THOLD=0.65,Kelvin-Voigt,1.5e+06,0.2,394.968,,,,9.81,Kontaktast,0.625,0.6,0.39,K,Kontaktast,1,0,0,7.2331,,488.856,488.856,80,eingeschwungen
"Pilot (110°,252°)",0,110,252,8,8,8,0.35,0.1,0.65,10,egg THOLD=0.65,Kelvin-Voigt,1.5e+06,0.2,394.968,,,,9.81,Kontaktast,0.625,0.7,0.455,K,Kontaktast,1,0,0,7.2331,,571.428,571.428,80,eingeschwungen
"Pilot (110°,252°)",0,110,252,8,8,8,0.35,0.1,0.65,10,egg THOLD=0.65,Kelvin-Voigt,1.5e+06,0.2,394.968,,,,9.81,Kontaktast,0.625,0.8,0.52,K,Kontaktast,1,0,0,7.2331,,655.654,655.654,80,eingeschwungen
"Pilot (110°,252°)",0,110,252,8,8,8,0.35,0.1,0.65,10,egg THOLD=0.65,Kelvin-Voigt,1.5e+06,0.2,394.968,,,,9.81,Kontaktast,0.625,0.9,0.585,K,Kontaktast,1,0,0,7.2331,,712.793,712.793,80,eingeschwungen
"Pilot (110°,252°)",0,110,252,8,8,8,0.35,0.1,0.65,10,egg THOLD=0.65,Kelvin-Voigt,1.5e+06,0.2,394.968,,,,9.81,Kontaktast,0.625,1,0.65,K,Kontaktast,1,0,0,7.2331,,803.102,803.102,80,eingeschwungen
"Pilot (110°,252°)",0,110,252,8,8,8,0.35,0.1,0.65,10,egg THOLD=0.65,Kelvin-Voigt,1.5e+06,0.2,394.968,,,,9.81,Kontaktast,0.75,-1,-0.65,K,Kontaktast,1,0,0,7.2331,,817.478,468.077,80,eingeschwungen
"Pilot (110°,252°)",0,110,252,8,8,8,0.35,0.1,0.65,10,egg THOLD=0.65,Kelvin-Voigt,1.5e+06,0.2,394.968,,,,9.81,Kontaktast,0.75,-0.9,-0.585,K,Kontaktast,1,0,0,7.2331,,736.419,413.16,80,eingeschwungen
"Pilot (110°,252°)",0,110,252,8,8,8,0.35,0.1,0.65,10,egg THOLD=0.65,Kelvin-Voigt,1.5e+06,0.2,394.968,,,,9.81,Kontaktast,0.75,-0.8,-0.52,K,Kontaktast,1,0,0,7.2331,,655.359,359.644,80,eingeschwungen
"Pilot (110°,252°)",0,110,252,8,8,8,0.35,0.1,0.65,10,egg THOLD=0.65,Kelvin-Voigt,1.5e+06,0.2,394.968,,,,9.81,Kontaktast,0.75,-0.7,-0.455,K,Kontaktast,1,0,0,7.2331,,574.3,310.532,80,eingeschwungen
"Pilot (110°,252°)",0,110,252,8,8,8,0.35,0.1,0.65,10,egg THOLD=0.65,Kelvin-Voigt,1.5e+06,0.2,394.968,,,,9.81,Kontaktast,0.75,-0.6,-0.39,K,Kontaktast,1,0,0,7.2331,,493.241,253.738,80,eingeschwungen
"Pilot (110°,252°)",0,110,252,8,8,8,0.35,0.1,0.65,10,egg THOLD=0.65,Kelvin-Voigt,1.5e+06,0.2,394.968,,,,9.81,Kontaktast,0.75,-0.5,-0.325,K,Kontaktast,1,0,0,7.2331,,412.182,215.464,80,eingeschwungen
"Pilot (110°,252°)",0,110,252,8,8,8,0.35,0.1,0.65,10,egg THOLD=0.65,Kelvin-Voigt,1.5e+06,0.2,394.968,,,,9.81,Kontaktast,0.75,-0.4,-0.26,K,Kontaktast,1,0,0,7.2331,,331.123,182.611,80,eingeschwungen
"Pilot (110°,252°)",0,110,252,8,8,8,0.35,0.1,0.65,10,egg THOLD=0.65,Kelvin-Voigt,1.5e+06,0.2,394.968,,,,9.81,Kontaktast,0.75,-0.3,-0.195,K,Kontaktast,1,0,0,7.2331,,250.063,134.715,80,eingeschwungen
"Pilot (110°,252°)",0,110,252,8,8,8,0.35,0.1,0.65,10,egg THOLD=0.65,Kelvin-Voigt,1.5e+06,0.2,394.968,,,,9.81,Kontaktast,0.75,-0.2,-0.13,K,Kontaktast,1,0,0,7.2331,,169.004,89.0873,80,eingeschwungen
"Pilot (110°,252°)",0,110,252,8,8,8,0.35,0.1,0.65,10,egg THOLD=0.65,Kelvin-Voigt,1.5e+06,0.2,394.968,,,,9.81,Kontaktast,0.75,-0.1,-0.065,K,Kontaktast,1,0,0,7.2331,,87.945,48.788,80,eingeschwungen
"Pilot (110°,252°)",0,110,252,8,8,8,0.35,0.1,0.65,10,egg THOLD=0.65,Kelvin-Voigt,1.5e+06,0.2,394.968,,,,9.81,Kontaktast,0.75,0,0,K,Kontaktast,1,0,0,7.2331,,7.2331,,80,eingeschwungen
"Pilot (110°,252°)",0,110,252,8,8,8,0.35,0.1,0.65,10,egg THOLD=0.65,Kelvin-Voigt,1.5e+06,0.2,394.968,,,,9.81,Kontaktast,0.75,0.1,0.065,K,Kontaktast,1,0,0,7.2331,,83.4292,83.4292,80,eingeschwungen
"Pilot (110°,252°)",0,110,252,8,8,8,0.35,0.1,0.65,10,egg THOLD=0.65,Kelvin-Voigt,1.5e+06,0.2,394.968,,,,9.81,Kontaktast,0.75,0.2,0.13,K,Kontaktast,1,0,0,7.2331,,161.227,161.227,80,eingeschwungen
"Pilot (110°,252°)",0,110,252,8,8,8,0.35,0.1,0.65,10,egg THOLD=0.65,Kelvin-Voigt,1.5e+06,0.2,394.968,,,,9.81,Kontaktast,0.75,0.3,0.195,K,Kontaktast,1,0,0,7.2331,,226.81,226.81,80,eingeschwungen
"Pilot (110°,252°)",0,110,252,8,8,8,0.35,0.1,0.65,10,egg THOLD=0.65,Kelvin-Voigt,1.5e+06,0.2,394.968,,,,9.81,Kontaktast,0.75,0.4,0.26,K,Kontaktast,1,0,0,7.2331,,309.86,309.86,80,eingeschwungen
"Pilot (110°,252°)",0,110,252,8,8,8,0.35,0.1,0.65,10,egg THOLD=0.65,Kelvin-Voigt,1.5e+06,0.2,394.968,,,,9.81,Kontaktast,0.75,0.5,0.325,K,Kontaktast,1,0,0,7.2331,,397.67,397.67,80,eingeschwungen
"Pilot (110°,252°)",0,110,252,8,8,8,0.35,0.1,0.65,10,egg THOLD=0.65,Kelvin-Voigt,1.5e+06,0.2,394.968,,,,9.81,Kontaktast,0.75,0.6,0.39,K,Kontaktast,1,0,0,7.2331,,491.135,491.135,80,eingeschwungen
"Pilot (110°,252°)",0,110,252,8,8,8,0.35,0.1,0.65,10,egg THOLD=0.65,Kelvin-Voigt,1.5e+06,0.2,394.968,,,,9.81,Kontaktast,0.75,0.7,0.455,K,Kontaktast,1,0,0,7.2331,,574.245,574.245,80,eingeschwungen
"Pilot (110°,252°)",0,110,252,8,8,8,0.35,0.1,0.65,10,egg THOLD=0.65,Kelvin-Voigt,1.5e+06,0.2,394.968,,,,9.81,Kontaktast,0.75,0.8,0.52,K,Kontaktast,1,0,0,7.2331,,635.065,635.065,80,eingeschwungen
"Pilot (110°,252°)",0,110,252,8,8,8,0.35,0.1,0.65,10,egg THOLD=0.65,Kelvin-Voigt,1.5e+06,0.2,394.968,,,,9.81,Kontaktast,0.75,0.9,0.585,K,Kontaktast,1,0,0,7.2331,,718.69,718.69,80,eingeschwungen
"Pilot (110°,252°)",0,110,252,8,8,8,0.35,0.1,0.65,10,egg THOLD=0.65,Kelvin-Voigt,1.5e+06,0.2,394.968,,,,9.81,Kontaktast,0.75,1,0.65,K,Kontaktast,1,0,0,7.2331,,804.578,804.578,80,eingeschwungen
"Pilot (110°,252°)",0,110,252,8,8,8,0.35,0.1,0.65,10,egg THOLD=0.65,Kelvin-Voigt,1.5e+06,0.2,394.968,,,,9.81,Kontaktast,0.875,-1,-0.65,K,Kontaktast,1,0,0,7.2331,,817.586,477.251,80,eingeschwungen
"Pilot (110°,252°)",0,110,252,8,8,8,0.35,0.1,0.65,10,egg THOLD=0.65,Kelvin-Voigt,1.5e+06,0.2,394.968,,,,9.81,Kontaktast,0.875,-0.9,-0.585,K,Kontaktast,1,0,0,7.2331,,736.527,432.856,80,eingeschwungen
"Pilot (110°,252°)",0,110,252,8,8,8,0.35,0.1,0.65,10,egg THOLD=0.65,Kelvin-Voigt,1.5e+06,0.2,394.968,,,,9.81,Kontaktast,0.875,-0.8,-0.52,K,Kontaktast,1,0,0,7.2331,,655.468,383.011,80,eingeschwungen
"Pilot (110°,252°)",0,110,252,8,8,8,0.35,0.1,0.65,10,egg THOLD=0.65,Kelvin-Voigt,1.5e+06,0.2,394.968,,,,9.81,Kontaktast,0.875,-0.7,-0.455,K,Kontaktast,1,0,0,7.2331,,574.409,325.94,80,eingeschwungen
"Pilot (110°,252°)",0,110,252,8,8,8,0.35,0.1,0.65,10,egg THOLD=0.65,Kelvin-Voigt,1.5e+06,0.2,394.968,,,,9.81,Kontaktast,0.875,-0.6,-0.39,K,Kontaktast,1,0,0,7.2331,,493.349,278.458,80,eingeschwungen
"Pilot (110°,252°)",0,110,252,8,8,8,0.35,0.1,0.65,10,egg THOLD=0.65,Kelvin-Voigt,1.5e+06,0.2,394.968,,,,9.81,Kontaktast,0.875,-0.5,-0.325,K,Kontaktast,1,0,0,7.2331,,412.29,221.136,80,eingeschwungen
"Pilot (110°,252°)",0,110,252,8,8,8,0.35,0.1,0.65,10,egg THOLD=0.65,Kelvin-Voigt,1.5e+06,0.2,394.968,,,,9.81,Kontaktast,0.875,-0.4,-0.26,K,Kontaktast,1,0,0,7.2331,,331.231,172.803,80,eingeschwungen
"Pilot (110°,252°)",0,110,252,8,8,8,0.35,0.1,0.65,10,egg THOLD=0.65,Kelvin-Voigt,1.5e+06,0.2,394.968,,,,9.81,Kontaktast,0.875,-0.3,-0.195,K,Kontaktast,1,0,0,7.2331,,250.172,142.138,80,eingeschwungen
"Pilot (110°,252°)",0,110,252,8,8,8,0.35,0.1,0.65,10,egg THOLD=0.65,Kelvin-Voigt,1.5e+06,0.2,394.968,,,,9.81,Kontaktast,0.875,-0.2,-0.13,K,Kontaktast,1,0,0,7.2331,,169.113,97.2598,80,eingeschwungen
"Pilot (110°,252°)",0,110,252,8,8,8,0.35,0.1,0.65,10,egg THOLD=0.65,Kelvin-Voigt,1.5e+06,0.2,394.968,,,,9.81,Kontaktast,0.875,-0.1,-0.065,K,Kontaktast,1,0,0,7.2331,,88.0533,46.2467,80,eingeschwungen
"Pilot (110°,252°)",0,110,252,8,8,8,0.35,0.1,0.65,10,egg THOLD=0.65,Kelvin-Voigt,1.5e+06,0.2,394.968,,,,9.81,Kontaktast,0.875,0,0,K,Kontaktast,1,0,0,7.2331,,7.2331,,80,eingeschwungen
"Pilot (110°,252°)",0,110,252,8,8,8,0.35,0.1,0.65,10,egg THOLD=0.65,Kelvin-Voigt,1.5e+06,0.2,394.968,,,,9.81,Kontaktast,0.875,0.1,0.065,K,Kontaktast,1,0,0,7.2331,,84.0534,84.0534,80,eingeschwungen
"Pilot (110°,252°)",0,110,252,8,8,8,0.35,0.1,0.65,10,egg THOLD=0.65,Kelvin-Voigt,1.5e+06,0.2,394.968,,,,9.81,Kontaktast,0.875,0.2,0.13,K,Kontaktast,1,0,0,7.2331,,162.053,162.053,80,eingeschwungen
"Pilot (110°,252°)",0,110,252,8,8,8,0.35,0.1,0.65,10,egg THOLD=0.65,Kelvin-Voigt,1.5e+06,0.2,394.968,,,,9.81,Kontaktast,0.875,0.3,0.195,K,Kontaktast,1,0,0,7.2331,,234.045,234.045,80,eingeschwungen
"Pilot (110°,252°)",0,110,252,8,8,8,0.35,0.1,0.65,10,egg THOLD=0.65,Kelvin-Voigt,1.5e+06,0.2,394.968,,,,9.81,Kontaktast,0.875,0.4,0.26,K,Kontaktast,1,0,0,7.2331,,325.552,325.552,80,eingeschwungen
"Pilot (110°,252°)",0,110,252,8,8,8,0.35,0.1,0.65,10,egg THOLD=0.65,Kelvin-Voigt,1.5e+06,0.2,394.968,,,,9.81,Kontaktast,0.875,0.5,0.325,K,Kontaktast,1,0,0,7.2331,,422.274,422.274,80,eingeschwungen
"Pilot (110°,252°)",0,110,252,8,8,8,0.35,0.1,0.65,10,egg THOLD=0.65,Kelvin-Voigt,1.5e+06,0.2,394.968,,,,9.81,Kontaktast,0.875,0.6,0.39,K,Kontaktast,1,0,0,7.2331,,502.396,502.396,80,eingeschwungen
"Pilot (110°,252°)",0,110,252,8,8,8,0.35,0.1,0.65,10,egg THOLD=0.65,Kelvin-Voigt,1.5e+06,0.2,394.968,,,,9.81,Kontaktast,0.875,0.7,0.455,K,Kontaktast,1,0,0,7.2331,,573.947,573.947,80,eingeschwungen
"Pilot (110°,252°)",0,110,252,8,8,8,0.35,0.1,0.65,10,egg THOLD=0.65,Kelvin-Voigt,1.5e+06,0.2,394.968,,,,9.81,Kontaktast,0.875,0.8,0.52,K,Kontaktast,1,0,0,7.2331,,645.343,645.343,80,eingeschwungen
"Pilot (110°,252°)",0,110,252,8,8,8,0.35,0.1,0.65,10,egg THOLD=0.65,Kelvin-Voigt,1.5e+06,0.2,394.968,,,,9.81,Kontaktast,0.875,0.9,0.585,K,Kontaktast,1,0,0,7.2331,,731.805,731.805,80,eingeschwungen
"Pilot (110°,252°)",0,110,252,8,8,8,0.35,0.1,0.65,10,egg THOLD=0.65,Kelvin-Voigt,1.5e+06,0.2,394.968,,,,9.81,Kontaktast,0.875,1,0.65,K,Kontaktast,1,0,0,7.2331,,828.085,828.085,80,eingeschwungen
"synchron (0°,0°)",0,0,0,8,8,8,0.35,0.1,0.65,10,egg THOLD=0.65,Kelvin-Voigt,1.5e+06,0.2,394.968,,,,9.81,Kontaktast,0,-1,-0.65,K,Kontaktast,1,0,0,13.1668,,816.658,505.121,80,eingeschwungen
"synchron (0°,0°)",0,0,0,8,8,8,0.35,0.1,0.65,10,egg THOLD=0.65,Kelvin-Voigt,1.5e+06,0.2,394.968,,,,9.81,Kontaktast,0,-0.9,-0.585,K,Kontaktast,1,0,0,13.1668,,735.599,509.904,80,eingeschwungen
"synchron (0°,0°)",0,0,0,8,8,8,0.35,0.1,0.65,10,egg THOLD=0.65,Kelvin-Voigt,1.5e+06,0.2,394.968,,,,9.81,Kontaktast,0,-0.8,-0.52,K,Kontaktast,1,0,0,13.1668,,654.539,512.425,80,eingeschwungen
"synchron (0°,0°)",0,0,0,8,8,8,0.35,0.1,0.65,10,egg THOLD=0.65,Kelvin-Voigt,1.5e+06,0.2,394.968,,,,9.81,Kontaktast,0,-0.7,-0.455,K,Kontaktast,1,0,0,13.1668,,573.48,503.059,80,eingeschwungen
"synchron (0°,0°)",0,0,0,8,8,8,0.35,0.1,0.65,10,egg THOLD=0.65,Kelvin-Voigt,1.5e+06,0.2,394.968,,,,9.81,Kontaktast,0,-0.6,-0.39,K,Kontaktast,1,0,0,13.1668,,492.421,475.662,80,eingeschwungen
"synchron (0°,0°)",0,0,0,8,8,8,0.35,0.1,0.65,10,egg THOLD=0.65,Kelvin-Voigt,1.5e+06,0.2,394.968,,,,9.81,Kontaktast,0,-0.5,-0.325,K,Kontaktast,1,0,0,13.1668,,411.362,395.249,80,eingeschwungen
"synchron (0°,0°)",0,0,0,8,8,8,0.35,0.1,0.65,10,egg THOLD=0.65,Kelvin-Voigt,1.5e+06,0.2,394.968,,,,9.81,Kontaktast,0,-0.4,-0.26,K,Kontaktast,1,0,0,13.1668,,330.303,256.78,80,eingeschwungen
"synchron (0°,0°)",0,0,0,8,8,8,0.35,0.1,0.65,10,egg THOLD=0.65,Kelvin-Voigt,1.5e+06,0.2,394.968,,,,9.81,Kontaktast,0,-0.3,-0.195,K,Kontaktast,1,0,0,13.1668,,249.243,129.699,80,eingeschwungen
"synchron (0°,0°)",0,0,0,8,8,8,0.35,0.1,0.65,10,egg THOLD=0.65,Kelvin-Voigt,1.5e+06,0.2,394.968,,,,9.81,Kontaktast,0,-0.2,-0.13,K,Kontaktast,1,0,0,13.1668,,168.184,69.089,80,eingeschwungen
"synchron (0°,0°)",0,0,0,8,8,8,0.35,0.1,0.65,10,egg THOLD=0.65,Kelvin-Voigt,1.5e+06,0.2,394.968,,,,9.81,Kontaktast,0,-0.1,-0.065,K,Kontaktast,1,0,0,13.1668,,87.1252,40.7525,80,eingeschwungen
"synchron (0°,0°)",0,0,0,8,8,8,0.35,0.1,0.65,10,egg THOLD=0.65,Kelvin-Voigt,1.5e+06,0.2,394.968,,,,9.81,Kontaktast,0,0,0,K,Kontaktast,1,0,0,13.1668,,13.1668,,80,eingeschwungen
"synchron (0°,0°)",0,0,0,8,8,8,0.35,0.1,0.65,10,egg THOLD=0.65,Kelvin-Voigt,1.5e+06,0.2,394.968,,,,9.81,Kontaktast,0,0.1,0.065,K,Kontaktast,1,0,0,13.1668,,63.5155,63.5155,80,eingeschwungen
"synchron (0°,0°)",0,0,0,8,8,8,0.35,0.1,0.65,10,egg THOLD=0.65,Kelvin-Voigt,1.5e+06,0.2,394.968,,,,9.81,Kontaktast,0,0.2,0.13,K,Kontaktast,1,0,0,13.1668,,164.362,164.362,80,eingeschwungen
"synchron (0°,0°)",0,0,0,8,8,8,0.35,0.1,0.65,10,egg THOLD=0.65,Kelvin-Voigt,1.5e+06,0.2,394.968,,,,9.81,Kontaktast,0,0.3,0.195,K,Kontaktast,1,0,0,13.1668,,408.795,408.795,80,eingeschwungen
"synchron (0°,0°)",0,0,0,8,8,8,0.35,0.1,0.65,10,egg THOLD=0.65,Kelvin-Voigt,1.5e+06,0.2,394.968,,,,9.81,Kontaktast,0,0.4,0.26,K,Kontaktast,1,0,0,13.1668,,506.585,506.585,80,eingeschwungen
"synchron (0°,0°)",0,0,0,8,8,8,0.35,0.1,0.65,10,egg THOLD=0.65,Kelvin-Voigt,1.5e+06,0.2,394.968,,,,9.81,Kontaktast,0,0.5,0.325,K,Kontaktast,1,0,0,13.1668,,518.884,518.884,80,eingeschwungen
"synchron (0°,0°)",0,0,0,8,8,8,0.35,0.1,0.65,10,egg THOLD=0.65,Kelvin-Voigt,1.5e+06,0.2,394.968,,,,9.81,Kontaktast,0,0.6,0.39,K,Kontaktast,1,0,0,13.1668,,513.15,513.15,80,eingeschwungen
"synchron (0°,0°)",0,0,0,8,8,8,0.35,0.1,0.65,10,egg THOLD=0.65,Kelvin-Voigt,1.5e+06,0.2,394.968,,,,9.81,Kontaktast,0,0.7,0.455,K,Kontaktast,1,0,0,13.1668,,575.759,575.759,80,eingeschwungen
"synchron (0°,0°)",0,0,0,8,8,8,0.35,0.1,0.65,10,egg THOLD=0.65,Kelvin-Voigt,1.5e+06,0.2,394.968,,,,9.81,Kontaktast,0,0.8,0.52,K,Kontaktast,1,0,0,13.1668,,805.826,805.826,80,eingeschwungen
"synchron (0°,0°)",0,0,0,8,8,8,0.35,0.1,0.65,10,egg THOLD=0.65,Kelvin-Voigt,1.5e+06,0.2,394.968,,,,9.81,Kontaktast,0,0.9,0.585,K,Kontaktast,1,0,0,13.1668,,911,911,80,eingeschwungen
"synchron (0°,0°)",0,0,0,8,8,8,0.35,0.1,0.65,10,egg THOLD=0.65,Kelvin-Voigt,1.5e+06,0.2,394.968,,,,9.81,Kontaktast,0,1,0.65,K,Kontaktast,1,0,0,13.1668,,921.574,921.574,80,eingeschwungen
"synchron (0°,0°)",0,0,0,8,8,8,0.35,0.1,0.65,10,egg THOLD=0.65,Kelvin-Voigt,1.5e+06,0.2,394.968,,,,9.81,Kontaktast,0.125,-1,-0.65,K,Kontaktast,1,0,0,13.1668,,814.8,468.421,80,eingeschwungen
"synchron (0°,0°)",0,0,0,8,8,8,0.35,0.1,0.65,10,egg THOLD=0.65,Kelvin-Voigt,1.5e+06,0.2,394.968,,,,9.81,Kontaktast,0.125,-0.9,-0.585,K,Kontaktast,1,0,0,13.1668,,733.74,463.353,80,eingeschwungen
"synchron (0°,0°)",0,0,0,8,8,8,0.35,0.1,0.65,10,egg THOLD=0.65,Kelvin-Voigt,1.5e+06,0.2,394.968,,,,9.81,Kontaktast,0.125,-0.8,-0.52,K,Kontaktast,1,0,0,13.1668,,652.681,469.579,80,eingeschwungen
"synchron (0°,0°)",0,0,0,8,8,8,0.35,0.1,0.65,10,egg THOLD=0.65,Kelvin-Voigt,1.5e+06,0.2,394.968,,,,9.81,Kontaktast,0.125,-0.7,-0.455,K,Kontaktast,1,0,0,13.1668,,571.622,471.655,80,eingeschwungen
"synchron (0°,0°)",0,0,0,8,8,8,0.35,0.1,0.65,10,egg THOLD=0.65,Kelvin-Voigt,1.5e+06,0.2,394.968,,,,9.81,Kontaktast,0.125,-0.6,-0.39,K,Kontaktast,1,0,0,13.1668,,490.563,464.691,80,eingeschwungen
"synchron (0°,0°)",0,0,0,8,8,8,0.35,0.1,0.65,10,egg THOLD=0.65,Kelvin-Voigt,1.5e+06,0.2,394.968,,,,9.81,Kontaktast,0.125,-0.5,-0.325,K,Kontaktast,1,0,0,13.1668,,435.898,435.898,80,eingeschwungen
"synchron (0°,0°)",0,0,0,8,8,8,0.35,0.1,0.65,10,egg THOLD=0.65,Kelvin-Voigt,1.5e+06,0.2,394.968,,,,9.81,Kontaktast,0.125,-0.4,-0.26,K,Kontaktast,1,0,0,13.1668,,360.962,360.962,80,eingeschwungen
"synchron (0°,0°)",0,0,0,8,8,8,0.35,0.1,0.65,10,egg THOLD=0.65,Kelvin-Voigt,1.5e+06,0.2,394.968,,,,9.81,Kontaktast,0.125,-0.3,-0.195,K,Kontaktast,1,0,0,13.1668,,247.385,235.518,80,eingeschwungen
"synchron (0°,0°)",0,0,0,8,8,8,0.35,0.1,0.65,10,egg THOLD=0.65,Kelvin-Voigt,1.5e+06,0.2,394.968,,,,9.81,Kontaktast,0.125,-0.2,-0.13,K,Kontaktast,1,0,0,13.1668,,166.326,110.63,80,eingeschwungen
"synchron (0°,0°)",0,0,0,8,8,8,0.35,0.1,0.65,10,egg THOLD=0.65,Kelvin-Voigt,1.5e+06,0.2,394.968,,,,9.81,Kontaktast,0.125,-0.1,-0.065,K,Kontaktast,1,0,0,13.1668,,85.2668,41.3309,80,eingeschwungen
"synchron (0°,0°)",0,0,0,8,8,8,0.35,0.1,0.65,10,egg THOLD=0.65,Kelvin-Voigt,1.5e+06,0.2,394.968,,,,9.81,Kontaktast,0.125,0,0,K,Kontaktast,1,0,0,13.1668,,13.1668,,80,eingeschwungen
"synchron (0°,0°)",0,0,0,8,8,8,0.35,0.1,0.65,10,egg THOLD=0.65,Kelvin-Voigt,1.5e+06,0.2,394.968,,,,9.81,Kontaktast,0.125,0.1,0.065,K,Kontaktast,1,0,0,13.1668,,83.6406,83.6406,80,eingeschwungen
"synchron (0°,0°)",0,0,0,8,8,8,0.35,0.1,0.65,10,egg THOLD=0.65,Kelvin-Voigt,1.5e+06,0.2,394.968,,,,9.81,Kontaktast,0.125,0.2,0.13,K,Kontaktast,1,0,0,13.1668,,295.644,295.644,80,eingeschwungen
"synchron (0°,0°)",0,0,0,8,8,8,0.35,0.1,0.65,10,egg THOLD=0.65,Kelvin-Voigt,1.5e+06,0.2,394.968,,,,9.81,Kontaktast,0.125,0.3,0.195,K,Kontaktast,1,0,0,13.1668,,449.254,449.254,80,eingeschwungen
"synchron (0°,0°)",0,0,0,8,8,8,0.35,0.1,0.65,10,egg THOLD=0.65,Kelvin-Voigt,1.5e+06,0.2,394.968,,,,9.81,Kontaktast,0.125,0.4,0.26,K,Kontaktast,1,0,0,13.1668,,478.233,478.233,80,eingeschwungen
"synchron (0°,0°)",0,0,0,8,8,8,0.35,0.1,0.65,10,egg THOLD=0.65,Kelvin-Voigt,1.5e+06,0.2,394.968,,,,9.81,Kontaktast,0.125,0.5,0.325,K,Kontaktast,1,0,0,13.1668,,472.114,472.114,80,eingeschwungen
"synchron (0°,0°)",0,0,0,8,8,8,0.35,0.1,0.65,10,egg THOLD=0.65,Kelvin-Voigt,1.5e+06,0.2,394.968,,,,9.81,Kontaktast,0.125,0.6,0.39,K,Kontaktast,1,0,0,13.1668,,486.904,486.904,80,eingeschwungen
"synchron (0°,0°)",0,0,0,8,8,8,0.35,0.1,0.65,10,egg THOLD=0.65,Kelvin-Voigt,1.5e+06,0.2,394.968,,,,9.81,Kontaktast,0.125,0.7,0.455,K,Kontaktast,1,0,0,13.1668,,640.08,640.08,80,eingeschwungen
"synchron (0°,0°)",0,0,0,8,8,8,0.35,0.1,0.65,10,egg THOLD=0.65,Kelvin-Voigt,1.5e+06,0.2,394.968,,,,9.81,Kontaktast,0.125,0.8,0.52,K,Kontaktast,1,0,0,13.1668,,836.931,836.931,80,eingeschwungen
"synchron (0°,0°)",0,0,0,8,8,8,0.35,0.1,0.65,10,egg THOLD=0.65,Kelvin-Voigt,1.5e+06,0.2,394.968,,,,9.81,Kontaktast,0.125,0.9,0.585,K,Kontaktast,1,0,0,13.1668,,877.338,877.338,80,eingeschwungen
"synchron (0°,0°)",0,0,0,8,8,8,0.35,0.1,0.65,10,egg THOLD=0.65,Kelvin-Voigt,1.5e+06,0.2,394.968,,,,9.81,Kontaktast,0.125,1,0.65,K,Kontaktast,1,0,0,13.1668,,871.49,871.49,80,eingeschwungen
"synchron (0°,0°)",0,0,0,8,8,8,0.35,0.1,0.65,10,egg THOLD=0.65,Kelvin-Voigt,1.5e+06,0.2,394.968,,,,9.81,Kontaktast,0.25,-1,-0.65,K,Kontaktast,1,0,0,13.1668,,813.519,427.16,80,eingeschwungen
"synchron (0°,0°)",0,0,0,8,8,8,0.35,0.1,0.65,10,egg THOLD=0.65,Kelvin-Voigt,1.5e+06,0.2,394.968,,,,9.81,Kontaktast,0.25,-0.9,-0.585,K,Kontaktast,1,0,0,13.1668,,732.46,418.183,80,eingeschwungen
"synchron (0°,0°)",0,0,0,8,8,8,0.35,0.1,0.65,10,egg THOLD=0.65,Kelvin-Voigt,1.5e+06,0.2,394.968,,,,9.81,Kontaktast,0.25,-0.8,-0.52,K,Kontaktast,1,0,0,13.1668,,651.4,424.309,80,eingeschwungen
"synchron (0°,0°)",0,0,0,8,8,8,0.35,0.1,0.65,10,egg THOLD=0.65,Kelvin-Voigt,1.5e+06,0.2,394.968,,,,9.81,Kontaktast,0.25,-0.7,-0.455,K,Kontaktast,1,0,0,13.1668,,570.341,439.59,80,eingeschwungen
"synchron (0°,0°)",0,0,0,8,8,8,0.35,0.1,0.65,10,egg THOLD=0.65,Kelvin-Voigt,1.5e+06,0.2,394.968,,,,9.81,Kontaktast,0.25,-0.6,-0.39,K,Kontaktast,1,0,0,13.1668,,489.282,443.596,80,eingeschwungen
"synchron (0°,0°)",0,0,0,8,8,8,0.35,0.1,0.65,10,egg THOLD=0.65,Kelvin-Voigt,1.5e+06,0.2,394.968,,,,9.81,Kontaktast,0.25,-0.5,-0.325,K,Kontaktast,1,0,0,13.1668,,409.852,409.852,80,eingeschwungen
"synchron (0°,0°)",0,0,0,8,8,8,0.35,0.1,0.65,10,egg THOLD=0.65,Kelvin-Voigt,1.5e+06,0.2,394.968,,,,9.81,Kontaktast,0.25,-0.4,-0.26,K,Kontaktast,1,0,0,13.1668,,361.824,361.824,80,eingeschwungen
"synchron (0°,0°)",0,0,0,8,8,8,0.35,0.1,0.65,10,egg THOLD=0.65,Kelvin-Voigt,1.5e+06,0.2,394.968,,,,9.81,Kontaktast,0.25,-0.3,-0.195,K,Kontaktast,1,0,0,13.1668,,270.147,270.147,80,eingeschwungen
"synchron (0°,0°)",0,0,0,8,8,8,0.35,0.1,0.65,10,egg THOLD=0.65,Kelvin-Voigt,1.5e+06,0.2,394.968,,,,9.81,Kontaktast,0.25,-0.2,-0.13,K,Kontaktast,1,0,0,13.1668,,165.045,146.462,80,eingeschwungen
"synchron (0°,0°)",0,0,0,8,8,8,0.35,0.1,0.65,10,egg THOLD=0.65,Kelvin-Voigt,1.5e+06,0.2,394.968,,,,9.81,Kontaktast,0.25,-0.1,-0.065,K,Kontaktast,1,0,0,13.1668,,83.986,55.8062,80,eingeschwungen
"synchron (0°,0°)",0,0,0,8,8,8,0.35,0.1,0.65,10,egg THOLD=0.65,Kelvin-Voigt,1.5e+06,0.2,394.968,,,,9.81,Kontaktast,0.25,0,0,K,Kontaktast,1,0,0,13.1668,,13.1668,,80,eingeschwungen
"synchron (0°,0°)",0,0,0,8,8,8,0.35,0.1,0.65,10,egg THOLD=0.65,Kelvin-Voigt,1.5e+06,0.2,394.968,,,,9.81,Kontaktast,0.25,0.1,0.065,K,Kontaktast,1,0,0,13.1668,,116.706,116.706,80,eingeschwungen
"synchron (0°,0°)",0,0,0,8,8,8,0.35,0.1,0.65,10,egg THOLD=0.65,Kelvin-Voigt,1.5e+06,0.2,394.968,,,,9.81,Kontaktast,0.25,0.2,0.13,K,Kontaktast,1,0,0,13.1668,,324.585,324.585,80,eingeschwungen
"synchron (0°,0°)",0,0,0,8,8,8,0.35,0.1,0.65,10,egg THOLD=0.65,Kelvin-Voigt,1.5e+06,0.2,394.968,,,,9.81,Kontaktast,0.25,0.3,0.195,K,Kontaktast,1,0,0,13.1668,,421.781,421.781,80,eingeschwungen
"synchron (0°,0°)",0,0,0,8,8,8,0.35,0.1,0.65,10,egg THOLD=0.65,Kelvin-Voigt,1.5e+06,0.2,394.968,,,,9.81,Kontaktast,0.25,0.4,0.26,K,Kontaktast,1,0,0,13.1668,,441.38,441.38,80,eingeschwungen
"synchron (0°,0°)",0,0,0,8,8,8,0.35,0.1,0.65,10,egg THOLD=0.65,Kelvin-Voigt,1.5e+06,0.2,394.968,,,,9.81,Kontaktast,0.25,0.5,0.325,K,Kontaktast,1,0,0,13.1668,,426.82,426.82,80,eingeschwungen
"synchron (0°,0°)",0,0,0,8,8,8,0.35,0.1,0.65,10,egg THOLD=0.65,Kelvin-Voigt,1.5e+06,0.2,394.968,,,,9.81,Kontaktast,0.25,0.6,0.39,K,Kontaktast,1,0,0,13.1668,,452.195,452.195,80,eingeschwungen
"synchron (0°,0°)",0,0,0,8,8,8,0.35,0.1,0.65,10,egg THOLD=0.65,Kelvin-Voigt,1.5e+06,0.2,394.968,,,,9.81,Kontaktast,0.25,0.7,0.455,K,Kontaktast,1,0,0,13.1668,,631.271,631.271,80,eingeschwungen
"synchron (0°,0°)",0,0,0,8,8,8,0.35,0.1,0.65,10,egg THOLD=0.65,Kelvin-Voigt,1.5e+06,0.2,394.968,,,,9.81,Kontaktast,0.25,0.8,0.52,K,Kontaktast,1,0,0,13.1668,,801.849,801.849,80,eingeschwungen
"synchron (0°,0°)",0,0,0,8,8,8,0.35,0.1,0.65,10,egg THOLD=0.65,Kelvin-Voigt,1.5e+06,0.2,394.968,,,,9.81,Kontaktast,0.25,0.9,0.585,K,Kontaktast,1,0,0,13.1668,,832.009,832.009,80,eingeschwungen
"synchron (0°,0°)",0,0,0,8,8,8,0.35,0.1,0.65,10,egg THOLD=0.65,Kelvin-Voigt,1.5e+06,0.2,394.968,,,,9.81,Kontaktast,0.25,1,0.65,K,Kontaktast,1,0,0,13.1668,,824.071,824.071,80,eingeschwungen
"synchron (0°,0°)",0,0,0,8,8,8,0.35,0.1,0.65,10,egg THOLD=0.65,Kelvin-Voigt,1.5e+06,0.2,394.968,,,,9.81,Kontaktast,0.375,-1,-0.65,K,Kontaktast,1,0,0,13.1668,,813.456,374.66,80,eingeschwungen
"synchron (0°,0°)",0,0,0,8,8,8,0.35,0.1,0.65,10,egg THOLD=0.65,Kelvin-Voigt,1.5e+06,0.2,394.968,,,,9.81,Kontaktast,0.375,-0.9,-0.585,K,Kontaktast,1,0,0,13.1668,,732.397,368.391,80,eingeschwungen
"synchron (0°,0°)",0,0,0,8,8,8,0.35,0.1,0.65,10,egg THOLD=0.65,Kelvin-Voigt,1.5e+06,0.2,394.968,,,,9.81,Kontaktast,0.375,-0.8,-0.52,K,Kontaktast,1,0,0,13.1668,,651.337,396.563,80,eingeschwungen
"synchron (0°,0°)",0,0,0,8,8,8,0.35,0.1,0.65,10,egg THOLD=0.65,Kelvin-Voigt,1.5e+06,0.2,394.968,,,,9.81,Kontaktast,0.375,-0.7,-0.455,K,Kontaktast,1,0,0,13.1668,,570.278,415.433,80,eingeschwungen
"synchron (0°,0°)",0,0,0,8,8,8,0.35,0.1,0.65,10,egg THOLD=0.65,Kelvin-Voigt,1.5e+06,0.2,394.968,,,,9.81,Kontaktast,0.375,-0.6,-0.39,K,Kontaktast,1,0,0,13.1668,,489.219,394.3,80,eingeschwungen
"synchron (0°,0°)",0,0,0,8,8,8,0.35,0.1,0.65,10,egg THOLD=0.65,Kelvin-Voigt,1.5e+06,0.2,394.968,,,,9.81,Kontaktast,0.375,-0.5,-0.325,K,Kontaktast,1,0,0,13.1668,,408.16,364.932,80,eingeschwungen
"synchron (0°,0°)",0,0,0,8,8,8,0.35,0.1,0.65,10,egg THOLD=0.65,Kelvin-Voigt,1.5e+06,0.2,394.968,,,,9.81,Kontaktast,0.375,-0.4,-0.26,K,Kontaktast,1,0,0,13.1668,,327.101,325.744,80,eingeschwungen
"synchron (0°,0°)",0,0,0,8,8,8,0.35,0.1,0.65,10,egg THOLD=0.65,Kelvin-Voigt,1.5e+06,0.2,394.968,,,,9.81,Kontaktast,0.375,-0.3,-0.195,K,Kontaktast,1,0,0,13.1668,,252.402,252.402,80,eingeschwungen
"synchron (0°,0°)",0,0,0,8,8,8,0.35,0.1,0.65,10,egg THOLD=0.65,Kelvin-Voigt,1.5e+06,0.2,394.968,,,,9.81,Kontaktast,0.375,-0.2,-0.13,K,Kontaktast,1,0,0,13.1668,,164.982,151.512,80,eingeschwungen
"synchron (0°,0°)",0,0,0,8,8,8,0.35,0.1,0.65,10,egg THOLD=0.65,Kelvin-Voigt,1.5e+06,0.2,394.968,,,,9.81,Kontaktast,0.375,-0.1,-0.065,K,Kontaktast,1,0,0,13.1668,,83.923,59.9778,80,eingeschwungen
"synchron (0°,0°)",0,0,0,8,8,8,0.35,0.1,0.65,10,egg THOLD=0.65,Kelvin-Voigt,1.5e+06,0.2,394.968,,,,9.81,Kontaktast,0.375,0,0,K,Kontaktast,1,0,0,13.1668,,13.1668,,80,eingeschwungen
"synchron (0°,0°)",0,0,0,8,8,8,0.35,0.1,0.65,10,egg THOLD=0.65,Kelvin-Voigt,1.5e+06,0.2,394.968,,,,9.81,Kontaktast,0.375,0.1,0.065,K,Kontaktast,1,0,0,13.1668,,126.426,126.426,80,eingeschwungen
"synchron (0°,0°)",0,0,0,8,8,8,0.35,0.1,0.65,10,egg THOLD=0.65,Kelvin-Voigt,1.5e+06,0.2,394.968,,,,9.81,Kontaktast,0.375,0.2,0.13,K,Kontaktast,1,0,0,13.1668,,300.556,300.556,80,eingeschwungen
"synchron (0°,0°)",0,0,0,8,8,8,0.35,0.1,0.65,10,egg THOLD=0.65,Kelvin-Voigt,1.5e+06,0.2,394.968,,,,9.81,Kontaktast,0.375,0.3,0.195,K,Kontaktast,1,0,0,13.1668,,377.732,377.732,80,eingeschwungen
"synchron (0°,0°)",0,0,0,8,8,8,0.35,0.1,0.65,10,egg THOLD=0.65,Kelvin-Voigt,1.5e+06,0.2,394.968,,,,9.81,Kontaktast,0.375,0.4,0.26,K,Kontaktast,1,0,0,13.1668,,421.399,421.399,80,eingeschwungen
"synchron (0°,0°)",0,0,0,8,8,8,0.35,0.1,0.65,10,egg THOLD=0.65,Kelvin-Voigt,1.5e+06,0.2,394.968,,,,9.81,Kontaktast,0.375,0.5,0.325,K,Kontaktast,1,0,0,13.1668,,378.351,378.351,80,eingeschwungen
"synchron (0°,0°)",0,0,0,8,8,8,0.35,0.1,0.65,10,egg THOLD=0.65,Kelvin-Voigt,1.5e+06,0.2,394.968,,,,9.81,Kontaktast,0.375,0.6,0.39,K,Kontaktast,1,0,0,13.1668,,399.647,399.647,80,eingeschwungen
"synchron (0°,0°)",0,0,0,8,8,8,0.35,0.1,0.65,10,egg THOLD=0.65,Kelvin-Voigt,1.5e+06,0.2,394.968,,,,9.81,Kontaktast,0.375,0.7,0.455,K,Kontaktast,1,0,0,13.1668,,570.965,570.965,80,eingeschwungen
"synchron (0°,0°)",0,0,0,8,8,8,0.35,0.1,0.65,10,egg THOLD=0.65,Kelvin-Voigt,1.5e+06,0.2,394.968,,,,9.81,Kontaktast,0.375,0.8,0.52,K,Kontaktast,1,0,0,13.1668,,749.272,749.272,80,eingeschwungen
"synchron (0°,0°)",0,0,0,8,8,8,0.35,0.1,0.65,10,egg THOLD=0.65,Kelvin-Voigt,1.5e+06,0.2,394.968,,,,9.81,Kontaktast,0.375,0.9,0.585,K,Kontaktast,1,0,0,13.1668,,782.528,782.528,80,eingeschwungen
"synchron (0°,0°)",0,0,0,8,8,8,0.35,0.1,0.65,10,egg THOLD=0.65,Kelvin-Voigt,1.5e+06,0.2,394.968,,,,9.81,Kontaktast,0.375,1,0.65,K,Kontaktast,1,0,0,13.1668,,775.263,775.263,80,eingeschwungen
"synchron (0°,0°)",0,0,0,8,8,8,0.35,0.1,0.65,10,egg THOLD=0.65,Kelvin-Voigt,1.5e+06,0.2,394.968,,,,9.81,Kontaktast,0.5,-1,-0.65,K,Kontaktast,1,0,0,13.1668,,814.636,317.334,80,eingeschwungen
"synchron (0°,0°)",0,0,0,8,8,8,0.35,0.1,0.65,10,egg THOLD=0.65,Kelvin-Voigt,1.5e+06,0.2,394.968,,,,9.81,Kontaktast,0.5,-0.9,-0.585,K,Kontaktast,1,0,0,13.1668,,733.577,321.462,80,eingeschwungen
"synchron (0°,0°)",0,0,0,8,8,8,0.35,0.1,0.65,10,egg THOLD=0.65,Kelvin-Voigt,1.5e+06,0.2,394.968,,,,9.81,Kontaktast,0.5,-0.8,-0.52,K,Kontaktast,1,0,0,13.1668,,652.518,354.473,80,eingeschwungen
"synchron (0°,0°)",0,0,0,8,8,8,0.35,0.1,0.65,10,egg THOLD=0.65,Kelvin-Voigt,1.5e+06,0.2,394.968,,,,9.81,Kontaktast,0.5,-0.7,-0.455,K,Kontaktast,1,0,0,13.1668,,571.459,355.187,80,eingeschwungen
"synchron (0°,0°)",0,0,0,8,8,8,0.35,0.1,0.65,10,egg THOLD=0.65,Kelvin-Voigt,1.5e+06,0.2,394.968,,,,9.81,Kontaktast,0.5,-0.6,-0.39,K,Kontaktast,1,0,0,13.1668,,490.4,318.266,80,eingeschwungen
"synchron (0°,0°)",0,0,0,8,8,8,0.35,0.1,0.65,10,egg THOLD=0.65,Kelvin-Voigt,1.5e+06,0.2,394.968,,,,9.81,Kontaktast,0.5,-0.5,-0.325,K,Kontaktast,1,0,0,13.1668,,409.34,308.88,80,eingeschwungen
"synchron (0°,0°)",0,0,0,8,8,8,0.35,0.1,0.65,10,egg THOLD=0.65,Kelvin-Voigt,1.5e+06,0.2,394.968,,,,9.81,Kontaktast,0.5,-0.4,-0.26,K,Kontaktast,1,0,0,13.1668,,328.281,277.39,80,eingeschwungen
"synchron (0°,0°)",0,0,0,8,8,8,0.35,0.1,0.65,10,egg THOLD=0.65,Kelvin-Voigt,1.5e+06,0.2,394.968,,,,9.81,Kontaktast,0.5,-0.3,-0.195,K,Kontaktast,1,0,0,13.1668,,247.222,220.294,80,eingeschwungen
"synchron (0°,0°)",0,0,0,8,8,8,0.35,0.1,0.65,10,egg THOLD=0.65,Kelvin-Voigt,1.5e+06,0.2,394.968,,,,9.81,Kontaktast,0.5,-0.2,-0.13,K,Kontaktast,1,0,0,13.1668,,166.163,143.022,80,eingeschwungen
"synchron (0°,0°)",0,0,0,8,8,8,0.35,0.1,0.65,10,egg THOLD=0.65,Kelvin-Voigt,1.5e+06,0.2,394.968,,,,9.81,Kontaktast,0.5,-0.1,-0.065,K,Kontaktast,1,0,0,13.1668,,85.1036,57.7797,80,eingeschwungen
"synchron (0°,0°)",0,0,0,8,8,8,0.35,0.1,0.65,10,egg THOLD=0.65,Kelvin-Voigt,1.5e+06,0.2,394.968,,,,9.81,Kontaktast,0.5,0,0,K,Kontaktast,1,0,0,13.1668,,13.1668,,80,eingeschwungen
"synchron (0°,0°)",0,0,0,8,8,8,0.35,0.1,0.65,10,egg THOLD=0.65,Kelvin-Voigt,1.5e+06,0.2,394.968,,,,9.81,Kontaktast,0.5,0.1,0.065,K,Kontaktast,1,0,0,13.1668,,124.478,124.478,80,eingeschwungen
"synchron (0°,0°)",0,0,0,8,8,8,0.35,0.1,0.65,10,egg THOLD=0.65,Kelvin-Voigt,1.5e+06,0.2,394.968,,,,9.81,Kontaktast,0.5,0.2,0.13,K,Kontaktast,1,0,0,13.1668,,260.638,260.638,80,eingeschwungen
"synchron (0°,0°)",0,0,0,8,8,8,0.35,0.1,0.65,10,egg THOLD=0.65,Kelvin-Voigt,1.5e+06,0.2,394.968,,,,9.81,Kontaktast,0.5,0.3,0.195,K,Kontaktast,1,0,0,13.1668,,322.801,322.801,80,eingeschwungen
"synchron (0°,0°)",0,0,0,8,8,8,0.35,0.1,0.65,10,egg THOLD=0.65,Kelvin-Voigt,1.5e+06,0.2,394.968,,,,9.81,Kontaktast,0.5,0.4,0.26,K,Kontaktast,1,0,0,13.1668,,368.783,368.783,80,eingeschwungen
"synchron (0°,0°)",0,0,0,8,8,8,0.35,0.1,0.65,10,egg THOLD=0.65,Kelvin-Voigt,1.5e+06,0.2,394.968,,,,9.81,Kontaktast,0.5,0.5,0.325,K,Kontaktast,1,0,0,13.1668,,339.51,339.51,80,eingeschwungen
"synchron (0°,0°)",0,0,0,8,8,8,0.35,0.1,0.65,10,egg THOLD=0.65,Kelvin-Voigt,1.5e+06,0.2,394.968,,,,9.81,Kontaktast,0.5,0.6,0.39,K,Kontaktast,1,0,0,13.1668,,342.886,342.886,80,eingeschwungen
"synchron (0°,0°)",0,0,0,8,8,8,0.35,0.1,0.65,10,egg THOLD=0.65,Kelvin-Voigt,1.5e+06,0.2,394.968,,,,9.81,Kontaktast,0.5,0.7,0.455,K,Kontaktast,1,0,0,13.1668,,515.86,515.86,80,eingeschwungen
"synchron (0°,0°)",0,0,0,8,8,8,0.35,0.1,0.65,10,egg THOLD=0.65,Kelvin-Voigt,1.5e+06,0.2,394.968,,,,9.81,Kontaktast,0.5,0.8,0.52,K,Kontaktast,1,0,0,13.1668,,695.498,695.498,80,eingeschwungen
"synchron (0°,0°)",0,0,0,8,8,8,0.35,0.1,0.65,10,egg THOLD=0.65,Kelvin-Voigt,1.5e+06,0.2,394.968,,,,9.81,Kontaktast,0.5,0.9,0.585,K,Kontaktast,1,0,0,13.1668,,729.318,729.318,80,eingeschwungen
"synchron (0°,0°)",0,0,0,8,8,8,0.35,0.1,0.65,10,egg THOLD=0.65,Kelvin-Voigt,1.5e+06,0.2,394.968,,,,9.81,Kontaktast,0.5,1,0.65,K,Kontaktast,1,0,0,13.1668,,722.478,722.478,80,eingeschwungen
"synchron (0°,0°)",0,0,0,8,8,8,0.35,0.1,0.65,10,egg THOLD=0.65,Kelvin-Voigt,1.5e+06,0.2,394.968,,,,9.81,Kontaktast,0.625,-1,-0.65,K,Kontaktast,1,0,0,13.1668,,816.643,268.004,80,eingeschwungen
"synchron (0°,0°)",0,0,0,8,8,8,0.35,0.1,0.65,10,egg THOLD=0.65,Kelvin-Voigt,1.5e+06,0.2,394.968,,,,9.81,Kontaktast,0.625,-0.9,-0.585,K,Kontaktast,1,0,0,13.1668,,735.584,246.495,80,eingeschwungen
"synchron (0°,0°)",0,0,0,8,8,8,0.35,0.1,0.65,10,egg THOLD=0.65,Kelvin-Voigt,1.5e+06,0.2,394.968,,,,9.81,Kontaktast,0.625,-0.8,-0.52,K,Kontaktast,1,0,0,13.1668,,654.524,269.044,80,eingeschwungen
"synchron (0°,0°)",0,0,0,8,8,8,0.35,0.1,0.65,10,egg THOLD=0.65,Kelvin-Voigt,1.5e+06,0.2,394.968,,,,9.81,Kontaktast,0.625,-0.7,-0.455,K,Kontaktast,1,0,0,13.1668,,573.465,254.838,80,eingeschwungen
"synchron (0°,0°)",0,0,0,8,8,8,0.35,0.1,0.65,10,egg THOLD=0.65,Kelvin-Voigt,1.5e+06,0.2,394.968,,,,9.81,Kontaktast,0.625,-0.6,-0.39,K,Kontaktast,1,0,0,13.1668,,492.406,246.188,80,eingeschwungen
"synchron (0°,0°)",0,0,0,8,8,8,0.35,0.1,0.65,10,egg THOLD=0.65,Kelvin-Voigt,1.5e+06,0.2,394.968,,,,9.81,Kontaktast,0.625,-0.5,-0.325,K,Kontaktast,1,0,0,13.1668,,411.347,239.268,80,eingeschwungen
"synchron (0°,0°)",0,0,0,8,8,8,0.35,0.1,0.65,10,egg THOLD=0.65,Kelvin-Voigt,1.5e+06,0.2,394.968,,,,9.81,Kontaktast,0.625,-0.4,-0.26,K,Kontaktast,1,0,0,13.1668,,330.287,218.343,80,eingeschwungen
"synchron (0°,0°)",0,0,0,8,8,8,0.35,0.1,0.65,10,egg THOLD=0.65,Kelvin-Voigt,1.5e+06,0.2,394.968,,,,9.81,Kontaktast,0.625,-0.3,-0.195,K,Kontaktast,1,0,0,13.1668,,249.228,177.594,80,eingeschwungen
"synchron (0°,0°)",0,0,0,8,8,8,0.35,0.1,0.65,10,egg THOLD=0.65,Kelvin-Voigt,1.5e+06,0.2,394.968,,,,9.81,Kontaktast,0.625,-0.2,-0.13,K,Kontaktast,1,0,0,13.1668,,168.169,123.195,80,eingeschwungen
"synchron (0°,0°)",0,0,0,8,8,8,0.35,0.1,0.65,10,egg THOLD=0.65,Kelvin-Voigt,1.5e+06,0.2,394.968,,,,9.81,Kontaktast,0.625,-0.1,-0.065,K,Kontaktast,1,0,0,13.1668,,87.1099,61.2561,80,eingeschwungen
"synchron (0°,0°)",0,0,0,8,8,8,0.35,0.1,0.65,10,egg THOLD=0.65,Kelvin-Voigt,1.5e+06,0.2,394.968,,,,9.81,Kontaktast,0.625,0,0,K,Kontaktast,1,0,0,13.1668,,13.1668,,80,eingeschwungen
"synchron (0°,0°)",0,0,0,8,8,8,0.35,0.1,0.65,10,egg THOLD=0.65,Kelvin-Voigt,1.5e+06,0.2,394.968,,,,9.81,Kontaktast,0.625,0.1,0.065,K,Kontaktast,1,0,0,13.1668,,115.101,115.101,80,eingeschwungen
"synchron (0°,0°)",0,0,0,8,8,8,0.35,0.1,0.65,10,egg THOLD=0.65,Kelvin-Voigt,1.5e+06,0.2,394.968,,,,9.81,Kontaktast,0.625,0.2,0.13,K,Kontaktast,1,0,0,13.1668,,211.884,211.884,80,eingeschwungen
"synchron (0°,0°)",0,0,0,8,8,8,0.35,0.1,0.65,10,egg THOLD=0.65,Kelvin-Voigt,1.5e+06,0.2,394.968,,,,9.81,Kontaktast,0.625,0.3,0.195,K,Kontaktast,1,0,0,13.1668,,254.778,254.778,80,eingeschwungen
"synchron (0°,0°)",0,0,0,8,8,8,0.35,0.1,0.65,10,egg THOLD=0.65,Kelvin-Voigt,1.5e+06,0.2,394.968,,,,9.81,Kontaktast,0.625,0.4,0.26,K,Kontaktast,1,0,0,13.1668,,275.324,275.324,80,eingeschwungen
"synchron (0°,0°)",0,0,0,8,8,8,0.35,0.1,0.65,10,egg THOLD=0.65,Kelvin-Voigt,1.5e+06,0.2,394.968,,,,9.81,Kontaktast,0.625,0.5,0.325,K,Kontaktast,1,0,0,13.1668,,268.276,268.276,80,eingeschwungen
"synchron (0°,0°)",0,0,0,8,8,8,0.35,0.1,0.65,10,egg THOLD=0.65,Kelvin-Voigt,1.5e+06,0.2,394.968,,,,9.81,Kontaktast,0.625,0.6,0.39,K,Kontaktast,1,0,0,13.1668,,301.577,301.577,80,eingeschwungen
"synchron (0°,0°)",0,0,0,8,8,8,0.35,0.1,0.65,10,egg THOLD=0.65,Kelvin-Voigt,1.5e+06,0.2,394.968,,,,9.81,Kontaktast,0.625,0.7,0.455,K,Kontaktast,1,0,0,13.1668,,518.918,518.918,80,eingeschwungen
"synchron (0°,0°)",0,0,0,8,8,8,0.35,0.1,0.65,10,egg THOLD=0.65,Kelvin-Voigt,1.5e+06,0.2,394.968,,,,9.81,Kontaktast,0.625,0.8,0.52,K,Kontaktast,1,0,0,13.1668,,652.99,652.99,80,eingeschwungen
"synchron (0°,0°)",0,0,0,8,8,8,0.35,0.1,0.65,10,egg THOLD=0.65,Kelvin-Voigt,1.5e+06,0.2,394.968,,,,9.81,Kontaktast,0.625,0.9,0.585,K,Kontaktast,1,0,0,13.1668,,673.148,673.148,80,eingeschwungen
"synchron (0°,0°)",0,0,0,8,8,8,0.35,0.1,0.65,10,egg THOLD=0.65,Kelvin-Voigt,1.5e+06,0.2,394.968,,,,9.81,Kontaktast,0.625,1,0.65,K,Kontaktast,1,0,0,13.1668,,665.486,665.486,80,eingeschwungen
"synchron (0°,0°)",0,0,0,8,8,8,0.35,0.1,0.65,10,egg THOLD=0.65,Kelvin-Voigt,1.5e+06,0.2,394.968,,,,9.81,Kontaktast,0.75,-1,-0.65,K,Kontaktast,1,0,0,13.1668,,822.517,421.512,80,eingeschwungen
"synchron (0°,0°)",0,0,0,8,8,8,0.35,0.1,0.65,10,egg THOLD=0.65,Kelvin-Voigt,1.5e+06,0.2,394.968,,,,9.81,Kontaktast,0.75,-0.9,-0.585,K,Kontaktast,1,0,0,13.1668,,741.458,270.893,80,eingeschwungen
"synchron (0°,0°)",0,0,0,8,8,8,0.35,0.1,0.65,10,egg THOLD=0.65,Kelvin-Voigt,1.5e+06,0.2,394.968,,,,9.81,Kontaktast,0.75,-0.8,-0.52,K,Kontaktast,1,0,0,13.1668,,660.399,194.141,80,eingeschwungen
"synchron (0°,0°)",0,0,0,8,8,8,0.35,0.1,0.65,10,egg THOLD=0.65,Kelvin-Voigt,1.5e+06,0.2,394.968,,,,9.81,Kontaktast,0.75,-0.7,-0.455,K,Kontaktast,1,0,0,13.1668,,579.34,170.72,80,eingeschwungen
"synchron (0°,0°)",0,0,0,8,8,8,0.35,0.1,0.65,10,egg THOLD=0.65,Kelvin-Voigt,1.5e+06,0.2,394.968,,,,9.81,Kontaktast,0.75,-0.6,-0.39,K,Kontaktast,1,0,0,13.1668,,498.281,167.185,80,eingeschwungen
"synchron (0°,0°)",0,0,0,8,8,8,0.35,0.1,0.65,10,egg THOLD=0.65,Kelvin-Voigt,1.5e+06,0.2,394.968,,,,9.81,Kontaktast,0.75,-0.5,-0.325,K,Kontaktast,1,0,0,13.1668,,417.221,160.799,80,eingeschwungen
"synchron (0°,0°)",0,0,0,8,8,8,0.35,0.1,0.65,10,egg THOLD=0.65,Kelvin-Voigt,1.5e+06,0.2,394.968,,,,9.81,Kontaktast,0.75,-0.4,-0.26,K,Kontaktast,1,0,0,13.1668,,336.162,150.027,80,eingeschwungen
"synchron (0°,0°)",0,0,0,8,8,8,0.35,0.1,0.65,10,egg THOLD=0.65,Kelvin-Voigt,1.5e+06,0.2,394.968,,,,9.81,Kontaktast,0.75,-0.3,-0.195,K,Kontaktast,1,0,0,13.1668,,255.103,131.623,80,eingeschwungen
"synchron (0°,0°)",0,0,0,8,8,8,0.35,0.1,0.65,10,egg THOLD=0.65,Kelvin-Voigt,1.5e+06,0.2,394.968,,,,9.81,Kontaktast,0.75,-0.2,-0.13,K,Kontaktast,1,0,0,13.1668,,174.044,96.3906,80,eingeschwungen
"synchron (0°,0°)",0,0,0,8,8,8,0.35,0.1,0.65,10,egg THOLD=0.65,Kelvin-Voigt,1.5e+06,0.2,394.968,,,,9.81,Kontaktast,0.75,-0.1,-0.065,K,Kontaktast,1,0,0,13.1668,,92.9848,51.7564,80,eingeschwungen
"synchron (0°,0°)",0,0,0,8,8,8,0.35,0.1,0.65,10,egg THOLD=0.65,Kelvin-Voigt,1.5e+06,0.2,394.968,,,,9.81,Kontaktast,0.75,0,0,K,Kontaktast,1,0,0,13.1668,,13.1668,,80,eingeschwungen
"synchron (0°,0°)",0,0,0,8,8,8,0.35,0.1,0.65,10,egg THOLD=0.65,Kelvin-Voigt,1.5e+06,0.2,394.968,,,,9.81,Kontaktast,0.75,0.1,0.065,K,Kontaktast,1,0,0,13.1668,,91.712,91.712,80,eingeschwungen
"synchron (0°,0°)",0,0,0,8,8,8,0.35,0.1,0.65,10,egg THOLD=0.65,Kelvin-Voigt,1.5e+06,0.2,394.968,,,,9.81,Kontaktast,0.75,0.2,0.13,K,Kontaktast,1,0,0,13.1668,,154.725,154.725,80,eingeschwungen
"synchron (0°,0°)",0,0,0,8,8,8,0.35,0.1,0.65,10,egg THOLD=0.65,Kelvin-Voigt,1.5e+06,0.2,394.968,,,,9.81,Kontaktast,0.75,0.3,0.195,K,Kontaktast,1,0,0,13.1668,,175.464,175.464,80,eingeschwungen
"synchron (0°,0°)",0,0,0,8,8,8,0.35,0.1,0.65,10,egg THOLD=0.65,Kelvin-Voigt,1.5e+06,0.2,394.968,,,,9.81,Kontaktast,0.75,0.4,0.26,K,Kontaktast,1,0,0,13.1668,,181.612,181.612,80,eingeschwungen
"synchron (0°,0°)",0,0,0,8,8,8,0.35,0.1,0.65,10,egg THOLD=0.65,Kelvin-Voigt,1.5e+06,0.2,394.968,,,,9.81,Kontaktast,0.75,0.5,0.325,K,Kontaktast,1,0,0,13.1668,,225.325,225.325,80,eingeschwungen
"synchron (0°,0°)",0,0,0,8,8,8,0.35,0.1,0.65,10,egg THOLD=0.65,Kelvin-Voigt,1.5e+06,0.2,394.968,,,,9.81,Kontaktast,0.75,0.6,0.39,K,Kontaktast,1,0,0,13.1668,,445.104,445.104,80,eingeschwungen
"synchron (0°,0°)",0,0,0,8,8,8,0.35,0.1,0.65,10,egg THOLD=0.65,Kelvin-Voigt,1.5e+06,0.2,394.968,,,,9.81,Kontaktast,0.75,0.7,0.455,K,Kontaktast,1,0,0,13.1668,,591.936,591.936,80,eingeschwungen
"synchron (0°,0°)",0,0,0,8,8,8,0.35,0.1,0.65,10,egg THOLD=0.65,Kelvin-Voigt,1.5e+06,0.2,394.968,,,,9.81,Kontaktast,0.75,0.8,0.52,K,Kontaktast,1,0,0,13.1668,,615.486,615.486,80,eingeschwungen
"synchron (0°,0°)",0,0,0,8,8,8,0.35,0.1,0.65,10,egg THOLD=0.65,Kelvin-Voigt,1.5e+06,0.2,394.968,,,,9.81,Kontaktast,0.75,0.9,0.585,K,Kontaktast,1,0,0,13.1668,,608.657,608.657,80,eingeschwungen
"synchron (0°,0°)",0,0,0,8,8,8,0.35,0.1,0.65,10,egg THOLD=0.65,Kelvin-Voigt,1.5e+06,0.2,394.968,,,,9.81,Kontaktast,0.75,1,0.65,K,Kontaktast,1,0,0,13.1668,,651.26,651.26,80,eingeschwungen
"synchron (0°,0°)",0,0,0,8,8,8,0.35,0.1,0.65,10,egg THOLD=0.65,Kelvin-Voigt,1.5e+06,0.2,394.968,,,,9.81,Kontaktast,0.875,-1,-0.65,K,Kontaktast,1,0,0,13.1668,,822.906,554.557,80,eingeschwungen
"synchron (0°,0°)",0,0,0,8,8,8,0.35,0.1,0.65,10,egg THOLD=0.65,Kelvin-Voigt,1.5e+06,0.2,394.968,,,,9.81,Kontaktast,0.875,-0.9,-0.585,K,Kontaktast,1,0,0,13.1668,,741.846,542.075,80,eingeschwungen
"synchron (0°,0°)",0,0,0,8,8,8,0.35,0.1,0.65,10,egg THOLD=0.65,Kelvin-Voigt,1.5e+06,0.2,394.968,,,,9.81,Kontaktast,0.875,-0.8,-0.52,K,Kontaktast,1,0,0,13.1668,,660.787,506.714,80,eingeschwungen
"synchron (0°,0°)",0,0,0,8,8,8,0.35,0.1,0.65,10,egg THOLD=0.65,Kelvin-Voigt,1.5e+06,0.2,394.968,,,,9.81,Kontaktast,0.875,-0.7,-0.455,K,Kontaktast,1,0,0,13.1668,,579.728,408.983,80,eingeschwungen
"synchron (0°,0°)",0,0,0,8,8,8,0.35,0.1,0.65,10,egg THOLD=0.65,Kelvin-Voigt,1.5e+06,0.2,394.968,,,,9.81,Kontaktast,0.875,-0.6,-0.39,K,Kontaktast,1,0,0,13.1668,,498.669,256.148,80,eingeschwungen
"synchron (0°,0°)",0,0,0,8,8,8,0.35,0.1,0.65,10,egg THOLD=0.65,Kelvin-Voigt,1.5e+06,0.2,394.968,,,,9.81,Kontaktast,0.875,-0.5,-0.325,K,Kontaktast,1,0,0,13.1668,,417.61,149.1,80,eingeschwungen
"synchron (0°,0°)",0,0,0,8,8,8,0.35,0.1,0.65,10,egg THOLD=0.65,Kelvin-Voigt,1.5e+06,0.2,394.968,,,,9.81,Kontaktast,0.875,-0.4,-0.26,K,Kontaktast,1,0,0,13.1668,,336.55,108.159,80,eingeschwungen
"synchron (0°,0°)",0,0,0,8,8,8,0.35,0.1,0.65,10,egg THOLD=0.65,Kelvin-Voigt,1.5e+06,0.2,394.968,,,,9.81,Kontaktast,0.875,-0.3,-0.195,K,Kontaktast,1,0,0,13.1668,,255.491,92.4065,80,eingeschwungen
"synchron (0°,0°)",0,0,0,8,8,8,0.35,0.1,0.65,10,egg THOLD=0.65,Kelvin-Voigt,1.5e+06,0.2,394.968,,,,9.81,Kontaktast,0.875,-0.2,-0.13,K,Kontaktast,1,0,0,13.1668,,174.432,70.3738,80,eingeschwungen
"synchron (0°,0°)",0,0,0,8,8,8,0.35,0.1,0.65,10,egg THOLD=0.65,Kelvin-Voigt,1.5e+06,0.2,394.968,,,,9.81,Kontaktast,0.875,-0.1,-0.065,K,Kontaktast,1,0,0,13.1668,,93.373,44.1321,80,eingeschwungen
"synchron (0°,0°)",0,0,0,8,8,8,0.35,0.1,0.65,10,egg THOLD=0.65,Kelvin-Voigt,1.5e+06,0.2,394.968,,,,9.81,Kontaktast,0.875,0,0,K,Kontaktast,1,0,0,13.1668,,13.1668,,80,eingeschwungen
"synchron (0°,0°)",0,0,0,8,8,8,0.35,0.1,0.65,10,egg THOLD=0.65,Kelvin-Voigt,1.5e+06,0.2,394.968,,,,9.81,Kontaktast,0.875,0.1,0.065,K,Kontaktast,1,0,0,13.1668,,70.4786,70.4786,80,eingeschwungen
"synchron (0°,0°)",0,0,0,8,8,8,0.35,0.1,0.65,10,egg THOLD=0.65,Kelvin-Voigt,1.5e+06,0.2,394.968,,,,9.81,Kontaktast,0.875,0.2,0.13,K,Kontaktast,1,0,0,13.1668,,104.996,104.996,80,eingeschwungen
"synchron (0°,0°)",0,0,0,8,8,8,0.35,0.1,0.65,10,egg THOLD=0.65,Kelvin-Voigt,1.5e+06,0.2,394.968,,,,9.81,Kontaktast,0.875,0.3,0.195,K,Kontaktast,1,0,0,13.1668,,144.705,144.705,80,eingeschwungen
"synchron (0°,0°)",0,0,0,8,8,8,0.35,0.1,0.65,10,egg THOLD=0.65,Kelvin-Voigt,1.5e+06,0.2,394.968,,,,9.81,Kontaktast,0.875,0.4,0.26,K,Kontaktast,1,0,0,13.1668,,350.361,350.361,80,eingeschwungen
"synchron (0°,0°)",0,0,0,8,8,8,0.35,0.1,0.65,10,egg THOLD=0.65,Kelvin-Voigt,1.5e+06,0.2,394.968,,,,9.81,Kontaktast,0.875,0.5,0.325,K,Kontaktast,1,0,0,13.1668,,529.937,529.937,80,eingeschwungen
"synchron (0°,0°)",0,0,0,8,8,8,0.35,0.1,0.65,10,egg THOLD=0.65,Kelvin-Voigt,1.5e+06,0.2,394.968,,,,9.81,Kontaktast,0.875,0.6,0.39,K,Kontaktast,1,0,0,13.1668,,562.65,562.65,80,eingeschwungen
"synchron (0°,0°)",0,0,0,8,8,8,0.35,0.1,0.65,10,egg THOLD=0.65,Kelvin-Voigt,1.5e+06,0.2,394.968,,,,9.81,Kontaktast,0.875,0.7,0.455,K,Kontaktast,1,0,0,13.1668,,557.262,557.262,80,eingeschwungen
"synchron (0°,0°)",0,0,0,8,8,8,0.35,0.1,0.65,10,egg THOLD=0.65,Kelvin-Voigt,1.5e+06,0.2,394.968,,,,9.81,Kontaktast,0.875,0.8,0.52,K,Kontaktast,1,0,0,13.1668,,585.392,585.392,80,eingeschwungen
"synchron (0°,0°)",0,0,0,8,8,8,0.35,0.1,0.65,10,egg THOLD=0.65,Kelvin-Voigt,1.5e+06,0.2,394.968,,,,9.81,Kontaktast,0.875,0.9,0.585,K,Kontaktast,1,0,0,13.1668,,771.039,771.039,80,eingeschwungen
"synchron (0°,0°)",0,0,0,8,8,8,0.35,0.1,0.65,10,egg THOLD=0.65,Kelvin-Voigt,1.5e+06,0.2,394.968,,,,9.81,Kontaktast,0.875,1,0.65,K,Kontaktast,1,0,0,13.1668,,940.368,940.368,80,eingeschwungen
